{
"type": "FeatureCollection",
"name": "saluran_phb_ciracas",
"crs": { "type": "name", "properties": { "name": "urn:ogc:def:crs:OGC:1.3:CRS84" } },
"features": [
{ "type": "Feature", "properties": { "OBJECTID": 261, "toponimi": "Sal. Phb Caglak", "kewenangan": "Pemprov DKI", "jenis": "Saluran Drainase Tersier", "panjang": "1797", "lebar": "5 - 6", "kedalaman": "2-2.5", "kota": "Jakarta Timur", "kecamatan": "Ciracas", "lebar_min": 5.0, "lebar_max": 6.0, "kedalaman_": 2.0, "kedalaman1": 2.5, "Shape_Leng": 3.2684657492700002 }, "geometry": { "type": "MultiLineString", "coordinates": [ [ [ 106.883444601039344, -6.3700797269623, 0.0 ], [ 106.883434124227946, -6.370016523769936, 0.0 ], [ 106.883423153669852, -6.369950342816567, 0.0 ], [ 106.88341218311372, -6.369884160957783, 0.0 ], [ 106.883400090548903, -6.36980991917126, 0.0 ], [ 106.883389495560749, -6.369735449499029, 0.0 ], [ 106.883380402772787, -6.369660780856881, 0.0 ], [ 106.883372815007746, -6.369585943975556, 0.0 ], [ 106.883366735992027, -6.369510969582542, 0.0 ], [ 106.883364566800353, -6.369438044166162, 0.0 ], [ 106.883365385272583, -6.369365090667021, 0.0 ], [ 106.883369190952294, -6.369292232050214, 0.0 ], [ 106.883375977053291, -6.369219590399684, 0.0 ], [ 106.883385731367099, -6.369147287819002, 0.0 ], [ 106.883402078875946, -6.369064442415765, 0.0 ], [ 106.883423659816657, -6.368982803927531, 0.0 ], [ 106.883448485282614, -6.368896485526104, 0.0 ], [ 106.883484842368574, -6.368814359127359, 0.0 ], [ 106.883532050721726, -6.368737957921416, 0.0 ], [ 106.883589228974159, -6.368668709142846, 0.0 ], [ 106.883617340740543, -6.368635522268603, 0.0 ], [ 106.883666459397816, -6.368568989100934, 0.0 ], [ 106.883715577143164, -6.368502456839546, 0.0 ], [ 106.883764695777401, -6.368435923669658, 0.0 ], [ 106.883813814400057, -6.368369390498611, 0.0 ], [ 106.883862932110873, -6.368302858233928, 0.0 ], [ 106.88391205071062, -6.368236325060677, 0.0 ], [ 106.883963181899944, -6.368165325324497, 0.0 ], [ 106.883971991063703, -6.368152807004887, 0.0 ], [ 106.884013536553027, -6.368093771471718, 0.0 ], [ 106.884063106566657, -6.368021671669299, 0.0 ], [ 106.884107013395592, -6.367954677417786, 0.0 ], [ 106.884145883428033, -6.36788463742307, 0.0 ], [ 106.884179507479999, -6.367811931283713, 0.0 ], [ 106.884215668860506, -6.367734171689464, 0.0 ], [ 106.88423363952208, -6.367704647423619, 0.0 ], [ 106.884260255040829, -6.367660921929844, 0.0 ], [ 106.884305041945268, -6.36759240912701, 0.0 ], [ 106.884342232226984, -6.367519488347289, 0.0 ], [ 106.884352823867502, -6.367453784761108, 0.0 ], [ 106.884354453214172, -6.367431954699903, 0.0 ], [ 106.884357776484975, -6.36738741642243, 0.0 ], [ 106.884357053889303, -6.367320867177419, 0.0 ], [ 106.884362616662315, -6.367257260565291, 0.0 ], [ 106.884385296034509, -6.367197578726647, 0.0 ], [ 106.884435306170531, -6.367138147926987, 0.0 ], [ 106.884486509350751, -6.367079742585047, 0.0 ], [ 106.884538884878367, -6.367022387188084, 0.0 ], [ 106.884583248453595, -6.366981541685836, 0.0 ], [ 106.884623459785061, -6.366936600219501, 0.0 ], [ 106.884659144448534, -6.36688798186931, 0.0 ], [ 106.884690851120226, -6.366829522020534, 0.0 ], [ 106.884740078960974, -6.366784820684478, 0.0 ], [ 106.884823672778666, -6.366760597400297, 0.0 ], [ 106.884905865068788, -6.366727007820997, 0.0 ], [ 106.884989078171387, -6.366696035603582, 0.0 ], [ 106.885016473763244, -6.366686814621821, 0.0 ], [ 106.885073228149977, -6.366667710889862, 0.0 ], [ 106.885158231061538, -6.366642062014034, 0.0 ], [ 106.885244002049546, -6.366619114601163, 0.0 ], [ 106.885324620415076, -6.36659728904197, 0.0 ], [ 106.885405238770261, -6.366575463472137, 0.0 ], [ 106.885485857115171, -6.366553637891749, 0.0 ], [ 106.885566475449963, -6.366531812300772, 0.0 ], [ 106.885636755128658, -6.366514461972254, 0.0 ], [ 106.885703699845067, -6.366486908858517, 0.0 ], [ 106.885765837818468, -6.366449758685676, 0.0 ], [ 106.885814240014795, -6.36638241614981, 0.0 ], [ 106.885823875009407, -6.366300032922008, 0.0 ], [ 106.885799909100982, -6.366221826581016, 0.0 ], [ 106.885766800849552, -6.366147034202537, 0.0 ], [ 106.885725021374071, -6.366076720946649, 0.0 ], [ 106.885682174544797, -6.366020261177503, 0.0 ], [ 106.885639326818463, -6.365963800501145, 0.0 ], [ 106.885636182073057, -6.365959656564627, 0.0 ], [ 106.885596480009369, -6.365907340719191, 0.0 ], [ 106.885545233869223, -6.365842939812697, 0.0 ], [ 106.885493986838966, -6.365778538900607, 0.0 ], [ 106.885442740725978, -6.365714137976208, 0.0 ], [ 106.885390417457586, -6.365666356334399, 0.0 ], [ 106.88532646299349, -6.365635868121896, 0.0 ], [ 106.885256410553609, -6.36562530949302, 0.0 ], [ 106.885186316662427, -6.365635595023271, 0.0 ], [ 106.885108302556119, -6.365670683771211, 0.0 ], [ 106.885029500109624, -6.36570396349395, 0.0 ], [ 106.884949951735805, -6.365735416857435, 0.0 ], [ 106.884869700754251, -6.365765027428461, 0.0 ], [ 106.884788787773829, -6.365792778783729, 0.0 ], [ 106.884707257027799, -6.365818657199234, 0.0 ], [ 106.884625150935506, -6.365842647149267, 0.0 ], [ 106.88454251464411, -6.365864737618752, 0.0 ], [ 106.884455863590532, -6.365881521870379, 0.0 ], [ 106.884367721262606, -6.3658769621102, 0.0 ], [ 106.884283262524718, -6.365851327869692, 0.0 ], [ 106.884226815483572, -6.365818888102647, 0.0 ], [ 106.884169945511701, -6.365787194881479, 0.0 ], [ 106.884112663476898, -6.365756254495439, 0.0 ], [ 106.884051238288109, -6.365708581843427, 0.0 ], [ 106.883991122061119, -6.365659268816314, 0.0 ], [ 106.883932358296832, -6.365608348709013, 0.0 ], [ 106.88387498961562, -6.365555861148498, 0.0 ], [ 106.883819058627722, -6.365501843049608, 0.0 ], [ 106.883777771814806, -6.365457021769232, 0.0 ], [ 106.883763016491287, -6.365394267731654, 0.0 ], [ 106.883763914826105, -6.365329807436355, 0.0 ], [ 106.883773144916958, -6.365255496885853, 0.0 ], [ 106.883789200649247, -6.36518235851641, 0.0 ], [ 106.883809597108666, -6.365102802099943, 0.0 ], [ 106.88382113781131, -6.365021485985548, 0.0 ], [ 106.883814282215553, -6.364969941583738, 0.0 ], [ 106.883793994285185, -6.364922068164686, 0.0 ], [ 106.883762961720706, -6.364893983964573, 0.0 ], [ 106.883731929159438, -6.36486589976152, 0.0 ], [ 106.883664483765742, -6.364816325875782, 0.0 ], [ 106.883610887312727, -6.364758609413578, 0.0 ], [ 106.883605269567028, -6.364750631884007, 0.0 ], [ 106.883565533846479, -6.364694208408779, 0.0 ], [ 106.883531840537046, -6.364633583955729, 0.0 ], [ 106.883495252469459, -6.36457466350945, 0.0 ], [ 106.883455856898479, -6.364517583276066, 0.0 ], [ 106.883405907186585, -6.364456181764573, 0.0 ], [ 106.883355817826242, -6.364394894675566, 0.0 ], [ 106.883305588816569, -6.364333722008969, 0.0 ], [ 106.883255221062043, -6.364272663761525, 0.0 ], [ 106.883204713658927, -6.364211719936316, 0.0 ], [ 106.883154067517168, -6.364150892338221, 0.0 ], [ 106.883103283537437, -6.364090180060245, 0.0 ], [ 106.883053624335957, -6.364032092911681, 0.0 ], [ 106.882999339259683, -6.363978308244215, 0.0 ], [ 106.882940799268781, -6.363929192688691, 0.0 ], [ 106.88287840322991, -6.36388508293831, 0.0 ], [ 106.882812579699618, -6.36384627941235, 0.0 ], [ 106.882749681810125, -6.363811765300989, 0.0 ], [ 106.882684419772232, -6.3637819667512, 0.0 ], [ 106.882617146623033, -6.363757044316632, 0.0 ], [ 106.882553983467474, -6.363747708736135, 0.0 ], [ 106.88247287224533, -6.363778582393119, 0.0 ], [ 106.882391613179195, -6.363809064182146, 0.0 ], [ 106.882327742382856, -6.363826035310398, 0.0 ], [ 106.882263101611613, -6.363839782360809, 0.0 ], [ 106.882197853417054, -6.363850272191335, 0.0 ], [ 106.882150240647306, -6.363856054987573, 0.0 ], [ 106.882134887263064, -6.36386973271767, 0.0 ], [ 106.882116068188111, -6.3639129812384, 0.0 ], [ 106.882084563857333, -6.36396925130577, 0.0 ], [ 106.882050786295551, -6.364024186103989, 0.0 ], [ 106.882014793910997, -6.364077694101655, 0.0 ], [ 106.881978143516861, -6.364138377043898, 0.0 ], [ 106.88194120599789, -6.364198885628786, 0.0 ], [ 106.881903979536716, -6.364259217150686, 0.0 ], [ 106.881866467744757, -6.364319370692023, 0.0 ], [ 106.8818187099196, -6.364395792700391, 0.0 ], [ 106.881768512578745, -6.36447063411778, 0.0 ], [ 106.881715927850635, -6.364543816093516, 0.0 ], [ 106.881661010584651, -6.36461526247966, 0.0 ], [ 106.88160381834841, -6.364684898925892, 0.0 ], [ 106.881522136559511, -6.364711033256356, 0.0 ], [ 106.881444685866839, -6.36468696872877, 0.0 ], [ 106.881367396879199, -6.364662389142139, 0.0 ], [ 106.881290273208492, -6.364637293579277, 0.0 ], [ 106.881213318479666, -6.364611684739343, 0.0 ], [ 106.88113100855314, -6.364581195852308, 0.0 ], [ 106.881046290474572, -6.364558236365698, 0.0 ], [ 106.880959851761901, -6.364542994549204, 0.0 ], [ 106.880944784615096, -6.364541470796094, 0.0 ], [ 106.880901700672027, -6.364531698435659, 0.0 ], [ 106.880878524838636, -6.364514169270183, 0.0 ], [ 106.880847685961754, -6.364490845342734, 0.0 ], [ 106.880805203944178, -6.364436871839461, 0.0 ], [ 106.880760291869763, -6.364384904427576, 0.0 ], [ 106.880713045030291, -6.364335053064502, 0.0 ], [ 106.880649163089331, -6.364287653724093, 0.0 ], [ 106.880581974765732, -6.364245073731037, 0.0 ], [ 106.880511844192057, -6.364207542314446, 0.0 ], [ 106.880429073156449, -6.364171757598846, 0.0 ], [ 106.880346025241224, -6.364136623048242, 0.0 ], [ 106.880262704067093, -6.364102140457438, 0.0 ], [ 106.880179115062845, -6.364068311615154, 0.0 ], [ 106.880098171212154, -6.364040673729751, 0.0 ], [ 106.880018020003533, -6.36401081689271, 0.0 ], [ 106.879938720255467, -6.363978761685566, 0.0 ], [ 106.87986396267415, -6.363947701665492, 0.0 ], [ 106.879858562873153, -6.363945960955517, 0.0 ], [ 106.879786917764463, -6.363922857793735, 0.0 ], [ 106.879713435225483, -6.363915372218433, 0.0 ], [ 106.879639991114715, -6.363907519410544, 0.0 ], [ 106.879566587236397, -6.363899298459599, 0.0 ], [ 106.879485367227872, -6.363894128486419, 0.0 ], [ 106.879404143779936, -6.36388900733613, 0.0 ], [ 106.879395102596959, -6.363888441693304, 0.0 ], [ 106.879333399585377, -6.363870595129698, 0.0 ], [ 106.879279428584766, -6.363835755104464, 0.0 ], [ 106.879228551109989, -6.363779298439058, 0.0 ], [ 106.879183240316266, -6.363718279102645, 0.0 ], [ 106.879171496232956, -6.363698861982309, 0.0 ], [ 106.879143904872095, -6.363653244424291, 0.0 ], [ 106.879137000764004, -6.363640177565951, 0.0 ], [ 106.879106343138474, -6.363582152768422, 0.0 ], [ 106.879068782320829, -6.363511061103223, 0.0 ], [ 106.879031221515817, -6.363439969432185, 0.0 ], [ 106.878993659819102, -6.36336887775834, 0.0 ], [ 106.878962432454315, -6.363287858159784, 0.0 ], [ 106.878955479076467, -6.363201301898033, 0.0 ], [ 106.878973371416038, -6.363116332442078, 0.0 ], [ 106.879023382594397, -6.363057294486823, 0.0 ], [ 106.879044485967086, -6.363048441213248, 0.0 ], [ 106.879099294098054, -6.363025449320197, 0.0 ], [ 106.879157492553347, -6.363005810305993, 0.0 ], [ 106.879216806946729, -6.362989856126275, 0.0 ], [ 106.879302824734737, -6.362970165620164, 0.0 ], [ 106.879364525485585, -6.362965294757378, 0.0 ], [ 106.879426195033389, -6.362960045165583, 0.0 ], [ 106.879487831570557, -6.36295441685154, 0.0 ], [ 106.879571197003514, -6.36293177669961, 0.0 ], [ 106.879647569941568, -6.362891397402105, 0.0 ], [ 106.879685541636022, -6.362862967731698, 0.0 ], [ 106.87971908089753, -6.362829418663309, 0.0 ], [ 106.879745290505895, -6.362791285142682, 0.0 ], [ 106.879770445612905, -6.362752448420222, 0.0 ], [ 106.879801603595453, -6.362689335347557, 0.0 ], [ 106.879832760668208, -6.362626222278513, 0.0 ], [ 106.879863917735321, -6.362563109209599, 0.0 ], [ 106.879886091916418, -6.362518193940087, 0.0 ], [ 106.879895075699977, -6.36249999613761, 0.0 ], [ 106.87991477586624, -6.362443756455312, 0.0 ], [ 106.879928193718143, -6.362395087409282, 0.0 ], [ 106.879934685726852, -6.36234501954351, 0.0 ], [ 106.879939914382135, -6.36225569301908, 0.0 ], [ 106.879953185656035, -6.362167204300322, 0.0 ], [ 106.87996848257886, -6.362078575302484, 0.0 ], [ 106.880005151944289, -6.361996457013557, 0.0 ], [ 106.880048168745077, -6.361933136239268, 0.0 ], [ 106.880068736085647, -6.361859391032038, 0.0 ], [ 106.88008322869581, -6.361794879325877, 0.0 ], [ 106.880103661108208, -6.361731997872384, 0.0 ], [ 106.880130737930699, -6.361682347860474, 0.0 ], [ 106.880160279886226, -6.36163412555883, 0.0 ], [ 106.880206937719194, -6.36158893765615, 0.0 ], [ 106.880255404662833, -6.361545698826082, 0.0 ], [ 106.880305600549207, -6.361504481691128, 0.0 ], [ 106.880359039272435, -6.361470796004361, 0.0 ], [ 106.880398166303962, -6.361446731832882, 0.0 ], [ 106.880403215536077, -6.361375676870539, 0.0 ], [ 106.880455702736427, -6.361323383794865, 0.0 ], [ 106.880506049614169, -6.361269023501936, 0.0 ], [ 106.880554172443354, -6.361212683998819, 0.0 ], [ 106.880598545084439, -6.361154683673607, 0.0 ], [ 106.880630307801738, -6.361088918365511, 0.0 ], [ 106.880648152808419, -6.361018094410252, 0.0 ], [ 106.880665409115011, -6.360937475322735, 0.0 ], [ 106.880674071419335, -6.360855484287092, 0.0 ], [ 106.880674041840365, -6.360773037554109, 0.0 ], [ 106.880670208356761, -6.360699751863112, 0.0 ], [ 106.880676378796494, -6.36062662596161, 0.0 ], [ 106.880664761623834, -6.360573746135739, 0.0 ], [ 106.880638712700602, -6.360526289430408, 0.0 ], [ 106.880604126499932, -6.360458011578619, 0.0 ], [ 106.880576037413874, -6.360386812304709, 0.0 ], [ 106.88055807007791, -6.360327301099333, 0.0 ], [ 106.880531830687531, -6.360270948323198, 0.0 ], [ 106.880528235599556, -6.360264714692428, 0.0 ], [ 106.880520306878665, -6.360250700419799, 0.0 ], [ 106.880497103705906, -6.360208432156069, 0.0 ], [ 106.88046113850794, -6.360148368000591, 0.0 ], [ 106.880204849813694, -6.359819306906574, 0.0 ], [ 106.880083729845168, -6.359559180234013, 0.0 ], [ 106.879937554805963, -6.359406131722479, 0.0 ], [ 106.879623956933202, -6.359191649807454, 0.0 ], [ 106.879492575662681, -6.35906137236488, 0.0 ], [ 106.879420571092012, -6.358986877916354, 0.0 ], [ 106.879449851226212, -6.358819316210219, 0.0 ], [ 106.879520215473633, -6.358656973013938, 0.0 ], [ 106.879574142622516, -6.35849458470688, 0.0 ], [ 106.879630537545694, -6.358221666926105, 0.0 ], [ 106.879637575630497, -6.358184322876111, 0.0 ], [ 106.879595798578706, -6.358137109492798, 0.0 ], [ 106.87954982755511, -6.358120052734159, 0.0 ], [ 106.879380107410711, -6.358001537310425, 0.0 ], [ 106.879286448811641, -6.357889922393785, 0.0 ], [ 106.879265978124423, -6.357783781805418, 0.0 ], [ 106.879382534979086, -6.357566638850869, 0.0 ], [ 106.879498089849292, -6.357288123664635, 0.0 ], [ 106.879536068470259, -6.357096713448874, 0.0 ], [ 106.879630562229679, -6.356648547497446, 0.0 ], [ 106.879594363196446, -6.356556818256869, 0.0 ], [ 106.879558335283747, -6.356512453676939, 0.0 ], [ 106.879490777592849, -6.356476816555725, 0.0 ], [ 106.879415795203911, -6.35637230987578, 0.0 ], [ 106.879337954906646, -6.356270684213736, 0.0 ], [ 106.879103744273905, -6.356171062565595, 0.0 ], [ 106.878849490507562, -6.35608299621716, 0.0 ], [ 106.878744532522518, -6.356020223204436, 0.0 ], [ 106.878724306981169, -6.355981542426477, 0.0 ], [ 106.878675399182839, -6.355945836500943, 0.0 ], [ 106.878526040967245, -6.355903319297973, 0.0 ], [ 106.878447099182409, -6.355893559225123, 0.0 ], [ 106.878333689717635, -6.355873876597752, 0.0 ], [ 106.878271839443215, -6.355829605673363, 0.0 ], [ 106.878244450741676, -6.35579382243832, 0.0 ], [ 106.878154336885999, -6.355472635647598, 0.0 ], [ 106.878067701707295, -6.355319369855823, 0.0 ], [ 106.878028768297938, -6.355264968819717, 0.0 ], [ 106.877942875795028, -6.354920801362271, 0.0 ], [ 106.87788907173676, -6.354626465825623, 0.0 ], [ 106.87792846941646, -6.354508914399314, 0.0 ], [ 106.877979428884146, -6.354319265327924, 0.0 ], [ 106.878008494506645, -6.354026353119875, 0.0 ], [ 106.878069770050161, -6.3535165882703, 0.0 ], [ 106.878125989050702, -6.353194870061306, 0.0 ], [ 106.878217867450488, -6.351757969864709, 0.0 ], [ 106.878246291641972, -6.351300309838499, 0.0 ], [ 106.878287250650104, -6.351124655566896, 0.0 ], [ 106.878306295068455, -6.351101969113332, 0.0 ], [ 106.878326389696227, -6.351083912944479, 0.0 ], [ 106.878345283934905, -6.351072509351883, 0.0 ], [ 106.87836278923217, -6.351067753574741, 0.0 ] ] ] } },
{ "type": "Feature", "properties": { "OBJECTID": 275, "toponimi": "Sal. Phb Outlet Rawa Dongkal", "kewenangan": "Pemprov DKI", "jenis": "Saluran Drainase Tersier", "panjang": "384", "lebar": "2-2.5", "kedalaman": "2-2.5", "kota": "Jakarta Timur", "kecamatan": "Ciracas", "lebar_min": 2.0, "lebar_max": 2.5, "kedalaman_": 2.0, "kedalaman1": 2.5, "Shape_Leng": 0.40968306385999997 }, "geometry": { "type": "MultiLineString", "coordinates": [ [ [ 106.889834818213657, -6.356398460838008, 0.0 ], [ 106.889866965297131, -6.356175019750013, 0.0 ], [ 106.889891003651883, -6.356146938916877, 0.0 ], [ 106.889906983822925, -6.356128820380838, 0.0 ], [ 106.890009049475665, -6.35608064563475, 0.0 ], [ 106.890197582784808, -6.356009084866963, 0.0 ], [ 106.89024211450068, -6.355966376132949, 0.0 ], [ 106.89027350941015, -6.35592033123408, 0.0 ], [ 106.890299075804549, -6.355849906802147, 0.0 ], [ 106.890313238586145, -6.355799618490876, 0.0 ], [ 106.890323002697272, -6.35572351146018, 0.0 ], [ 106.890335673648991, -6.355657440570017, 0.0 ], [ 106.89036129244765, -6.355601369117065, 0.0 ], [ 106.890426750465636, -6.355454727532714, 0.0 ], [ 106.890475317972985, -6.355397137328363, 0.0 ], [ 106.89053108524196, -6.355346696934816, 0.0 ], [ 106.890641241433485, -6.355261610112091, 0.0 ], [ 106.890765592681532, -6.355134847654771, 0.0 ], [ 106.890866995169119, -6.3550096039503, 0.0 ], [ 106.890991320088176, -6.354875664534014, 0.0 ], [ 106.891014268780211, -6.354874145764993, 0.0 ], [ 106.891037238440006, -6.354878367279341, 0.0 ], [ 106.891188681553345, -6.355098853133359, 0.0 ], [ 106.891255982453089, -6.355064159445232, 0.0 ], [ 106.891353295469202, -6.354997779046549, 0.0 ], [ 106.89143349354859, -6.354958731778217, 0.0 ], [ 106.891559656254898, -6.354935305323457, 0.0 ], [ 106.891638492652675, -6.354916357431694, 0.0 ], [ 106.89179613305042, -6.354869850745817, 0.0 ], [ 106.891928023682922, -6.354843532629825, 0.0 ], [ 106.892253577911376, -6.35481363535667, 0.0 ], [ 106.892468880134018, -6.354799483585668, 0.0 ] ] ] } },
{ "type": "Feature", "properties": { "OBJECTID": 1081, "toponimi": "Sal. Phb Jankes Munjul", "kewenangan": "Pemprov DKI", "jenis": "Saluran Drainase Tersier", "panjang": "2920", "lebar": "1", "kedalaman": "1 - 1.5", "kota": "Jakarta Timur", "kecamatan": "Cipayung", "lebar_min": 1.0, "lebar_max": 1.0, "kedalaman_": 1.0, "kedalaman1": 1.5, "Shape_Leng": 2.2357125660100001 }, "geometry": { "type": "MultiLineString", "coordinates": [ [ [ 106.892468880134018, -6.354799483585668, 0.0 ], [ 106.892514575094509, -6.354796479969185, 0.0 ] ] ] } },
{ "type": "Feature", "properties": { "OBJECTID": 265, "toponimi": "Sal. Phb KPAD", "kewenangan": "Pemprov DKI", "jenis": "Saluran Drainase Tersier", "panjang": "862", "lebar": "2 - 3", "kedalaman": "1.5-2", "kota": "Jakarta Timur", "kecamatan": "Ciracas", "lebar_min": 2.0, "lebar_max": 3.0, "kedalaman_": 1.5, "kedalaman1": 2.0, "Shape_Leng": 0.85722002728000002 }, "geometry": { "type": "MultiLineString", "coordinates": [ [ [ 106.888392070359828, -6.361934553970431, 0.0 ], [ 106.888716859434382, -6.362063153810563, 0.0 ], [ 106.889067968154009, -6.36220397873842, 0.0 ], [ 106.88949836172975, -6.36237030570262, 0.0 ], [ 106.889527288384357, -6.362298407825321, 0.0 ], [ 106.889615229067545, -6.362097654427569, 0.0 ], [ 106.88970059302666, -6.361865696946719, 0.0 ], [ 106.889766458642981, -6.361690489310128, 0.0 ], [ 106.88983193577819, -6.361623392525222, 0.0 ], [ 106.889843751999052, -6.361585074488077, 0.0 ], [ 106.889935369653671, -6.361530196422207, 0.0 ], [ 106.889984046007982, -6.361502269511823, 0.0 ], [ 106.890024083039975, -6.361465761396458, 0.0 ], [ 106.890062178937612, -6.361421605960588, 0.0 ], [ 106.890117351519933, -6.361339112340024, 0.0 ], [ 106.890213948756653, -6.361076573857624, 0.0 ], [ 106.890251814700775, -6.360969264426275, 0.0 ], [ 106.890289893062715, -6.360920324363359, 0.0 ], [ 106.890335612629983, -6.360868485712894, 0.0 ], [ 106.890374536090292, -6.360788922169179, 0.0 ], [ 106.890391541904023, -6.360731447295757, 0.0 ], [ 106.890383669874495, -6.360671192800193, 0.0 ], [ 106.89037667443958, -6.36058892660879, 0.0 ], [ 106.890378495758668, -6.360564040824778, 0.0 ], [ 106.890411824041536, -6.360523730039997, 0.0 ], [ 106.890434718781663, -6.36050737996758, 0.0 ], [ 106.890464351058881, -6.360502486874089, 0.0 ], [ 106.890527156814301, -6.360415180640715, 0.0 ], [ 106.890556704245597, -6.360387323695908, 0.0 ], [ 106.890584388389769, -6.360372869250525, 0.0 ], [ 106.890916796094061, -6.36051614121972, 0.0 ], [ 106.891441806557552, -6.360757266914786, 0.0 ], [ 106.891795326562573, -6.360919599636894, 0.0 ], [ 106.891923627765351, -6.360957404664038, 0.0 ], [ 106.891964708218524, -6.36094481515264, 0.0 ], [ 106.892092603362784, -6.360871623614743, 0.0 ], [ 106.892130629900961, -6.360808330507679, 0.0 ], [ 106.892225673400958, -6.360644356562571, 0.0 ], [ 106.892258059387004, -6.360607876355018, 0.0 ], [ 106.892294308367624, -6.360581907945376, 0.0 ], [ 106.89233534766997, -6.36055783604684, 0.0 ], [ 106.892357296702031, -6.360544359095352, 0.0 ], [ 106.892387814133755, -6.360520325725338, 0.0 ], [ 106.892434339896312, -6.360427337712062, 0.0 ], [ 106.892481971407349, -6.360375491944382, 0.0 ], [ 106.892551538825998, -6.360306342062987, 0.0 ], [ 106.892654678457419, -6.360263861462591, 0.0 ], [ 106.892781561170281, -6.36017536381707, 0.0 ], [ 106.892810201328672, -6.360160905772132, 0.0 ], [ 106.892841742266526, -6.360155048988594, 0.0 ], [ 106.892885740905555, -6.360155844406195, 0.0 ], [ 106.892910594188635, -6.360151926168522, 0.0 ], [ 106.892937328198258, -6.360139389153849, 0.0 ], [ 106.892964952696616, -6.360108667623875, 0.0 ], [ 106.893035315042454, -6.359995497883284, 0.0 ], [ 106.893100110423134, -6.359929236072131, 0.0 ], [ 106.893130523626169, -6.359876496773614, 0.0 ], [ 106.893138914305283, -6.359817139410542, 0.0 ], [ 106.893118923204938, -6.359749489310441, 0.0 ], [ 106.893078708908931, -6.359569528394066, 0.0 ], [ 106.89312456110946, -6.359554050723228, 0.0 ], [ 106.893486644446156, -6.359482786549011, 0.0 ] ] ] } },
{ "type": "Feature", "properties": { "OBJECTID": 271, "toponimi": "Sal. Phb H. Baping", "kewenangan": "Pemprov DKI", "jenis": "Saluran Drainase Tersier", "panjang": "2821", "lebar": "2.5 - 3", "kedalaman": "2", "kota": "Jakarta Timur", "kecamatan": "Ciracas", "lebar_min": 2.5, "lebar_max": 3.0, "kedalaman_": 2.0, "kedalaman1": 2.0, "Shape_Leng": 1.7483081712899999 }, "geometry": { "type": "MultiLineString", "coordinates": [ [ [ 106.87202966760448, -6.320061417956779, 0.0 ], [ 106.872120431108371, -6.319869433747861, 0.0 ], [ 106.872140066505708, -6.319744488611769, 0.0 ], [ 106.872148240172564, -6.319623891191034, 0.0 ], [ 106.872138624768894, -6.319443830581929, 0.0 ], [ 106.872137060256776, -6.319340970509864, 0.0 ], [ 106.872161374879113, -6.319262034134606, 0.0 ], [ 106.872207462824122, -6.319138533542984, 0.0 ], [ 106.87223904745629, -6.319112146238243, 0.0 ], [ 106.872280819239407, -6.319092857787091, 0.0 ], [ 106.872297473938843, -6.319070072099207, 0.0 ], [ 106.872327734201122, -6.318841505138195, 0.0 ], [ 106.872347432617346, -6.318667998060152, 0.0 ], [ 106.87237294825789, -6.318593611555974, 0.0 ], [ 106.87239631602688, -6.318598167517395, 0.0 ], [ 106.872470782054592, -6.318362265220854, 0.0 ], [ 106.872473837906924, -6.318257638103482, 0.0 ], [ 106.872465441946247, -6.317908041074825, 0.0 ], [ 106.872245930582309, -6.317893226511325, 0.0 ], [ 106.872245519757314, -6.317709081283476, 0.0 ], [ 106.872231419628818, -6.31744479019751, 0.0 ], [ 106.872231951755282, -6.317138584441699, 0.0 ], [ 106.872281891400377, -6.316985780192372, 0.0 ], [ 106.872382439703131, -6.316767247684762, 0.0 ], [ 106.872520125730972, -6.316502818132008, 0.0 ], [ 106.872253155917463, -6.316386152960924, 0.0 ], [ 106.872140518505589, -6.316600662087125, 0.0 ], [ 106.872078743710304, -6.316575725568055, 0.0 ], [ 106.871964301607406, -6.316510391368444, 0.0 ], [ 106.872100977476308, -6.316287422468398, 0.0 ], [ 106.872152257323322, -6.316252551263475, 0.0 ], [ 106.872399507832995, -6.31586172832217, 0.0 ], [ 106.87246857666301, -6.315787320751525, 0.0 ], [ 106.872575207937899, -6.315520203767718, 0.0 ], [ 106.872419840569947, -6.315454099173202, 0.0 ], [ 106.872431661542379, -6.315416976669524, 0.0 ], [ 106.872526955898323, -6.315188654947316, 0.0 ], [ 106.872539010745442, -6.315083353502851, 0.0 ], [ 106.872592893354664, -6.314908048976901, 0.0 ], [ 106.872869268340665, -6.315065160788518, 0.0 ], [ 106.872909852891766, -6.315048269030417, 0.0 ], [ 106.872956230111029, -6.314979924038491, 0.0 ], [ 106.873010950109688, -6.314904371904213, 0.0 ], [ 106.873068279521249, -6.31488981224625, 0.0 ], [ 106.87319866400945, -6.314912068689988, 0.0 ], [ 106.873337460100331, -6.314946256677372, 0.0 ], [ 106.873375657892595, -6.314930569667084, 0.0 ], [ 106.8734410410013, -6.314828664845116, 0.0 ], [ 106.873538977288845, -6.314803194197864, 0.0 ], [ 106.873644551034758, -6.314775163525312, 0.0 ], [ 106.873658750033442, -6.314734444809095, 0.0 ], [ 106.873708785873802, -6.314686419961081, 0.0 ], [ 106.873859015594647, -6.314575836348974, 0.0 ], [ 106.873946058833141, -6.314513325828442, 0.0 ], [ 106.873990062044811, -6.314449773181676, 0.0 ], [ 106.874034938111237, -6.314296508913805, 0.0 ], [ 106.874071429287298, -6.314138491002307, 0.0 ], [ 106.874115217365315, -6.314015133482841, 0.0 ], [ 106.874185227408447, -6.313870152022583, 0.0 ], [ 106.874211311718099, -6.31381025245468, 0.0 ], [ 106.874323312412102, -6.313706983567447, 0.0 ], [ 106.874466175970312, -6.313542601707225, 0.0 ], [ 106.874483982929718, -6.31350785002437, 0.0 ], [ 106.87447313300072, -6.313482771016185, 0.0 ], [ 106.874328853625769, -6.313386166273365, 0.0 ], [ 106.874038104124935, -6.31311593486745, 0.0 ], [ 106.873960387170527, -6.313045882911302, 0.0 ], [ 106.873939833264458, -6.31297462880266, 0.0 ], [ 106.874082423256198, -6.312734414599296, 0.0 ], [ 106.874234735472712, -6.312538181938671, 0.0 ], [ 106.874356742861636, -6.312365542657386, 0.0 ], [ 106.874406738884446, -6.312306514509778, 0.0 ], [ 106.874471308086271, -6.312310587586844, 0.0 ], [ 106.874754135522693, -6.312372723826549, 0.0 ], [ 106.874830170535475, -6.312373885809579, 0.0 ], [ 106.874989413055602, -6.312356191440894, 0.0 ], [ 106.8750641338858, -6.312345220871347, 0.0 ], [ 106.875132082068461, -6.312361425274442, 0.0 ], [ 106.875214265609657, -6.312332991357757, 0.0 ], [ 106.8754793830214, -6.312257398284657, 0.0 ], [ 106.87604113551582, -6.312094617399568, 0.0 ], [ 106.876010535810693, -6.311903150132563, 0.0 ], [ 106.876009456189891, -6.311603169483551, 0.0 ], [ 106.876034766049031, -6.311460980117903, 0.0 ], [ 106.876104680913002, -6.311205140838617, 0.0 ], [ 106.876130559956295, -6.311126953867192, 0.0 ], [ 106.876156439898466, -6.311048766893335, 0.0 ], [ 106.876182318935591, -6.310970580827608, 0.0 ], [ 106.876208197964743, -6.310892393858591, 0.0 ], [ 106.876234077892917, -6.310814206886995, 0.0 ], [ 106.87625995691279, -6.310736019919562, 0.0 ], [ 106.876275639379315, -6.310706581412936, 0.0 ], [ 106.87632226831299, -6.310635570930001, 0.0 ], [ 106.876357255160315, -6.310558151317404, 0.0 ], [ 106.876379741964612, -6.310476218043225, 0.0 ], [ 106.876389178410747, -6.310391778483931, 0.0 ], [ 106.876385334289466, -6.310306900343559, 0.0 ], [ 106.876368302022314, -6.310223660108184, 0.0 ], [ 106.876338501019177, -6.310144098727549, 0.0 ], [ 106.876331886039097, -6.310122912218969, 0.0 ], [ 106.876318321160326, -6.310043215488254, 0.0 ], [ 106.876304756289258, -6.309963518755722, 0.0 ], [ 106.876300332030482, -6.309904746272938, 0.0 ], [ 106.876295907777916, -6.309845974693842, 0.0 ], [ 106.876294140854398, -6.309789637445753, 0.0 ], [ 106.876292373032669, -6.309733301104918, 0.0 ], [ 106.876292172681588, -6.309659792113153, 0.0 ], [ 106.876291972333647, -6.309586283121274, 0.0 ], [ 106.876291771988789, -6.309512774129115, 0.0 ], [ 106.876287578297323, -6.3094630757182, 0.0 ], [ 106.876283384611384, -6.309413378211072, 0.0 ], [ 106.876277687545866, -6.309323322366023, 0.0 ], [ 106.876271989580061, -6.309233265619175, 0.0 ] ] ] } },
{ "type": "Feature", "properties": { "OBJECTID": 180, "toponimi": "Sal. Phb Bengrah", "kewenangan": "Pemprov DKI", "jenis": "Saluran Drainase Tersier", "panjang": "1959", "lebar": "1.5 - 2", "kedalaman": "1.5", "kota": "Jakarta Timur", "kecamatan": "Pasar Rebo", "lebar_min": 1.5, "lebar_max": 2.0, "kedalaman_": 1.5, "kedalaman1": 1.5, "Shape_Leng": 1.88762603696 }, "geometry": { "type": "MultiLineString", "coordinates": [ [ [ 106.864168987644831, -6.323902346341093, 0.0 ], [ 106.864168987789398, -6.323902346390879, 0.0 ], [ 106.864204024740701, -6.323914414090552, 0.0 ] ] ] } },
{ "type": "Feature", "properties": { "OBJECTID": 269, "toponimi": "Sal. Phb Vini Vidi Vici", "kewenangan": "Pemprov DKI", "jenis": "Saluran Drainase Tersier", "panjang": "1339", "lebar": "2 - 3", "kedalaman": "1-1.5", "kota": "Jakarta Timur", "kecamatan": "Ciracas", "lebar_min": 2.0, "lebar_max": 3.0, "kedalaman_": 1.0, "kedalaman1": 1.5, "Shape_Leng": 1.3467962039900001 }, "geometry": { "type": "MultiLineString", "coordinates": [ [ [ 106.879518988628391, -6.349307579929925, 0.0 ], [ 106.879581076933817, -6.349054975839902, 0.0 ], [ 106.879627632216341, -6.348870606809298, 0.0 ], [ 106.879683990677108, -6.348587522298994, 0.0 ], [ 106.879747022007308, -6.348331327171328, 0.0 ], [ 106.879798885801364, -6.348292265272434, 0.0 ], [ 106.879871751236792, -6.348275255090284, 0.0 ], [ 106.879938623553969, -6.348254080482736, 0.0 ], [ 106.879974387330734, -6.3482258417478, 0.0 ], [ 106.880013922629544, -6.348182757769957, 0.0 ], [ 106.880071215964506, -6.348157431755348, 0.0 ], [ 106.880143525034242, -6.347921057916585, 0.0 ], [ 106.880236343639154, -6.347604230483295, 0.0 ], [ 106.880299743995764, -6.347482715038793, 0.0 ], [ 106.88036190714088, -6.347415747352842, 0.0 ], [ 106.880452672215441, -6.347323556021876, 0.0 ], [ 106.880483310386211, -6.347266749638179, 0.0 ], [ 106.880497749125638, -6.347094458179545, 0.0 ], [ 106.880519471359577, -6.346754923757511, 0.0 ], [ 106.880516544870346, -6.34673914625937, 0.0 ], [ 106.880539209590523, -6.346659402730188, 0.0 ], [ 106.880567622122328, -6.346384434106068, 0.0 ], [ 106.880586507444676, -6.346251597725049, 0.0 ], [ 106.880650463752971, -6.346085585658585, 0.0 ], [ 106.880666912017844, -6.346071889664469, 0.0 ], [ 106.880826249956428, -6.34609786478438, 0.0 ], [ 106.880893629974636, -6.34608470261315, 0.0 ], [ 106.88096038513423, -6.346035813737778, 0.0 ], [ 106.880992710077265, -6.345982899892679, 0.0 ], [ 106.881025019927961, -6.345920597495508, 0.0 ], [ 106.881029125396367, -6.345866040241593, 0.0 ], [ 106.881048746369373, -6.345738224620434, 0.0 ], [ 106.881061554102303, -6.345709471609172, 0.0 ], [ 106.881078725080613, -6.345697208760479, 0.0 ], [ 106.881125303055811, -6.345684122124779, 0.0 ], [ 106.881164694537887, -6.345667473048821, 0.0 ], [ 106.881185358503373, -6.345629361666478, 0.0 ], [ 106.881186201561476, -6.345466448570758, 0.0 ], [ 106.881159354833855, -6.34538186236673, 0.0 ], [ 106.88114135437371, -6.345363268066474, 0.0 ], [ 106.881117597278873, -6.345339671260876, 0.0 ], [ 106.881106052762675, -6.345321054416677, 0.0 ], [ 106.881101574956077, -6.345272986619625, 0.0 ], [ 106.881115491371048, -6.345154521558772, 0.0 ], [ 106.881175524706336, -6.344943728965874, 0.0 ], [ 106.881209473430047, -6.344841467517041, 0.0 ], [ 106.88126736510516, -6.344705191206444, 0.0 ], [ 106.881302644073742, -6.344643038976684, 0.0 ], [ 106.88141546218813, -6.344400841926951, 0.0 ], [ 106.881478103738161, -6.344268086276386, 0.0 ], [ 106.88155947708691, -6.344157748592689, 0.0 ], [ 106.881611906890271, -6.344110192916427, 0.0 ], [ 106.881669969180805, -6.344033431097242, 0.0 ], [ 106.881770227691405, -6.343856043310912, 0.0 ], [ 106.881869451020322, -6.343657128968197, 0.0 ], [ 106.882001031792257, -6.343414080788632, 0.0 ], [ 106.882040557513534, -6.343368485135513, 0.0 ], [ 106.882079066368973, -6.343306148480561, 0.0 ], [ 106.882086141671167, -6.343279329460756, 0.0 ], [ 106.882088845928592, -6.343233867557231, 0.0 ], [ 106.882100692272502, -6.343203683172617, 0.0 ], [ 106.882122483939341, -6.34314714763444, 0.0 ], [ 106.882205669413366, -6.343009054358948, 0.0 ], [ 106.882478701134602, -6.342580909233384, 0.0 ], [ 106.882535715041868, -6.342478793671577, 0.0 ], [ 106.88255701991919, -6.342419867547854, 0.0 ], [ 106.882619720984593, -6.34230337808844, 0.0 ], [ 106.882840864288198, -6.341966708941971, 0.0 ], [ 106.882947260007441, -6.34163619707754, 0.0 ], [ 106.882922549432593, -6.341547296796429, 0.0 ], [ 106.882950928682376, -6.341461074283023, 0.0 ], [ 106.883005031567833, -6.341347486716745, 0.0 ], [ 106.883056135021718, -6.341198027415096, 0.0 ], [ 106.883079724113287, -6.341054130896884, 0.0 ], [ 106.883147424990497, -6.340980440677433, 0.0 ], [ 106.883520432706632, -6.340755590853093, 0.0 ], [ 106.883859564070889, -6.340617525822336, 0.0 ], [ 106.883957927501115, -6.340587648020596, 0.0 ], [ 106.884039184807463, -6.340560544664369, 0.0 ], [ 106.884094240106762, -6.340539249694173, 0.0 ], [ 106.884111944000495, -6.340530809498587, 0.0 ], [ 106.884122997284109, -6.340523886746788, 0.0 ], [ 106.884145558848573, -6.34050129155762, 0.0 ], [ 106.884186207460189, -6.340455456461945, 0.0 ], [ 106.884302420576233, -6.340316226160367, 0.0 ], [ 106.884412531224157, -6.340177324239826, 0.0 ], [ 106.884484447773204, -6.340079324500677, 0.0 ], [ 106.884575437364646, -6.339943373141133, 0.0 ], [ 106.884625031970216, -6.339875844850098, 0.0 ], [ 106.884687592817528, -6.33978971385101, 0.0 ], [ 106.884882325591249, -6.339513974881881, 0.0 ], [ 106.884924393898118, -6.339457415464675, 0.0 ] ] ] } },
{ "type": "Feature", "properties": { "OBJECTID": 267, "toponimi": "Sal. Phb Nurul Hidayah", "kewenangan": "Pemprov DKI", "jenis": "Saluran Drainase Tersier", "panjang": "1175", "lebar": "2", "kedalaman": "2-2.5", "kota": "Jakarta Timur", "kecamatan": "Ciracas", "lebar_min": 2.0, "lebar_max": 2.0, "kedalaman_": 2.0, "kedalaman1": 2.5, "Shape_Leng": 1.36655056702 }, "geometry": { "type": "MultiLineString", "coordinates": [ [ [ 106.87929402047638, -6.339815597036766, 0.0 ], [ 106.879291395376882, -6.339815130973825, 0.0 ], [ 106.879288879923607, -6.33981424860784, 0.0 ], [ 106.879286539263049, -6.339812972306057, 0.0 ], [ 106.879284434966877, -6.33981133529864, 0.0 ], [ 106.879283630254633, -6.339810468430476, 0.0 ], [ 106.879282621412727, -6.33980938078728, 0.0 ], [ 106.879281145778464, -6.33980716013727, 0.0 ], [ 106.879280047128503, -6.33980473016775, 0.0 ], [ 106.879279354613203, -6.339802154967274, 0.0 ], [ 106.879279084740944, -6.33979950138262, 0.0 ], [ 106.879280550682978, -6.339783574115476, 0.0 ], [ 106.879281966002907, -6.339767642511195, 0.0 ], [ 106.879283330697291, -6.339751705665583, 0.0 ], [ 106.879284638718602, -6.339735840452725, 0.0 ], [ 106.879285313022805, -6.339727896923009, 0.0 ], [ 106.879286044563074, -6.339720037271045, 0.0 ], [ 106.879286839383909, -6.339712183718662, 0.0 ], [ 106.879287697485026, -6.339704336266033, 0.0 ], [ 106.879288620680427, -6.339696496714664, 0.0 ], [ 106.879289606255796, -6.339688664170319, 0.0 ], [ 106.879290656025063, -6.339680840434718, 0.0 ], [ 106.879291769084588, -6.339673025511079, 0.0 ], [ 106.879292945437513, -6.339665220303592, 0.0 ], [ 106.879294185080525, -6.33965742390813, 0.0 ], [ 106.879295488927269, -6.339649639033741, 0.0 ], [ 106.879296855163958, -6.33964186387883, 0.0 ], [ 106.879298284700383, -6.339634100248269, 0.0 ], [ 106.879299735830202, -6.339626559862728, 0.0 ], [ 106.879300740271347, -6.339621940573172, 0.0 ], [ 106.879301837306897, -6.339617187134858, 0.0 ], [ 106.879302994940957, -6.339612447943205, 0.0 ], [ 106.879304213177377, -6.339607723902222, 0.0 ], [ 106.879305491115147, -6.339603015919415, 0.0 ], [ 106.87930682875789, -6.339598324898868, 0.0 ], [ 106.879308226105735, -6.339593650840659, 0.0 ], [ 106.87930968225794, -6.339588994652165, 0.0 ], [ 106.87931119812491, -6.339584358138212, 0.0 ], [ 106.879312772799665, -6.339579740398269, 0.0 ], [ 106.879314406292067, -6.339575144144421, 0.0 ], [ 106.879316097695039, -6.339570568475997, 0.0 ], [ 106.879317847015301, -6.33956601520119, 0.0 ], [ 106.879319655153111, -6.339561483412512, 0.0 ], [ 106.879321520311137, -6.339556975829084, 0.0 ], [ 106.879323442489024, -6.339552492450673, 0.0 ], [ 106.879325421690282, -6.339548034181726, 0.0 ], [ 106.879327457914897, -6.339543601022009, 0.0 ], [ 106.879329391516592, -6.33953952717894, 0.0 ], [ 106.879333396134186, -6.339531893451892, 0.0 ], [ 106.879337639911896, -6.339523672973401, 0.0 ], [ 106.879341829370773, -6.339515425567534, 0.0 ], [ 106.879345964507223, -6.339507150330161, 0.0 ], [ 106.879350045324898, -6.33949884816548, 0.0 ], [ 106.879354070919845, -6.339490519076632, 0.0 ], [ 106.87935804219903, -6.339482163964607, 0.0 ], [ 106.879361959162523, -6.339473782829252, 0.0 ], [ 106.879365851386197, -6.339465307752808, 0.0 ], [ 106.879368903595747, -6.339458445095355, 0.0 ], [ 106.879371876314437, -6.339451591767555, 0.0 ], [ 106.879374785674145, -6.339444710640914, 0.0 ], [ 106.879377631681407, -6.339437803523851, 0.0 ], [ 106.879380414332957, -6.33943086951216, 0.0 ], [ 106.879383131831531, -6.339423911324777, 0.0 ], [ 106.879385786884342, -6.339416928047863, 0.0 ], [ 106.87938838930782, -6.339409885288275, 0.0 ], [ 106.87939090153057, -6.3394028889669, 0.0 ], [ 106.879393362034051, -6.339395834967967, 0.0 ], [ 106.87939575739081, -6.339388758601519, 0.0 ], [ 106.8793980876044, -6.339381660771936, 0.0 ], [ 106.879400352674438, -6.339374541478969, 0.0 ], [ 106.879402551700679, -6.33936740163019, 0.0 ], [ 106.879404684683266, -6.33936024122553, 0.0 ], [ 106.879406751628508, -6.339353062073318, 0.0 ], [ 106.879408753440387, -6.339345864170141, 0.0 ], [ 106.879410643739618, -6.339338816758901, 0.0 ], [ 106.879415777024917, -6.339319943159856, 0.0 ], [ 106.87942088103199, -6.33930097021125, 0.0 ], [ 106.879425929862236, -6.339281982996398, 0.0 ], [ 106.879430925323021, -6.339262981508801, 0.0 ], [ 106.87943586651069, -6.339243965751649, 0.0 ], [ 106.879440753428426, -6.339224936629225, 0.0 ], [ 106.87944558607289, -6.339205893237229, 0.0 ], [ 106.879450353767169, -6.339186881725747, 0.0 ], [ 106.879454588013729, -6.339170041186181, 0.0 ], [ 106.87945887942405, -6.339153264633719, 0.0 ], [ 106.879463239576154, -6.339136505010683, 0.0 ], [ 106.879464656148315, -6.339131150967832, 0.0 ], [ 106.879466414077953, -6.339126979210207, 0.0 ], [ 106.879478403343157, -6.339086561259947, 0.0 ], [ 106.879488203555752, -6.339045556319393, 0.0 ], [ 106.879490845997793, -6.339036338952067, 0.0 ], [ 106.879495686485569, -6.339019711401195, 0.0 ], [ 106.879500594827505, -6.339003105303857, 0.0 ], [ 106.879505571917434, -6.338986517944305, 0.0 ], [ 106.879510617765234, -6.338969952034925, 0.0 ], [ 106.879515730563568, -6.338953407582307, 0.0 ], [ 106.879520912116206, -6.338936883675868, 0.0 ], [ 106.879526194572733, -6.338920274414187, 0.0 ], [ 106.879552189812458, -6.338837356198177, 0.0 ], [ 106.879556316953867, -6.338824129905669, 0.0 ], [ 106.879560394160578, -6.33881083960005, 0.0 ], [ 106.87956440803778, -6.338797529632883, 0.0 ], [ 106.879568358588671, -6.338784200908338, 0.0 ], [ 106.879572244909838, -6.33877085342957, 0.0 ], [ 106.879576067001153, -6.338757487196647, 0.0 ], [ 106.879579824865814, -6.338744103113849, 0.0 ], [ 106.879583519407433, -6.338730701177716, 0.0 ], [ 106.879587149722724, -6.338717281391572, 0.0 ], [ 106.879590715814629, -6.338703844659585, 0.0 ], [ 106.879594216779566, -6.338690390984976, 0.0 ], [ 106.879597654424884, -6.338676920361141, 0.0 ], [ 106.879601026946617, -6.338663433698951, 0.0 ], [ 106.879604335248203, -6.338649930994924, 0.0 ], [ 106.879607578429386, -6.338636413156603, 0.0 ], [ 106.879610757390651, -6.338622879276512, 0.0 ], [ 106.879613871231541, -6.338609330262107, 0.0 ], [ 106.87961681768607, -6.338596223980224, 0.0 ], [ 106.87963574016112, -6.338522403572985, 0.0 ], [ 106.879659869565984, -6.338423347755521, 0.0 ], [ 106.879666332008128, -6.33839444872851, 0.0 ], [ 106.879666632869814, -6.33839268365579, 0.0 ], [ 106.879667111903089, -6.338390958623648, 0.0 ], [ 106.879667926955918, -6.338388942143516, 0.0 ], [ 106.879668985519984, -6.338387041415257, 0.0 ], [ 106.879670270533254, -6.338385286337134, 0.0 ], [ 106.879682530046324, -6.338323175223159, 0.0 ], [ 106.879682886356406, -6.338320002199461, 0.0 ], [ 106.879683113895965, -6.338318951665242, 0.0 ], [ 106.87970177600954, -6.338232628817149, 0.0 ], [ 106.879735603268486, -6.338091261048652, 0.0 ], [ 106.879749091976549, -6.338036438294629, 0.0 ], [ 106.87975051241925, -6.338030656579025, 0.0 ], [ 106.879751958773937, -6.338025042940055, 0.0 ], [ 106.879753467544333, -6.338019446253547, 0.0 ], [ 106.879755039634205, -6.338013866516143, 0.0 ], [ 106.87975667414301, -6.338008304635415, 0.0 ], [ 106.879758371074118, -6.338002761515291, 0.0 ], [ 106.879760129527071, -6.337997238063479, 0.0 ], [ 106.879761950405694, -6.337991734276363, 0.0 ], [ 106.879763832812827, -6.337986251965665, 0.0 ], [ 106.879765776744762, -6.337980790227273, 0.0 ], [ 106.879767782211829, -6.337975351773439, 0.0 ], [ 106.879769848303908, -6.337969934799295, 0.0 ], [ 106.879771974129781, -6.33796454292469, 0.0 ], [ 106.87977416149073, -6.337959174334622, 0.0 ], [ 106.879776408585926, -6.337953830844124, 0.0 ], [ 106.879778715418468, -6.337948513357171, 0.0 ], [ 106.879781081985229, -6.337943220969668, 0.0 ], [ 106.879783508295901, -6.33793795639402, 0.0 ], [ 106.879785992543361, -6.337932719636709, 0.0 ], [ 106.879788535631008, -6.33792751069461, 0.0 ], [ 106.879790636913455, -6.337923326843312, 0.0 ], [ 106.879795777132045, -6.337915105829448, 0.0 ], [ 106.879801576378114, -6.337905703424837, 0.0 ], [ 106.879807316757564, -6.337896265971926, 0.0 ], [ 106.879812999170625, -6.337886792563634, 0.0 ], [ 106.879818623623905, -6.337877285007849, 0.0 ], [ 106.879821463443704, -6.33787241494764, 0.0 ], [ 106.879822418061124, -6.337870508267224, 0.0 ], [ 106.879823608134998, -6.337868739067129, 0.0 ], [ 106.879850769474842, -6.337820867526647, 0.0 ], [ 106.879851128803111, -6.33781952628493, 0.0 ], [ 106.879852005134737, -6.337817213024256, 0.0 ], [ 106.879853171126626, -6.33781503252657, 0.0 ], [ 106.879854607926163, -6.337813019217701, 0.0 ], [ 106.879856338517925, -6.33780978425149, 0.0 ], [ 106.879861487571802, -6.337800010792933, 0.0 ], [ 106.879866575964755, -6.337790205909227, 0.0 ], [ 106.879871604600467, -6.337780369597229, 0.0 ], [ 106.879876586028828, -6.337770473782961, 0.0 ], [ 106.87988105894712, -6.337761399869268, 0.0 ], [ 106.879885459519201, -6.337752311751516, 0.0 ], [ 106.879889795821995, -6.337743194030131, 0.0 ], [ 106.879894068756215, -6.337734045797524, 0.0 ], [ 106.879898277421489, -6.337724867961252, 0.0 ], [ 106.879902421821058, -6.337715661425357, 0.0 ], [ 106.879906502855221, -6.337706425282524, 0.0 ], [ 106.879910517819624, -6.337697161350787, 0.0 ], [ 106.879914468521491, -6.337687869623609, 0.0 ], [ 106.879918354960878, -6.337678550100913, 0.0 ], [ 106.879922175333718, -6.337669203693492, 0.0 ], [ 106.879925930547159, -6.337659831302052, 0.0 ], [ 106.879929585675271, -6.337650520755287, 0.0 ], [ 106.879929860457537, -6.337649789212167, 0.0 ], [ 106.879930407392948, -6.337648099195504, 0.0 ], [ 106.879932794656838, -6.337639788705657, 0.0 ], [ 106.879935143494606, -6.337631348158507, 0.0 ], [ 106.879937420873432, -6.337622888883451, 0.0 ], [ 106.879939627693872, -6.33761440997305, 0.0 ], [ 106.879941763058127, -6.337605913238942, 0.0 ], [ 106.879942611601209, -6.337602414748267, 0.0 ], [ 106.879944822743155, -6.33759313294374, 0.0 ], [ 106.87994581851946, -6.337588867206547, 0.0 ], [ 106.879947739526528, -6.337580319713376, 0.0 ], [ 106.879948576757172, -6.33757644242801, 0.0 ], [ 106.879968484667529, -6.337443359155555, 0.0 ], [ 106.87997267836397, -6.337415325483646, 0.0 ], [ 106.879970882290195, -6.337383758436737, 0.0 ], [ 106.87997076044266, -6.337347865328133, 0.0 ], [ 106.879970655501836, -6.33734758452032, 0.0 ], [ 106.879970548393942, -6.337343960201616, 0.0 ], [ 106.879970217155559, -6.337335090860892, 0.0 ], [ 106.879970013753805, -6.337330579023423, 0.0 ], [ 106.879969818151309, -6.337326224478399, 0.0 ], [ 106.879969349574182, -6.337317361060456, 0.0 ], [ 106.879968819940331, -6.337308606360891, 0.0 ], [ 106.879968719786547, -6.337307401502093, 0.0 ], [ 106.879966401725369, -6.337285411215477, 0.0 ], [ 106.879966300193161, -6.33728457434764, 0.0 ], [ 106.879964487373385, -6.337271340657193, 0.0 ], [ 106.87995290400309, -6.337186760338268, 0.0 ], [ 106.879950322605296, -6.337167912900704, 0.0 ], [ 106.879934854350694, -6.33706088505064, 0.0 ], [ 106.879933337627051, -6.337050309369241, 0.0 ], [ 106.879931894307319, -6.337039790382674, 0.0 ], [ 106.879930515115674, -6.337029262122245, 0.0 ], [ 106.879929199155086, -6.337018726399483, 0.0 ], [ 106.879927946425624, -6.337008183214294, 0.0 ], [ 106.879926758734285, -6.336997632560196, 0.0 ], [ 106.879925634274201, -6.336987074443857, 0.0 ], [ 106.879924573048314, -6.336976509769173, 0.0 ], [ 106.879923576863945, -6.33696593852973, 0.0 ], [ 106.879922643920608, -6.33695536254042, 0.0 ], [ 106.879921775115065, -6.336944779989578, 0.0 ], [ 106.879920964737437, -6.336934111333416, 0.0 ], [ 106.879920851182803, -6.336932949017789, 0.0 ], [ 106.87991983910203, -6.336924476350449, 0.0 ], [ 106.879907335175645, -6.336819754163438, 0.0 ], [ 106.879903669666945, -6.336779277236625, 0.0 ], [ 106.879901539647477, -6.336755807089099, 0.0 ], [ 106.879901358841749, -6.336754290593382, 0.0 ], [ 106.879898690909016, -6.336736249962809, 0.0 ], [ 106.879896096321431, -6.336718249752693, 0.0 ], [ 106.879893568573337, -6.336700240258886, 0.0 ], [ 106.879891107661251, -6.33668222057709, 0.0 ], [ 106.879889380646119, -6.336669221651006, 0.0 ], [ 106.879888712691255, -6.33666419342314, 0.0 ], [ 106.879888000489444, -6.336658675310485, 0.0 ], [ 106.879834135733461, -6.336664232102174, 0.0 ], [ 106.879819321522078, -6.336665447616854, 0.0 ], [ 106.879813574893049, -6.336665918707282, 0.0 ], [ 106.879781801753893, -6.336668523870218, 0.0 ], [ 106.879774024900215, -6.33666934227585, 0.0 ], [ 106.879766255531052, -6.336670231177481, 0.0 ], [ 106.879758494543523, -6.336671188763398, 0.0 ], [ 106.879753272849356, -6.336671880369889, 0.0 ], [ 106.879750741937926, -6.336672215033611, 0.0 ], [ 106.879742998617772, -6.336673309985023, 0.0 ], [ 106.879735266390341, -6.336674473610927, 0.0 ], [ 106.879727543448439, -6.336675705917843, 0.0 ], [ 106.879719832506169, -6.33667700780018, 0.0 ], [ 106.879712133557092, -6.336678377449659, 0.0 ], [ 106.879704447504793, -6.336679814863029, 0.0 ], [ 106.879696773452238, -6.336681321851719, 0.0 ], [ 106.879689113196974, -6.336682895696845, 0.0 ], [ 106.879681467649135, -6.336684538203529, 0.0 ], [ 106.879673837712389, -6.336686249368257, 0.0 ], [ 106.879666221572933, -6.336688027389462, 0.0 ], [ 106.8796592738301, -6.336689714382314, 0.0 ], [ 106.879658871142425, -6.336689812584923, 0.0 ], [ 106.879653977456968, -6.336691245302831, 0.0 ], [ 106.879648673654984, -6.336692721097569, 0.0 ], [ 106.879643350620185, -6.336694126438873, 0.0 ], [ 106.879638010157151, -6.336695460415942, 0.0 ], [ 106.87963265135879, -6.336696722127989, 0.0 ], [ 106.879627276035606, -6.336697912472676, 0.0 ], [ 106.879621885991838, -6.336699030539223, 0.0 ], [ 106.87961645323314, -6.336700081853975, 0.0 ], [ 106.879611062649261, -6.336701050738813, 0.0 ], [ 106.879605632058144, -6.336701951957882, 0.0 ], [ 106.879600189454408, -6.336702779984887, 0.0 ], [ 106.879594736644762, -6.336703534813346, 0.0 ], [ 106.87958927453667, -6.336704217343906, 0.0 ], [ 106.879583803126593, -6.336704826672742, 0.0 ], [ 106.879578414559845, -6.336705354328342, 0.0 ], [ 106.879577144212391, -6.33670541860534, 0.0 ], [ 106.879576514300226, -6.33670540642178, 0.0 ], [ 106.879569927222448, -6.336705122883916, 0.0 ], [ 106.879563270290205, -6.336704764555259, 0.0 ], [ 106.879556617614611, -6.336704333879647, 0.0 ], [ 106.879549970102303, -6.336703831757986, 0.0 ], [ 106.879543320965965, -6.336703255502481, 0.0 ], [ 106.879538563648282, -6.336702791738055, 0.0 ], [ 106.879536692358911, -6.336702608649214, 0.0 ], [ 106.879530064845568, -6.336701889460604, 0.0 ], [ 106.879523445203375, -6.336701097911887, 0.0 ], [ 106.879516834339071, -6.336700234904104, 0.0 ], [ 106.87951023315361, -6.336699299529694, 0.0 ], [ 106.879503642553672, -6.33669829268955, 0.0 ], [ 106.87949704987787, -6.336697211717011, 0.0 ], [ 106.879490496721544, -6.336696063694879, 0.0 ], [ 106.879483943300116, -6.336694842437912, 0.0 ], [ 106.879477474621027, -6.33669356481689, 0.0 ], [ 106.879476188423681, -6.336693244890383, 0.0 ], [ 106.8794693952389, -6.336691195403251, 0.0 ], [ 106.879462644830866, -6.336689229846203, 0.0 ], [ 106.879455876585297, -6.336687329451939, 0.0 ], [ 106.879449089598126, -6.336685494223816, 0.0 ], [ 106.879442285680184, -6.336683725059347, 0.0 ], [ 106.879435464828177, -6.336682021054353, 0.0 ], [ 106.8794286279457, -6.336680382205627, 0.0 ], [ 106.879421775939633, -6.336678809414058, 0.0 ], [ 106.87941490881343, -6.336677303583791, 0.0 ], [ 106.879408027464194, -6.336675862903191, 0.0 ], [ 106.879401132801945, -6.336674489177162, 0.0 ], [ 106.879394224823656, -6.336673181501841, 0.0 ], [ 106.879387304432925, -6.336671939873854, 0.0 ], [ 106.879380373439986, -6.336670765190716, 0.0 ], [ 106.879373430944966, -6.336669658359795, 0.0 ], [ 106.879366477841586, -6.336668616665547, 0.0 ], [ 106.879359515043205, -6.336667642816868, 0.0 ], [ 106.87935254345355, -6.336666736810922, 0.0 ], [ 106.879345563969736, -6.336665896835736, 0.0 ], [ 106.879338575694632, -6.33666512470305, 0.0 ], [ 106.87933158133599, -6.336664419498824, 0.0 ], [ 106.879324514906102, -6.336663776037411, 0.0 ], [ 106.87932343900566, -6.336663633464643, 0.0 ], [ 106.87932281863803, -6.336663511844781, 0.0 ], [ 106.879321626628837, -6.336663248537685, 0.0 ], [ 106.879320725991704, -6.336663091767734, 0.0 ], [ 106.879319820079886, -6.336662975703368, 0.0 ], [ 106.879318909800119, -6.336662901245309, 0.0 ], [ 106.879317996959983, -6.336662868387121, 0.0 ], [ 106.879317540615318, -6.336662872753086, 0.0 ], [ 106.878962504052865, -6.336659953880337, 0.0 ], [ 106.878907141581479, -6.336641712631801, 0.0 ], [ 106.878881212872656, -6.336633169280686, 0.0 ], [ 106.878861962224619, -6.336626826833089, 0.0 ], [ 106.878506517707251, -6.336521660467564, 0.0 ], [ 106.87837004604431, -6.336470722518417, 0.0 ], [ 106.87831128553421, -6.336420698396396, 0.0 ], [ 106.878302808448254, -6.33639082636252, 0.0 ], [ 106.878332435993343, -6.336318952699739, 0.0 ], [ 106.878326264393891, -6.336265150493975, 0.0 ], [ 106.878319754401176, -6.336118052773632, 0.0 ], [ 106.878345656806545, -6.336007916601364, 0.0 ], [ 106.878372353295717, -6.33584400092073, 0.0 ], [ 106.878376713411114, -6.335817227011945, 0.0 ], [ 106.878386589999664, -6.335756585619806, 0.0 ], [ 106.878394500276158, -6.335629769868248, 0.0 ], [ 106.878375879906883, -6.335439655270308, 0.0 ], [ 106.878390048299636, -6.335390564140734, 0.0 ], [ 106.878432709214849, -6.335286348205019, 0.0 ], [ 106.878437769865897, -6.33514594988395, 0.0 ], [ 106.878454958082557, -6.335146499753748, 0.0 ], [ 106.878472630957319, -6.335147128336852, 0.0 ], [ 106.878490300439765, -6.33514781841336, 0.0 ], [ 106.87850796834374, -6.335148571784988, 0.0 ], [ 106.878525632858299, -6.335149387554202, 0.0 ], [ 106.878543294887521, -6.335150265717588, 0.0 ], [ 106.878560953530936, -6.335151207182681, 0.0 ], [ 106.878578608785205, -6.335152211045339, 0.0 ], [ 106.878596026544173, -6.335153262782784, 0.0 ], [ 106.878614033189805, -6.33515472738891, 0.0 ], [ 106.878632260654825, -6.335156280704982, 0.0 ], [ 106.878650482052592, -6.335157905469489, 0.0 ], [ 106.878668697379496, -6.335159600778706, 0.0 ], [ 106.878686905738647, -6.335161368443826, 0.0 ], [ 106.878705107123508, -6.33516320665662, 0.0 ], [ 106.878723301537349, -6.335165116321368, 0.0 ], [ 106.878741488073317, -6.335167096537132, 0.0 ], [ 106.878759665831041, -6.335169148211254, 0.0 ], [ 106.878777836614248, -6.33517127043315, 0.0 ], [ 106.878795998619324, -6.335173464113524, 0.0 ], [ 106.878814151842548, -6.335175728348142, 0.0 ], [ 106.878832296287555, -6.335178064041101, 0.0 ], [ 106.878850431047326, -6.335180470291712, 0.0 ], [ 106.878868557028852, -6.335182948000676, 0.0 ], [ 106.878881640870205, -6.335184788466224, 0.0 ], [ 106.878885386730687, -6.3351710780369, 0.0 ], [ 106.878898375399771, -6.335132376168713, 0.0 ], [ 106.878926782737167, -6.335047729583684, 0.0 ], [ 106.878976555365057, -6.334926742252981, 0.0 ], [ 106.87898947278471, -6.33486210530189, 0.0 ], [ 106.878996571645303, -6.334841746320008, 0.0 ], [ 106.879040756854565, -6.334828428299969, 0.0 ], [ 106.879056241906625, -6.334812823669659, 0.0 ], [ 106.879107336451412, -6.33472651809339, 0.0 ], [ 106.879065385664404, -6.334696767310362, 0.0 ], [ 106.879030617766958, -6.334669382871046, 0.0 ], [ 106.879024523154868, -6.334637109860086, 0.0 ], [ 106.879175985980766, -6.334536088413158, 0.0 ], [ 106.879279620649868, -6.334432847813338, 0.0 ], [ 106.879806426293428, -6.33432543852047, 0.0 ], [ 106.879965753851764, -6.334290384625647, 0.0 ], [ 106.880046600849028, -6.334269715045482, 0.0 ], [ 106.880070190480154, -6.334256975192303, 0.0 ], [ 106.880074147409701, -6.334254899409748, 0.0 ], [ 106.880082093122709, -6.334250810114996, 0.0 ], [ 106.880090071593585, -6.334246783087338, 0.0 ], [ 106.880098081021188, -6.334242820141476, 0.0 ], [ 106.880106122306373, -6.334238920370157, 0.0 ], [ 106.880114193644644, -6.334235084683889, 0.0 ], [ 106.880122295939898, -6.334231313079528, 0.0 ], [ 106.880130427387897, -6.334227606467635, 0.0 ], [ 106.880138587985542, -6.334223963944146, 0.0 ], [ 106.880146777739554, -6.334220387317349, 0.0 ], [ 106.880154994835493, -6.334216874785364, 0.0 ], [ 106.880163239277152, -6.334213427252588, 0.0 ], [ 106.880171511974481, -6.334210046523835, 0.0 ], [ 106.880179810210038, -6.334206730800704, 0.0 ], [ 106.880188134890801, -6.334203480983874, 0.0 ], [ 106.880196485113046, -6.33420029707704, 0.0 ], [ 106.880204856364912, -6.334197180904465, 0.0 ], [ 106.880213259480712, -6.334194129714527, 0.0 ], [ 106.880221682719295, -6.334191145358055, 0.0 ], [ 106.880229660370645, -6.334188390460237, 0.0 ], [ 106.880234418690591, -6.334187016099694, 0.0 ], [ 106.880238866840727, -6.334184835463957, 0.0 ], [ 106.880254434174802, -6.334179245700706, 0.0 ], [ 106.880290926123067, -6.334166143539508, 0.0 ], [ 106.880312061019808, -6.334158555335526, 0.0 ], [ 106.880327174193994, -6.334155071155569, 0.0 ], [ 106.880342306593732, -6.334151655620341, 0.0 ], [ 106.880355040999007, -6.33414884189228, 0.0 ], [ 106.880357454604109, -6.334148308742926, 0.0 ], [ 106.880372617328277, -6.334145032335003, 0.0 ], [ 106.880380206045544, -6.334143428913694, 0.0 ], [ 106.880379554119713, -6.334123855690876, 0.0 ], [ 106.880386808968439, -6.333974363824438, 0.0 ], [ 106.880405801795163, -6.333936976522314, 0.0 ], [ 106.880504624855391, -6.333759594565177, 0.0 ], [ 106.880591145950973, -6.333618618174971, 0.0 ], [ 106.880618645714591, -6.333553450110032, 0.0 ], [ 106.88066523783246, -6.333478644315362, 0.0 ], [ 106.880734364775108, -6.33328797330785, 0.0 ], [ 106.880792991999684, -6.333103082564221, 0.0 ], [ 106.880752290576439, -6.332955869365486, 0.0 ], [ 106.880725355473487, -6.332912907206796, 0.0 ], [ 106.880668727896975, -6.332857613457579, 0.0 ], [ 106.880655224880854, -6.332826084318491, 0.0 ], [ 106.880674202909589, -6.33278486984257, 0.0 ], [ 106.880737719728558, -6.332629624490987, 0.0 ], [ 106.880816146837375, -6.332366196036815, 0.0 ], [ 106.880796640072177, -6.33232799890829, 0.0 ], [ 106.880786699216117, -6.332256986535555, 0.0 ], [ 106.880776758365599, -6.332185974161641, 0.0 ], [ 106.88076258181411, -6.332133635917234, 0.0 ], [ 106.880748405266957, -6.332081297671482, 0.0 ], [ 106.880747558248061, -6.332012567850855, 0.0 ], [ 106.880765849192088, -6.331946312940464, 0.0 ], [ 106.880780757795492, -6.33190355809215, 0.0 ], [ 106.880795665493778, -6.331860803247393, 0.0 ], [ 106.880744367211989, -6.331801314833811, 0.0 ], [ 106.880693068945803, -6.331741827315714, 0.0 ], [ 106.880640511308073, -6.331671447629236, 0.0 ], [ 106.880587954586289, -6.331601067025601, 0.0 ], [ 106.88053539697961, -6.331530687319684, 0.0 ], [ 106.880482839388449, -6.331460307604043, 0.0 ], [ 106.880453938883093, -6.331402600532913, 0.0 ], [ 106.880425038385738, -6.331344893458132, 0.0 ], [ 106.880396137896085, -6.331287186379721, 0.0 ], [ 106.880356343819898, -6.331258503755254, 0.0 ], [ 106.880316549750859, -6.331229822030534, 0.0 ], [ 106.880283660545985, -6.331204105290348, 0.0 ], [ 106.880240982911417, -6.331138474465567, 0.0 ], [ 106.880214335874385, -6.331093159519644, 0.0 ] ] ] } },
{ "type": "Feature", "properties": { "OBJECTID": 1083, "toponimi": "Sal. Phb H. Baping", "kewenangan": "Pemprov DKI", "jenis": "Saluran Drainase Tersier", "panjang": "2821", "lebar": "2.5 - 3", "kedalaman": "2", "kota": "Jakarta Timur", "kecamatan": "Ciracas", "lebar_min": 2.5, "lebar_max": 3.0, "kedalaman_": 2.0, "kedalaman1": 2.0, "Shape_Leng": 0.28523877493 }, "geometry": { "type": "MultiLineString", "coordinates": [ [ [ 106.875132082068461, -6.312361425274442, 0.0 ], [ 106.874781630406972, -6.311817409650094, 0.0 ], [ 106.874466715277819, -6.311342490681153, 0.0 ], [ 106.873956042391924, -6.310949611919608, 0.0 ], [ 106.873402308275971, -6.310533152579278, 0.0 ] ] ] } },
{ "type": "Feature", "properties": { "OBJECTID": 1084, "toponimi": "Sal. Phb H. Baping", "kewenangan": "Pemprov DKI", "jenis": "Saluran Drainase Tersier", "panjang": "2821", "lebar": "2.5 - 3", "kedalaman": "2", "kota": "Jakarta Timur", "kecamatan": "Ciracas", "lebar_min": 2.5, "lebar_max": 3.0, "kedalaman_": 2.0, "kedalaman1": 2.0, "Shape_Leng": 0.64152058402000001 }, "geometry": { "type": "MultiLineString", "coordinates": [ [ [ 106.872015051429543, -6.311958278875512, 0.0 ], [ 106.872162394818332, -6.311842921498788, 0.0 ], [ 106.872413916997417, -6.31157647991637, 0.0 ], [ 106.872896979615874, -6.311072375133042, 0.0 ], [ 106.873402308275971, -6.310533152579278, 0.0 ], [ 106.87376388014016, -6.310148299307489, 0.0 ], [ 106.874004511276297, -6.309879688674519, 0.0 ], [ 106.874361144676897, -6.309492796980756, 0.0 ], [ 106.874659796787597, -6.30917159754197, 0.0 ], [ 106.874910464952762, -6.308857828322255, 0.0 ], [ 106.875040954749579, -6.308720579463328, 0.0 ], [ 106.875121390334982, -6.308748996565026, 0.0 ], [ 106.875560134974563, -6.308864955102481, 0.0 ], [ 106.875856897917501, -6.308953924942548, 0.0 ], [ 106.876100479959263, -6.30905694486237, 0.0 ], [ 106.876278287415388, -6.309146222577233, 0.0 ] ] ] } },
{ "type": "Feature", "properties": { "OBJECTID": 1085, "toponimi": "Sal. Phb H. Yusin", "kewenangan": "Pemprov DKI", "jenis": "Saluran Drainase Tersier", "panjang": "2311", "lebar": "2 - 3", "kedalaman": "2", "kota": "Jakarta Timur", "kecamatan": "Ciracas", "lebar_min": 2.0, "lebar_max": 3.0, "kedalaman_": 2.0, "kedalaman1": 2.0, "Shape_Leng": 1.00491476359 }, "geometry": { "type": "MultiLineString", "coordinates": [ [ [ 106.86773375291574, -6.305834903136541, 0.0 ], [ 106.86794050747973, -6.30588583428154, 0.0 ], [ 106.868122362752203, -6.305927285972925, 0.0 ], [ 106.868304561378636, -6.305953585531204, 0.0 ], [ 106.8683703400133, -6.30596172213831, 0.0 ], [ 106.868613237319934, -6.306024245700972, 0.0 ], [ 106.868854854371421, -6.30606285084481, 0.0 ], [ 106.868975695033981, -6.306091124221635, 0.0 ], [ 106.869062926515383, -6.306081242769225, 0.0 ], [ 106.86925523527448, -6.306037492940298, 0.0 ], [ 106.869336490155248, -6.306027632882953, 0.0 ], [ 106.869377138565653, -6.306028682362501, 0.0 ], [ 106.869410632054453, -6.306034543163549, 0.0 ], [ 106.86947534713903, -6.306079763481231, 0.0 ], [ 106.869552064333192, -6.306138097902708, 0.0 ], [ 106.869606046600595, -6.306190532927761, 0.0 ], [ 106.869623095534479, -6.306277789014477, 0.0 ], [ 106.869635354821952, -6.306362669001132, 0.0 ], [ 106.86964036308315, -6.306426045414106, 0.0 ], [ 106.869703244130264, -6.306466551703073, 0.0 ], [ 106.869721598288947, -6.306455315094226, 0.0 ], [ 106.869740721412356, -6.306453651563519, 0.0 ], [ 106.869767695839954, -6.306441540453678, 0.0 ], [ 106.8697961756626, -6.306430924827867, 0.0 ], [ 106.869847907664123, -6.306416472648685, 0.0 ], [ 106.869902716856998, -6.306423033588527, 0.0 ], [ 106.869926735151324, -6.306433520516576, 0.0 ], [ 106.869939610986776, -6.306456691942768, 0.0 ], [ 106.869942029690051, -6.306503239676823, 0.0 ], [ 106.869940628355991, -6.306531029187849, 0.0 ], [ 106.869940990397126, -6.306575815787408, 0.0 ], [ 106.86994312151846, -6.306598601722956, 0.0 ], [ 106.869967204454397, -6.306617288136946, 0.0 ], [ 106.87013258846909, -6.306694788640099, 0.0 ], [ 106.870200973282536, -6.306720074553861, 0.0 ], [ 106.870230249782892, -6.306722222617589, 0.0 ], [ 106.870277484402465, -6.306709287418315, 0.0 ], [ 106.870305934608965, -6.306690412475209, 0.0 ], [ 106.870324263791588, -6.306675237466495, 0.0 ], [ 106.870377754503806, -6.30662707860194, 0.0 ], [ 106.870429458661832, -6.306605116608889, 0.0 ], [ 106.870475969271212, -6.306599692945617, 0.0 ], [ 106.870553932815696, -6.306575384452008, 0.0 ], [ 106.870618473316398, -6.306575152774214, 0.0 ], [ 106.870694330407844, -6.306591400153429, 0.0 ], [ 106.870744631456432, -6.306596475389716, 0.0 ], [ 106.87078364283839, -6.306592581316041, 0.0 ], [ 106.870835430440508, -6.306593897183862, 0.0 ], [ 106.870857961310975, -6.30659832166398, 0.0 ], [ 106.870933021713711, -6.306601807104482, 0.0 ], [ 106.870973539393773, -6.306599408494304, 0.0 ], [ 106.871006555164215, -6.306597788163573, 0.0 ], [ 106.871036562803255, -6.306594676841756, 0.0 ], [ 106.871061306899193, -6.306588580838312, 0.0 ], [ 106.8711242477181, -6.306560571281129, 0.0 ], [ 106.871163170206287, -6.306531896615546, 0.0 ], [ 106.871187085279757, -6.306504027183279, 0.0 ], [ 106.871205699104721, -6.306462660680403, 0.0 ], [ 106.871224275219262, -6.306410780882178, 0.0 ], [ 106.871256203401231, -6.306315301243607, 0.0 ], [ 106.871275600444605, -6.306282941762047, 0.0 ], [ 106.871297320232159, -6.30627084945407, 0.0 ], [ 106.871327339522992, -6.30627074165868, 0.0 ], [ 106.871373121612962, -6.306271328604488, 0.0 ], [ 106.871393345860909, -6.306260742549039, 0.0 ], [ 106.87141353869383, -6.306241146773634, 0.0 ], [ 106.871429201830438, -6.306214057413396, 0.0 ], [ 106.871442573639087, -6.306175713313279, 0.0 ], [ 106.871452199872721, -6.306139634895914, 0.0 ], [ 106.871452067893713, -6.306102841078351, 0.0 ], [ 106.871448966398845, -6.306075068660593, 0.0 ], [ 106.871447209604838, -6.306003738617988, 0.0 ], [ 106.871459911301201, -6.305987923765918, 0.0 ], [ 106.87149290547562, -6.305980296336146, 0.0 ], [ 106.871523690914515, -6.305984691150941, 0.0 ], [ 106.871550005920341, -6.305998112753529, 0.0 ], [ 106.871586870456241, -6.30602351168667, 0.0 ], [ 106.871625249380344, -6.306052659198296, 0.0 ], [ 106.871668865812595, -6.306077282528139, 0.0 ], [ 106.871692184375917, -6.306092216671823, 0.0 ], [ 106.871741764082046, -6.306105555610069, 0.0 ], [ 106.871786085635307, -6.306117410735346, 0.0 ], [ 106.871887520221122, -6.306150837107648, 0.0 ], [ 106.87190198779652, -6.306132053013504, 0.0 ], [ 106.872220808188018, -6.305502454811849, 0.0 ], [ 106.87226244384108, -6.305445490437242, 0.0 ], [ 106.872706996467926, -6.305237563323653, 0.0 ], [ 106.872908986056586, -6.305126675365714, 0.0 ], [ 106.872938904005565, -6.305069154526457, 0.0 ], [ 106.872962992129828, -6.304985818635541, 0.0 ], [ 106.872982936005187, -6.30494699251844, 0.0 ], [ 106.873199981055805, -6.304760899517912, 0.0 ], [ 106.873231973658434, -6.304756735777077, 0.0 ], [ 106.873273713195204, -6.304743610364282, 0.0 ], [ 106.87330728416643, -6.304729553197309, 0.0 ], [ 106.873356184309458, -6.304703906736251, 0.0 ], [ 106.873392604137408, -6.304680707444193, 0.0 ], [ 106.873430957135412, -6.304660865532611, 0.0 ], [ 106.873522097304146, -6.304627858484413, 0.0 ], [ 106.873732251640988, -6.304566550599592, 0.0 ], [ 106.873754344319849, -6.30456599017959, 0.0 ], [ 106.873792792196653, -6.304572580632073, 0.0 ], [ 106.873830758521166, -6.304578690902355, 0.0 ], [ 106.873865322791588, -6.304573761112032, 0.0 ], [ 106.873904665638321, -6.304562085482766, 0.0 ], [ 106.873941107036103, -6.304544653635199, 0.0 ], [ 106.87398423166961, -6.304516144568603, 0.0 ], [ 106.874018241902462, -6.304490551589891, 0.0 ], [ 106.874050251650274, -6.30444285851689, 0.0 ], [ 106.87407750780207, -6.304409119950815, 0.0 ], [ 106.874106617741944, -6.304356632668281, 0.0 ], [ 106.874124737879725, -6.304320042720161, 0.0 ], [ 106.874152440232947, -6.304276691472873, 0.0 ], [ 106.874170172011631, -6.304265573629228, 0.0 ], [ 106.874196483134213, -6.304236163895593, 0.0 ], [ 106.874224717071826, -6.304207227350106, 0.0 ], [ 106.87425765627043, -6.304150880964648, 0.0 ], [ 106.8742834435118, -6.30410945881654, 0.0 ], [ 106.874324730914907, -6.30406205245139, 0.0 ], [ 106.874358442920268, -6.304057599476526, 0.0 ], [ 106.874440593633139, -6.304046749095273, 0.0 ], [ 106.874522745239233, -6.304035897794607, 0.0 ], [ 106.874604895934482, -6.304025046485227, 0.0 ], [ 106.874687046625738, -6.304014196068134, 0.0 ], [ 106.874769197306648, -6.304003344734861, 0.0 ] ] ] } },
{ "type": "Feature", "properties": { "OBJECTID": 274, "toponimi": "Sal. Phb Penganten Ali", "kewenangan": "Pemprov DKI", "jenis": "Saluran Drainase Tersier", "panjang": "184", "lebar": "2.5 - 3", "kedalaman": "1.5-2", "kota": "Jakarta Timur", "kecamatan": "Ciracas", "lebar_min": 2.5, "lebar_max": 3.0, "kedalaman_": 1.5, "kedalaman1": 2.0, "Shape_Leng": 0.49499543399000001 }, "geometry": { "type": "MultiLineString", "coordinates": [ [ [ 106.883916045995718, -6.323866172447691, 0.0 ], [ 106.883723002444114, -6.323859148118134, 0.0 ], [ 106.88358698564663, -6.323855481156961, 0.0 ], [ 106.8834806636237, -6.323851707446141, 0.0 ], [ 106.883422435641691, -6.323844787509126, 0.0 ], [ 106.883364765693756, -6.323827764478148, 0.0 ], [ 106.883313051728663, -6.323815472926407, 0.0 ], [ 106.883284528036484, -6.323810822315822, 0.0 ], [ 106.883225142777334, -6.323812226455404, 0.0 ], [ 106.883069210479334, -6.323885285520871, 0.0 ], [ 106.883027055192173, -6.323888409271937, 0.0 ], [ 106.882967048258976, -6.323882090653798, 0.0 ], [ 106.882924227399599, -6.323865607790675, 0.0 ], [ 106.882906344399373, -6.323847251606164, 0.0 ], [ 106.882879468462775, -6.323805753954486, 0.0 ], [ 106.882846694612965, -6.323775567681174, 0.0 ], [ 106.882811575181123, -6.323753708907194, 0.0 ], [ 106.882790726196419, -6.323736551503272, 0.0 ], [ 106.882788251587783, -6.323709226464869, 0.0 ], [ 106.882786195250773, -6.323633173921738, 0.0 ], [ 106.882796586510395, -6.323550540246543, 0.0 ], [ 106.882820828897906, -6.323356737414981, 0.0 ], [ 106.882827118382551, -6.323289567664841, 0.0 ], [ 106.88283330126184, -6.323192688214347, 0.0 ], [ 106.882836720275307, -6.32315286286611, 0.0 ], [ 106.882844606838859, -6.323034585258823, 0.0 ], [ 106.882828289948066, -6.322956801406422, 0.0 ], [ 106.88281809244539, -6.32292891032118, 0.0 ], [ 106.882813200063353, -6.322889709100357, 0.0 ], [ 106.882802015402532, -6.322753079595084, 0.0 ], [ 106.882773232862462, -6.322677123855351, 0.0 ], [ 106.88275417237719, -6.322661743829314, 0.0 ], [ 106.88272971092178, -6.322630932490899, 0.0 ], [ 106.882712963776015, -6.322598311146621, 0.0 ], [ 106.882677861641156, -6.322581206251251, 0.0 ], [ 106.882589318328968, -6.322566670987861, 0.0 ], [ 106.882463924189622, -6.322533998269193, 0.0 ], [ 106.882390535271497, -6.322511980563067, 0.0 ], [ 106.882332016774427, -6.322496407967063, 0.0 ], [ 106.882294907769804, -6.322499328004549, 0.0 ], [ 106.882227187878186, -6.322505144542355, 0.0 ], [ 106.882157617702774, -6.322512823974493, 0.0 ], [ 106.882092684388994, -6.322519558055432, 0.0 ], [ 106.882042574478831, -6.322519739487269, 0.0 ], [ 106.881998959978631, -6.322519897397481, 0.0 ], [ 106.881940508638479, -6.322522894681185, 0.0 ], [ 106.881867264103178, -6.322540800566208, 0.0 ], [ 106.881822725813294, -6.322541890360288, 0.0 ], [ 106.881749369565313, -6.322529157071609, 0.0 ], [ 106.881642520018431, -6.322492405325339, 0.0 ], [ 106.88154590828691, -6.322463972576655, 0.0 ], [ 106.881453970355963, -6.322444807525986, 0.0 ], [ 106.881155766924664, -6.322354897511175, 0.0 ], [ 106.880959672131098, -6.322273901568519, 0.0 ], [ 106.880889047255678, -6.322246303197534, 0.0 ], [ 106.880866769268039, -6.322244526695907, 0.0 ], [ 106.880809507700008, -6.322319939543685, 0.0 ], [ 106.880789343940847, -6.322369577589197, 0.0 ] ] ] } },
{ "type": "Feature", "properties": { "OBJECTID": 266, "toponimi": "Sal. Phb Caglak Kiri", "kewenangan": "Pemprov DKI", "jenis": "Saluran Drainase Tersier", "panjang": "1397", "lebar": "4 - 5", "kedalaman": "2.5-3", "kota": "Jakarta Timur", "kecamatan": "Ciracas", "lebar_min": 4.0, "lebar_max": 5.0, "kedalaman_": 2.5, "kedalaman1": 3.0, "Shape_Leng": 1.3848836922500001 }, "geometry": { "type": "MultiLineString", "coordinates": [ [ [ 106.87836278923227, -6.351067753574673, 0.0 ], [ 106.878358375397042, -6.351064606451474, 0.0 ], [ 106.878349587289577, -6.351058256908515, 0.0 ], [ 106.878340838748457, -6.351051852973121, 0.0 ], [ 106.878332129773469, -6.351045394645364, 0.0 ], [ 106.878323461271663, -6.351038882826027, 0.0 ], [ 106.878314834143481, -6.351032316607718, 0.0 ], [ 106.87830624748527, -6.351025695993887, 0.0 ], [ 106.878297702207135, -6.351019022789246, 0.0 ], [ 106.87828919830919, -6.351012296994034, 0.0 ], [ 106.878280737595617, -6.351005517697356, 0.0 ], [ 106.878272318262077, -6.350998685810078, 0.0 ], [ 106.878263941212424, -6.350991801328766, 0.0 ], [ 106.878255608257462, -6.350984865151059, 0.0 ], [ 106.878247318493251, -6.350977877280394, 0.0 ], [ 106.878239071919978, -6.350970837716514, 0.0 ], [ 106.878230869444437, -6.350963747360395, 0.0 ], [ 106.8782227110636, -6.350956605307956, 0.0 ], [ 106.878214597687432, -6.350949413364076, 0.0 ], [ 106.878206528409265, -6.350942170628047, 0.0 ], [ 106.878198505039464, -6.350934877997218, 0.0 ], [ 106.878190527574972, -6.350927534567714, 0.0 ], [ 106.878182595121785, -6.350920143055022, 0.0 ], [ 106.878174709477619, -6.350912700740345, 0.0 ], [ 106.878166768180492, -6.350905113060386, 0.0 ], [ 106.878164487061284, -6.350903076167514, 0.0 ], [ 106.878140095406607, -6.350882741002277, 0.0 ], [ 106.878116310955505, -6.350862879210969, 0.0 ], [ 106.878094828773925, -6.350843659141938, 0.0 ], [ 106.878072689600444, -6.350823941464687, 0.0 ], [ 106.8780505045235, -6.350804274584512, 0.0 ], [ 106.87802827535053, -6.350784658494969, 0.0 ], [ 106.878006002078124, -6.350765092291859, 0.0 ], [ 106.877983683809362, -6.35074557778666, 0.0 ], [ 106.877961320541004, -6.350726114075288, 0.0 ], [ 106.87793891408019, -6.350706701151199, 0.0 ], [ 106.877916462619623, -6.350687339020963, 0.0 ], [ 106.877893967066427, -6.350668028585372, 0.0 ], [ 106.87787142832083, -6.350648768937029, 0.0 ], [ 106.877848845485673, -6.350629561887523, 0.0 ], [ 106.877826219455045, -6.350610404721058, 0.0 ], [ 106.877803549334629, -6.350591300153416, 0.0 ], [ 106.877780835121641, -6.350572247280362, 0.0 ], [ 106.877758080437133, -6.350553247897068, 0.0 ], [ 106.877735278935461, -6.35053429660182, 0.0 ], [ 106.877712435158415, -6.350515399706943, 0.0 ], [ 106.877689549095962, -6.350496554500227, 0.0 ], [ 106.87766662075127, -6.350477761885664, 0.0 ], [ 106.877643648313708, -6.350459020965659, 0.0 ], [ 106.877620634497802, -6.350440332634634, 0.0 ], [ 106.877598221015177, -6.350422217159238, 0.0 ], [ 106.877562480925633, -6.350391243382327, 0.0 ], [ 106.877526213852178, -6.350359736260425, 0.0 ], [ 106.877489986385228, -6.350328184688161, 0.0 ], [ 106.877453796717049, -6.35029658867176, 0.0 ], [ 106.877417645751748, -6.350264948208204, 0.0 ], [ 106.877381533492326, -6.350233264201393, 0.0 ], [ 106.87734543998539, -6.350201516832742, 0.0 ], [ 106.877344420161279, -6.35020064712933, 0.0 ], [ 106.877319030623852, -6.350179744106678, 0.0 ], [ 106.877293663176886, -6.350158951307471, 0.0 ], [ 106.87726824983956, -6.350138212921548, 0.0 ], [ 106.877242792423004, -6.350117529846344, 0.0 ], [ 106.877217290923696, -6.350096901177692, 0.0 ], [ 106.877191745345016, -6.350076327819849, 0.0 ], [ 106.877166154783453, -6.350055809776035, 0.0 ], [ 106.877140520138695, -6.350035346138843, 0.0 ], [ 106.877114842318505, -6.350014937809131, 0.0 ], [ 106.877089119518345, -6.349994585697511, 0.0 ], [ 106.877063353542582, -6.349974288893347, 0.0 ], [ 106.877037544387619, -6.349954046492501, 0.0 ], [ 106.877011691159794, -6.34993386121067, 0.0 ], [ 106.876985794756209, -6.349913731236192, 0.0 ], [ 106.876959854273281, -6.349893656572474, 0.0 ], [ 106.876933871521288, -6.349873638117003, 0.0 ], [ 106.876907845596804, -6.34985367587305, 0.0 ], [ 106.876881776499914, -6.349833769840661, 0.0 ], [ 106.876855665134102, -6.349813920016571, 0.0 ], [ 106.87682953777886, -6.349794146196577, 0.0 ], [ 106.876818726939106, -6.349785975771301, 0.0 ], [ 106.876807792273439, -6.349777800369872, 0.0 ], [ 106.876796816244521, -6.349769682079107, 0.0 ], [ 106.876785798848957, -6.349761619994887, 0.0 ], [ 106.87677473918616, -6.349753615024659, 0.0 ], [ 106.876763639060499, -6.349745666257711, 0.0 ], [ 106.876752498478297, -6.349737775502274, 0.0 ], [ 106.876739600997354, -6.349727864026388, 0.0 ], [ 106.876728540684837, -6.349715936881669, 0.0 ], [ 106.876719627816485, -6.349702327476693, 0.0 ], [ 106.876713112304301, -6.349687420070554, 0.0 ], [ 106.876709412763631, -6.349673016008178, 0.0 ], [ 106.876709303003082, -6.349671904309392, 0.0 ], [ 106.876708619980676, -6.349664968387013, 0.0 ], [ 106.876707955696929, -6.349658215937767, 0.0 ], [ 106.876708776701889, -6.349643366921496, 0.0 ], [ 106.876709011266058, -6.349642258495069, 0.0 ], [ 106.876710102355048, -6.349637105440734, 0.0 ], [ 106.876711856257529, -6.349628818029653, 0.0 ], [ 106.876714880267997, -6.34961864449059, 0.0 ], [ 106.876727333422551, -6.3495767438163, 0.0 ], [ 106.876727856966198, -6.349574829654255, 0.0 ], [ 106.876734826617266, -6.349546955855144, 0.0 ], [ 106.876760806905651, -6.349443049691208, 0.0 ], [ 106.876778774412912, -6.349371190115449, 0.0 ], [ 106.876786299040859, -6.349341099152993, 0.0 ], [ 106.876801227132106, -6.349281397767981, 0.0 ], [ 106.876801662745166, -6.349279658424459, 0.0 ], [ 106.876808262710256, -6.349253263337332, 0.0 ], [ 106.876813907726486, -6.349230685390873, 0.0 ], [ 106.876835099925643, -6.349145926462001, 0.0 ], [ 106.876852667460625, -6.349075668673279, 0.0 ], [ 106.876876356577839, -6.34898092437249, 0.0 ], [ 106.876883006438987, -6.348954333810591, 0.0 ], [ 106.876933377882466, -6.348752410523496, 0.0 ], [ 106.876938285153372, -6.348732739362283, 0.0 ], [ 106.876945881662294, -6.348702286484145, 0.0 ], [ 106.876952867507157, -6.348674145907058, 0.0 ], [ 106.876971104824136, -6.348600685930056, 0.0 ], [ 106.876982859534579, -6.348553335807506, 0.0 ], [ 106.876991991090335, -6.348516549263702, 0.0 ], [ 106.876992665385231, -6.348513341629951, 0.0 ], [ 106.876993168027127, -6.34850939954982, 0.0 ], [ 106.877001063997497, -6.348414417762771, 0.0 ], [ 106.877032755575755, -6.3483603896875, 0.0 ], [ 106.877073091474969, -6.348208661067555, 0.0 ], [ 106.877101043613521, -6.34810351452029, 0.0 ], [ 106.877670899871973, -6.345959926935688, 0.0 ], [ 106.877687416983321, -6.345909320017896, 0.0 ], [ 106.877690692553472, -6.345902487285416, 0.0 ], [ 106.877692716150506, -6.345896307362673, 0.0 ], [ 106.87769473884714, -6.345890128347324, 0.0 ], [ 106.877714889658918, -6.345811803496965, 0.0 ], [ 106.877905774059172, -6.345045614047767, 0.0 ], [ 106.878167756881169, -6.34399403272147, 0.0 ], [ 106.878193744483411, -6.343889722451948, 0.0 ], [ 106.878376786089902, -6.343155005002366, 0.0 ], [ 106.87839052142867, -6.343099875718587, 0.0 ], [ 106.878395930049891, -6.343078166623642, 0.0 ], [ 106.878477385314071, -6.342751209882, 0.0 ], [ 106.878536230839245, -6.342572684186674, 0.0 ], [ 106.878552443034707, -6.342523500613802, 0.0 ], [ 106.87867569925136, -6.342149564988789, 0.0 ], [ 106.878708438237226, -6.342050239220671, 0.0 ], [ 106.878723192502818, -6.342005477674435, 0.0 ], [ 106.879011642488592, -6.340902361411636, 0.0 ], [ 106.879025804211452, -6.340848203455751, 0.0 ], [ 106.879154556542588, -6.34035581704145, 0.0 ], [ 106.879170262055027, -6.340295753057544, 0.0 ], [ 106.879194207165213, -6.340204177858743, 0.0 ], [ 106.879210896729788, -6.340140353595585, 0.0 ], [ 106.879264409551695, -6.339935704006149, 0.0 ], [ 106.879265518380777, -6.339929965009345, 0.0 ], [ 106.879267284796299, -6.339924392703476, 0.0 ], [ 106.879272712810874, -6.339915035040555, 0.0 ], [ 106.87927914631463, -6.339906338277647, 0.0 ], [ 106.879288320025736, -6.339896703930784, 0.0 ], [ 106.879298721291704, -6.33988841230639, 0.0 ], [ 106.87929402047638, -6.339815597036766, 0.0 ] ] ] } },
{ "type": "Feature", "properties": { "OBJECTID": 272, "toponimi": "Sal. Phb Semeru (Kec. Ciracas)", "kewenangan": "Pemprov DKI", "jenis": "Saluran Drainase Tersier", "panjang": "826", "lebar": "2.5 - 3", "kedalaman": "2-2.5", "kota": "Jakarta Timur", "kecamatan": "Ciracas", "lebar_min": 2.5, "lebar_max": 3.0, "kedalaman_": 2.0, "kedalaman1": 2.5, "Shape_Leng": 0.94387595577000005 }, "geometry": { "type": "MultiLineString", "coordinates": [ [ [ 106.88612359728215, -6.351951943527699, 0.0 ], [ 106.886403796834145, -6.350916827909908, 0.0 ], [ 106.886529331064267, -6.350694864478811, 0.0 ], [ 106.886604573499426, -6.350540499662091, 0.0 ], [ 106.88711102499974, -6.35074020199957, 0.0 ], [ 106.887136924087017, -6.350680610737641, 0.0 ], [ 106.88731228285404, -6.350263444730357, 0.0 ], [ 106.887485213864309, -6.349840267841037, 0.0 ], [ 106.887612683790934, -6.349489487441572, 0.0 ], [ 106.887623451317907, -6.349472595041624, 0.0 ], [ 106.887629349676729, -6.349440069766169, 0.0 ], [ 106.887660392420969, -6.349373745625276, 0.0 ], [ 106.88768666157543, -6.349318273179347, 0.0 ], [ 106.88770214128057, -6.349273675270133, 0.0 ], [ 106.887730826629706, -6.349220601733434, 0.0 ], [ 106.887751176396506, -6.349191635791477, 0.0 ], [ 106.887783452627801, -6.349133733720308, 0.0 ], [ 106.887810877234415, -6.349065015055374, 0.0 ], [ 106.887827490467444, -6.349001151256439, 0.0 ], [ 106.887839325735314, -6.348946935760522, 0.0 ], [ 106.887840322417148, -6.348890352070431, 0.0 ], [ 106.887846132149633, -6.348833750828626, 0.0 ], [ 106.887859228140897, -6.34879517955761, 0.0 ], [ 106.887874685900016, -6.34874456288441, 0.0 ], [ 106.887885370076887, -6.348704797001244, 0.0 ], [ 106.887912820977306, -6.348643301403261, 0.0 ], [ 106.887941549240281, -6.348602266311416, 0.0 ], [ 106.887991909891284, -6.348553929172406, 0.0 ], [ 106.888067608746596, -6.348524761380506, 0.0 ], [ 106.888130088806108, -6.348500456324005, 0.0 ], [ 106.88818063803663, -6.348503883997834, 0.0 ], [ 106.888267292969203, -6.348509586794537, 0.0 ], [ 106.888353943514261, -6.348514086184721, 0.0 ], [ 106.888494783321235, -6.348530426488113, 0.0 ], [ 106.888665682260978, -6.348540637344495, 0.0 ], [ 106.888789677307173, -6.348557038109417, 0.0 ], [ 106.888956987940773, -6.348573281703929, 0.0 ], [ 106.888942817387246, -6.348646767455476, 0.0 ], [ 106.888999530215017, -6.348651038718114, 0.0 ], [ 106.889058046454622, -6.348648514225734, 0.0 ], [ 106.889138117169594, -6.348643599194392, 0.0 ], [ 106.889217375805671, -6.348627130430773, 0.0 ], [ 106.889295144203331, -6.348624534753166, 0.0 ], [ 106.889314427275224, -6.34863293976527, 0.0 ], [ 106.889356833799198, -6.348647423892282, 0.0 ], [ 106.889437674439876, -6.348642506005574, 0.0 ], [ 106.889507717220852, -6.348633004662916, 0.0 ], [ 106.889570860517097, -6.348632003875828, 0.0 ], [ 106.889645546320438, -6.348628649072039, 0.0 ], [ 106.889797778535026, -6.348561834616454, 0.0 ], [ 106.889858515551623, -6.348534647018126, 0.0 ], [ 106.889920750297563, -6.348495897267902, 0.0 ], [ 106.890000731027229, -6.348466328433823, 0.0 ], [ 106.890073778552974, -6.3484360136727, 0.0 ], [ 106.89013368096083, -6.348391108918305, 0.0 ], [ 106.890172833473201, -6.348357836593575, 0.0 ], [ 106.890215845020279, -6.348326861151957, 0.0 ], [ 106.890351267700865, -6.348296319533063, 0.0 ], [ 106.890330678057708, -6.348127664698833, 0.0 ], [ 106.890292930522406, -6.348005011693504, 0.0 ], [ 106.890283111262804, -6.347952079590311, 0.0 ], [ 106.89029626761932, -6.347930362110428, 0.0 ], [ 106.890554770487583, -6.347847760878156, 0.0 ] ] ] } },
{ "type": "Feature", "properties": { "OBJECTID": 1200, "toponimi": "Sal. Phb Manunggal 2", "kewenangan": "Pemprov DKI", "jenis": "Saluran Drainase Tersier", "panjang": "1156", "lebar": "1.5", "kedalaman": "1 - 1.5", "kota": "Jakarta Timur", "kecamatan": "Cipayung", "lebar_min": 1.5, "lebar_max": 1.5, "kedalaman_": 1.0, "kedalaman1": 1.5, "Shape_Leng": 0.57087589540999994 }, "geometry": { "type": "MultiLineString", "coordinates": [ [ [ 106.885282303008168, -6.31053274250013, 0.0 ], [ 106.884537122065069, -6.310732238682354, 0.0 ], [ 106.884589228288945, -6.310835931386945, 0.0 ], [ 106.884600112276786, -6.310857591379675, 0.0 ], [ 106.884209027377281, -6.310972631778854, 0.0 ], [ 106.88380989747192, -6.311043751633807, 0.0 ], [ 106.883684462615562, -6.311068503281893, 0.0 ], [ 106.883616865047173, -6.311061986631362, 0.0 ], [ 106.883552526597597, -6.311041380701192, 0.0 ], [ 106.88354125773445, -6.311033488524505, 0.0 ], [ 106.883215738508667, -6.310822607565741, 0.0 ], [ 106.883179640999245, -6.310790613048024, 0.0 ], [ 106.883100104384553, -6.310686218237701, 0.0 ], [ 106.882997301887173, -6.310526036996113, 0.0 ], [ 106.882886535005198, -6.310541312425732, 0.0 ] ] ] } },
{ "type": "Feature", "properties": { "OBJECTID": 1087, "toponimi": "Sal. Phb H. Yusin", "kewenangan": "Pemprov DKI", "jenis": "Saluran Drainase Tersier", "panjang": "2311", "lebar": "2 - 3", "kedalaman": "2", "kota": "Jakarta Timur", "kecamatan": "Ciracas", "lebar_min": 2.0, "lebar_max": 3.0, "kedalaman_": 2.0, "kedalaman1": 2.0, "Shape_Leng": 0.56968617918999997 }, "geometry": { "type": "MultiLineString", "coordinates": [ [ [ 106.869123706370047, -6.30989854823674, 0.0 ], [ 106.86914366094841, -6.309862593673099, 0.0 ], [ 106.869154874659472, -6.309789350833393, 0.0 ], [ 106.869128893900339, -6.309744948195802, 0.0 ], [ 106.869071384704966, -6.309709271617491, 0.0 ], [ 106.86895360533569, -6.309668069048841, 0.0 ], [ 106.868921968856682, -6.30964665297383, 0.0 ], [ 106.868927382816139, -6.30955620690469, 0.0 ], [ 106.868928528796886, -6.309475823956214, 0.0 ], [ 106.868899730491663, -6.309445784770027, 0.0 ], [ 106.868817952468149, -6.309443207511489, 0.0 ], [ 106.868766207095632, -6.309414686433986, 0.0 ], [ 106.868765985915672, -6.309352968209918, 0.0 ], [ 106.868779688087926, -6.30917350153601, 0.0 ], [ 106.86881609043435, -6.308923621484905, 0.0 ], [ 106.868788737427721, -6.30889644867326, 0.0 ], [ 106.868734174523809, -6.308882290144878, 0.0 ], [ 106.868672448897257, -6.308871028881901, 0.0 ], [ 106.868630853635835, -6.308872613881849, 0.0 ], [ 106.868560443791864, -6.308839853253721, 0.0 ], [ 106.868502986160692, -6.308818529753508, 0.0 ], [ 106.868403927220257, -6.308797354554469, 0.0 ], [ 106.868385211260687, -6.308778762755896, 0.0 ], [ 106.868387977441216, -6.308750046097808, 0.0 ], [ 106.868403541554471, -6.308689706127897, 0.0 ], [ 106.868403392429911, -6.308648081442638, 0.0 ], [ 106.868397520686997, -6.308610783744578, 0.0 ], [ 106.868361544315093, -6.308579335364508, 0.0 ], [ 106.868318380413513, -6.30854360629534, 0.0 ], [ 106.868258467892687, -6.308521095370156, 0.0 ], [ 106.86787166073978, -6.308381579768491, 0.0 ], [ 106.867973841599252, -6.307314218519038, 0.0 ], [ 106.868001281986977, -6.306964854449869, 0.0 ], [ 106.868029964108558, -6.306628642213059, 0.0 ], [ 106.868078020805115, -6.306361736819471, 0.0 ], [ 106.868259438839289, -6.306372388322992, 0.0 ], [ 106.868274443989691, -6.306222819875573, 0.0 ], [ 106.868296283754717, -6.305978733378084, 0.0 ], [ 106.868304561378636, -6.305953585531204, 0.0 ] ] ] } },
{ "type": "Feature", "properties": { "OBJECTID": 214, "toponimi": "Sal. Phb Induk Kramat Jati", "kewenangan": "Pemprov DKI", "jenis": "Saluran Drainase Tersier", "panjang": "5649", "lebar": "2.5", "kedalaman": "2.5", "kota": "Jakarta Timur", "kecamatan": "Kramat Jati", "lebar_min": 2.5, "lebar_max": 2.5, "kedalaman_": 2.5, "kedalaman1": 2.5, "Shape_Leng": 5.76522284135 }, "geometry": { "type": "MultiLineString", "coordinates": [ [ [ 106.87122083391742, -6.296799459748838, 0.0 ], [ 106.871201116965878, -6.296799095593916, 0.0 ] ] ] } },
{ "type": "Feature", "properties": { "OBJECTID": 273, "toponimi": "Sal. Phb Inlet Rawa Dongkal", "kewenangan": "Pemprov DKI", "jenis": "Saluran Drainase Tersier", "panjang": "357", "lebar": "3-4", "kedalaman": "3-6", "kota": "Jakarta Timur", "kecamatan": "Ciracas", "lebar_min": 3.0, "lebar_max": 4.0, "kedalaman_": 3.0, "kedalaman1": 6.0, "Shape_Leng": 0.43957685215999998 }, "geometry": { "type": "MultiLineString", "coordinates": [ [ [ 106.886489459177383, -6.363460050266116, 0.0 ], [ 106.88645019425816, -6.36331522594238, 0.0 ], [ 106.886439371853115, -6.363101402395249, 0.0 ], [ 106.886457450989681, -6.362944886082329, 0.0 ], [ 106.886455142252785, -6.362705195687887, 0.0 ], [ 106.886426355068039, -6.362679465059015, 0.0 ], [ 106.886448670548191, -6.362504274574517, 0.0 ], [ 106.886502055997923, -6.362194049689716, 0.0 ], [ 106.886492814537846, -6.362020409311204, 0.0 ], [ 106.88646368423575, -6.361450718642262, 0.0 ], [ 106.886462466841181, -6.361304772550062, 0.0 ], [ 106.886478488867425, -6.360977460264566, 0.0 ], [ 106.886521710312934, -6.360764875158901, 0.0 ], [ 106.886733611745541, -6.360122990615104, 0.0 ], [ 106.886867581037222, -6.359617268152257, 0.0 ] ] ] } },
{ "type": "Feature", "properties": { "OBJECTID": 268, "toponimi": "Sal. Phb Kayu Putih", "kewenangan": "Pemprov DKI", "jenis": "Saluran Drainase Tersier", "panjang": "658", "lebar": "2", "kedalaman": "1-1.5", "kota": "Jakarta Timur", "kecamatan": "Ciracas", "lebar_min": 2.0, "lebar_max": 2.0, "kedalaman_": 1.0, "kedalaman1": 1.5, "Shape_Leng": 0.7149500801000001 }, "geometry": { "type": "MultiLineString", "coordinates": [ [ [ 106.885072248008655, -6.336683882001135, 0.0 ], [ 106.884716415050192, -6.336669387044322, 0.0 ], [ 106.884415028200578, -6.336636034382851, 0.0 ], [ 106.88428887928491, -6.336662328494211, 0.0 ], [ 106.884264392068104, -6.336635145871252, 0.0 ], [ 106.884242665524368, -6.33657781189287, 0.0 ], [ 106.884269843877249, -6.336556182866818, 0.0 ], [ 106.884368767541957, -6.336538599613039, 0.0 ], [ 106.884393056804953, -6.336511240692448, 0.0 ], [ 106.884384690595326, -6.336182581763182, 0.0 ], [ 106.884340234858342, -6.33618704877787, 0.0 ], [ 106.88411496450405, -6.336176384499858, 0.0 ], [ 106.883889772245098, -6.336187250134495, 0.0 ], [ 106.883535467263229, -6.336198583621976, 0.0 ], [ 106.88345646714869, -6.336171599790808, 0.0 ], [ 106.8832954137673, -6.33606740549242, 0.0 ], [ 106.883216283535432, -6.33600453854674, 0.0 ], [ 106.883028955064162, -6.335775565910128, 0.0 ], [ 106.882956955691355, -6.33570119042676, 0.0 ], [ 106.88289516444803, -6.335672708237589, 0.0 ], [ 106.882806236441368, -6.335677336530116, 0.0 ], [ 106.882629559558282, -6.3356162592697, 0.0 ], [ 106.882596455520883, -6.335586237150328, 0.0 ], [ 106.882579120949728, -6.335553288056304, 0.0 ], [ 106.882548843537577, -6.335511773081106, 0.0 ], [ 106.882471105965323, -6.335437418321858, 0.0 ], [ 106.882379001863796, -6.335357374376572, 0.0 ], [ 106.882354504397, -6.335327321003377, 0.0 ], [ 106.882302662041113, -6.335272966783839, 0.0 ], [ 106.882247799682872, -6.335176998654073, 0.0 ], [ 106.882237429482785, -6.33508661129463, 0.0 ], [ 106.882201113029126, -6.334961869376182, 0.0 ], [ 106.882169406771553, -6.334921795319185, 0.0 ], [ 106.881926105303236, -6.334685848906552, 0.0 ], [ 106.88168137943029, -6.334452778128619, 0.0 ], [ 106.881412531661979, -6.334292995763316, 0.0 ], [ 106.881271694074329, -6.334224610817954, 0.0 ], [ 106.881221327652355, -6.334181733673351, 0.0 ], [ 106.881212512282346, -6.334124352624052, 0.0 ], [ 106.88120212336365, -6.334074887616412, 0.0 ], [ 106.881193535804186, -6.334033995479573, 0.0 ], [ 106.881188342801238, -6.334021142038329, 0.0 ], [ 106.881184842876237, -6.334021397941257, 0.0 ], [ 106.881168732999413, -6.334022647101558, 0.0 ], [ 106.881146305740998, -6.334025458918062, 0.0 ], [ 106.881146262374756, -6.334025461787703, 0.0 ], [ 106.880971520565879, -6.334048882355479, 0.0 ], [ 106.880690023767215, -6.334092344963083, 0.0 ], [ 106.880662929824126, -6.334096134777894, 0.0 ], [ 106.880647782943555, -6.334098044977202, 0.0 ], [ 106.880632401472639, -6.334100056386052, 0.0 ], [ 106.880617029293418, -6.33410213828401, 0.0 ], [ 106.880601666409291, -6.334104291575009, 0.0 ], [ 106.880586313720499, -6.334106515351726, 0.0 ], [ 106.88057097213094, -6.334108809610858, 0.0 ], [ 106.880555640736702, -6.334111174355834, 0.0 ], [ 106.880540320441369, -6.334113609583196, 0.0 ], [ 106.880525011245368, -6.334116115292995, 0.0 ], [ 106.880509714048657, -6.334118690577836, 0.0 ], [ 106.880494428857958, -6.334121337246009, 0.0 ], [ 106.880479156570473, -6.334124053486051, 0.0 ], [ 106.88046389538188, -6.33412684020846, 0.0 ], [ 106.880448648003366, -6.334129697403581, 0.0 ], [ 106.880433414431636, -6.334132624167222, 0.0 ], [ 106.880418193766289, -6.334135621406723, 0.0 ], [ 106.880402986911008, -6.334138689118927, 0.0 ], [ 106.880387794762854, -6.334141825492289, 0.0 ], [ 106.880380206045544, -6.334143428913694, 0.0 ] ] ] } },
{ "type": "Feature", "properties": { "OBJECTID": 262, "toponimi": "Sal. Phb H. Yusin", "kewenangan": "Pemprov DKI", "jenis": "Saluran Drainase Tersier", "panjang": "2311", "lebar": "2 - 3", "kedalaman": "2", "kota": "Jakarta Timur", "kecamatan": "Ciracas", "lebar_min": 2.0, "lebar_max": 3.0, "kedalaman_": 2.0, "kedalaman1": 2.0, "Shape_Leng": 0.46305178610999997 }, "geometry": { "type": "MultiLineString", "coordinates": [ [ [ 106.869123706370047, -6.30989854823674, 0.0 ], [ 106.869050427330905, -6.309865798926345, 0.0 ], [ 106.868932632490655, -6.309820290861497, 0.0 ], [ 106.868730128825021, -6.309754991080064, 0.0 ], [ 106.868158419628514, -6.309541741434013, 0.0 ], [ 106.867634059543889, -6.309331191023145, 0.0 ], [ 106.867609580720696, -6.309305442718079, 0.0 ], [ 106.867570812398696, -6.309295534808608, 0.0 ], [ 106.867398521603889, -6.3092545272653, 0.0 ], [ 106.867014970422559, -6.309106627021116, 0.0 ], [ 106.866864095086171, -6.309036835751213, 0.0 ], [ 106.866840968160588, -6.308988117140464, 0.0 ], [ 106.866927203925968, -6.308633279141361, 0.0 ], [ 106.866978928608575, -6.308656059176849, 0.0 ], [ 106.867095386689257, -6.308728844475414, 0.0 ], [ 106.867165822174982, -6.308768781478321, 0.0 ], [ 106.867253393837657, -6.308787126525927, 0.0 ], [ 106.867366782506153, -6.308803944125497, 0.0 ], [ 106.867444256497095, -6.308806537072942, 0.0 ], [ 106.867583497239977, -6.308831873970114, 0.0 ], [ 106.86764373137045, -6.308827352458334, 0.0 ], [ 106.867686766761352, -6.308827198163612, 0.0 ], [ 106.867743433666831, -6.308627482645858, 0.0 ], [ 106.867774381237979, -6.308456566091814, 0.0 ], [ 106.867821652852257, -6.308437736769691, 0.0 ], [ 106.86787166073978, -6.308381579768491, 0.0 ] ] ] } },
{ "type": "Feature", "properties": { "OBJECTID": 263, "toponimi": "Sal. Phb Caglak Kanan", "kewenangan": "Pemprov DKI", "jenis": "Saluran Drainase Tersier", "panjang": "2147", "lebar": "4 - 5", "kedalaman": "2.5-3", "kota": "Jakarta Timur", "kecamatan": "Ciracas", "lebar_min": 4.0, "lebar_max": 5.0, "kedalaman_": 2.5, "kedalaman1": 3.0, "Shape_Leng": 2.2320406177600001 }, "geometry": { "type": "MultiLineString", "coordinates": [ [ [ 106.878362789682399, -6.351067753121009, 0.0 ], [ 106.87838235602446, -6.351069280627325, 0.0 ], [ 106.878410217472862, -6.351074782472675, 0.0 ], [ 106.878484833871681, -6.351096401833311, 0.0 ], [ 106.878570611660606, -6.351127896398506, 0.0 ], [ 106.878654163470841, -6.351164333837843, 0.0 ], [ 106.878802552891813, -6.351220710003861, 0.0 ], [ 106.879046682293193, -6.351286805213758, 0.0 ], [ 106.879372037167158, -6.351333468233569, 0.0 ], [ 106.879588625496922, -6.351387703178665, 0.0 ], [ 106.879853169396753, -6.351478841775684, 0.0 ], [ 106.879994492970525, -6.351547703183267, 0.0 ], [ 106.88009260337968, -6.351568876164563, 0.0 ], [ 106.880369933270117, -6.351559496137011, 0.0 ], [ 106.880580279720604, -6.35154078996033, 0.0 ], [ 106.880715395213358, -6.351546279809895, 0.0 ], [ 106.880982048084817, -6.3515596638609, 0.0 ], [ 106.881123584680793, -6.351522427662323, 0.0 ], [ 106.881209542778777, -6.351499279283098, 0.0 ], [ 106.88125557296776, -6.351499709583101, 0.0 ], [ 106.881301602254979, -6.351500140786328, 0.0 ], [ 106.881368524795718, -6.351492720410411, 0.0 ], [ 106.881430605049147, -6.351468572935875, 0.0 ], [ 106.881485542158046, -6.351452823774618, 0.0 ], [ 106.881550135231876, -6.351462157446202, 0.0 ], [ 106.881596664994561, -6.351435674138487, 0.0 ], [ 106.881618477933884, -6.351351867737593, 0.0 ], [ 106.881640290869925, -6.351268061337575, 0.0 ], [ 106.881648614016981, -6.351221039242501, 0.0 ], [ 106.881643533494213, -6.351173556851936, 0.0 ], [ 106.881622267353507, -6.3510951691887, 0.0 ], [ 106.881601000322263, -6.351016782429896, 0.0 ], [ 106.881579734200997, -6.350938394760662, 0.0 ], [ 106.881558468092777, -6.350860007992573, 0.0 ], [ 106.88154001853367, -6.350783524144457, 0.0 ], [ 106.881521568983189, -6.350707040293962, 0.0 ], [ 106.881503118540749, -6.350630557348365, 0.0 ], [ 106.881484669007378, -6.350554073492859, 0.0 ], [ 106.881472924696567, -6.350492438383365, 0.0 ], [ 106.881470827177651, -6.35042972844182, 0.0 ], [ 106.881470985522711, -6.350341694344083, 0.0 ], [ 106.881471144775844, -6.350253660242864, 0.0 ], [ 106.881471303129686, -6.35016562614461, 0.0 ], [ 106.881471461487763, -6.350077592046076, 0.0 ], [ 106.881463980371308, -6.350011582569868, 0.0 ], [ 106.881435094231477, -6.349951839745524, 0.0 ], [ 106.881398997545688, -6.349875953463293, 0.0 ], [ 106.881357603770212, -6.349802423633784, 0.0 ], [ 106.881340043464562, -6.349738354905427, 0.0 ], [ 106.881316410253703, -6.349674782017376, 0.0 ], [ 106.881300254100651, -6.349593977045217, 0.0 ], [ 106.881273347228301, -6.349516091737256, 0.0 ], [ 106.881252038643908, -6.349440148066633, 0.0 ], [ 106.881240631400885, -6.349369772278113, 0.0 ], [ 106.881231134474277, -6.349299113782836, 0.0 ], [ 106.88122355346934, -6.349228223192647, 0.0 ], [ 106.881217894905205, -6.349157153828432, 0.0 ], [ 106.881220931223183, -6.349087918110045, 0.0 ], [ 106.881223967543093, -6.349018682391907, 0.0 ], [ 106.881227003865021, -6.348949446673646, 0.0 ], [ 106.881230040188669, -6.348880210955551, 0.0 ], [ 106.881229712346808, -6.348789905596596, 0.0 ], [ 106.881229384513063, -6.348699601141441, 0.0 ], [ 106.881227333412269, -6.348628739276433, 0.0 ], [ 106.881225283218683, -6.348557877407749, 0.0 ], [ 106.881222064580456, -6.348494495225989, 0.0 ], [ 106.881212159081883, -6.348449934442091, 0.0 ], [ 106.881205001653498, -6.348404849215678, 0.0 ], [ 106.88121139857104, -6.348338019863882, 0.0 ], [ 106.88122516474877, -6.348272312899637, 0.0 ], [ 106.881246132326467, -6.348208539043706, 0.0 ], [ 106.881263898018645, -6.348162423855044, 0.0 ], [ 106.881281663711945, -6.34811630957079, 0.0 ], [ 106.881304068944516, -6.348055736577702, 0.0 ], [ 106.881328449744231, -6.347995931255848, 0.0 ], [ 106.881364998363708, -6.347929256357708, 0.0 ], [ 106.881407114278431, -6.3478659535683, 0.0 ], [ 106.881454488300335, -6.347806487834659, 0.0 ], [ 106.881506916650679, -6.347758453779061, 0.0 ], [ 106.881538401934449, -6.347704514026187, 0.0 ], [ 106.881579147395257, -6.347639605938109, 0.0 ], [ 106.881628175416509, -6.347580710127486, 0.0 ], [ 106.881680836162403, -6.347540442698046, 0.0 ], [ 106.881735251589589, -6.347502582041876, 0.0 ], [ 106.881791310820418, -6.347467204508973, 0.0 ], [ 106.881849548633184, -6.347437487115623, 0.0 ], [ 106.881911637223084, -6.34741700960674, 0.0 ], [ 106.881989925309242, -6.347397706462839, 0.0 ], [ 106.882067382449591, -6.34737529698798, 0.0 ], [ 106.882110653985535, -6.347359753940204, 0.0 ], [ 106.882150450695192, -6.347336720053752, 0.0 ], [ 106.882208754781729, -6.347304610032049, 0.0 ], [ 106.882269211618649, -6.347276769671477, 0.0 ], [ 106.882333762430946, -6.347256205415998, 0.0 ], [ 106.882397322235505, -6.34723275421805, 0.0 ], [ 106.882459761978325, -6.347206464466866, 0.0 ], [ 106.88251947007285, -6.34714540776799, 0.0 ], [ 106.882574071760928, -6.347079739525567, 0.0 ], [ 106.882612111318764, -6.347019795935513, 0.0 ], [ 106.882650149965272, -6.346959852348469, 0.0 ], [ 106.882688189507988, -6.346899908757761, 0.0 ], [ 106.882717834956523, -6.34683882753483, 0.0 ], [ 106.882745845530792, -6.346776979215561, 0.0 ], [ 106.882752058163291, -6.346710213864657, 0.0 ], [ 106.88272664001795, -6.346624186869835, 0.0 ], [ 106.882584826265571, -6.346109402729636, 0.0 ], [ 106.882526926139775, -6.345967516605735, 0.0 ], [ 106.882455702460561, -6.345712286963842, 0.0 ], [ 106.882512253615644, -6.345482429642879, 0.0 ], [ 106.882690661098351, -6.345229163353125, 0.0 ], [ 106.882828593023802, -6.344891360542613, 0.0 ], [ 106.88305794823853, -6.344445575731907, 0.0 ], [ 106.883209219076235, -6.344225420956317, 0.0 ], [ 106.883259382633099, -6.344212320243821, 0.0 ], [ 106.88343176984273, -6.344276283539094, 0.0 ], [ 106.883890815898951, -6.344267437377819, 0.0 ], [ 106.884400917946749, -6.344096214148617, 0.0 ], [ 106.884983339206329, -6.343692204370059, 0.0 ], [ 106.88534497726576, -6.343329186608743, 0.0 ], [ 106.885554070702568, -6.343054919946368, 0.0 ], [ 106.886356880401081, -6.342286422732625, 0.0 ], [ 106.886366121457272, -6.342275713924887, 0.0 ], [ 106.886384888443345, -6.342253857668883, 0.0 ], [ 106.886403600135935, -6.342231955502896, 0.0 ], [ 106.886422257435271, -6.342210006519393, 0.0 ], [ 106.886440860341494, -6.342188010718487, 0.0 ], [ 106.886459408857675, -6.342165969004256, 0.0 ], [ 106.886477902080401, -6.342143881379974, 0.0 ], [ 106.886496340009515, -6.342121747845704, 0.0 ], [ 106.886514723552125, -6.342099569302231, 0.0 ], [ 106.886533051797798, -6.342077343944667, 0.0 ], [ 106.886551324753327, -6.342055073581151, 0.0 ], [ 106.886569542415231, -6.34203275730763, 0.0 ], [ 106.88658770479023, -6.342010396932428, 0.0 ], [ 106.886605810967993, -6.341987990650519, 0.0 ], [ 106.88662386185554, -6.341965539362711, 0.0 ], [ 106.886641857456226, -6.34194304397329, 0.0 ], [ 106.886659795955993, -6.341920502680413, 0.0 ], [ 106.886677679172152, -6.341897918189922, 0.0 ], [ 106.886695506194371, -6.341875288696843, 0.0 ], [ 106.886713276119096, -6.341852614204553, 0.0 ], [ 106.886730990760171, -6.341829896514729, 0.0 ], [ 106.886745355612476, -6.341811703576802, 0.0 ], [ 106.886748648307076, -6.341807134729748, 0.0 ], [ 106.886749546940962, -6.341805993147399, 0.0 ], [ 106.886766249663296, -6.341784328846368, 0.0 ], [ 106.886783793928601, -6.341761479771987, 0.0 ], [ 106.886801281099721, -6.341738586602523, 0.0 ], [ 106.88681871208351, -6.341715650238876, 0.0 ], [ 106.886836085072801, -6.341692670687473, 0.0 ], [ 106.886853401874802, -6.341669647941775, 0.0 ], [ 106.886870256890944, -6.341647122345318, 0.0 ], [ 106.886876282739934, -6.341638439661466, 0.0 ], [ 106.886882601244011, -6.341629221566155, 0.0 ], [ 106.886888865392336, -6.341619966599012, 0.0 ], [ 106.886895075185194, -6.341610674760044, 0.0 ], [ 106.886901230622357, -6.341601346049297, 0.0 ], [ 106.886907331710461, -6.341591982274992, 0.0 ], [ 106.886913377542399, -6.341582582536278, 0.0 ], [ 106.886919368121767, -6.341573147737298, 0.0 ], [ 106.886925303451633, -6.341563678782264, 0.0 ], [ 106.886931183525363, -6.341554173862791, 0.0 ], [ 106.886937007449404, -6.341544635694564, 0.0 ], [ 106.886942776123846, -6.34153506337027, 0.0 ], [ 106.886948488645388, -6.341525456893166, 0.0 ], [ 106.886954145016844, -6.341515817167275, 0.0 ], [ 106.886959744338341, -6.341506145100169, 0.0 ], [ 106.886965286606156, -6.341496439787674, 0.0 ], [ 106.886970772730848, -6.341486703034647, 0.0 ], [ 106.886976201805254, -6.341476933940372, 0.0 ], [ 106.886981573829516, -6.341467132504802, 0.0 ], [ 106.886986887906573, -6.341457300539513, 0.0 ], [ 106.886992144032902, -6.341447437140326, 0.0 ], [ 106.886997343115695, -6.341437543208115, 0.0 ], [ 106.887002575788188, -6.341427443010013, 0.0 ], [ 106.887008485475633, -6.341416142363179, 0.0 ], [ 106.887018589632461, -6.341393785102907, 0.0 ], [ 106.887029261866658, -6.341370339903767, 0.0 ], [ 106.887039997462566, -6.341346923406432, 0.0 ], [ 106.887050798234327, -6.341323537412573, 0.0 ], [ 106.887061662367927, -6.341300180120483, 0.0 ], [ 106.887072590773769, -6.341276853335089, 0.0 ], [ 106.887083582544577, -6.341253556155668, 0.0 ], [ 106.887094637683916, -6.34123028948633, 0.0 ], [ 106.887105757092101, -6.341207052419453, 0.0 ], [ 106.887116939871902, -6.341183846766863, 0.0 ], [ 106.887128185116367, -6.341160671627571, 0.0 ], [ 106.887133827313662, -6.341149124220784, 0.0 ], [ 106.887139494632763, -6.341137526994979, 0.0 ], [ 106.88717801612151, -6.341052302771837, 0.0 ], [ 106.887190809842082, -6.341021056173975, 0.0 ], [ 106.887200363258358, -6.341000084251719, 0.0 ], [ 106.887209853308264, -6.340979082723658, 0.0 ], [ 106.887219279094495, -6.34095805340135, 0.0 ], [ 106.887228642421391, -6.340936995374042, 0.0 ], [ 106.887237941481629, -6.340915908648315, 0.0 ], [ 106.887247176281505, -6.340894795032401, 0.0 ], [ 106.887256347718377, -6.3408736527149, 0.0 ], [ 106.887328954122481, -6.340701132770969, 0.0 ], [ 106.887323938353376, -6.34071272581582, 0.0 ], [ 106.887315936189253, -6.340720672493794, 0.0 ], [ 106.887306691456985, -6.340727129154849, 0.0 ], [ 106.88729647637264, -6.340731904034575, 0.0 ], [ 106.887288722091341, -6.340734211601493, 0.0 ], [ 106.887280741960581, -6.340735545329232, 0.0 ], [ 106.887271904159931, -6.340735865927829, 0.0 ], [ 106.887263103584075, -6.340734992023618, 0.0 ], [ 106.887254501149741, -6.340732940209383, 0.0 ], [ 106.887168879129931, -6.34070054563621, 0.0 ], [ 106.887016611556092, -6.340642938548125, 0.0 ], [ 106.887016035135517, -6.340642726365663, 0.0 ], [ 106.886785393067001, -6.340560151910462, 0.0 ], [ 106.886784082924152, -6.340559710938891, 0.0 ], [ 106.88662557148271, -6.340509713067783, 0.0 ], [ 106.886617063450586, -6.34050702980849, 0.0 ], [ 106.886612803447662, -6.340506029965137, 0.0 ], [ 106.886608740885492, -6.340504404643114, 0.0 ], [ 106.886537766120284, -6.340482017891236, 0.0 ], [ 106.886534819490194, -6.340481353223447, 0.0 ], [ 106.88653202473624, -6.34048020700095, 0.0 ], [ 106.886480987397505, -6.340464109200764, 0.0 ], [ 106.886478926675196, -6.340463525393435, 0.0 ], [ 106.886351638046733, -6.340431530026508, 0.0 ], [ 106.886350630474809, -6.340431292287971, 0.0 ], [ 106.8862139381947, -6.340401067953763, 0.0 ], [ 106.886154637086946, -6.340388821078073, 0.0 ], [ 106.8861064864452, -6.340378029069761, 0.0 ], [ 106.886008043359951, -6.340350211557213, 0.0 ], [ 106.885948509327974, -6.34032982101551, 0.0 ], [ 106.885843180172344, -6.340289575807978, 0.0 ], [ 106.885692281277557, -6.340225593609534, 0.0 ], [ 106.885490371119161, -6.34013252718887, 0.0 ], [ 106.885212650260129, -6.340004517415293, 0.0 ], [ 106.885026291450629, -6.339907130285853, 0.0 ], [ 106.885044346715176, -6.339866220119402, 0.0 ], [ 106.88507655990972, -6.339798655063717, 0.0 ] ] ] } },
{ "type": "Feature", "properties": { "OBJECTID": 1086, "toponimi": "Sal. Phb H. Yusin", "kewenangan": "Pemprov DKI", "jenis": "Saluran Drainase Tersier", "panjang": "2311", "lebar": "2 - 3", "kedalaman": "2", "kota": "Jakarta Timur", "kecamatan": "Ciracas", "lebar_min": 2.0, "lebar_max": 3.0, "kedalaman_": 2.0, "kedalaman1": 2.0, "Shape_Leng": 0.24314873295 }, "geometry": { "type": "MultiLineString", "coordinates": [ [ [ 106.868619971070373, -6.307702073701338, 0.0 ], [ 106.868698035884677, -6.307487509482487, 0.0 ], [ 106.868755924705539, -6.307228940365007, 0.0 ], [ 106.868816575444171, -6.306940219733895, 0.0 ], [ 106.868865393581117, -6.306549996573076, 0.0 ], [ 106.868906416906512, -6.306518970047623, 0.0 ], [ 106.868963404427376, -6.306505248637865, 0.0 ], [ 106.869017384722838, -6.306490037121241, 0.0 ], [ 106.869072892836769, -6.306482329076738, 0.0 ], [ 106.869104407719576, -6.306480714250366, 0.0 ], [ 106.869139693284481, -6.30648434171479, 0.0 ], [ 106.869193767730295, -6.30649541164304, 0.0 ], [ 106.869244084943105, -6.306504993251202, 0.0 ], [ 106.869264407028879, -6.306521440057786, 0.0 ], [ 106.869281762249997, -6.306547659600402, 0.0 ], [ 106.869302124697924, -6.306575370145547, 0.0 ], [ 106.869338983839214, -6.306599267485782, 0.0 ], [ 106.869377314306817, -6.306614899241151, 0.0 ], [ 106.869435953415888, -6.306643222908511, 0.0 ], [ 106.869472756961514, -6.306651351177849, 0.0 ], [ 106.869519283755182, -6.306650432910912, 0.0 ], [ 106.869562575880764, -6.306637257851758, 0.0 ], [ 106.869590455120047, -6.306615636377897, 0.0 ], [ 106.869620398205527, -6.306594502971994, 0.0 ], [ 106.869652555451623, -6.306562849989214, 0.0 ], [ 106.869659223934889, -6.306538796505958, 0.0 ], [ 106.869674876421641, -6.306508704530176, 0.0 ], [ 106.869703244130264, -6.306466551703073, 0.0 ] ] ] } },
{ "type": "Feature", "properties": { "OBJECTID": 1082, "toponimi": "Sal. Phb Caglak", "kewenangan": "Pemprov DKI", "jenis": "Saluran Drainase Tersier", "panjang": "1797", "lebar": "5 - 6", "kedalaman": "2-2.5", "kota": "Jakarta Timur", "kecamatan": "Ciracas", "lebar_min": 5.0, "lebar_max": 6.0, "kedalaman_": 2.0, "kedalaman1": 2.5, "Shape_Leng": 0.23020103388 }, "geometry": { "type": "MultiLineString", "coordinates": [ [ [ 106.883530365716737, -6.36874031664227, 0.0 ], [ 106.883523139844712, -6.368717381482922, 0.0 ], [ 106.883509164476578, -6.368673026571195, 0.0 ], [ 106.883503796745572, -6.368616645024558, 0.0 ], [ 106.883510819779744, -6.368573045287993, 0.0 ], [ 106.883512803767928, -6.36856072999449, 0.0 ], [ 106.883533091087116, -6.368490147531241, 0.0 ], [ 106.883552368803748, -6.368419283044974, 0.0 ], [ 106.883554330280234, -6.368407238171592, 0.0 ], [ 106.883564242901386, -6.368346381427342, 0.0 ], [ 106.883565793349504, -6.368336862411895, 0.0 ], [ 106.883575190618402, -6.368253885060145, 0.0 ], [ 106.883580539644925, -6.368170549072692, 0.0 ], [ 106.883580985396037, -6.368141605936286, 0.0 ], [ 106.883581794554289, -6.368089143897756, 0.0 ] ], [ [ 106.883444601039344, -6.3700797269623, 0.0 ], [ 106.883434124227946, -6.37001652377002, 0.0 ], [ 106.883423153669852, -6.369950342816567, 0.0 ], [ 106.88341218311372, -6.369884160957783, 0.0 ], [ 106.883400090548903, -6.36980991917126, 0.0 ], [ 106.883389495560749, -6.369735449499029, 0.0 ], [ 106.883380402772787, -6.369660780856881, 0.0 ], [ 106.883372815007746, -6.369585943975556, 0.0 ], [ 106.883366735992027, -6.369510969582542, 0.0 ], [ 106.883364566800353, -6.369438044166162, 0.0 ], [ 106.883365385272583, -6.369365090667021, 0.0 ], [ 106.883369190952294, -6.369292232050214, 0.0 ], [ 106.883375977053291, -6.369219590399684, 0.0 ], [ 106.883385731367099, -6.369147287819002, 0.0 ], [ 106.883402078875946, -6.369064442415765, 0.0 ], [ 106.883423659816657, -6.368982803927531, 0.0 ], [ 106.883448485282614, -6.368896485526171, 0.0 ], [ 106.883484842368574, -6.368814359127359, 0.0 ], [ 106.883532050721726, -6.368737957921416, 0.0 ] ] ] } },
{ "type": "Feature", "properties": { "OBJECTID": 264, "toponimi": "Sal. Phb Ciracas", "kewenangan": "Pemprov DKI", "jenis": "Saluran Drainase Tersier", "panjang": "3815", "lebar": "2.5 - 3", "kedalaman": "2", "kota": "Jakarta Timur", "kecamatan": "Ciracas", "lebar_min": 2.5, "lebar_max": 3.0, "kedalaman_": 2.0, "kedalaman1": 2.0, "Shape_Leng": 3.9522943207300001 }, "geometry": { "type": "MultiLineString", "coordinates": [ [ [ 106.875322427763663, -6.320598453967708, 0.0 ], [ 106.875326170900024, -6.320595996562782, 0.0 ], [ 106.875330295787521, -6.320592147205734, 0.0 ], [ 106.875333710796852, -6.320587655753187, 0.0 ], [ 106.875336316989788, -6.320582650950839, 0.0 ], [ 106.875337608263976, -6.320578622847071, 0.0 ], [ 106.875367464310145, -6.32049637447109, 0.0 ], [ 106.87539731944328, -6.320414125195068, 0.0 ], [ 106.875427174573517, -6.320331876824056, 0.0 ], [ 106.875457030601325, -6.320249628450551, 0.0 ], [ 106.875482405851145, -6.320183812803755, 0.0 ], [ 106.875507782000142, -6.320117997154306, 0.0 ], [ 106.875533157241179, -6.320052181508481, 0.0 ], [ 106.875558532477939, -6.319986365863126, 0.0 ], [ 106.875558651528394, -6.319977021093124, 0.0 ], [ 106.875557397483789, -6.319969059192646, 0.0 ], [ 106.87555482256252, -6.319961423027758, 0.0 ], [ 106.875551000738071, -6.319954328422305, 0.0 ], [ 106.875544852820411, -6.319946459216441, 0.0 ], [ 106.875481433551798, -6.319914937076697, 0.0 ], [ 106.875418013385357, -6.31988341493013, 0.0 ], [ 106.875354594128581, -6.319851892770291, 0.0 ], [ 106.875280845435114, -6.319818185460181, 0.0 ], [ 106.875275129518883, -6.319812838161301, 0.0 ], [ 106.875269713708008, -6.319805760150073, 0.0 ], [ 106.875265538457057, -6.319797884729748, 0.0 ], [ 106.875262719310612, -6.31978942847853, 0.0 ], [ 106.875261332108366, -6.319780623488397, 0.0 ], [ 106.875261415665832, -6.319771709217926, 0.0 ], [ 106.875262968155113, -6.319762930697131, 0.0 ], [ 106.875265877273421, -6.31975472051241, 0.0 ], [ 106.875310232605926, -6.319680028246461, 0.0 ], [ 106.875354587927816, -6.319605335980474, 0.0 ], [ 106.875399092725246, -6.319534512916984, 0.0 ], [ 106.875443597512472, -6.319463689853049, 0.0 ], [ 106.875472330634452, -6.3193975935755, 0.0 ], [ 106.875501064654784, -6.31933149729512, 0.0 ], [ 106.875500057318007, -6.319317766961333, 0.0 ], [ 106.875497267911612, -6.319306528549415, 0.0 ], [ 106.87549261474345, -6.319295925239432, 0.0 ], [ 106.875486232660279, -6.319286263954631, 0.0 ], [ 106.875477048814275, -6.319276483480549, 0.0 ], [ 106.875407072421851, -6.319248392675534, 0.0 ], [ 106.875403858621098, -6.3192475290519, 0.0 ], [ 106.875402556150163, -6.319246943341764, 0.0 ], [ 106.875401364101279, -6.319246155608942, 0.0 ], [ 106.875400313279755, -6.319245188346163, 0.0 ], [ 106.875399430879526, -6.319244064963019, 0.0 ], [ 106.875398738695623, -6.319242815217784, 0.0 ], [ 106.875398255815284, -6.319241469782567, 0.0 ], [ 106.875397993215699, -6.319240065687596, 0.0 ], [ 106.87539795915319, -6.319238637260765, 0.0 ], [ 106.87539815376185, -6.319237221571754, 0.0 ], [ 106.8753990745968, -6.31923421377632, 0.0 ], [ 106.875416148708453, -6.319152049484117, 0.0 ], [ 106.875433221914548, -6.319069885195962, 0.0 ], [ 106.87545029602272, -6.318987720905303, 0.0 ], [ 106.875468525498931, -6.318906447553111, 0.0 ], [ 106.875486754072668, -6.3188251751091, 0.0 ], [ 106.875504983544673, -6.318743901758503, 0.0 ], [ 106.875522471847887, -6.318657814699483, 0.0 ], [ 106.875539960149581, -6.31857172764125, 0.0 ], [ 106.875557448449143, -6.318485640583872, 0.0 ], [ 106.875574936747199, -6.318399553527365, 0.0 ], [ 106.875592425043536, -6.318313466471778, 0.0 ], [ 106.875607879938286, -6.318230842392207, 0.0 ], [ 106.875623334831843, -6.318148218313347, 0.0 ], [ 106.875638790631143, -6.318065595136153, 0.0 ], [ 106.875654245522526, -6.317982971058781, 0.0 ], [ 106.875677053744596, -6.317905448779228, 0.0 ], [ 106.875699862869794, -6.317827927401609, 0.0 ], [ 106.875722671084517, -6.317750405123705, 0.0 ], [ 106.875745479295787, -6.317672882846709, 0.0 ], [ 106.875768288409859, -6.317595361471297, 0.0 ], [ 106.875791096613625, -6.317517839195784, 0.0 ], [ 106.875792710181841, -6.317506199741735, 0.0 ], [ 106.87579251319049, -6.317494409494999, 0.0 ], [ 106.875790504988387, -6.31748278942931, 0.0 ], [ 106.87578673266421, -6.317471617851439, 0.0 ], [ 106.875781787100394, -6.317462119555981, 0.0 ], [ 106.875746613913165, -6.317393789931066, 0.0 ], [ 106.875711439833651, -6.317325460303924, 0.0 ], [ 106.875676266668847, -6.317257130668513, 0.0 ], [ 106.87563881245444, -6.317188482855284, 0.0 ], [ 106.875601357351584, -6.317119835943534, 0.0 ], [ 106.875600165826384, -6.317113922608419, 0.0 ], [ 106.875599838646011, -6.31710688049627, 0.0 ], [ 106.875600584210702, -6.317099868874186, 0.0 ], [ 106.87560238594709, -6.317093053260463, 0.0 ], [ 106.875605201040187, -6.317086589322567, 0.0 ], [ 106.875608964975186, -6.317080629189399, 0.0 ], [ 106.875612364892035, -6.317076719161808, 0.0 ], [ 106.875683715940028, -6.317043731864783, 0.0 ], [ 106.875755066976581, -6.317010744560703, 0.0 ], [ 106.875802185326748, -6.316974148475609, 0.0 ], [ 106.875844764105153, -6.316895005218329, 0.0 ], [ 106.875887342870016, -6.3168158610571, 0.0 ], [ 106.875929921627431, -6.316736717800072, 0.0 ], [ 106.875961023049754, -6.31667286523773, 0.0 ], [ 106.87600568875412, -6.316602122101261, 0.0 ], [ 106.87605035444804, -6.316531378964334, 0.0 ], [ 106.876095020134812, -6.316460636731145, 0.0 ], [ 106.876139685807956, -6.316389893593534, 0.0 ], [ 106.876184351470641, -6.316319150455362, 0.0 ], [ 106.876216192017921, -6.316257300621648, 0.0 ], [ 106.876248031652466, -6.316195449887176, 0.0 ], [ 106.876279872188064, -6.316133600053762, 0.0 ], [ 106.876286685095323, -6.316123645262629, 0.0 ], [ 106.87629481846308, -6.316115258922185, 0.0 ], [ 106.876304252153773, -6.316108369677451, 0.0 ], [ 106.876314713978743, -6.316103175613562, 0.0 ], [ 106.876325903563469, -6.31609982699749, 0.0 ], [ 106.876337497751052, -6.316098420833756, 0.0 ], [ 106.876352580543596, -6.316099164804386, 0.0 ], [ 106.876363089990107, -6.316097156774649, 0.0 ], [ 106.87637257541148, -6.316093590979224, 0.0 ], [ 106.876381316025387, -6.316088464603007, 0.0 ], [ 106.876391399912762, -6.316079950976556, 0.0 ], [ 106.876419087372298, -6.31600283245248, 0.0 ], [ 106.876446774829859, -6.31592571483326, 0.0 ], [ 106.876474461375423, -6.315848596313971, 0.0 ], [ 106.876502148822269, -6.315771478696193, 0.0 ], [ 106.876529836260801, -6.315694360175073, 0.0 ], [ 106.876552244849236, -6.315664478751295, 0.0 ], [ 106.876580469412858, -6.315636127865933, 0.0 ], [ 106.876642604046708, -6.315571582024426, 0.0 ], [ 106.876704739571991, -6.315507037080831, 0.0 ], [ 106.876766874175416, -6.315442491233414, 0.0 ], [ 106.876814366351141, -6.315383549640317, 0.0 ], [ 106.876861857609981, -6.315324607144986, 0.0 ], [ 106.876909349765654, -6.315265665549363, 0.0 ], [ 106.876953113809634, -6.315209329581377, 0.0 ], [ 106.876996876944574, -6.315152994519822, 0.0 ], [ 106.877016727526836, -6.315132969355058, 0.0 ], [ 106.877038963131227, -6.315115785451649, 0.0 ], [ 106.877063852643985, -6.315101331533397, 0.0 ], [ 106.877121676360375, -6.315071537548586, 0.0 ], [ 106.877139067590022, -6.315059644991205, 0.0 ], [ 106.87715475425658, -6.315045416847472, 0.0 ], [ 106.877169101203407, -6.315028287615442, 0.0 ], [ 106.877202207804814, -6.314954709167031, 0.0 ], [ 106.877235315302912, -6.314881130715912, 0.0 ], [ 106.877268421890577, -6.314807552268418, 0.0 ], [ 106.877291058743296, -6.314725176287017, 0.0 ], [ 106.877313695592463, -6.314642800306575, 0.0 ], [ 106.877336332438077, -6.314560424326955, 0.0 ], [ 106.877354107584694, -6.314500598973254, 0.0 ], [ 106.877371881828935, -6.314440774527347, 0.0 ], [ 106.877389656971218, -6.314380949174523, 0.0 ], [ 106.877405918406623, -6.314298776119235, 0.0 ], [ 106.877422179840721, -6.314216603064578, 0.0 ], [ 106.877438442179965, -6.314134430911647, 0.0 ], [ 106.877454703611022, -6.31405225785851, 0.0 ], [ 106.87746669555969, -6.313968648150461, 0.0 ], [ 106.877470272690744, -6.313943707081735, 0.0 ], [ 106.877442626686047, -6.313793793671421, 0.0 ], [ 106.877412281142114, -6.313650477795984, 0.0 ], [ 106.877409347989953, -6.313627910098367, 0.0 ], [ 106.877408881463268, -6.313603030793452, 0.0 ], [ 106.877408638977073, -6.31357531386122, 0.0 ], [ 106.877406663291666, -6.313551892221836, 0.0 ], [ 106.877402827529778, -6.313531309518029, 0.0 ], [ 106.877397016967763, -6.313513018389426, 0.0 ], [ 106.877388994063764, -6.3134964256774, 0.0 ], [ 106.877378693813938, -6.313481513637136, 0.0 ], [ 106.877365984220731, -6.313468092583745, 0.0 ], [ 106.877350744524151, -6.313456036707017, 0.0 ], [ 106.87731218504581, -6.313425890032102, 0.0 ], [ 106.87729769222048, -6.31341128608308, 0.0 ], [ 106.87728579758901, -6.313396430007135, 0.0 ], [ 106.877276193616652, -6.313380893258493, 0.0 ], [ 106.877268850780126, -6.313364571081057, 0.0 ], [ 106.877263675812998, -6.313347254784835, 0.0 ], [ 106.877260617374318, -6.313328769768804, 0.0 ], [ 106.877254712205954, -6.313251102112797, 0.0 ], [ 106.877249497591549, -6.313214409029224, 0.0 ], [ 106.877239917964033, -6.313181455483034, 0.0 ], [ 106.877233467644317, -6.31316790866275, 0.0 ], [ 106.877225828675861, -6.313156126759446, 0.0 ], [ 106.877195156093777, -6.313135757587936, 0.0 ], [ 106.877085957833401, -6.313063238411624, 0.0 ], [ 106.877072848031347, -6.313054532658093, 0.0 ], [ 106.877051201863424, -6.313040157051592, 0.0 ], [ 106.877037657641694, -6.313033773802599, 0.0 ], [ 106.877023522225954, -6.3130288375079, 0.0 ], [ 106.877024157045057, -6.313028965415854, 0.0 ], [ 106.877018734807621, -6.313027106153642, 0.0 ], [ 106.876848310319531, -6.312970187168816, 0.0 ], [ 106.87684186671288, -6.312968006998855, 0.0 ], [ 106.876835190416159, -6.312966704688195, 0.0 ], [ 106.876831795603351, -6.312966503549107, 0.0 ], [ 106.876833588646662, -6.312923152384053, 0.0 ], [ 106.876867078220869, -6.312861317436886, 0.0 ], [ 106.876870135994693, -6.312837686535095, 0.0 ], [ 106.876879525543742, -6.312765108628613, 0.0 ], [ 106.876889818246397, -6.31267733873878, 0.0 ], [ 106.876900110949919, -6.312589568849527, 0.0 ], [ 106.87691040365425, -6.312501798960785, 0.0 ], [ 106.876915735706746, -6.312426421985382, 0.0 ], [ 106.876921067760819, -6.312351045010225, 0.0 ], [ 106.876926398916197, -6.312275668942541, 0.0 ], [ 106.876931730973652, -6.312200291967862, 0.0 ], [ 106.876932192815502, -6.312155646347421, 0.0 ], [ 106.876918142120417, -6.31207435290369, 0.0 ], [ 106.876904092337028, -6.311993059454799, 0.0 ], [ 106.876890041658115, -6.311911766007148, 0.0 ], [ 106.876850496427622, -6.311733571418552, 0.0 ], [ 106.876807349949587, -6.311491549035564, 0.0 ], [ 106.876854723292141, -6.311380842962739, 0.0 ], [ 106.876941677742835, -6.311064030946357, 0.0 ], [ 106.876968558975378, -6.310905329884053, 0.0 ], [ 106.877029490147009, -6.310599009347409, 0.0 ], [ 106.877074803525474, -6.310371204079074, 0.0 ], [ 106.877059930437937, -6.310238904456504, 0.0 ], [ 106.877083374224696, -6.310121118399368, 0.0 ], [ 106.87708510537442, -6.310112773233192, 0.0 ], [ 106.877085944142394, -6.310104292044934, 0.0 ], [ 106.877094804770437, -6.309965859962974, 0.0 ], [ 106.877094481507669, -6.309962914520331, 0.0 ], [ 106.87709370716621, -6.309948126407326, 0.0 ], [ 106.877093632719721, -6.309946523626921, 0.0 ], [ 106.877090130193181, -6.309870711959737, 0.0 ], [ 106.877090864041918, -6.309861199520549, 0.0 ], [ 106.877090903469124, -6.309860354003139, 0.0 ], [ 106.877092685947801, -6.309737997808073, 0.0 ], [ 106.877092821485476, -6.309731218042328, 0.0 ], [ 106.877092890674334, -6.309724331826581, 0.0 ], [ 106.877092889403229, -6.309717452193801, 0.0 ], [ 106.877092819404155, -6.309710558342398, 0.0 ], [ 106.877092678951684, -6.309703672882157, 0.0 ], [ 106.877092469830089, -6.309696789477677, 0.0 ], [ 106.877092191139013, -6.309689909036409, 0.0 ], [ 106.877091841971648, -6.309683030657381, 0.0 ], [ 106.877091425048505, -6.309676157043231, 0.0 ], [ 106.877090937655524, -6.309669287299662, 0.0 ], [ 106.877090380702882, -6.309662423231616, 0.0 ], [ 106.877081323525857, -6.309560755862044, 0.0 ], [ 106.877079894060259, -6.309544715156464, 0.0 ], [ 106.87707853991499, -6.309529515938261, 0.0 ], [ 106.877076961636334, -6.309511797676321, 0.0 ], [ 106.877076826992109, -6.30951029095213, 0.0 ], [ 106.877076374444869, -6.309508331493062, 0.0 ], [ 106.877075619524533, -6.309506468058862, 0.0 ], [ 106.877074581373378, -6.309504746691882, 0.0 ], [ 106.877073286349031, -6.309503209791984, 0.0 ], [ 106.877071765315222, -6.309501896126235, 0.0 ], [ 106.877070056341338, -6.309500838106493, 0.0 ], [ 106.877060515375391, -6.309498982827045, 0.0 ], [ 106.877044954437409, -6.309495890672046, 0.0 ], [ 106.877029406816334, -6.309492732465992, 0.0 ], [ 106.877013872515235, -6.309489509112902, 0.0 ], [ 106.876998351537566, -6.309486221517039, 0.0 ], [ 106.87698284478374, -6.309482868771068, 0.0 ], [ 106.876967352253573, -6.309479450874782, 0.0 ], [ 106.876951873950645, -6.309475968732334, 0.0 ], [ 106.876936409871462, -6.309472421439907, 0.0 ], [ 106.87692096091952, -6.309468808993947, 0.0 ], [ 106.876905528001899, -6.309465132295308, 0.0 ], [ 106.876890110215143, -6.309461391347449, 0.0 ], [ 106.876874707555615, -6.309457585246037, 0.0 ], [ 106.876859395096318, -6.309453733611881, 0.0 ], [ 106.876855967450979, -6.309452689017468, 0.0 ], [ 106.876854554917912, -6.309452146195413, 0.0 ], [ 106.876479831378603, -6.30929919942636, 0.0 ], [ 106.876478263815287, -6.30929851521077, 0.0 ], [ 106.876310723053265, -6.309220687772473, 0.0 ], [ 106.876265469125201, -6.309199666659311, 0.0 ], [ 106.876264847886333, -6.309186484651963, 0.0 ], [ 106.876265499448309, -6.309183732799458, 0.0 ], [ 106.876271465552279, -6.309166231470651, 0.0 ], [ 106.876273443521654, -6.309160428775396, 0.0 ], [ 106.876278287415388, -6.309146222577233, 0.0 ], [ 106.87642137492044, -6.308901124146975, 0.0 ], [ 106.876499572209568, -6.308769058796451, 0.0 ], [ 106.876612984203362, -6.308597065221454, 0.0 ], [ 106.876747401381394, -6.308366621660135, 0.0 ], [ 106.876786140047599, -6.308284192255072, 0.0 ], [ 106.87681923500034, -6.308205391624562, 0.0 ], [ 106.876882538606253, -6.308031952007511, 0.0 ], [ 106.87694650562284, -6.307885679557599, 0.0 ], [ 106.876968880454825, -6.307814842380557, 0.0 ], [ 106.877005786351091, -6.307694706796555, 0.0 ], [ 106.877015702442833, -6.30762051763279, 0.0 ], [ 106.876801239566518, -6.306977688174555, 0.0 ], [ 106.876745714144349, -6.306938805591579, 0.0 ], [ 106.876697719283044, -6.306903849704513, 0.0 ], [ 106.876630991820676, -6.306855252628019, 0.0 ], [ 106.87656426527009, -6.306806654631731, 0.0 ], [ 106.876531357164296, -6.306787180316501, 0.0 ], [ 106.876376021129644, -6.30672223165482, 0.0 ], [ 106.876330590164699, -6.306674280250567, 0.0 ], [ 106.876281094811588, -6.306597475924355, 0.0 ], [ 106.876193531262174, -6.306474957634017, 0.0 ], [ 106.876101491271697, -6.306366040216023, 0.0 ], [ 106.876021167092517, -6.306265462022237, 0.0 ], [ 106.875833068588975, -6.306065901639901, 0.0 ], [ 106.875809086766765, -6.306034147572062, 0.0 ], [ 106.875785672521218, -6.305913946135721, 0.0 ], [ 106.875724164812453, -6.305770884854902, 0.0 ], [ 106.875708088521165, -6.305724950637269, 0.0 ], [ 106.875702433571448, -6.305469303031155, 0.0 ], [ 106.875716616009669, -6.305392364354633, 0.0 ], [ 106.87572176128927, -6.305348122269129, 0.0 ], [ 106.875709211351548, -6.30529952259319, 0.0 ], [ 106.875684358561259, -6.305271309562424, 0.0 ], [ 106.875607794054943, -6.305205248828697, 0.0 ], [ 106.875546805636048, -6.305166639757506, 0.0 ], [ 106.875451309345607, -6.305112945303724, 0.0 ], [ 106.875376721068406, -6.30501946099748, 0.0 ], [ 106.875319955169687, -6.304965713953041, 0.0 ], [ 106.875261490819426, -6.304931430227573, 0.0 ], [ 106.875207481038302, -6.304906859076961, 0.0 ], [ 106.875124301521311, -6.304882393759821, 0.0 ], [ 106.875081798970626, -6.304862204278332, 0.0 ], [ 106.875071271229046, -6.304854537922513, 0.0 ], [ 106.874915446662428, -6.304569162271624, 0.0 ], [ 106.874834476763709, -6.304421749488942, 0.0 ], [ 106.874827177174311, -6.304358094023002, 0.0 ], [ 106.874834821256869, -6.304271389664466, 0.0 ], [ 106.874837323143169, -6.304229811647072, 0.0 ], [ 106.874832820935268, -6.304206831788223, 0.0 ], [ 106.874769197306648, -6.304003344734861, 0.0 ], [ 106.874768425941525, -6.303997903645101, 0.0 ], [ 106.874758955942511, -6.303921189258902, 0.0 ], [ 106.874749485949593, -6.30384447487144, 0.0 ], [ 106.87474001686644, -6.30376776047952, 0.0 ], [ 106.874730546885601, -6.303691046089571, 0.0 ], [ 106.874721076911058, -6.303614331698476, 0.0 ], [ 106.874697443277924, -6.303431648058412, 0.0 ], [ 106.874659075275162, -6.303313168370337, 0.0 ], [ 106.874655587216566, -6.3033056059754, 0.0 ], [ 106.874640501131822, -6.303272896673536, 0.0 ], [ 106.874604031539235, -6.30319085989823, 0.0 ], [ 106.874575180912061, -6.303124551376043, 0.0 ], [ 106.874570773712563, -6.303114429933984, 0.0 ], [ 106.874557617931288, -6.303061881238611, 0.0 ], [ 106.874556806301698, -6.302993391462316, 0.0 ], [ 106.874568595237434, -6.302810513529547, 0.0 ], [ 106.874575207262808, -6.302761243624815, 0.0 ], [ 106.874610025904445, -6.302689795774051, 0.0 ], [ 106.87468265613559, -6.302592739470482, 0.0 ], [ 106.874730503082489, -6.302525772742822, 0.0 ], [ 106.87475085712525, -6.302364940567162, 0.0 ], [ 106.874767778567005, -6.30219336501177, 0.0 ], [ 106.874802938725608, -6.302158652299586, 0.0 ] ], [ [ 106.871426459568937, -6.330083155231353, 0.0 ], [ 106.871421938916924, -6.329992425004316, 0.0 ], [ 106.871416988148482, -6.329827160256183, 0.0 ], [ 106.871412723022303, -6.329764978452081, 0.0 ], [ 106.871420654310583, -6.329703157747182, 0.0 ], [ 106.871440477876263, -6.329644069911702, 0.0 ], [ 106.87148659160826, -6.329576316007205, 0.0 ], [ 106.87154043246035, -6.329514529649511, 0.0 ], [ 106.871552765156082, -6.329486735120228, 0.0 ], [ 106.871588834135281, -6.329404070061812, 0.0 ], [ 106.871617610244797, -6.32931858865237, 0.0 ], [ 106.871638876216096, -6.329230935427825, 0.0 ], [ 106.871646519618693, -6.329173493645441, 0.0 ], [ 106.871649575069938, -6.329145920618294, 0.0 ], [ 106.87163764977015, -6.329133510785422, 0.0 ], [ 106.87134428512951, -6.329049659627267, 0.0 ], [ 106.871270852991287, -6.329024696736415, 0.0 ], [ 106.871267633866267, -6.329017602644492, 0.0 ], [ 106.871265414514085, -6.329004569224189, 0.0 ], [ 106.871364687000167, -6.328745049484157, 0.0 ], [ 106.87137868849382, -6.328705374783994, 0.0 ], [ 106.871416505134576, -6.328523534789417, 0.0 ], [ 106.871438791194691, -6.328427792107463, 0.0 ], [ 106.871438323450121, -6.328375424692507, 0.0 ], [ 106.871432253880059, -6.32834064323207, 0.0 ], [ 106.871432127549397, -6.328305548315682, 0.0 ], [ 106.871442052145028, -6.328233623821787, 0.0 ], [ 106.87146440136469, -6.328155427696625, 0.0 ], [ 106.871495163200578, -6.328072300781177, 0.0 ], [ 106.871532687475963, -6.327950836269136, 0.0 ], [ 106.87155451083602, -6.327883962866223, 0.0 ], [ 106.871596970995398, -6.327771797805533, 0.0 ], [ 106.871637953420233, -6.327698985642633, 0.0 ], [ 106.871678935839071, -6.327626174383905, 0.0 ], [ 106.871691563816384, -6.327608366911885, 0.0 ], [ 106.871686382031868, -6.327583479048999, 0.0 ], [ 106.871599494138579, -6.327492657745615, 0.0 ], [ 106.871558569213136, -6.327439596158012, 0.0 ], [ 106.871466977685685, -6.327299544684561, 0.0 ], [ 106.871412447908256, -6.327239173240606, 0.0 ], [ 106.87135675009327, -6.327168617161249, 0.0 ], [ 106.871336218395896, -6.327122840924611, 0.0 ], [ 106.870986981809907, -6.327035710429452, 0.0 ], [ 106.870985520364627, -6.326935943941852, 0.0 ], [ 106.871021828612754, -6.32685974001989, 0.0 ], [ 106.87105813594907, -6.326783536101485, 0.0 ], [ 106.871094444184294, -6.326707333084362, 0.0 ], [ 106.87113075150441, -6.326631129166864, 0.0 ], [ 106.871146256747451, -6.32660527618888, 0.0 ], [ 106.871237095528969, -6.326540724697211, 0.0 ], [ 106.87142074868558, -6.326106822960551, 0.0 ], [ 106.871525999556837, -6.325900269352204, 0.0 ], [ 106.871572713095901, -6.325838283637185, 0.0 ], [ 106.871600832511476, -6.325791305933794, 0.0 ], [ 106.871652506510145, -6.325657566419445, 0.0 ], [ 106.871827409554911, -6.325383283595623, 0.0 ], [ 106.871892570723858, -6.32528971918404, 0.0 ], [ 106.8718870840855, -6.325274523062232, 0.0 ], [ 106.871875438333689, -6.325257900685589, 0.0 ], [ 106.871727414603541, -6.325137318923482, 0.0 ], [ 106.871722913126604, -6.325113878853383, 0.0 ], [ 106.871769745110385, -6.325052182046768, 0.0 ], [ 106.871816577083663, -6.324990485239002, 0.0 ], [ 106.871863409950478, -6.324928788426931, 0.0 ], [ 106.871910241903635, -6.324867091616996, 0.0 ], [ 106.871957073846374, -6.324805394806043, 0.0 ], [ 106.872001790147891, -6.324740644174267, 0.0 ], [ 106.872046507340031, -6.324675892634533, 0.0 ], [ 106.872097047964559, -6.324634803335953, 0.0 ], [ 106.872147588580617, -6.324593714034731, 0.0 ], [ 106.872215252518174, -6.324560337796528, 0.0 ], [ 106.87228291554122, -6.324526961555251, 0.0 ], [ 106.872350579460488, -6.324493586208475, 0.0 ], [ 106.872418242462174, -6.324460209954527, 0.0 ], [ 106.872468341159902, -6.324429169103944, 0.0 ], [ 106.872518438950522, -6.324398129157728, 0.0 ], [ 106.872577512760571, -6.324336436131388, 0.0 ], [ 106.872636586556908, -6.324274743102372, 0.0 ], [ 106.872683666815476, -6.324202487651331, 0.0 ], [ 106.872730747966457, -6.324130232196269, 0.0 ], [ 106.872777828202217, -6.324057976744067, 0.0 ], [ 106.87280855604763, -6.324003642537956, 0.0 ], [ 106.872839282980848, -6.323949307430955, 0.0 ], [ 106.872870010815632, -6.323894973224769, 0.0 ], [ 106.872901766488511, -6.323816394244331, 0.0 ], [ 106.872927029991558, -6.323749799614003, 0.0 ], [ 106.872952294390672, -6.323683204076689, 0.0 ], [ 106.872977557885122, -6.323616609447297, 0.0 ], [ 106.873001837175451, -6.323542202923774, 0.0 ], [ 106.8730261164648, -6.323467797305298, 0.0 ], [ 106.873050395746901, -6.323393390783303, 0.0 ], [ 106.87307813842267, -6.323329179593003, 0.0 ], [ 106.873105881093636, -6.323264968403107, 0.0 ], [ 106.873121434218902, -6.323201756825539, 0.0 ], [ 106.873146628914668, -6.323133630824007, 0.0 ], [ 106.873171823609226, -6.323065505727116, 0.0 ], [ 106.87319701739257, -6.322997379730056, 0.0 ], [ 106.873222212078602, -6.322929254634349, 0.0 ], [ 106.873247406756846, -6.322861128634965, 0.0 ], [ 106.873285987501049, -6.32281888621333, 0.0 ], [ 106.873352347078878, -6.322788505529805, 0.0 ], [ 106.873385805613864, -6.322747704691458, 0.0 ], [ 106.873419304201221, -6.322682137335008, 0.0 ], [ 106.873452801881712, -6.322616570886143, 0.0 ], [ 106.873486300455824, -6.322551003530017, 0.0 ], [ 106.87354741496398, -6.322488200070719, 0.0 ], [ 106.873594139030914, -6.322463154986459, 0.0 ], [ 106.873640863999313, -6.322438110800144, 0.0 ], [ 106.873671881832635, -6.32238780984876, 0.0 ], [ 106.873702899661069, -6.322337508897184, 0.0 ], [ 106.873743106596052, -6.322284383724269, 0.0 ], [ 106.8737865001318, -6.322282788813157, 0.0 ], [ 106.873837374610673, -6.322304150323615, 0.0 ], [ 106.873888249092616, -6.322325511827906, 0.0 ], [ 106.873917837696169, -6.322353364975269, 0.0 ], [ 106.873948328789822, -6.322388420005669, 0.0 ], [ 106.873968958775905, -6.322398033558422, 0.0 ], [ 106.874044082568346, -6.322415498456222, 0.0 ], [ 106.874119205459252, -6.322432963344967, 0.0 ], [ 106.87417842131596, -6.322446199018244, 0.0 ], [ 106.874237637174133, -6.322459434683922, 0.0 ], [ 106.874296853033314, -6.322472670341887, 0.0 ], [ 106.874329958441834, -6.322476613299788, 0.0 ], [ 106.874359563562678, -6.322475677448346, 0.0 ], [ 106.874390288703779, -6.322457286640071, 0.0 ], [ 106.874440526526428, -6.322396723924505, 0.0 ], [ 106.874490764338006, -6.322336161207572, 0.0 ], [ 106.874544793787933, -6.322270800077373, 0.0 ], [ 106.874598822321474, -6.322205438948587, 0.0 ], [ 106.874652851745836, -6.322140077814828, 0.0 ], [ 106.874668045787686, -6.32211470784952, 0.0 ], [ 106.874681729250867, -6.322087928343688, 0.0 ], [ 106.874711936467662, -6.322008555679038, 0.0 ], [ 106.874742142778089, -6.321929183922434, 0.0 ], [ 106.874770848743026, -6.321852247920396, 0.0 ], [ 106.874799555606131, -6.321775311915743, 0.0 ], [ 106.874828261559969, -6.321698375915273, 0.0 ], [ 106.874856967508165, -6.321621439915312, 0.0 ], [ 106.874884252137861, -6.321552069506509, 0.0 ], [ 106.874911536759399, -6.321482698194119, 0.0 ], [ 106.874938821379089, -6.321413327786435, 0.0 ], [ 106.874955000737771, -6.321362971825429, 0.0 ], [ 106.874971179191022, -6.321312615867994, 0.0 ], [ 106.874988121569388, -6.321277403400675, 0.0 ], [ 106.875009231752173, -6.321243480584661, 0.0 ], [ 106.875039015101351, -6.321196470629499, 0.0 ], [ 106.875072295746648, -6.321152759945972, 0.0 ], [ 106.875087942439976, -6.321136408104113, 0.0 ], [ 106.875102126312385, -6.321116601373104, 0.0 ], [ 106.875113365868344, -6.321094985216091, 0.0 ], [ 106.875121722992489, -6.321071178764664, 0.0 ], [ 106.875124335796301, -6.321033643691072, 0.0 ], [ 106.875121457404049, -6.320996955714356, 0.0 ], [ 106.875113207920904, -6.320961091797246, 0.0 ], [ 106.875100028136202, -6.320927502407119, 0.0 ], [ 106.875080388035627, -6.320883110076831, 0.0 ], [ 106.87506074703559, -6.320838717747947, 0.0 ], [ 106.875057164484431, -6.320833827486804, 0.0 ], [ 106.875055655199318, -6.320830768780771, 0.0 ], [ 106.875054696370398, -6.320827494711259, 0.0 ], [ 106.875054319076639, -6.320824103718201, 0.0 ], [ 106.875054626772453, -6.320819212085942, 0.0 ], [ 106.875055796073894, -6.320752475606758, 0.0 ], [ 106.875056964477068, -6.320685740034905, 0.0 ], [ 106.87505813378273, -6.320619003555568, 0.0 ], [ 106.875058689847833, -6.320615829808084, 0.0 ], [ 106.875059738193798, -6.320612847772612, 0.0 ], [ 106.875061260822378, -6.320610078309146, 0.0 ], [ 106.875063217336859, -6.320607595703464, 0.0 ], [ 106.875065554669561, -6.320605468862068, 0.0 ], [ 106.875068208863283, -6.320603754072393, 0.0 ], [ 106.875071107792479, -6.320602497706039, 0.0 ], [ 106.875073623131485, -6.32060187200825, 0.0 ], [ 106.875152518168719, -6.320602185135947, 0.0 ], [ 106.875231413205725, -6.320602499155834, 0.0 ], [ 106.875310308236195, -6.320602812259478, 0.0 ], [ 106.875316284265239, -6.320601344977992, 0.0 ], [ 106.875321455015509, -6.320599092186059, 0.0 ], [ 106.875322427763663, -6.320598453967708, 0.0 ] ], [ [ 106.87558399094992, -6.321188084605444, 0.0 ], [ 106.875592441301791, -6.321144515915386, 0.0 ], [ 106.875614698683037, -6.321084151745182, 0.0 ], [ 106.875624315414584, -6.321058069535751, 0.0 ], [ 106.875635378507525, -6.321042409614664, 0.0 ], [ 106.875636956060916, -6.321023787575331, 0.0 ], [ 106.875650413639988, -6.320943120926967, 0.0 ], [ 106.875663870314952, -6.320862454282362, 0.0 ], [ 106.875677326992445, -6.32078178854267, 0.0 ], [ 106.875690784569827, -6.320701121896136, 0.0 ], [ 106.87569535116198, -6.320641299839738, 0.0 ], [ 106.875665108157861, -6.320608874177607, 0.0 ], [ 106.875587752858323, -6.320606522151547, 0.0 ], [ 106.875510397552901, -6.320604169209869, 0.0 ], [ 106.875433043151531, -6.320601817157173, 0.0 ], [ 106.875355687843921, -6.320599465096061, 0.0 ], [ 106.875322427763663, -6.320598453967708, 0.0 ] ] ] } },
{ "type": "Feature", "properties": { "OBJECTID": 270, "toponimi": "Sal. Phb Outlet Kelapa Dua Wetan/Rawa Bambon", "kewenangan": "Pemprov DKI", "jenis": "Saluran Drainase Tersier", "panjang": "1056", "lebar": "2.5 - 3", "kedalaman": "2-2.5", "kota": "Jakarta Timur", "kecamatan": "Ciracas", "lebar_min": 2.5, "lebar_max": 3.0, "kedalaman_": 2.0, "kedalaman1": 2.5, "Shape_Leng": 1.0621267510700001 }, "geometry": { "type": "MultiLineString", "coordinates": [ [ [ 106.885564887790807, -6.335686906625629, 0.0 ], [ 106.885604997682094, -6.335632095810256, 0.0 ], [ 106.88563883181763, -6.335575798831235, 0.0 ], [ 106.88566260042947, -6.335524321517932, 0.0 ], [ 106.885670702548325, -6.335500524261194, 0.0 ], [ 106.885676237484532, -6.335478146526336, 0.0 ], [ 106.885689872743171, -6.335381356765732, 0.0 ], [ 106.885754387485946, -6.334850245372155, 0.0 ], [ 106.885792048927371, -6.334562254125905, 0.0 ], [ 106.885825756654555, -6.334340594624031, 0.0 ], [ 106.885840014766416, -6.334264069041204, 0.0 ], [ 106.885852600920472, -6.334210081758288, 0.0 ], [ 106.885873019259307, -6.334128920000233, 0.0 ], [ 106.885895332241219, -6.334027322822306, 0.0 ], [ 106.885918405995497, -6.333910407434864, 0.0 ], [ 106.885940312580928, -6.333787904159378, 0.0 ], [ 106.885959035931236, -6.33367092683808, 0.0 ], [ 106.885972284418358, -6.333573559689285, 0.0 ], [ 106.885978744539727, -6.333505538315356, 0.0 ], [ 106.885979280650588, -6.333484056410424, 0.0 ], [ 106.885978001396282, -6.333471376193895, 0.0 ], [ 106.885970476209138, -6.333455271011264, 0.0 ], [ 106.885954300052774, -6.333430941158896, 0.0 ], [ 106.885896910436884, -6.333358914552607, 0.0 ], [ 106.885803165360628, -6.333253297622635, 0.0 ], [ 106.885754965067349, -6.333202238364615, 0.0 ], [ 106.885726754300748, -6.333174637458172, 0.0 ], [ 106.885651818242678, -6.333114078222846, 0.0 ], [ 106.885586555284902, -6.333055402281024, 0.0 ], [ 106.885530657832547, -6.332998371528939, 0.0 ], [ 106.88548547887477, -6.332944294422201, 0.0 ], [ 106.88546717439705, -6.332918707427324, 0.0 ], [ 106.885451664340408, -6.332894031353922, 0.0 ], [ 106.885438971488441, -6.332870302557176, 0.0 ], [ 106.885429110273932, -6.332847548191041, 0.0 ], [ 106.885422092227941, -6.332825796946269, 0.0 ], [ 106.885417920498739, -6.332805061544381, 0.0 ], [ 106.88541659827122, -6.332785357981377, 0.0 ], [ 106.885418126349407, -6.332766698874451, 0.0 ], [ 106.885429351281587, -6.332708839603684, 0.0 ], [ 106.885447664135569, -6.332629906313284, 0.0 ], [ 106.885558499509628, -6.332204530642357, 0.0 ], [ 106.88557626554568, -6.332129891493596, 0.0 ], [ 106.885584683029265, -6.332084328109968, 0.0 ], [ 106.8855958595841, -6.332020069796052, 0.0 ], [ 106.885617835046034, -6.331920346207179, 0.0 ], [ 106.885650910447268, -6.331784340982853, 0.0 ], [ 106.885688709845695, -6.331638247295135, 0.0 ], [ 106.88569313511222, -6.331604919273788, 0.0 ], [ 106.88569700498536, -6.331511938622325, 0.0 ], [ 106.885700058634058, -6.331470955212676, 0.0 ], [ 106.885705219318524, -6.331436310906512, 0.0 ], [ 106.885712535191146, -6.331410905232562, 0.0 ], [ 106.885754699590237, -6.331256587072954, 0.0 ], [ 106.886031346939262, -6.330198639360114, 0.0 ], [ 106.886172505493533, -6.329675771802711, 0.0 ], [ 106.886235975592257, -6.329451261927558, 0.0 ], [ 106.886284957675898, -6.329288358135766, 0.0 ], [ 106.88631956346417, -6.329186690398504, 0.0 ], [ 106.886331480382125, -6.329158806597243, 0.0 ], [ 106.886339808211858, -6.329146218920672, 0.0 ], [ 106.886373323743442, -6.329114533408506, 0.0 ], [ 106.886425295306609, -6.329058076690002, 0.0 ], [ 106.886483649899077, -6.328990021293012, 0.0 ], [ 106.886543229016652, -6.328916468189059, 0.0 ], [ 106.886597585786276, -6.328845694228484, 0.0 ], [ 106.886648735297427, -6.32877541098348, 0.0 ], [ 106.886695801015108, -6.328706825223857, 0.0 ], [ 106.886738348339023, -6.328640574851917, 0.0 ], [ 106.886773864414764, -6.328581000679515, 0.0 ], [ 106.886804970606633, -6.328524177360245, 0.0 ], [ 106.886831553196146, -6.328470313133089, 0.0 ], [ 106.886853543722225, -6.328419547555147, 0.0 ], [ 106.886870881902482, -6.328372027884111, 0.0 ], [ 106.886883554964569, -6.328327799547752, 0.0 ], [ 106.886891543560807, -6.328286930472935, 0.0 ], [ 106.886894838227278, -6.328249469894001, 0.0 ], [ 106.887134897499493, -6.328124405832154, 0.0 ] ] ] } }
]
}
