{
"type": "FeatureCollection",
"name": "saluran_phb_cipayung",
"crs": { "type": "name", "properties": { "name": "urn:ogc:def:crs:OGC:1.3:CRS84" } },
"features": [
{ "type": "Feature", "properties": { "OBJECTID": 277, "toponimi": "Sal. Phb Kandang Burung", "kewenangan": "Pemprov DKI", "jenis": "Saluran Drainase Tersier", "panjang": "1432", "lebar": "1.5 - 2", "kedalaman": "2", "kota": "Jakarta Timur", "kecamatan": "Cipayung", "lebar_min": 1.5, "lebar_max": 2.0, "kedalaman_": 2.0, "kedalaman1": 2.0, "Shape_Leng": 1.3849960509399999 }, "geometry": { "type": "MultiLineString", "coordinates": [ [ [ 106.90216106163777, -6.29948858656322, 0.0 ], [ 106.902160273387338, -6.299421265942401, 0.0 ], [ 106.902159486046614, -6.299353946222216, 0.0 ], [ 106.902158697801852, -6.299286625600929, 0.0 ], [ 106.902158533742863, -6.29927259225837, 0.0 ], [ 106.90215845896833, -6.299266203028365, 0.0 ], [ 106.902157214551011, -6.299258222269659, 0.0 ], [ 106.902136913975511, -6.29924131577951, 0.0 ], [ 106.902088657750028, -6.299229912500314, 0.0 ], [ 106.902040401528524, -6.299218510120284, 0.0 ], [ 106.901974754869144, -6.299202997661324, 0.0 ], [ 106.901909108211314, -6.299187485193032, 0.0 ], [ 106.901859362913925, -6.299160218890386, 0.0 ], [ 106.901823895884846, -6.299115928157719, 0.0 ], [ 106.90185292072799, -6.299032314872079, 0.0 ], [ 106.901881944661582, -6.298948701590798, 0.0 ], [ 106.901910969493159, -6.298865088307168, 0.0 ], [ 106.901952057516567, -6.298839060445925, 0.0 ], [ 106.902033075116449, -6.298857228377798, 0.0 ], [ 106.902114092714967, -6.298875395391221, 0.0 ], [ 106.9021951103188, -6.298893563294429, 0.0 ], [ 106.902246921861718, -6.298870384114185, 0.0 ], [ 106.902270346927466, -6.298796930184237, 0.0 ], [ 106.902293771082626, -6.298723475354253, 0.0 ], [ 106.902317196137517, -6.29865002052173, 0.0 ], [ 106.902340620288157, -6.298576566597321, 0.0 ], [ 106.902352785766908, -6.29853841849468, 0.0 ], [ 106.90237149850762, -6.298480347475694, 0.0 ], [ 106.902390211249298, -6.298422277361253, 0.0 ], [ 106.90240892398522, -6.298364206343118, 0.0 ], [ 106.902420410936159, -6.298352630446854, 0.0 ], [ 106.902487470754892, -6.298330440841093, 0.0 ], [ 106.902554530562426, -6.298308250324302, 0.0 ], [ 106.902621590361733, -6.298286059800619, 0.0 ], [ 106.902688650156492, -6.298263870174075, 0.0 ], [ 106.902750468308199, -6.298250909143469, 0.0 ], [ 106.90281228645479, -6.298237948106399, 0.0 ], [ 106.902890543957142, -6.298239144584206, 0.0 ], [ 106.90296880054936, -6.298240340149302, 0.0 ], [ 106.903032466714009, -6.298241313156934, 0.0 ], [ 106.903094180214524, -6.298245270584735, 0.0 ], [ 106.903155894614187, -6.29824922709755, 0.0 ], [ 106.903217608112172, -6.298253184510177, 0.0 ], [ 106.903240890688878, -6.298254749625045, 0.0 ], [ 106.903241151913093, -6.298254772179653, 0.0 ], [ 106.903319391309964, -6.298262907868673, 0.0 ], [ 106.903397631612592, -6.298271044445973, 0.0 ], [ 106.903418544542077, -6.298254150404244, 0.0 ], [ 106.903426041544591, -6.298182671341106, 0.0 ], [ 106.903433539454795, -6.298111193179202, 0.0 ], [ 106.903441036459043, -6.298039714116717, 0.0 ], [ 106.903451105868101, -6.298030934431858, 0.0 ], [ 106.903538681654041, -6.298037935710532, 0.0 ], [ 106.903626257441232, -6.298044937877954, 0.0 ], [ 106.903713833222952, -6.298051939125792, 0.0 ], [ 106.903801409006036, -6.298058941262327, 0.0 ], [ 106.903888984783663, -6.298065942479377, 0.0 ], [ 106.903922998173115, -6.29804657664786, 0.0 ], [ 106.903961459403391, -6.297971013670786, 0.0 ], [ 106.903999919721244, -6.297895450697355, 0.0 ], [ 106.904038380937408, -6.297819888625072, 0.0 ], [ 106.904076841237867, -6.297744325652314, 0.0 ], [ 106.904154820748289, -6.297719365553995, 0.0 ], [ 106.904230620448288, -6.297747372887445, 0.0 ], [ 106.904306419246751, -6.29777537930663, 0.0 ], [ 106.904358843139306, -6.29779854350485, 0.0 ], [ 106.904406063746606, -6.297831034716485, 0.0 ], [ 106.904465504466913, -6.297867675586026, 0.0 ], [ 106.904532998374393, -6.297898191401365, 0.0 ], [ 106.904599497890885, -6.297930819268599, 0.0 ], [ 106.904664936039339, -6.297965528692209, 0.0 ], [ 106.904729248536896, -6.298002284645726, 0.0 ], [ 106.904792371994446, -6.298041049387436, 0.0 ], [ 106.904856736020861, -6.29805005283372, 0.0 ], [ 106.90491508849135, -6.298021423879854, 0.0 ], [ 106.904964708954509, -6.297946326446622, 0.0 ], [ 106.904989897569209, -6.297908345077941, 0.0 ], [ 106.905031220956758, -6.297858724696571, 0.0 ], [ 106.905072544333578, -6.297809103410002, 0.0 ], [ 106.90511824318817, -6.29775360014746, 0.0 ], [ 106.905163941126744, -6.297698095982927, 0.0 ], [ 106.905209639963275, -6.297642592717978, 0.0 ], [ 106.90525581855789, -6.297586829118814, 0.0 ], [ 106.905301996242912, -6.297531066425804, 0.0 ], [ 106.905348174819011, -6.297475302824168, 0.0 ], [ 106.905394352485473, -6.297419540128702, 0.0 ], [ 106.905440531042956, -6.297363776524644, 0.0 ], [ 106.905493671825468, -6.297299334967681, 0.0 ], [ 106.905546811692048, -6.297234893412492, 0.0 ], [ 106.905599952449776, -6.297170451852343, 0.0 ], [ 106.905630549496891, -6.297131602653241, 0.0 ], [ 106.905661145639471, -6.297092754361048, 0.0 ], [ 106.905706526282046, -6.297016186004424, 0.0 ], [ 106.905751907814022, -6.296939616740288, 0.0 ], [ 106.905797288434428, -6.296863048383357, 0.0 ], [ 106.905842669944036, -6.296786479118859, 0.0 ], [ 106.905888050542117, -6.296709910761598, 0.0 ], [ 106.905943098986413, -6.296641579891526, 0.0 ], [ 106.905998148324215, -6.2965732499206, 0.0 ], [ 106.906053196741595, -6.296504919047209, 0.0 ], [ 106.906108246049115, -6.296436588168882, 0.0 ], [ 106.906163294439594, -6.296368257292223, 0.0 ], [ 106.906218343723452, -6.296299927314716, 0.0 ], [ 106.90627339208703, -6.296231596434757, 0.0 ], [ 106.906326018899264, -6.296223980411207, 0.0 ], [ 106.906377691602898, -6.296259735375125, 0.0 ], [ 106.906429363412443, -6.296295491239212, 0.0 ], [ 106.906481036128469, -6.296331246188531, 0.0 ], [ 106.906491411837649, -6.296330164018429, 0.0 ], [ 106.906546889439241, -6.296271511168069, 0.0 ], [ 106.906602366121788, -6.296212857414662, 0.0 ], [ 106.906657843698852, -6.296154204559857, 0.0 ], [ 106.906713321263737, -6.296095551702753, 0.0 ], [ 106.906768797909393, -6.296036897942552, 0.0 ], [ 106.906824275449779, -6.295978245080867, 0.0 ], [ 106.906879752977758, -6.295919592216957, 0.0 ], [ 106.906935229586693, -6.295860938449981, 0.0 ], [ 106.906990707090316, -6.295802285581505, 0.0 ], [ 106.907035852544681, -6.295750983060825, 0.0 ], [ 106.907080997086993, -6.295699680542119, 0.0 ], [ 106.907126142527574, -6.295648378922851, 0.0 ], [ 106.907171287956331, -6.295597076398212, 0.0 ], [ 106.907180663923825, -6.295584263171496, 0.0 ], [ 106.907229016372582, -6.295514434158685, 0.0 ], [ 106.907285862799213, -6.295451335192201, 0.0 ], [ 106.90735027714598, -6.295395993127921, 0.0 ], [ 106.907421210010625, -6.295349309598326, 0.0 ], [ 106.907497506655261, -6.295312043767906, 0.0 ], [ 106.907525089903771, -6.295296202982897, 0.0 ], [ 106.907595810786276, -6.295242201283802, 0.0 ], [ 106.90766653255983, -6.295188200480258, 0.0 ], [ 106.90773725341073, -6.295134198770659, 0.0 ], [ 106.907807975149339, -6.295080197052431, 0.0 ], [ 106.907878695968506, -6.295026195332229, 0.0 ], [ 106.907949417678722, -6.294972194507612, 0.0 ], [ 106.908020138466185, -6.294918192776806, 0.0 ], [ 106.908041928038415, -6.294892019060997, 0.0 ], [ 106.908078322629763, -6.294820352232338, 0.0 ], [ 106.908114717216506, -6.294748686308052, 0.0 ], [ 106.908151112695919, -6.294677019476676, 0.0 ], [ 106.908187507267101, -6.294605353552976, 0.0 ], [ 106.908223901827185, -6.294533686725504, 0.0 ], [ 106.908264019633364, -6.29445570450866, 0.0 ], [ 106.90830413743015, -6.294377722292046, 0.0 ], [ 106.908344255220825, -6.294299740979929, 0.0 ], [ 106.908384372998782, -6.294221758764063, 0.0 ], [ 106.908424490767331, -6.294143776548476, 0.0 ], [ 106.908438847265145, -6.29412550858188, 0.0 ], [ 106.908496173120596, -6.294076985994852, 0.0 ], [ 106.90855457901219, -6.294029769539773, 0.0 ], [ 106.908614034306993, -6.293983883739678, 0.0 ], [ 106.908674509269431, -6.293939351306065, 0.0 ], [ 106.90873597326339, -6.293896195857871, 0.0 ], [ 106.908796538324495, -6.293847638808626, 0.0 ], [ 106.908857103373649, -6.293799081755584, 0.0 ], [ 106.908917668414105, -6.293750525603063, 0.0 ], [ 106.908978233439285, -6.293701968542678, 0.0 ], [ 106.909038798452372, -6.293653411478516, 0.0 ], [ 106.909111149659026, -6.293605767886127, 0.0 ], [ 106.909183500850787, -6.293558124287647, 0.0 ], [ 106.909255851127298, -6.293510481590443, 0.0 ], [ 106.909328202289146, -6.293462837979612, 0.0 ], [ 106.909405923369874, -6.293420603115388, 0.0 ], [ 106.909484646226772, -6.293380266866512, 0.0 ], [ 106.909564324870203, -6.29334185471629, 0.0 ], [ 106.909644910586465, -6.293305388541342, 0.0 ], [ 106.909726357369308, -6.293270889304115, 0.0 ], [ 106.909808616501635, -6.293238377977289, 0.0 ], [ 106.909862706186544, -6.29321850450613, 0.0 ], [ 106.909929991823688, -6.293211213439895, 0.0 ], [ 106.909986407935861, -6.293204362651637, 0.0 ], [ 106.910051950795122, -6.293196648484177, 0.0 ], [ 106.910116678430882, -6.293193089952531, 0.0 ], [ 106.910185571382996, -6.293193668837321, 0.0 ], [ 106.91030567642089, -6.293200444417138, 0.0 ] ] ] } },
{ "type": "Feature", "properties": { "OBJECTID": 1200, "toponimi": "Sal. Phb Manunggal 2", "kewenangan": "Pemprov DKI", "jenis": "Saluran Drainase Tersier", "panjang": "1156", "lebar": "1.5", "kedalaman": "1 - 1.5", "kota": "Jakarta Timur", "kecamatan": "Cipayung", "lebar_min": 1.5, "lebar_max": 1.5, "kedalaman_": 1.0, "kedalaman1": 1.5, "Shape_Leng": 0.57087589540999994 }, "geometry": { "type": "MultiLineString", "coordinates": [ [ [ 106.886460359348831, -6.311792654125189, 0.0 ], [ 106.886346459716918, -6.31180695889082, 0.0 ], [ 106.886281899854808, -6.31181334635554, 0.0 ], [ 106.88620491645672, -6.311785932335995, 0.0 ], [ 106.886138658079844, -6.311747708431286, 0.0 ], [ 106.886126222512274, -6.31171082839711, 0.0 ], [ 106.886138229424887, -6.311629242317784, 0.0 ], [ 106.886115047480573, -6.311597016844487, 0.0 ], [ 106.886000837202559, -6.311480501707008, 0.0 ], [ 106.885945258466734, -6.311419160901349, 0.0 ], [ 106.885908170733018, -6.311368523234006, 0.0 ], [ 106.885869461549817, -6.311294813254949, 0.0 ], [ 106.885879947241875, -6.31121784831646, 0.0 ], [ 106.885893441180357, -6.311122409940429, 0.0 ], [ 106.885879545720812, -6.310921007875021, 0.0 ], [ 106.88584843442797, -6.310689185059839, 0.0 ], [ 106.885829935730797, -6.310596650906278, 0.0 ], [ 106.885801252101288, -6.31055781073993, 0.0 ], [ 106.885762238630249, -6.310532853980012, 0.0 ], [ 106.885754038134337, -6.310533352922946, 0.0 ], [ 106.885680291365716, -6.310426125805306, 0.0 ], [ 106.88557323764789, -6.310454854600497, 0.0 ], [ 106.885570598123763, -6.310454103775151, 0.0 ], [ 106.885570552886961, -6.310454088568541, 0.0 ], [ 106.885570598123763, -6.310454103775151, 0.0 ], [ 106.88557323764789, -6.310454854600497, 0.0 ], [ 106.885282303008168, -6.31053274250013, 0.0 ] ] ] } },
{ "type": "Feature", "properties": { "OBJECTID": 286, "toponimi": "Sal. Phb Harimau Jawa", "kewenangan": "Pemprov DKI", "jenis": "Saluran Drainase Tersier", "panjang": "1318", "lebar": "2 - 2.5", "kedalaman": "1.2 - 1.8", "kota": "Jakarta Timur", "kecamatan": "Cipayung", "lebar_min": 2.0, "lebar_max": 2.5, "kedalaman_": 1.2, "kedalaman1": 1.8, "Shape_Leng": 2.02572212866 }, "geometry": { "type": "MultiLineString", "coordinates": [ [ [ 106.891003676370872, -6.347242798825103, 0.0 ], [ 106.891025526630244, -6.347176848166873, 0.0 ], [ 106.891041231696661, -6.347147790636152, 0.0 ], [ 106.891195852482056, -6.346848611400589, 0.0 ], [ 106.891315773823251, -6.346655412466224, 0.0 ], [ 106.891467104430603, -6.346346441699922, 0.0 ], [ 106.891555189061023, -6.346151682773323, 0.0 ], [ 106.891605088331787, -6.346052605198864, 0.0 ], [ 106.891628230590797, -6.345967035499856, 0.0 ], [ 106.891629545176997, -6.34586813537539, 0.0 ], [ 106.891619083765832, -6.345755869919312, 0.0 ], [ 106.891612057464428, -6.345678571138154, 0.0 ], [ 106.891619413035698, -6.345625678525093, 0.0 ], [ 106.891644579934336, -6.345564482373417, 0.0 ], [ 106.891686576670764, -6.34541397114321, 0.0 ], [ 106.891697353497605, -6.345358320175395, 0.0 ], [ 106.891695283393631, -6.345261049913863, 0.0 ], [ 106.891718629514969, -6.345194453680755, 0.0 ], [ 106.891763353441391, -6.345109542947312, 0.0 ], [ 106.891891264064071, -6.344902033136961, 0.0 ], [ 106.891985039821321, -6.34474292253345, 0.0 ], [ 106.892038372719682, -6.344666561511648, 0.0 ], [ 106.892077570635095, -6.344536615150647, 0.0 ], [ 106.892081562016287, -6.34445507101043, 0.0 ], [ 106.892093039787625, -6.344368135288459, 0.0 ], [ 106.89229507737393, -6.344200047202408, 0.0 ], [ 106.892389166091704, -6.344126756030126, 0.0 ], [ 106.892426576618533, -6.344094436660209, 0.0 ], [ 106.892484468380289, -6.344092079673314, 0.0 ], [ 106.89256369872875, -6.344060680738396, 0.0 ], [ 106.892640628028829, -6.343986379013293, 0.0 ], [ 106.892673686124652, -6.343936911420146, 0.0 ], [ 106.892689511391055, -6.34386605164143, 0.0 ], [ 106.892702268336137, -6.34383596784024, 0.0 ], [ 106.892758801585273, -6.34375530498486, 0.0 ], [ 106.892808992489634, -6.343699338257426, 0.0 ], [ 106.892835554630764, -6.343632730283908, 0.0 ], [ 106.892846084915817, -6.343580126269562, 0.0 ], [ 106.892862888860222, -6.343483516752475, 0.0 ], [ 106.892840156600371, -6.343424598619152, 0.0 ], [ 106.892817314722848, -6.343335642783815, 0.0 ], [ 106.89278697956658, -6.343249933041458, 0.0 ], [ 106.892815679203906, -6.343181171751474, 0.0 ], [ 106.892850897335862, -6.343135987302797, 0.0 ], [ 106.892878673971623, -6.343107994149785, 0.0 ], [ 106.893004928787065, -6.3430345854378, 0.0 ], [ 106.893121584104023, -6.342975158068344, 0.0 ], [ 106.893290782128474, -6.342916611004852, 0.0 ], [ 106.893363582877555, -6.34288630781039, 0.0 ], [ 106.893412885028539, -6.342880763424398, 0.0 ], [ 106.893476204704129, -6.342896623847954, 0.0 ], [ 106.893506261871167, -6.342906168369743, 0.0 ], [ 106.893557626200987, -6.342878088998551, 0.0 ], [ 106.893612104881029, -6.342822106573021, 0.0 ], [ 106.893655913256396, -6.342780109425973, 0.0 ], [ 106.893671745320461, -6.342711395152409, 0.0 ], [ 106.893680127188063, -6.342657726696612, 0.0 ], [ 106.893712105525907, -6.342606117521823, 0.0 ], [ 106.893768600243249, -6.342514726310425, 0.0 ], [ 106.893788721135365, -6.342445996365858, 0.0 ], [ 106.89379486066359, -6.342365517648494, 0.0 ], [ 106.893842777669803, -6.342274157786953, 0.0 ], [ 106.893891813422357, -6.342195667817873, 0.0 ], [ 106.893905504953707, -6.342128033677185, 0.0 ], [ 106.893941815170308, -6.342088209444298, 0.0 ], [ 106.893992119386567, -6.342063351751043, 0.0 ], [ 106.894061734214588, -6.342041642198557, 0.0 ], [ 106.894133592282159, -6.342046743797445, 0.0 ], [ 106.894241881055265, -6.34204527478499, 0.0 ], [ 106.894543231064816, -6.34206026499922, 0.0 ], [ 106.894571147681248, -6.342070890501327, 0.0 ], [ 106.89461203659198, -6.342110432534471, 0.0 ], [ 106.894724704304664, -6.342133621245411, 0.0 ], [ 106.894908115216012, -6.342150114724162, 0.0 ], [ 106.894975699207336, -6.342159522850374, 0.0 ], [ 106.895039965128433, -6.342141050548671, 0.0 ], [ 106.895121362874761, -6.342116079961115, 0.0 ], [ 106.895194288755661, -6.342120104293981, 0.0 ], [ 106.895266170311345, -6.342131641272275, 0.0 ], [ 106.895369325775491, -6.342192411515149, 0.0 ], [ 106.895484231986316, -6.34224133798801, 0.0 ], [ 106.895543329368863, -6.342275449996356, 0.0 ], [ 106.895603482834375, -6.34230526711112, 0.0 ], [ 106.895682087768861, -6.342396163318429, 0.0 ], [ 106.895750165768334, -6.342540736682685, 0.0 ], [ 106.895837466071697, -6.342663783691419, 0.0 ], [ 106.895900996536412, -6.342737571810527, 0.0 ], [ 106.896053520881011, -6.342811033380638, 0.0 ], [ 106.896121188192978, -6.342842968423582, 0.0 ], [ 106.896133983949753, -6.342848779484492, 0.0 ], [ 106.896133313951054, -6.342850903938746, 0.0 ], [ 106.896131982856986, -6.342855363477825, 0.0 ], [ 106.896130721421798, -6.342859843557053, 0.0 ], [ 106.896129530542765, -6.342864342364979, 0.0 ], [ 106.896128410219561, -6.342868859901488, 0.0 ], [ 106.896127360445959, -6.342873394358389, 0.0 ], [ 106.896126382118723, -6.342877943924167, 0.0 ], [ 106.896125520439497, -6.342882266125447, 0.0 ], [ 106.896125373324821, -6.342883058685188, 0.0 ], [ 106.896125070581604, -6.34288528125021, 0.0 ], [ 106.89612333288872, -6.342902611720602, 0.0 ], [ 106.896121656897009, -6.34292001067943, 0.0 ], [ 106.896120049611071, -6.342937416619936, 0.0 ], [ 106.896118511027524, -6.342954828637965, 0.0 ], [ 106.896117040239588, -6.342972245832717, 0.0 ], [ 106.8961156372538, -6.342989670012416, 0.0 ], [ 106.896114303867535, -6.343007098458153, 0.0 ], [ 106.896113037373084, -6.343024532083899, 0.0 ], [ 106.896111840481538, -6.343041970879765, 0.0 ], [ 106.896110712289143, -6.343059414849042, 0.0 ], [ 106.896110580178657, -6.343061592487191, 0.0 ], [ 106.896109651885794, -6.343076862186826, 0.0 ], [ 106.896108660178314, -6.343094313793914, 0.0 ], [ 106.896107790340125, -6.343110741475317, 0.0 ], [ 106.896096825885309, -6.34320640009889, 0.0 ], [ 106.896094744213244, -6.343224560919252, 0.0 ], [ 106.896094264289701, -6.343228745199441, 0.0 ], [ 106.896092663405312, -6.3432427108868, 0.0 ], [ 106.89607536547193, -6.343393619906421, 0.0 ], [ 106.896074834591474, -6.343397213973566, 0.0 ], [ 106.896074203484488, -6.343401077839529, 0.0 ], [ 106.896073504750376, -6.343404982638867, 0.0 ], [ 106.896072764944464, -6.34340877638016, 0.0 ], [ 106.896071955717346, -6.343412614677996, 0.0 ], [ 106.89607107614242, -6.343416491206903, 0.0 ], [ 106.896070800141402, -6.343417624192743, 0.0 ], [ 106.89609880150482, -6.343465248242528, 0.0 ], [ 106.896104579910599, -6.343474208763075, 0.0 ], [ 106.89613330835877, -6.343518759709299, 0.0 ], [ 106.896163502842938, -6.343565850424135, 0.0 ], [ 106.896197884201896, -6.343585034184215, 0.0 ], [ 106.896287007626952, -6.343620109362228, 0.0 ], [ 106.896338630668311, -6.343662830611334, 0.0 ], [ 106.896394573944605, -6.34371411807793, 0.0 ], [ 106.89642792188323, -6.343744033147548, 0.0 ], [ 106.896472966530638, -6.343747086077726, 0.0 ], [ 106.896504921036808, -6.343689040353012, 0.0 ], [ 106.89654115653596, -6.343628833448162, 0.0 ], [ 106.896597791951379, -6.343576061602548, 0.0 ], [ 106.896663086521926, -6.343545785450914, 0.0 ], [ 106.896707031927306, -6.343541333559091, 0.0 ], [ 106.896800356973756, -6.343552791754978, 0.0 ], [ 106.896862674679298, -6.343587964958464, 0.0 ], [ 106.896898191493122, -6.343624308578813, 0.0 ], [ 106.896901584237739, -6.343672569657461, 0.0 ], [ 106.896939245483082, -6.343708905421021, 0.0 ], [ 106.896988602508145, -6.343718379947983, 0.0 ], [ 106.897056269072849, -6.34375031481841, 0.0 ], [ 106.897123893379387, -6.343770449082296, 0.0 ], [ 106.897161416392208, -6.343769239379648, 0.0 ], [ 106.897189101585496, -6.343716572587654, 0.0 ], [ 106.897202891654842, -6.34367575742693, 0.0 ], [ 106.897199497978875, -6.343627496361953, 0.0 ], [ 106.897212282095794, -6.343604921256518, 0.0 ], [ 106.897316707280098, -6.343426461656288, 0.0 ], [ 106.897379587461103, -6.34332217468455, 0.0 ], [ 106.897398663543655, -6.343260957386471, 0.0 ], [ 106.897397367190592, -6.343199815595882, 0.0 ], [ 106.897433649643745, -6.343152481546423, 0.0 ], [ 106.897490292747406, -6.343101854220222, 0.0 ], [ 106.897518040683295, -6.343066352170467, 0.0 ], [ 106.897567115058038, -6.342998588492197, 0.0 ], [ 106.897588343386786, -6.342939509727006, 0.0 ], [ 106.897583877940519, -6.342891251693357, 0.0 ], [ 106.897600844901575, -6.342839697361397, 0.0 ], [ 106.897638218698361, -6.342797723535704, 0.0 ], [ 106.897652040123162, -6.342765490297075, 0.0 ], [ 106.897663708376641, -6.342731119435673, 0.0 ], [ 106.897668689178019, -6.342627043598945, 0.0 ], [ 106.897692073679892, -6.342571174750539, 0.0 ], [ 106.897768027321291, -6.342523695415426, 0.0 ], [ 106.897853627346976, -6.342475108442255, 0.0 ], [ 106.897933807889316, -6.342410449547997, 0.0 ], [ 106.897996883210467, -6.342359798645312, 0.0 ], [ 106.898019258715848, -6.342321097552975, 0.0 ], [ 106.898065198326762, -6.342275873629833, 0.0 ], [ 106.898117630958353, -6.342246717681559, 0.0 ], [ 106.898439977108637, -6.342139333837622, 0.0 ], [ 106.898580243371271, -6.342086255504094, 0.0 ], [ 106.898684137930019, -6.342055837769988, 0.0 ], [ 106.898856542826778, -6.341995130997131, 0.0 ], [ 106.898907898779726, -6.341964905729576, 0.0 ], [ 106.898937822384994, -6.341937977703351, 0.0 ], [ 106.898969902178067, -6.341914259583253, 0.0 ], [ 106.899012715807373, -6.341893719937782, 0.0 ], [ 106.89905664528915, -6.34188497693867, 0.0 ], [ 106.899089855734161, -6.341877346421009, 0.0 ], [ 106.899140151682843, -6.341850342829613, 0.0 ], [ 106.899206388880742, -6.341784662606454, 0.0 ], [ 106.899257626965195, -6.341722255154169, 0.0 ], [ 106.899285304009979, -6.34166744286489, 0.0 ], [ 106.899310836642996, -6.341612639338571, 0.0 ], [ 106.89932123334026, -6.341582478258178, 0.0 ], [ 106.89934724430799, -6.341564532648535, 0.0 ], [ 106.89937941336126, -6.341541758102231, 0.0 ], [ 106.899408085821932, -6.34150114608406, 0.0 ], [ 106.899434043994262, -6.341468782467016, 0.0 ], [ 106.899432578312584, -6.341443384432013, 0.0 ], [ 106.899421535878119, -6.341426260852264, 0.0 ], [ 106.899398767641799, -6.341392703336433, 0.0 ], [ 106.899377354484287, -6.341354333580952, 0.0 ], [ 106.899388185780154, -6.341313786948575, 0.0 ], [ 106.899418178121991, -6.341258751897738, 0.0 ], [ 106.899444852336174, -6.341234625017725, 0.0 ], [ 106.899473612754207, -6.341218041804761, 0.0 ], [ 106.899503723222679, -6.34119527480262, 0.0 ], [ 106.899520104630355, -6.341171185642309, 0.0 ], [ 106.899533705493951, -6.341137493937588, 0.0 ], [ 106.899547344062967, -6.341114101065878, 0.0 ], [ 106.899560304286254, -6.341092770293554, 0.0 ], [ 106.899568425406855, -6.341061844521644, 0.0 ], [ 106.899566957216692, -6.341035761165152, 0.0 ], [ 106.899570232602571, -6.340993181708741, 0.0 ], [ 106.899587181747165, -6.340936821986994, 0.0 ], [ 106.899609686033727, -6.340898292190112, 0.0 ], [ 106.899626039776493, -6.340866650010824, 0.0 ], [ 106.899631429022321, -6.340839168146336, 0.0 ], [ 106.899607918721088, -6.340790508017077, 0.0 ], [ 106.899556249364693, -6.340735086004137, 0.0 ], [ 106.899523200939981, -6.340704998246486, 0.0 ], [ 106.899493551078294, -6.340665973341017, 0.0 ], [ 106.899472841440613, -6.340632407371204, 0.0 ], [ 106.899476737380738, -6.340571975354244, 0.0 ], [ 106.899491708404071, -6.340537592396425, 0.0 ], [ 106.899514237825301, -6.340505928495151, 0.0 ], [ 106.899534713711319, -6.340475644591753, 0.0 ], [ 106.899560032808566, -6.340456328147659, 0.0 ], [ 106.899612853614443, -6.340451328213191, 0.0 ], [ 106.899658175444429, -6.340460087716258, 0.0 ], [ 106.899727533472657, -6.340473564588404, 0.0 ], [ 106.899805806588049, -6.340485636303427, 0.0 ], [ 106.899890242800609, -6.340494251522595, 0.0 ], [ 106.899976024033734, -6.34049531048588, 0.0 ], [ 106.900013768255832, -6.340495858373953, 0.0 ], [ 106.900049441353033, -6.340492981765665, 0.0 ], [ 106.900082956936402, -6.340463336289034, 0.0 ], [ 106.900102067654956, -6.340435117894374, 0.0 ], [ 106.900149683179819, -6.340320287660311, 0.0 ], [ 106.900166632252223, -6.340263927039457, 0.0 ], [ 106.900233017039398, -6.340168551831906, 0.0 ], [ 106.900298201797014, -6.340108238737895, 0.0 ], [ 106.900400987780799, -6.340068170546884, 0.0 ], [ 106.900473759962921, -6.340030356974563, 0.0 ], [ 106.900580685412066, -6.339949508990099, 0.0 ], [ 106.900622335779872, -6.339904300689225, 0.0 ], [ 106.900728047973828, -6.339784837149535, 0.0 ], [ 106.90073546648398, -6.339761209399521, 0.0 ], [ 106.900755716942271, -6.339727880283513, 0.0 ], [ 106.901018971471132, -6.339881391314251, 0.0 ], [ 106.901121011760466, -6.339930363712974, 0.0 ], [ 106.901186286752264, -6.339894723059452, 0.0 ], [ 106.901222670825234, -6.339875280088293, 0.0 ], [ 106.901274089282737, -6.339862218488492, 0.0 ], [ 106.901579871186868, -6.339991834321086, 0.0 ] ] ] } },
{ "type": "Feature", "properties": { "OBJECTID": 1081, "toponimi": "Sal. Phb Jankes Munjul", "kewenangan": "Pemprov DKI", "jenis": "Saluran Drainase Tersier", "panjang": "2920", "lebar": "1", "kedalaman": "1 - 1.5", "kota": "Jakarta Timur", "kecamatan": "Cipayung", "lebar_min": 1.0, "lebar_max": 1.0, "kedalaman_": 1.0, "kedalaman1": 1.5, "Shape_Leng": 2.2357125660100001 }, "geometry": { "type": "MultiLineString", "coordinates": [ [ [ 106.892514575094509, -6.354796479969185, 0.0 ], [ 106.892748410664311, -6.354781109450858, 0.0 ], [ 106.892960637215751, -6.354753539617172, 0.0 ], [ 106.893201523698153, -6.35471725381499, 0.0 ], [ 106.893289583922524, -6.354736069303289, 0.0 ], [ 106.8934177784691, -6.354745168487741, 0.0 ], [ 106.893534426070175, -6.354735172992048, 0.0 ], [ 106.893633753238589, -6.354696533697431, 0.0 ], [ 106.893749212787029, -6.354623388687658, 0.0 ], [ 106.893961933150763, -6.354469509044056, 0.0 ], [ 106.893997278068468, -6.354457897109721, 0.0 ], [ 106.894056579377903, -6.35445863653443, 0.0 ], [ 106.894108239598552, -6.354462275465527, 0.0 ], [ 106.894168501418278, -6.354463967934331, 0.0 ], [ 106.894212461031628, -6.354454238491968, 0.0 ], [ 106.894281063571128, -6.354383178145152, 0.0 ], [ 106.894431742678563, -6.354263974012921, 0.0 ], [ 106.894570142734239, -6.354186916756015, 0.0 ], [ 106.894648333498836, -6.354122519093627, 0.0 ], [ 106.894751314176673, -6.354036979660354, 0.0 ], [ 106.894815068603336, -6.353947756704565, 0.0 ], [ 106.894850444968284, -6.353944756491847, 0.0 ], [ 106.894876296054477, -6.353952317101037, 0.0 ], [ 106.894905033878402, -6.353964650908504, 0.0 ], [ 106.894944229482931, -6.353959723550352, 0.0 ], [ 106.894989135524895, -6.353947119061204, 0.0 ], [ 106.89503979403375, -6.35393832159917, 0.0 ], [ 106.895090501571659, -6.353942920509235, 0.0 ], [ 106.89518624032273, -6.353969361961869, 0.0 ], [ 106.8952572075966, -6.354021730691214, 0.0 ], [ 106.895410748707931, -6.354161828753933, 0.0 ], [ 106.895453860725851, -6.354181765154276, 0.0 ], [ 106.895472035718967, -6.35418265512711, 0.0 ], [ 106.895481981223327, -6.354166667950571, 0.0 ], [ 106.895501463261454, -6.354084448754443, 0.0 ], [ 106.895520944390128, -6.354002228658435, 0.0 ], [ 106.895528851267997, -6.353957644866422, 0.0 ], [ 106.895536757241942, -6.353913061078034, 0.0 ], [ 106.895566963116124, -6.353836400081157, 0.0 ], [ 106.895611317809596, -6.35378749658855, 0.0 ], [ 106.895655671591129, -6.353738593097958, 0.0 ], [ 106.895686614512897, -6.353702810719037, 0.0 ], [ 106.895713980227669, -6.353664221455025, 0.0 ], [ 106.895740610259679, -6.353590564438111, 0.0 ], [ 106.89576425524541, -6.353518113625921, 0.0 ], [ 106.895758720106301, -6.353475673071568, 0.0 ], [ 106.895722005201762, -6.35340703195943, 0.0 ], [ 106.895721891351172, -6.353375933787562, 0.0 ], [ 106.895769092412991, -6.353315358347568, 0.0 ], [ 106.895816293461209, -6.353254782002399, 0.0 ], [ 106.895863494502535, -6.353194206560191, 0.0 ], [ 106.895908132379887, -6.353141215342882, 0.0 ], [ 106.895952771152253, -6.353088224121072, 0.0 ], [ 106.895997409012253, -6.353035232901355, 0.0 ], [ 106.896033076747827, -6.353005210619227, 0.0 ], [ 106.896076741829603, -6.352988891913102, 0.0 ], [ 106.896123620060521, -6.352976160784134, 0.0 ], [ 106.896170497387615, -6.352963430559029, 0.0 ], [ 106.896210221733284, -6.352972375123329, 0.0 ], [ 106.896264685560922, -6.352990715664371, 0.0 ], [ 106.896325389377068, -6.353002614882103, 0.0 ], [ 106.896386652993854, -6.353011170362141, 0.0 ], [ 106.896448292864321, -6.353016356557797, 0.0 ], [ 106.896520381944953, -6.353017260438365, 0.0 ], [ 106.896592341262021, -6.353012837630307, 0.0 ], [ 106.896636088782557, -6.353000777048135, 0.0 ], [ 106.896676716635298, -6.352980552725608, 0.0 ], [ 106.896707669177374, -6.35297580375789, 0.0 ], [ 106.896740228200329, -6.352981827976862, 0.0 ], [ 106.89676784656146, -6.352992262587293, 0.0 ], [ 106.896798983145473, -6.353005192362867, 0.0 ], [ 106.896845181862389, -6.353023083043491, 0.0 ], [ 106.896887851364525, -6.353035970527569, 0.0 ], [ 106.896921455268739, -6.353037854492508, 0.0 ], [ 106.896944991406542, -6.353029239505291, 0.0 ], [ 106.896978534660164, -6.353014567200928, 0.0 ], [ 106.897012564761596, -6.352995880566454, 0.0 ], [ 106.897040084815885, -6.352979725867093, 0.0 ], [ 106.897068082523518, -6.352957046998309, 0.0 ], [ 106.897154800203381, -6.352876650841282, 0.0 ], [ 106.897163699067804, -6.352870509885843, 0.0 ], [ 106.897234930082135, -6.352820489712194, 0.0 ], [ 106.89730574866563, -6.352769886975232, 0.0 ], [ 106.897376381301228, -6.352721566946347, 0.0 ], [ 106.89744598281338, -6.352671771531495, 0.0 ], [ 106.897488610651564, -6.352631366811461, 0.0 ], [ 106.897521213447462, -6.352582505431573, 0.0 ], [ 106.897550727451801, -6.352526017264322, 0.0 ], [ 106.897583400043004, -6.352471296846349, 0.0 ], [ 106.897619124326866, -6.352418520875686, 0.0 ], [ 106.897660268336622, -6.352372713070142, 0.0 ], [ 106.897705518259357, -6.35233096061047, 0.0 ], [ 106.897754477812839, -6.3522936311228, 0.0 ], [ 106.897837637739698, -6.352280407853342, 0.0 ], [ 106.897896842181197, -6.352287367697745, 0.0 ], [ 106.897918606671212, -6.352293211741904, 0.0 ], [ 106.897937659136275, -6.352292640061401, 0.0 ], [ 106.897957194766732, -6.352287050479323, 0.0 ], [ 106.897978066192323, -6.35226793197876, 0.0 ], [ 106.898020870967144, -6.352208016306752, 0.0 ], [ 106.898055916854616, -6.352143252204024, 0.0 ], [ 106.898091225602087, -6.352092267023764, 0.0 ], [ 106.898133271351625, -6.352046682829421, 0.0 ], [ 106.898138264106308, -6.352041944037342, 0.0 ], [ 106.898210360765702, -6.351996149241926, 0.0 ], [ 106.898276449455793, -6.351968313568003, 0.0 ], [ 106.898294484103289, -6.351963733071456, 0.0 ], [ 106.898342644788471, -6.351969576099453, 0.0 ], [ 106.898431444788145, -6.351981792434285, 0.0 ], [ 106.898509713161857, -6.351993545600416, 0.0 ], [ 106.898579434969463, -6.351999310399062, 0.0 ], [ 106.898629083776115, -6.352001134494313, 0.0 ], [ 106.898670697660236, -6.351999476417825, 0.0 ], [ 106.898738801699125, -6.351974143168375, 0.0 ], [ 106.89879743056477, -6.351963392171589, 0.0 ], [ 106.898824482952932, -6.351956269598964, 0.0 ], [ 106.898856563720045, -6.351953142015828, 0.0 ], [ 106.898882650731238, -6.351956557932822, 0.0 ], [ 106.898938329132548, -6.351961370632518, 0.0 ], [ 106.898970457718264, -6.351971285878847, 0.0 ], [ 106.899002095796121, -6.351984213683414, 0.0 ], [ 106.899071863572004, -6.35200251946348, 0.0 ], [ 106.89910544713797, -6.351998884555587, 0.0 ], [ 106.899151549214579, -6.351990688462776, 0.0 ], [ 106.899201676543555, -6.351985989241318, 0.0 ], [ 106.89924480425303, -6.351986834529638, 0.0 ], [ 106.899250220464893, -6.351986432201587, 0.0 ], [ 106.899393228803945, -6.351986289716754, 0.0 ], [ 106.899418295222603, -6.351984692322914, 0.0 ], [ 106.899486942153757, -6.351970895525775, 0.0 ], [ 106.899527023772606, -6.351961717916194, 0.0 ], [ 106.899570094431425, -6.351947010509483, 0.0 ], [ 106.899598320543262, -6.351924567595762, 0.0 ], [ 106.899635423753736, -6.351870846196698, 0.0 ], [ 106.899669562316902, -6.351794565836125, 0.0 ], [ 106.899703699968853, -6.351718285479452, 0.0 ], [ 106.899724905019838, -6.351670903450352, 0.0 ], [ 106.899731265478337, -6.351646077049698, 0.0 ], [ 106.899758343866353, -6.351649257828049, 0.0 ], [ 106.899759899554311, -6.351649372366207, 0.0 ], [ 106.89976001615662, -6.351649379171101, 0.0 ], [ 106.89980089098556, -6.351650986738036, 0.0 ], [ 106.899852769951607, -6.351653027665353, 0.0 ], [ 106.900058752393008, -6.351667395678886, 0.0 ], [ 106.900125454615988, -6.351669647963213, 0.0 ], [ 106.900160098258738, -6.351669238660854, 0.0 ], [ 106.900196380835681, -6.351494322314226, 0.0 ], [ 106.900602822199303, -6.351061040009434, 0.0 ], [ 106.900788649862776, -6.350877594585382, 0.0 ], [ 106.900993440675364, -6.35064910618097, 0.0 ], [ 106.901001918363306, -6.350613671069586, 0.0 ], [ 106.900957074543982, -6.350382271487549, 0.0 ], [ 106.900949526873731, -6.35014977924321, 0.0 ], [ 106.900939048065084, -6.349978728961768, 0.0 ], [ 106.900891059283282, -6.349932975332711, 0.0 ], [ 106.900810602383189, -6.349900736541812, 0.0 ], [ 106.900676558751258, -6.349861040135023, 0.0 ], [ 106.900577043783557, -6.349848009033445, 0.0 ], [ 106.900385602171028, -6.349804696105496, 0.0 ], [ 106.900316615075837, -6.349770501968933, 0.0 ], [ 106.900304941750719, -6.349716959655006, 0.0 ], [ 106.900326989884888, -6.349470004662539, 0.0 ], [ 106.900358875445946, -6.349297650529714, 0.0 ], [ 106.900406358760918, -6.34920561643926, 0.0 ], [ 106.90063862546117, -6.348906218575461, 0.0 ], [ 106.900817958148437, -6.348777338931418, 0.0 ], [ 106.900875264758071, -6.348756077623886, 0.0 ], [ 106.900926917221838, -6.348757802009295, 0.0 ], [ 106.900980454696835, -6.34875186418769, 0.0 ], [ 106.901073992341296, -6.348699848701042, 0.0 ], [ 106.901138788920733, -6.348634544043928, 0.0 ], [ 106.901192234196131, -6.34860372756455, 0.0 ], [ 106.901266798930507, -6.348593885312002, 0.0 ], [ 106.901396061065086, -6.348373328794376, 0.0 ], [ 106.901603031915613, -6.347957285881692, 0.0 ], [ 106.901672738127388, -6.347666140179348, 0.0 ], [ 106.901740496106981, -6.34736543232078, 0.0 ], [ 106.901764920286595, -6.347244776753064, 0.0 ], [ 106.901762761443564, -6.347177803946985, 0.0 ], [ 106.90174351480529, -6.347145340382975, 0.0 ], [ 106.901699414776033, -6.347116796182227, 0.0 ], [ 106.90165906369738, -6.347067187325941, 0.0 ], [ 106.901618340523513, -6.346916150792305, 0.0 ], [ 106.901555542316686, -6.346890333379497, 0.0 ], [ 106.901481048947758, -6.34684984416674, 0.0 ], [ 106.901448376533793, -6.346807861460362, 0.0 ], [ 106.9014425557435, -6.346736139122251, 0.0 ], [ 106.901437330322494, -6.346664371198995, 0.0 ], [ 106.901434120835304, -6.346596735889986, 0.0 ], [ 106.901430365629452, -6.346529129708079, 0.0 ], [ 106.90142606561885, -6.346461555362387, 0.0 ], [ 106.901411082328451, -6.346404859868587, 0.0 ], [ 106.901382631362907, -6.346353587974878, 0.0 ], [ 106.901324685853226, -6.346304802226594, 0.0 ], [ 106.901262741599481, -6.346261210916469, 0.0 ], [ 106.901223990108136, -6.346229325230779, 0.0 ], [ 106.90118980252123, -6.346192583876126, 0.0 ], [ 106.901143981925131, -6.346129279348463, 0.0 ], [ 106.901098161341281, -6.346065974813238, 0.0 ], [ 106.901052340769837, -6.34600267027045, 0.0 ], [ 106.901042170716565, -6.345967941036402, 0.0 ], [ 106.901049188820011, -6.345925813494264, 0.0 ], [ 106.901071890490854, -6.345856834451983, 0.0 ], [ 106.901085310036834, -6.345803291358543, 0.0 ], [ 106.901093012361969, -6.345748630949352, 0.0 ], [ 106.90110387722919, -6.345679576010512, 0.0 ], [ 106.901100810765342, -6.345629973057545, 0.0 ], [ 106.901098731849586, -6.345580319464671, 0.0 ], [ 106.901093336963953, -6.345500753102555, 0.0 ], [ 106.901081413744208, -6.345421900552945, 0.0 ], [ 106.901056074519715, -6.345336186965357, 0.0 ], [ 106.901016845562623, -6.345255880425119, 0.0 ], [ 106.900960783350257, -6.345190288913771, 0.0 ], [ 106.900892675198349, -6.345137325300195, 0.0 ], [ 106.900832548420084, -6.345087562846495, 0.0 ], [ 106.900773353813989, -6.345036693017196, 0.0 ], [ 106.900722827597704, -6.344983413504045, 0.0 ], [ 106.900674264966895, -6.344947353197338, 0.0 ], [ 106.900620734831477, -6.34491919875478, 0.0 ], [ 106.900574998956131, -6.344901877945444, 0.0 ], [ 106.900530219628919, -6.344882212824652, 0.0 ], [ 106.900492785362019, -6.344845750012114, 0.0 ], [ 106.900444364048582, -6.344791283747147, 0.0 ], [ 106.900393407537464, -6.344739183846614, 0.0 ], [ 106.900356638203846, -6.344688364582793, 0.0 ], [ 106.900297583978826, -6.344623992755856, 0.0 ], [ 106.900252966753257, -6.344584684742055, 0.0 ], [ 106.900221140459962, -6.344552564666419, 0.0 ], [ 106.900133023671941, -6.344329120665535, 0.0 ], [ 106.90009357560541, -6.344254552412716, 0.0 ], [ 106.900023257439898, -6.344132829353251, 0.0 ], [ 106.900003401634336, -6.344034416887048, 0.0 ], [ 106.899993375170496, -6.343970763889208, 0.0 ], [ 106.899962808414969, -6.343900093302458, 0.0 ], [ 106.899928489489554, -6.343839515734821, 0.0 ], [ 106.899896735274041, -6.343794982525953, 0.0 ], [ 106.899833868043018, -6.343743540106443, 0.0 ], [ 106.899780573295814, -6.343704603791372, 0.0 ], [ 106.899699190361417, -6.343665963038746, 0.0 ], [ 106.899641398714365, -6.343643262419417, 0.0 ], [ 106.899583532747911, -6.343620748315828, 0.0 ], [ 106.899554446761286, -6.343605713453451, 0.0 ], [ 106.899517614151947, -6.343591110233041, 0.0 ] ] ] } },
{ "type": "Feature", "properties": { "OBJECTID": 279, "toponimi": "Sal. Phb Cilangkap", "kewenangan": "Pemprov DKI", "jenis": "Saluran Drainase Tersier", "panjang": "7365", "lebar": "1 - 3", "kedalaman": "1.5 - 2.5", "kota": "Jakarta Timur", "kecamatan": "Cipayung", "lebar_min": 1.0, "lebar_max": 3.0, "kedalaman_": 1.5, "kedalaman1": 2.5, "Shape_Leng": 7.20506356941 }, "geometry": { "type": "MultiLineString", "coordinates": [ [ [ 106.901073992341296, -6.348699848701042, 0.0 ], [ 106.901159014409046, -6.348751768140639, 0.0 ], [ 106.901187734402498, -6.348759317948815, 0.0 ], [ 106.901225926786068, -6.348741953989612, 0.0 ], [ 106.901338697955197, -6.348718574896353, 0.0 ], [ 106.901396130911465, -6.348731759566456, 0.0 ], [ 106.901428620917443, -6.348723985862144, 0.0 ], [ 106.901503107502862, -6.348693092071234, 0.0 ], [ 106.901747664698007, -6.348615643703568, 0.0 ], [ 106.901839436604448, -6.348603824116554, 0.0 ], [ 106.901866131116691, -6.348580761126954, 0.0 ], [ 106.90189437349629, -6.348458177478438, 0.0 ], [ 106.901939725641796, -6.348306824822774, 0.0 ], [ 106.902028545796554, -6.34801178171761, 0.0 ], [ 106.902062561629336, -6.347898745285096, 0.0 ], [ 106.90207571968412, -6.347835543411566, 0.0 ], [ 106.90211514377377, -6.34763254147185, 0.0 ], [ 106.902142859362911, -6.347366429013829, 0.0 ], [ 106.902214217599123, -6.347004468469477, 0.0 ], [ 106.902207467948372, -6.346728913305582, 0.0 ], [ 106.902161160822672, -6.346620000021279, 0.0 ], [ 106.902112968725717, -6.346518748925625, 0.0 ], [ 106.902054946200948, -6.346344810159725, 0.0 ], [ 106.901968393472444, -6.34621499376421, 0.0 ], [ 106.901904871419489, -6.346106143646743, 0.0 ], [ 106.901906454522816, -6.346016191271286, 0.0 ], [ 106.901963606318333, -6.345952827848844, 0.0 ], [ 106.90196535701898, -6.345908805614719, 0.0 ], [ 106.90189042853298, -6.345819134205807, 0.0 ], [ 106.90180404444277, -6.345735246073675, 0.0 ], [ 106.901757800720461, -6.345643556161489, 0.0 ], [ 106.901267323055535, -6.344572336533362, 0.0 ], [ 106.901275695492828, -6.344508194758117, 0.0 ], [ 106.901284067933716, -6.344444053887307, 0.0 ], [ 106.901219203032937, -6.344415688848042, 0.0 ], [ 106.901165440063465, -6.344369613616546, 0.0 ], [ 106.901119516650624, -6.344303343860625, 0.0 ], [ 106.901081251020543, -6.344232371636395, 0.0 ], [ 106.901046173200626, -6.344163999744097, 0.0 ], [ 106.90101414351426, -6.344094145639729, 0.0 ], [ 106.900985224818271, -6.344022946521434, 0.0 ], [ 106.900959472742898, -6.34395054051817, 0.0 ], [ 106.900939581343906, -6.34387993212014, 0.0 ], [ 106.900920892463191, -6.343808996532429, 0.0 ], [ 106.900903410688315, -6.343737752725347, 0.0 ], [ 106.900887142424253, -6.34366622237474, 0.0 ], [ 106.900872090454286, -6.343594425361576, 0.0 ], [ 106.900859686748376, -6.343534588428189, 0.0 ], [ 106.900846547123749, -6.343474909704027, 0.0 ], [ 106.900854035341624, -6.343453535685508, 0.0 ], [ 106.90089801422755, -6.343425713335784, 0.0 ], [ 106.900946118755058, -6.343405869273798, 0.0 ], [ 106.901017930944931, -6.343363450666668, 0.0 ], [ 106.901087940423793, -6.343318115610477, 0.0 ], [ 106.901156029088639, -6.343269940486443, 0.0 ], [ 106.901190791511496, -6.343229614348143, 0.0 ], [ 106.901208298597126, -6.343179323802956, 0.0 ], [ 106.901219540233697, -6.343115172406296, 0.0 ], [ 106.901230781866474, -6.343051020106093, 0.0 ], [ 106.901242023502192, -6.342986868710324, 0.0 ], [ 106.901258095718816, -6.342908031867462, 0.0 ], [ 106.901277426604082, -6.34282993078505, 0.0 ], [ 106.901299984118111, -6.342752700296566, 0.0 ], [ 106.901323678035183, -6.342675106698945, 0.0 ], [ 106.901347371948248, -6.342597513102138, 0.0 ], [ 106.901371065857489, -6.342519919506214, 0.0 ], [ 106.901394759759299, -6.342442325006955, 0.0 ], [ 106.901418453660696, -6.342364731412645, 0.0 ], [ 106.901442147557958, -6.342287137819151, 0.0 ], [ 106.901465841451241, -6.34220954422644, 0.0 ], [ 106.901503614189124, -6.342127616106024, 0.0 ], [ 106.901541704649915, -6.342045835097887, 0.0 ], [ 106.901580111032715, -6.341964203016828, 0.0 ], [ 106.901618833337409, -6.341882719862796, 0.0 ], [ 106.901657871570322, -6.341801387443974, 0.0 ], [ 106.901697223927428, -6.341720206671162, 0.0 ], [ 106.901736890415108, -6.341639179352555, 0.0 ], [ 106.901776870136317, -6.341558307299551, 0.0 ], [ 106.901817163087387, -6.341477589608077, 0.0 ], [ 106.901857769281577, -6.341397029894615, 0.0 ], [ 106.90189868600423, -6.341316627264926, 0.0 ], [ 106.901942026107264, -6.341245761558461, 0.0 ], [ 106.901984239534087, -6.341174217367245, 0.0 ], [ 106.90201841936836, -6.341105915034056, 0.0 ], [ 106.902052599192217, -6.341037611796986, 0.0 ], [ 106.902086779012492, -6.34096930946433, 0.0 ], [ 106.902120958825748, -6.340901007132008, 0.0 ], [ 106.902155138628601, -6.340832703895667, 0.0 ], [ 106.902189318427745, -6.340764401563844, 0.0 ], [ 106.902205266774331, -6.340710968570107, 0.0 ], [ 106.902207568411001, -6.340655251191225, 0.0 ], [ 106.902298438618033, -6.340338457427181, 0.0 ], [ 106.901579871186868, -6.339991834321086, 0.0 ], [ 106.901809540558631, -6.33937620067934, 0.0 ], [ 106.901839492195052, -6.339067499081912, 0.0 ], [ 106.901898573486093, -6.33887829905599, 0.0 ], [ 106.902033385099259, -6.338475918253993, 0.0 ], [ 106.902157651337419, -6.337805650479312, 0.0 ], [ 106.902349414783245, -6.337285842960608, 0.0 ], [ 106.902565211563626, -6.336799438131422, 0.0 ], [ 106.902759489198715, -6.336313111360396, 0.0 ], [ 106.902956007733593, -6.335786110404045, 0.0 ], [ 106.903195458396908, -6.335230244931351, 0.0 ], [ 106.90328124245687, -6.335150988769658, 0.0 ], [ 106.903371703431219, -6.335043008394386, 0.0 ], [ 106.903416631425571, -6.334906488926357, 0.0 ], [ 106.903561460939585, -6.334628464550767, 0.0 ], [ 106.903694704125527, -6.334450954176761, 0.0 ], [ 106.903956688705776, -6.334172499013985, 0.0 ], [ 106.904359246880801, -6.333759566569436, 0.0 ], [ 106.904440344866231, -6.333706641333785, 0.0 ], [ 106.90452655916458, -6.333744599443017, 0.0 ], [ 106.904783878582961, -6.334150326203185, 0.0 ], [ 106.904803172927629, -6.334195706882149, 0.0 ], [ 106.904867824726978, -6.334221783327508, 0.0 ], [ 106.904915441645343, -6.334166588600067, 0.0 ], [ 106.905003712806291, -6.334113636035975, 0.0 ], [ 106.905199452012965, -6.334026799008016, 0.0 ], [ 106.905724779773905, -6.333840671586705, 0.0 ], [ 106.905889604294501, -6.333799399382698, 0.0 ], [ 106.906102185051594, -6.333741206334182, 0.0 ], [ 106.906405727090103, -6.333711385133094, 0.0 ], [ 106.906534748733279, -6.333686989658485, 0.0 ], [ 106.906541667306541, -6.333617590425781, 0.0 ], [ 106.906548549861583, -6.333538623833409, 0.0 ], [ 106.906596201633306, -6.333492997289787, 0.0 ], [ 106.906751663598826, -6.333506779119034, 0.0 ], [ 106.906864090007517, -6.333520719043497, 0.0 ], [ 106.906921436818379, -6.33351093900973, 0.0 ], [ 106.906932038897509, -6.333142504657581, 0.0 ], [ 106.906977238066759, -6.333080141743226, 0.0 ], [ 106.907093822091113, -6.332924222179639, 0.0 ], [ 106.907134028343052, -6.332804465441073, 0.0 ], [ 106.907140358500598, -6.33257479259764, 0.0 ], [ 106.907214169486934, -6.332490795433564, 0.0 ], [ 106.907323800619864, -6.332394705913215, 0.0 ], [ 106.907366670109781, -6.33234909692267, 0.0 ], [ 106.907416694298533, -6.332298676988681, 0.0 ], [ 106.907473944346108, -6.332262583536412, 0.0 ], [ 106.907820214114736, -6.332148878854066, 0.0 ], [ 106.907953859214203, -6.332081407056997, 0.0 ], [ 106.908006186522996, -6.332007057199523, 0.0 ], [ 106.908099072109138, -6.331908635915898, 0.0 ], [ 106.908182498864477, -6.331838956371564, 0.0 ], [ 106.908334665145006, -6.33160635518861, 0.0 ], [ 106.908355647812982, -6.331460355394534, 0.0 ], [ 106.908403949918906, -6.330941075410673, 0.0 ], [ 106.908506830610079, -6.330309162873242, 0.0 ], [ 106.908594037750234, -6.329966760948572, 0.0 ], [ 106.908669000641254, -6.329545461924442, 0.0 ], [ 106.908606953248949, -6.328926116398557, 0.0 ], [ 106.908524741111719, -6.32867524002967, 0.0 ], [ 106.908476290721694, -6.328503181688334, 0.0 ], [ 106.908170179596169, -6.327832104356313, 0.0 ], [ 106.90768725877075, -6.327192774389385, 0.0 ], [ 106.90740873918044, -6.326873245632671, 0.0 ], [ 106.907317280820536, -6.326708520999934, 0.0 ], [ 106.907307181487582, -6.326562635317482, 0.0 ], [ 106.907246567061563, -6.326333208248233, 0.0 ], [ 106.907188659562848, -6.326189890391777, 0.0 ], [ 106.907150133838655, -6.3261158742714, 0.0 ], [ 106.907098837193985, -6.325819432360758, 0.0 ], [ 106.90707647768275, -6.325589865696188, 0.0 ], [ 106.907058767807484, -6.325324398888393, 0.0 ], [ 106.90714468146497, -6.325281023502579, 0.0 ], [ 106.907493679433372, -6.325260605588521, 0.0 ], [ 106.907649043208949, -6.325248074477201, 0.0 ], [ 106.907706213638505, -6.32519045150405, 0.0 ], [ 106.907829767608291, -6.324979486895257, 0.0 ], [ 106.907941765758935, -6.32422553881621, 0.0 ], [ 106.908008016707214, -6.324036313737582, 0.0 ], [ 106.908127578002279, -6.324040659403799, 0.0 ], [ 106.90824477459357, -6.324052189791593, 0.0 ], [ 106.908270987157664, -6.324028172112234, 0.0 ], [ 106.90828263423721, -6.323944402540241, 0.0 ], [ 106.908248740616145, -6.323829702694816, 0.0 ], [ 106.908111206112039, -6.323488126168892, 0.0 ], [ 106.908101195525688, -6.323366161637903, 0.0 ], [ 106.908165379978726, -6.323265454725089, 0.0 ], [ 106.908275097173544, -6.323193286715076, 0.0 ], [ 106.908428007822977, -6.323164019205452, 0.0 ], [ 106.908489986334416, -6.323113555551356, 0.0 ], [ 106.908573359312854, -6.323029523520031, 0.0 ], [ 106.908582782073793, -6.322991214460315, 0.0 ], [ 106.908525041605856, -6.322893346648804, 0.0 ], [ 106.90846025096036, -6.32282899633354, 0.0 ], [ 106.908464725903997, -6.322745253104407, 0.0 ], [ 106.908588437156723, -6.322577346185948, 0.0 ], [ 106.908707506706349, -6.322447731666104, 0.0 ], [ 106.908875915098051, -6.322081110456899, 0.0 ], [ 106.908958753517666, -6.321851156837451, 0.0 ], [ 106.908941815549184, -6.32179619922596, 0.0 ], [ 106.908886298624637, -6.321652872747589, 0.0 ], [ 106.908778289388664, -6.32153844505168, 0.0 ], [ 106.908710879831887, -6.321411906648926, 0.0 ], [ 106.908679131829118, -6.321230217489453, 0.0 ], [ 106.908669261675229, -6.321146527835097, 0.0 ], [ 106.908697425588301, -6.321002894089043, 0.0 ], [ 106.908773213870461, -6.320806457114851, 0.0 ], [ 106.908866264586635, -6.320753487112586, 0.0 ], [ 106.908944907854675, -6.320683825542403, 0.0 ], [ 106.909002253216428, -6.320674046615716, 0.0 ], [ 106.90908600397951, -6.320692875893293, 0.0 ], [ 106.909159839780344, -6.320616055889239, 0.0 ], [ 106.909333608706973, -6.320407298432647, 0.0 ], [ 106.909352314637488, -6.320292404598843, 0.0 ], [ 106.909383211575403, -6.320242055993367, 0.0 ], [ 106.909437367387369, -6.320014600076099, 0.0 ], [ 106.909517638091486, -6.319736813123219, 0.0 ], [ 106.90952732737378, -6.319640611797459, 0.0 ], [ 106.909585820452975, -6.319422230977043, 0.0 ], [ 106.909623785881834, -6.319343627745754, 0.0 ], [ 106.909681039812654, -6.319308970243758, 0.0 ], [ 106.909720995416748, -6.319251411414017, 0.0 ], [ 106.909745649910832, -6.319193908770711, 0.0 ], [ 106.909806672704207, -6.319143926924192, 0.0 ], [ 106.909850629736795, -6.319134197122237, 0.0 ], [ 106.909924999139733, -6.319139118228406, 0.0 ], [ 106.909998769779307, -6.319149061238921, 0.0 ], [ 106.910072540415129, -6.31915900333395, 0.0 ], [ 106.910146311053992, -6.319168946321733, 0.0 ], [ 106.910230053358674, -6.319169535638936, 0.0 ], [ 106.910313796566385, -6.31917012584338, 0.0 ], [ 106.910391082068188, -6.319148222462728, 0.0 ], [ 106.910468367560327, -6.319126319072558, 0.0 ], [ 106.910545653042831, -6.319104415672788, 0.0 ], [ 106.910622938518827, -6.319082513167631, 0.0 ], [ 106.910700223981905, -6.319060609748743, 0.0 ], [ 106.910777509435334, -6.319038706320321, 0.0 ], [ 106.9108547948791, -6.319016802882434, 0.0 ], [ 106.910932080313145, -6.318994899434877, 0.0 ], [ 106.91099837325514, -6.318947709960421, 0.0 ], [ 106.911064667087459, -6.318900520477628, 0.0 ], [ 106.911150071031386, -6.318881398105339, 0.0 ], [ 106.911235474965054, -6.318862275720877, 0.0 ], [ 106.911320877984778, -6.318843153327581, 0.0 ], [ 106.911406281897982, -6.318824030918822, 0.0 ], [ 106.911459236185735, -6.318823118429827, 0.0 ], [ 106.911512191375579, -6.318822205932171, 0.0 ], [ 106.911576000178371, -6.318843700293851, 0.0 ], [ 106.911639808080665, -6.318865194649582, 0.0 ], [ 106.911707964403504, -6.318883275304212, 0.0 ], [ 106.911776119828303, -6.318901356856, 0.0 ], [ 106.911860405610568, -6.318910698582942, 0.0 ], [ 106.911944690484788, -6.318920039394493, 0.0 ], [ 106.91202897626502, -6.318929381092317, 0.0 ], [ 106.912113262044301, -6.318938722775555, 0.0 ], [ 106.912197546915507, -6.318948063543385, 0.0 ], [ 106.912281832692614, -6.318957405197351, 0.0 ], [ 106.912342181580371, -6.318951860710473, 0.0 ], [ 106.912402531368386, -6.3189463162137, 0.0 ], [ 106.912585096513709, -6.318925118504652, 0.0 ], [ 106.912782749001337, -6.318899073380057, 0.0 ], [ 106.912887682966172, -6.318890248336611, 0.0 ], [ 106.913186634796133, -6.318886335084816, 0.0 ], [ 106.913297118712876, -6.318857797683854, 0.0 ], [ 106.913389758801046, -6.318819010736576, 0.0 ], [ 106.913514201318208, -6.318763228553999, 0.0 ], [ 106.913626474031943, -6.318711241438839, 0.0 ], [ 106.913675128074345, -6.318689495411447, 0.0 ], [ 106.913729467392585, -6.318684606680192, 0.0 ], [ 106.913865413911964, -6.318699110419904, 0.0 ], [ 106.91398544588138, -6.318718360577713, 0.0 ], [ 106.914121303669575, -6.318708483020626, 0.0 ], [ 106.914263693265454, -6.318691080765097, 0.0 ], [ 106.914387298519685, -6.318662493965083, 0.0 ], [ 106.914489351282896, -6.318634924954235, 0.0 ], [ 106.914621418496367, -6.318613809389856, 0.0 ], [ 106.914732832350268, -6.318583393145024, 0.0 ], [ 106.914755246012888, -6.318561743631595, 0.0 ], [ 106.914770288146499, -6.31831975973784, 0.0 ], [ 106.914766184771565, -6.318223191674084, 0.0 ], [ 106.914735553147025, -6.318048891454792, 0.0 ], [ 106.914715520587137, -6.317953318695222, 0.0 ], [ 106.914687525260874, -6.317731185959356, 0.0 ], [ 106.914651047326785, -6.317495956535319, 0.0 ], [ 106.914631624392058, -6.31731129986351, 0.0 ], [ 106.914630907363403, -6.317116260082085, 0.0 ], [ 106.914651979705141, -6.316984903543716, 0.0 ], [ 106.914678851078008, -6.316901349369876, 0.0 ], [ 106.914681208118097, -6.316777563237751, 0.0 ], [ 106.914547377068359, -6.316573636625624, 0.0 ], [ 106.914421935707992, -6.316357487850272, 0.0 ], [ 106.914384049310542, -6.316248853729776, 0.0 ], [ 106.914389196043771, -6.316119431843965, 0.0 ], [ 106.91444425246452, -6.316054527350428, 0.0 ], [ 106.914500431125362, -6.316040255170661, 0.0 ], [ 106.914549864307901, -6.315975371362315, 0.0 ], [ 106.914584277817838, -6.315903979772107, 0.0 ], [ 106.914589752834914, -6.31586363835013, 0.0 ], [ 106.914542663016704, -6.315800984847987, 0.0 ], [ 106.914510671232307, -6.315766407649495, 0.0 ], [ 106.914490794005161, -6.315713031603226, 0.0 ], [ 106.914480952418003, -6.315651766303338, 0.0 ], [ 106.91450185322401, -6.315617056883539, 0.0 ], [ 106.914544141288317, -6.3155811603178, 0.0 ], [ 106.914624894918148, -6.31543286783273, 0.0 ], [ 106.914649595715133, -6.315380031184694, 0.0 ], [ 106.914694445943766, -6.315231884363641, 0.0 ], [ 106.914721778283436, -6.315098454253371, 0.0 ], [ 106.914738796281853, -6.31494747957026, 0.0 ], [ 106.914728131044257, -6.31483470115415, 0.0 ], [ 106.914749379996806, -6.31463975595234, 0.0 ], [ 106.914750520788516, -6.314551841846791, 0.0 ], [ 106.91474891155481, -6.314512288669903, 0.0 ], [ 106.914701648956068, -6.314402575158087, 0.0 ], [ 106.914691049676549, -6.314355435988475, 0.0 ], [ 106.91468153954807, -6.314317962431426, 0.0 ], [ 106.914685040554119, -6.314250434898216, 0.0 ], [ 106.914690401874992, -6.31417914930558, 0.0 ], [ 106.914709948225564, -6.314142507339479, 0.0 ], [ 106.914730524654487, -6.314131178900676, 0.0 ], [ 106.914788615109273, -6.314127214885232, 0.0 ], [ 106.914837373342181, -6.314133698006946, 0.0 ], [ 106.914915223414056, -6.314151128831034, 0.0 ], [ 106.914952807266161, -6.314177246349403, 0.0 ], [ 106.914964473694425, -6.314183557617714, 0.0 ], [ 106.915018965375609, -6.314236490753717, 0.0 ], [ 106.915046053399934, -6.31426279696463, 0.0 ], [ 106.915077886685935, -6.314274683000028, 0.0 ], [ 106.91509386716281, -6.314273408151306, 0.0 ], [ 106.915160847648323, -6.314236786930043, 0.0 ], [ 106.915179738697745, -6.314197158329488, 0.0 ], [ 106.915198505880724, -6.314123830731623, 0.0 ], [ 106.915212712747575, -6.314005100288786, 0.0 ], [ 106.915239996509413, -6.3138584837195, 0.0 ], [ 106.915263146286094, -6.313782209729531, 0.0 ], [ 106.915301024381094, -6.313729324603524, 0.0 ], [ 106.915319947722395, -6.313698486694459, 0.0 ], [ 106.915378676230034, -6.313638270145555, 0.0 ], [ 106.915424868843814, -6.313558910575379, 0.0 ], [ 106.915445159087483, -6.313501694311088, 0.0 ], [ 106.915473864467785, -6.313343350543549, 0.0 ], [ 106.915497110241731, -6.313293449529638, 0.0 ], [ 106.915526241062622, -6.313250852984569, 0.0 ], [ 106.915549432975808, -6.313186300825077, 0.0 ], [ 106.91556821087994, -6.313115903467109, 0.0 ], [ 106.915599801759981, -6.312945828015289, 0.0 ], [ 106.91559794387733, -6.312838878686146, 0.0 ], [ 106.915597706923776, -6.312774411837051, 0.0 ], [ 106.915601933344533, -6.312728976667424, 0.0 ], [ 106.915632125269212, -6.312662362666456, 0.0 ], [ 106.915672227444873, -6.312634404222528, 0.0 ], [ 106.915736433458576, -6.312624058035409, 0.0 ], [ 106.915800638567219, -6.31261371274865, 0.0 ], [ 106.915871475333802, -6.312576564682744, 0.0 ], [ 106.915894735996886, -6.312500001882008, 0.0 ], [ 106.915892638856022, -6.31243343075749, 0.0 ], [ 106.915924759669124, -6.312375093247588, 0.0 ], [ 106.915931586278859, -6.312351668473165, 0.0 ], [ 106.915955811476394, -6.312274716968197, 0.0 ], [ 106.915960150852598, -6.31225362494781, 0.0 ], [ 106.915963841918071, -6.312230454018223, 0.0 ], [ 106.915966459377202, -6.312207009473238, 0.0 ], [ 106.915949672884352, -6.312128130309707, 0.0 ], [ 106.915946721435816, -6.312102259696386, 0.0 ], [ 106.915939567367417, -6.3120395497117, 0.0 ], [ 106.915933295675472, -6.311984579403504, 0.0 ], [ 106.915929978217775, -6.311955500493521, 0.0 ], [ 106.915923326511617, -6.311897198979048, 0.0 ], [ 106.915917657980572, -6.311847510154918, 0.0 ], [ 106.915912933455189, -6.311806103255933, 0.0 ], [ 106.915908482519669, -6.311759230819983, 0.0 ], [ 106.915904030686121, -6.311712359291022, 0.0 ], [ 106.915911046040137, -6.311644896619467, 0.0 ], [ 106.915942655586676, -6.311584894701352, 0.0 ], [ 106.91598023343829, -6.311532975396141, 0.0 ], [ 106.916017810379529, -6.311481056093677, 0.0 ], [ 106.916073859523152, -6.311417193139476, 0.0 ], [ 106.916129907746679, -6.311353329282409, 0.0 ], [ 106.916158087932487, -6.311311988457715, 0.0 ], [ 106.916175449301832, -6.311265060173302, 0.0 ], [ 106.91618700513169, -6.311216227467392, 0.0 ], [ 106.916198560964204, -6.311167395665972, 0.0 ], [ 106.916208047592491, -6.311121783834003, 0.0 ], [ 106.916215491552464, -6.311075794361948, 0.0 ], [ 106.916233197591296, -6.311003899217798, 0.0 ], [ 106.916251957335518, -6.310932273242464, 0.0 ], [ 106.916271767216713, -6.310860929106854, 0.0 ], [ 106.916292620975568, -6.310789884916571, 0.0 ], [ 106.916313068150131, -6.310718116211079, 0.0 ], [ 106.916336230139677, -6.310647178352053, 0.0 ], [ 106.916362075695645, -6.310577174524539, 0.0 ], [ 106.916390565430191, -6.310508206135497, 0.0 ], [ 106.916419343060852, -6.310438649910775, 0.0 ], [ 106.916443529361715, -6.310367363813494, 0.0 ], [ 106.916463019732788, -6.310294652918894, 0.0 ], [ 106.916477731270916, -6.310220824934276, 0.0 ], [ 106.916503737489123, -6.310166511600261, 0.0 ], [ 106.916497155061094, -6.310106647519797, 0.0 ], [ 106.916458350671746, -6.310028641404863, 0.0 ], [ 106.916422938028788, -6.309949036968698, 0.0 ], [ 106.916414130713775, -6.309894528062438, 0.0 ], [ 106.916422393939911, -6.309816984347181, 0.0 ], [ 106.916430658073992, -6.309739441533121, 0.0 ], [ 106.91646861334587, -6.309676908241131, 0.0 ], [ 106.916506567709831, -6.309614375856525, 0.0 ], [ 106.916512470703722, -6.309568307978599, 0.0 ], [ 106.916518372797526, -6.309522241008296, 0.0 ], [ 106.916538435234528, -6.30949257700052, 0.0 ], [ 106.916561551515997, -6.309413638724491, 0.0 ], [ 106.916554454083439, -6.309355257493329, 0.0 ], [ 106.916547356654505, -6.309296876261413, 0.0 ], [ 106.916542194314758, -6.309217962474201, 0.0 ], [ 106.916540823882741, -6.309138890978643, 0.0 ], [ 106.916543248742144, -6.309059845300133, 0.0 ], [ 106.916549464137347, -6.308981007185586, 0.0 ], [ 106.916559455373147, -6.308902558418536, 0.0 ], [ 106.916573197811402, -6.308824679914833, 0.0 ], [ 106.916590662292748, -6.308747551702616, 0.0 ], [ 106.916615997225321, -6.308674836497494, 0.0 ], [ 106.916641331253189, -6.308602122200587, 0.0 ], [ 106.916666666177036, -6.308529406996913, 0.0 ], [ 106.916689107649191, -6.308464049355067, 0.0 ], [ 106.916711548211111, -6.308398690813016, 0.0 ], [ 106.91673398967626, -6.308333333172337, 0.0 ], [ 106.916762498737697, -6.308247765013456, 0.0 ], [ 106.916791007793449, -6.308162196855652, 0.0 ], [ 106.91681951684366, -6.30807662869882, 0.0 ], [ 106.91684203201217, -6.308036984991541, 0.0 ], [ 106.916862460610986, -6.30795280636973, 0.0 ], [ 106.916882889210228, -6.307868628653005, 0.0 ], [ 106.916906963101908, -6.307783498139766, 0.0 ], [ 106.916931036089295, -6.30769836853505, 0.0 ], [ 106.916934594320949, -6.307609307331576, 0.0 ], [ 106.916938151652218, -6.307520246131519, 0.0 ], [ 106.916936908357144, -6.307481664486566, 0.0 ], [ 106.916942318803052, -6.307443445326522, 0.0 ], [ 106.916954220909147, -6.307406727540481, 0.0 ], [ 106.916972259057317, -6.307372605523106, 0.0 ], [ 106.91699589663034, -6.307342098388244, 0.0 ], [ 106.917024426729128, -6.307316115572969, 0.0 ], [ 106.917075185730354, -6.30727095586462, 0.0 ], [ 106.917081147798299, -6.307259898187065, 0.0 ], [ 106.917085165792997, -6.307247994169187, 0.0 ], [ 106.917087125299858, -6.307235583278419, 0.0 ], [ 106.917086970691187, -6.307223019232031, 0.0 ], [ 106.917084705996984, -6.307210660952586, 0.0 ], [ 106.917080395762355, -6.307198859906758, 0.0 ], [ 106.917074163209293, -6.307187951975433, 0.0 ], [ 106.917039080111905, -6.307139679663681, 0.0 ], [ 106.917021715296428, -6.307098597757802, 0.0 ], [ 106.917025434748979, -6.307069878126209, 0.0 ], [ 106.917095140103484, -6.307019147120688, 0.0 ], [ 106.917164844536188, -6.306968415209233, 0.0 ], [ 106.917234549860936, -6.30691768419313, 0.0 ], [ 106.917273526807506, -6.306854387703233, 0.0 ], [ 106.917312503746274, -6.306791091213224, 0.0 ], [ 106.917351479773316, -6.306727794726261, 0.0 ], [ 106.917390456695728, -6.306664498235813, 0.0 ], [ 106.917429433610366, -6.306601201745184, 0.0 ], [ 106.917444863825125, -6.306571242870503, 0.0 ], [ 106.917470973170069, -6.30651971479289, 0.0 ], [ 106.917482010164775, -6.306432758921892, 0.0 ], [ 106.917493047160107, -6.306345803051551, 0.0 ], [ 106.917504084156164, -6.306258847181853, 0.0 ], [ 106.917515120245824, -6.306171890411994, 0.0 ], [ 106.917526157243202, -6.306084934543446, 0.0 ], [ 106.917537194241078, -6.305997978675523, 0.0 ], [ 106.917547979295918, -6.305915738742302, 0.0 ], [ 106.917554057480885, -6.305833017955941, 0.0 ], [ 106.917555408998936, -6.305750084009413, 0.0 ], [ 106.917555038332296, -6.305689549744739, 0.0 ], [ 106.917560231117449, -6.305629239123737, 0.0 ], [ 106.917570943136553, -6.305569660427292, 0.0 ], [ 106.917587083177594, -6.30551132030063, 0.0 ], [ 106.917608515699115, -6.305454711086019, 0.0 ], [ 106.91765732465673, -6.305399511031677, 0.0 ], [ 106.917706132704112, -6.305344311883202, 0.0 ], [ 106.917763330938982, -6.305295061737397, 0.0 ], [ 106.91783367392371, -6.305244567969198, 0.0 ], [ 106.917874378865932, -6.305233511741746, 0.0 ], [ 106.917916117802889, -6.305227445183134, 0.0 ], [ 106.917958283830544, -6.305226455513844, 0.0 ], [ 106.918000261650022, -6.305230558559357, 0.0 ], [ 106.918072303303461, -6.305251823346887, 0.0 ], [ 106.91814434495663, -6.305273087218512, 0.0 ], [ 106.918167971728977, -6.305279009976743, 0.0 ], [ 106.918192241221746, -6.305281068855638, 0.0 ], [ 106.918216527941993, -6.30527921100581, 0.0 ], [ 106.918240203158319, -6.305273485755905, 0.0 ], [ 106.918262656569908, -6.305264040012027, 0.0 ], [ 106.918326586907341, -6.305225191400134, 0.0 ], [ 106.918390518134174, -6.305186341875789, 0.0 ], [ 106.91845444844968, -6.305147493253902, 0.0 ], [ 106.918504969438956, -6.305102813564565, 0.0 ], [ 106.918555490416068, -6.305058132968782, 0.0 ], [ 106.918624210819317, -6.305021519778371, 0.0 ], [ 106.918665722468347, -6.304996902293159, 0.0 ], [ 106.918703786323249, -6.304967228076993, 0.0 ], [ 106.918737792387716, -6.304932972232901, 0.0 ], [ 106.918767192393076, -6.304894686487128, 0.0 ], [ 106.918791843947716, -6.304862549082311, 0.0 ], [ 106.918820090659565, -6.304833524901483, 0.0 ], [ 106.918851542736661, -6.304808014097347, 0.0 ], [ 106.918885766835842, -6.304786368160378, 0.0 ], [ 106.918922291470111, -6.30476888628223, 0.0 ], [ 106.918945481388732, -6.304768561316817, 0.0 ], [ 106.919014418556699, -6.304790913317672, 0.0 ], [ 106.919083355728176, -6.304813265307557, 0.0 ], [ 106.919100066419716, -6.304812107080763, 0.0 ], [ 106.919116399914245, -6.304808385244385, 0.0 ], [ 106.919131964376689, -6.304802189845347, 0.0 ], [ 106.919146388967533, -6.304793668716986, 0.0 ], [ 106.919159329257582, -6.304783025651486, 0.0 ], [ 106.919170476244602, -6.304770514940969, 0.0 ], [ 106.91917956355482, -6.304756434118834, 0.0 ], [ 106.919186372854568, -6.30474112122698, 0.0 ], [ 106.919198711156881, -6.304697505193714, 0.0 ], [ 106.919204925498036, -6.304652604346384, 0.0 ], [ 106.919204897039918, -6.304607274422884, 0.0 ], [ 106.919198626258719, -6.304562381571161, 0.0 ], [ 106.919191029110252, -6.304528579961997, 0.0 ], [ 106.919187785289125, -6.304519770374283, 0.0 ], [ 106.919179056929678, -6.304496071082318, 0.0 ], [ 106.919174820338341, -6.304492009988609, 0.0 ], [ 106.919158422594151, -6.304476292505363, 0.0 ], [ 106.919146876551324, -6.304457197436569, 0.0 ], [ 106.919181043149536, -6.30438626342124, 0.0 ], [ 106.919210492156921, -6.304332570323498, 0.0 ], [ 106.919239940255778, -6.304278877229287, 0.0 ], [ 106.919249276035302, -6.30421712469116, 0.0 ], [ 106.919258612721663, -6.304155373054249, 0.0 ], [ 106.919277899348401, -6.304094937353108, 0.0 ], [ 106.919297186872726, -6.304034500745109, 0.0 ], [ 106.919316473494234, -6.303974065045058, 0.0 ], [ 106.919335093502113, -6.303914434661142, 0.0 ], [ 106.919353713504293, -6.303854803373699, 0.0 ], [ 106.91937233350744, -6.30379517299081, 0.0 ], [ 106.919383336609883, -6.303777450542695, 0.0 ], [ 106.91939114038793, -6.303758102506586, 0.0 ], [ 106.91939551382255, -6.303737702947152, 0.0 ], [ 106.919396327207195, -6.303716855392221, 0.0 ], [ 106.919393556605641, -6.303696176541727, 0.0 ], [ 106.919387283788865, -6.303676279089991, 0.0 ], [ 106.919377694354395, -6.303657751841747, 0.0 ], [ 106.919365072248837, -6.303641144362484, 0.0 ], [ 106.919333324214335, -6.303589590603687, 0.0 ], [ 106.919301576186967, -6.303538036840922, 0.0 ], [ 106.919284229015815, -6.303501739578396, 0.0 ], [ 106.919278660515459, -6.303464012027828, 0.0 ], [ 106.919277508303921, -6.303425892103817, 0.0 ], [ 106.919280787835831, -6.303387896908192, 0.0 ], [ 106.91928845491195, -6.303350539241782, 0.0 ], [ 106.919305861377168, -6.303272969196597, 0.0 ], [ 106.919323267840582, -6.303195399152101, 0.0 ], [ 106.919320388696761, -6.303147655769152, 0.0 ], [ 106.919315267497907, -6.303100100560109, 0.0 ], [ 106.919312634960008, -6.303057741226858, 0.0 ], [ 106.919305394219762, -6.303015923248581, 0.0 ], [ 106.919293629346825, -6.302975147199457, 0.0 ], [ 106.91927748309746, -6.30293590077996, 0.0 ], [ 106.919257146962423, -6.302898655236954, 0.0 ], [ 106.919224821017565, -6.302865866851859, 0.0 ], [ 106.919188126389344, -6.302838059989216, 0.0 ], [ 106.919147822415013, -6.302815810492314, 0.0 ], [ 106.919120763983713, -6.302802544431167, 0.0 ], [ 106.919096369355941, -6.302784847400416, 0.0 ], [ 106.919075356098944, -6.302763239342551, 0.0 ], [ 106.919058341906293, -6.302738356295581, 0.0 ], [ 106.919045828260053, -6.302710930562538, 0.0 ], [ 106.919036943157451, -6.302642365612256, 0.0 ], [ 106.919028058063461, -6.302573801565187, 0.0 ], [ 106.919019172970991, -6.302505236612845, 0.0 ], [ 106.919014629616044, -6.302468848803909, 0.0 ], [ 106.919012240832345, -6.302432809289919, 0.0 ], [ 106.919013129169002, -6.302396700755333, 0.0 ], [ 106.919017286689865, -6.30236082249448, 0.0 ], [ 106.919055024641636, -6.302286048220479, 0.0 ], [ 106.919092763488649, -6.302211273943549, 0.0 ], [ 106.919100382137103, -6.302186546157505, 0.0 ], [ 106.919104617470524, -6.302161020728623, 0.0 ], [ 106.919105394369339, -6.302135156323824, 0.0 ], [ 106.919109050997321, -6.302056919014379, 0.0 ], [ 106.919112708531514, -6.301978681701764, 0.0 ], [ 106.919115032726666, -6.301928078402977, 0.0 ], [ 106.91911735692608, -6.301877476008353, 0.0 ], [ 106.919120904703007, -6.301840420112301, 0.0 ], [ 106.919130447323781, -6.301804439760419, 0.0 ], [ 106.919145728092133, -6.301770498788654, 0.0 ], [ 106.919166339213376, -6.30173950734157, 0.0 ], [ 106.919178518447865, -6.301670807007589, 0.0 ], [ 106.919190698588608, -6.301602107574824, 0.0 ], [ 106.919202877822016, -6.301533407241845, 0.0 ], [ 106.91920586086664, -6.301500535900267, 0.0 ], [ 106.919204403229216, -6.30146756155658, 0.0 ], [ 106.919198532411215, -6.301435082638904, 0.0 ], [ 106.919188355386737, -6.301403685529346, 0.0 ], [ 106.919139489861521, -6.301362002631283, 0.0 ], [ 106.919090624343738, -6.301320319726173, 0.0 ], [ 106.919078592408951, -6.301312571361014, 0.0 ], [ 106.919068057834153, -6.301302880853154, 0.0 ], [ 106.919059331607968, -6.301291534569666, 0.0 ], [ 106.91905266976201, -6.301278863381766, 0.0 ], [ 106.919048266136883, -6.301265240883421, 0.0 ], [ 106.919046252318154, -6.301251066213122, 0.0 ], [ 106.919046684956569, -6.301236755963393, 0.0 ], [ 106.919052160115868, -6.301199941608735, 0.0 ], [ 106.91905218235496, -6.301162722380897, 0.0 ], [ 106.919046751914749, -6.301125901140187, 0.0 ], [ 106.919035986482982, -6.30109027488996, 0.0 ], [ 106.919036008630698, -6.301014921542461, 0.0 ], [ 106.9190360298781, -6.300939568197983, 0.0 ], [ 106.919036073553087, -6.300932274473324, 0.0 ], [ 106.919037323028604, -6.300925088423204, 0.0 ], [ 106.919039744696065, -6.300918208174395, 0.0 ], [ 106.919043271483815, -6.300911823839724, 0.0 ], [ 106.919047805548644, -6.300906112083161, 0.0 ], [ 106.919053221869561, -6.300901230682103, 0.0 ], [ 106.919089518157165, -6.300856842095574, 0.0 ], [ 106.919094503629793, -6.300828650360848, 0.0 ], [ 106.919103515680007, -6.300801477223611, 0.0 ], [ 106.919116364849941, -6.300775895690871, 0.0 ], [ 106.919132779331605, -6.30075244562027, 0.0 ], [ 106.919152413954052, -6.300731620124816, 0.0 ], [ 106.919177482556691, -6.300686625498121, 0.0 ], [ 106.919201234195697, -6.300643994158376, 0.0 ] ] ] } },
{ "type": "Feature", "properties": { "OBJECTID": 284, "toponimi": "Sal. Phb Melati/Alamanda/Gg. Umi", "kewenangan": "Pemprov DKI", "jenis": "Saluran Drainase Tersier", "panjang": "1677", "lebar": "1 - 2", "kedalaman": "1.5", "kota": "Jakarta Timur", "kecamatan": "Cipayung", "lebar_min": 1.0, "lebar_max": 2.0, "kedalaman_": 1.5, "kedalaman1": 1.5, "Shape_Leng": 1.68172934807 }, "geometry": { "type": "MultiLineString", "coordinates": [ [ [ 106.898866971424056, -6.333941846782459, 0.0 ], [ 106.899265274748061, -6.334151946131871, 0.0 ], [ 106.899666950553865, -6.334150475682505, 0.0 ], [ 106.899738690415163, -6.333891856281831, 0.0 ], [ 106.899958480880343, -6.333843208480633, 0.0 ], [ 106.900140051781165, -6.333804268082527, 0.0 ], [ 106.900293526654664, -6.333928100168407, 0.0 ], [ 106.900475026601981, -6.333870023052489, 0.0 ], [ 106.90057973742752, -6.333735677005497, 0.0 ], [ 106.900770136286539, -6.333495760761411, 0.0 ], [ 106.900816200759067, -6.333449333928774, 0.0 ], [ 106.900856286249038, -6.333425542237945, 0.0 ], [ 106.900939053820892, -6.333374849070267, 0.0 ], [ 106.901039139868999, -6.333283579209983, 0.0 ], [ 106.901182279963024, -6.333196936276524, 0.0 ], [ 106.901349329804404, -6.33311020571679, 0.0 ], [ 106.901406449214676, -6.333038230992796, 0.0 ], [ 106.901358585078668, -6.332909698702929, 0.0 ], [ 106.90136087977713, -6.332890765916801, 0.0 ], [ 106.901148132283666, -6.332250439065167, 0.0 ], [ 106.901099859401583, -6.332126221817491, 0.0 ], [ 106.901108722538396, -6.331934814492413, 0.0 ], [ 106.901222996276331, -6.331800433444825, 0.0 ], [ 106.901231160088201, -6.33141765384078, 0.0 ], [ 106.901364386247337, -6.331235359452291, 0.0 ], [ 106.90150623032811, -6.330794677882007, 0.0 ], [ 106.901515058423954, -6.330593701391627, 0.0 ], [ 106.901322595242092, -6.330269068960922, 0.0 ], [ 106.901313898141012, -6.330222806554156, 0.0 ], [ 106.901313454748404, -6.330101603894517, 0.0 ], [ 106.901376757583421, -6.329976978920827, 0.0 ], [ 106.901456057296755, -6.329868242439015, 0.0 ], [ 106.901535357883802, -6.32975950595121, 0.0 ], [ 106.901608107263073, -6.329602950426117, 0.0 ], [ 106.901638408160295, -6.329516322198103, 0.0 ], [ 106.901622220741345, -6.329448602352678, 0.0 ], [ 106.901719161472855, -6.329131115042463, 0.0 ], [ 106.901977530138169, -6.328538270983024, 0.0 ], [ 106.90223614120319, -6.328138001520257, 0.0 ], [ 106.902497575855023, -6.327913565269853, 0.0 ], [ 106.902605350298359, -6.327805093348283, 0.0 ], [ 106.902678024320551, -6.327813521246359, 0.0 ], [ 106.902739668326873, -6.327845412865662, 0.0 ], [ 106.902848149402345, -6.327870532722467, 0.0 ], [ 106.902988555959524, -6.327908292866406, 0.0 ], [ 106.903132301463415, -6.327987505980852, 0.0 ], [ 106.903400642666412, -6.328139621783616, 0.0 ], [ 106.903569937659952, -6.328231499286476, 0.0 ], [ 106.903691403730264, -6.328320362268065, 0.0 ], [ 106.90380008345943, -6.328399703668751, 0.0 ], [ 106.90402667919443, -6.328469043412611, 0.0 ], [ 106.904151028790821, -6.328474967032757, 0.0 ], [ 106.904354982800442, -6.328455081453121, 0.0 ], [ 106.904530163347189, -6.32841297473003, 0.0 ], [ 106.904628858321729, -6.328377527106416, 0.0 ], [ 106.904692347118925, -6.328303934052424, 0.0 ], [ 106.904870014436213, -6.328070443640777, 0.0 ], [ 106.904936468277484, -6.327936237681335, 0.0 ], [ 106.904980502339498, -6.327773407829913, 0.0 ], [ 106.905021324960629, -6.327604210220279, 0.0 ], [ 106.905081426905966, -6.327476407106471, 0.0 ], [ 106.905176502095074, -6.327322958459812, 0.0 ], [ 106.905274892941208, -6.327204583310109, 0.0 ], [ 106.905363790624392, -6.327105380690898, 0.0 ], [ 106.905509730590353, -6.326913470927367, 0.0 ], [ 106.905601909736646, -6.326839772603488, 0.0 ], [ 106.905796111722438, -6.326768888845931, 0.0 ], [ 106.906057199635612, -6.326681812580158, 0.0 ], [ 106.9061973252211, -6.326643023900457, 0.0 ], [ 106.906432758391333, -6.32651457644815, 0.0 ], [ 106.906588260996529, -6.326322631450736, 0.0 ], [ 106.906724812463196, -6.326178599792397, 0.0 ], [ 106.906807263429997, -6.326060283017894, 0.0 ], [ 106.9068643296999, -6.325973955275614, 0.0 ], [ 106.906953273636788, -6.325887510526162, 0.0 ], [ 106.907007244484149, -6.325826710468785, 0.0 ], [ 106.907034561033896, -6.325786067251601, 0.0 ], [ 106.907084092966997, -6.325668048509757, 0.0 ] ] ] } },
{ "type": "Feature", "properties": { "OBJECTID": 276, "toponimi": "Sal. Phb Lubang Buaya/TMII", "kewenangan": "Pemprov DKI", "jenis": "Saluran Drainase Tersier", "panjang": "2629", "lebar": "1.5 - 2.5", "kedalaman": "1.5 - 2.5", "kota": "Jakarta Timur", "kecamatan": "Cipayung", "lebar_min": 1.5, "lebar_max": 2.5, "kedalaman_": 1.5, "kedalaman1": 2.5, "Shape_Leng": 2.6803527406100001 }, "geometry": { "type": "MultiLineString", "coordinates": [ [ [ 106.894774710712639, -6.298310345381671, 0.0 ], [ 106.894783323273032, -6.298280034850682, 0.0 ], [ 106.894779210177035, -6.298247188057347, 0.0 ], [ 106.894786043388606, -6.298216826765787, 0.0 ], [ 106.894826817131261, -6.298152848502394, 0.0 ], [ 106.894837811226239, -6.298112706527867, 0.0 ], [ 106.894835110754315, -6.298030112656662, 0.0 ], [ 106.894832409386879, -6.29794751969243, 0.0 ], [ 106.894829708927773, -6.297864926724468, 0.0 ], [ 106.89482700756659, -6.297782332855043, 0.0 ], [ 106.894810721224019, -6.297739564876631, 0.0 ], [ 106.894768537137423, -6.297721872213861, 0.0 ], [ 106.894684686229866, -6.29771624554241, 0.0 ], [ 106.894600835319906, -6.297710618856913, 0.0 ], [ 106.894560931351037, -6.297670336190269, 0.0 ], [ 106.894556387504124, -6.297592205482705, 0.0 ], [ 106.894512870276415, -6.297545764292731, 0.0 ], [ 106.894499201519281, -6.297545800354635, 0.0 ], [ 106.894415399300684, -6.297542880437807, 0.0 ], [ 106.894331597075578, -6.297539959603176, 0.0 ], [ 106.894247794850656, -6.297537039658851, 0.0 ], [ 106.894237775465697, -6.297526774298918, 0.0 ], [ 106.894236950121737, -6.297452907544937, 0.0 ], [ 106.894236125684756, -6.297379040787357, 0.0 ], [ 106.8942353012512, -6.297305174029507, 0.0 ], [ 106.894234475917344, -6.29723130727472, 0.0 ], [ 106.894226246570142, -6.297170441751253, 0.0 ], [ 106.894218018133756, -6.297109577127808, 0.0 ], [ 106.894187945498757, -6.29703090977921, 0.0 ], [ 106.894157873779463, -6.296952242422607, 0.0 ], [ 106.894127802072248, -6.296873575061248, 0.0 ], [ 106.89409772947343, -6.296794907698647, 0.0 ], [ 106.894071053804666, -6.296708833071067, 0.0 ], [ 106.894065504907843, -6.296618886203598, 0.0 ], [ 106.894078748957639, -6.296548804631683, 0.0 ], [ 106.894112210406021, -6.296451578035622, 0.0 ], [ 106.894119910098254, -6.296421680136279, 0.0 ], [ 106.894129221027171, -6.296329739970443, 0.0 ], [ 106.894130009158914, -6.296293894428422, 0.0 ], [ 106.894129720998365, -6.29621439656298, 0.0 ], [ 106.894126809367066, -6.29617121110528, 0.0 ], [ 106.894128466487359, -6.296121576136654, 0.0 ], [ 106.894131601526823, -6.296099507446497, 0.0 ], [ 106.894143885719402, -6.296067754802092, 0.0 ], [ 106.894168474234377, -6.296009305371718, 0.0 ], [ 106.894176706240913, -6.295999625649804, 0.0 ], [ 106.894192607049419, -6.295951776198048, 0.0 ], [ 106.89421851433606, -6.295877238299537, 0.0 ], [ 106.894232187401286, -6.295848238231884, 0.0 ], [ 106.894256833297121, -6.295805872277345, 0.0 ], [ 106.894277398691258, -6.295777766704069, 0.0 ], [ 106.894317619475231, -6.295730012534923, 0.0 ], [ 106.894405485297355, -6.295638063958299, 0.0 ], [ 106.894445275482838, -6.295592426123229, 0.0 ], [ 106.894469515631528, -6.295564766512482, 0.0 ], [ 106.894490096758744, -6.295541255700487, 0.0 ], [ 106.894506979790108, -6.295510865174655, 0.0 ], [ 106.894534211383558, -6.295456677292979, 0.0 ], [ 106.894553022445663, -6.295416494302816, 0.0 ], [ 106.8945602072138, -6.29537143410322, 0.0 ], [ 106.894571455957717, -6.295307059461483, 0.0 ], [ 106.894582366373996, -6.29527623131179, 0.0 ], [ 106.894607578777737, -6.295195975470425, 0.0 ], [ 106.894651939815006, -6.295140993975636, 0.0 ], [ 106.894659450853084, -6.295133094401121, 0.0 ], [ 106.894658747675109, -6.29512432231114, 0.0 ], [ 106.894619728164415, -6.295094640992273, 0.0 ], [ 106.89458070866111, -6.295064960573233, 0.0 ], [ 106.894579745895044, -6.29505362529426, 0.0 ], [ 106.894629869315011, -6.294999918518498, 0.0 ], [ 106.894679992721407, -6.294946210836735, 0.0 ], [ 106.894730116121181, -6.294892504057249, 0.0 ], [ 106.894780239510723, -6.294838797275985, 0.0 ], [ 106.894841473172718, -6.294786467853198, 0.0 ], [ 106.894902706821981, -6.29473413842684, 0.0 ], [ 106.894963940461537, -6.294681809900932, 0.0 ], [ 106.895025174085063, -6.294629480467344, 0.0 ], [ 106.895086407695672, -6.294577151030183, 0.0 ], [ 106.89509278206279, -6.294573259997928, 0.0 ], [ 106.895139193370014, -6.294540235225024, 0.0 ], [ 106.895166171913502, -6.294490049967432, 0.0 ], [ 106.895167556003074, -6.294482509873929, 0.0 ], [ 106.895180281712399, -6.294423020355112, 0.0 ], [ 106.895205834240883, -6.294367816895153, 0.0 ], [ 106.895242950311584, -6.294319630952953, 0.0 ], [ 106.895249906745406, -6.29430980034633, 0.0 ], [ 106.895291738268298, -6.294240309405231, 0.0 ], [ 106.89534384686911, -6.294178160713845, 0.0 ], [ 106.89540496664155, -6.294124861538979, 0.0 ], [ 106.895409336115264, -6.294121277052386, 0.0 ], [ 106.895473230940709, -6.294063521259321, 0.0 ], [ 106.895537125748405, -6.294005764558324, 0.0 ], [ 106.89557516559384, -6.293971379600192, 0.0 ], [ 106.89564076627606, -6.293988597582747, 0.0 ], [ 106.895663536870543, -6.293990792428794, 0.0 ], [ 106.895682483911685, -6.293984650558312, 0.0 ], [ 106.895767183901512, -6.293906902904578, 0.0 ], [ 106.895776937357923, -6.293876499381756, 0.0 ], [ 106.89578062875421, -6.293848394482962, 0.0 ], [ 106.895792703939918, -6.29377474043306, 0.0 ], [ 106.895856598678122, -6.29371698461768, 0.0 ], [ 106.895876776035536, -6.293694543943849, 0.0 ], [ 106.895890954181283, -6.293678774970094, 0.0 ], [ 106.895930237303858, -6.293614732549386, 0.0 ], [ 106.895953916608093, -6.293559043134154, 0.0 ], [ 106.895979065532117, -6.293497226480801, 0.0 ], [ 106.895996311639138, -6.293439168986423, 0.0 ], [ 106.896026429643882, -6.29336544490831, 0.0 ], [ 106.896029713685607, -6.293359812877182, 0.0 ], [ 106.896071563802465, -6.293300974382252, 0.0 ], [ 106.896113413010667, -6.293242136794022, 0.0 ], [ 106.896155263110671, -6.293183298297689, 0.0 ], [ 106.896197112301834, -6.293124460708207, 0.0 ], [ 106.896239386237596, -6.293074110503659, 0.0 ], [ 106.896294701435735, -6.293038601339642, 0.0 ], [ 106.896304915877195, -6.293031666598155, 0.0 ], [ 106.896358392102073, -6.292967968644672, 0.0 ], [ 106.89639822991353, -6.29289495066184, 0.0 ], [ 106.896400846944033, -6.292885540862414, 0.0 ], [ 106.896437758188696, -6.292807097845444, 0.0 ], [ 106.89651226657071, -6.29276283475076, 0.0 ], [ 106.896585568284308, -6.292738403718793, 0.0 ], [ 106.896656736847135, -6.292708314210098, 0.0 ], [ 106.896725338301408, -6.292672752245649, 0.0 ], [ 106.896736038971838, -6.292664601479818, 0.0 ], [ 106.896790996068333, -6.292605127673985, 0.0 ], [ 106.896840983346934, -6.292541416152639, 0.0 ], [ 106.896885676106777, -6.292473879477688, 0.0 ], [ 106.896924784088796, -6.292402959018271, 0.0 ], [ 106.896963391871751, -6.292336383841057, 0.0 ], [ 106.897001998742908, -6.292269808666982, 0.0 ], [ 106.897010484686334, -6.292261410073249, 0.0 ], [ 106.897068688288783, -6.292223340714882, 0.0 ], [ 106.897121546507108, -6.292178134540273, 0.0 ], [ 106.897168190057599, -6.292126532483183, 0.0 ], [ 106.897207853063591, -6.292069384501712, 0.0 ], [ 106.897269423016894, -6.292020740798018, 0.0 ], [ 106.897280837898947, -6.292015935444693, 0.0 ], [ 106.89729118259757, -6.292009297680684, 0.0 ], [ 106.897309327063468, -6.29199765522353, 0.0 ], [ 106.897321632519919, -6.29198975901351, 0.0 ], [ 106.897386927163353, -6.291947861988013, 0.0 ], [ 106.897452222701673, -6.291905965858186, 0.0 ], [ 106.897517517321205, -6.291864068822551, 0.0 ], [ 106.897591326986486, -6.291767019361719, 0.0 ], [ 106.8976127680194, -6.291743247706783, 0.0 ], [ 106.897639997323907, -6.291732377820703, 0.0 ], [ 106.897680901609192, -6.291732947089799, 0.0 ], [ 106.897749796941824, -6.291734851324273, 0.0 ], [ 106.89780792094902, -6.29173464013421, 0.0 ], [ 106.897901094101798, -6.291703427190895, 0.0 ], [ 106.897934781314746, -6.29169253382593, 0.0 ], [ 106.898010005511793, -6.291656371757828, 0.0 ], [ 106.898027380008983, -6.291641722217809, 0.0 ], [ 106.898084354513188, -6.291593682841404, 0.0 ], [ 106.898141328103037, -6.291545643465059, 0.0 ], [ 106.898198302588668, -6.29149760498645, 0.0 ], [ 106.898258148496012, -6.291444284965235, 0.0 ], [ 106.89828429567612, -6.291421333420944, 0.0 ], [ 106.898313399176146, -6.291396323267433, 0.0 ], [ 106.898357295578322, -6.291361393435637, 0.0 ], [ 106.898408935019035, -6.291326251017193, 0.0 ], [ 106.898459435930093, -6.291298329534318, 0.0 ], [ 106.898507406285361, -6.291276000275484, 0.0 ], [ 106.898552197384134, -6.291258787311349, 0.0 ], [ 106.898580045024374, -6.291247262356822, 0.0 ], [ 106.898630860575352, -6.291217656220596, 0.0 ], [ 106.89867165225138, -6.291175278549998, 0.0 ], [ 106.89868547827767, -6.291157638362018, 0.0 ], [ 106.898717461347644, -6.291109688883913, 0.0 ], [ 106.898749445316028, -6.291061739402296, 0.0 ], [ 106.898790775834115, -6.290992072998747, 0.0 ], [ 106.898813389301324, -6.290933364023847, 0.0 ], [ 106.898841924578647, -6.290877297102944, 0.0 ], [ 106.898893814770958, -6.290826375702612, 0.0 ], [ 106.8989558044766, -6.290788408186378, 0.0 ], [ 106.89897619722845, -6.29077832257777, 0.0 ], [ 106.899022836431513, -6.290761695079816, 0.0 ], [ 106.899046749736385, -6.290755384088717, 0.0 ], [ 106.89909156758101, -6.290748045047712, 0.0 ], [ 106.899121588717549, -6.29074583650886, 0.0 ], [ 106.899164799893498, -6.290741712074752, 0.0 ], [ 106.8992099936427, -6.290730893454136, 0.0 ], [ 106.899255187392015, -6.290720075734304, 0.0 ], [ 106.899329886597585, -6.290692944133792, 0.0 ], [ 106.899404586699404, -6.29066581342575, 0.0 ], [ 106.899472994128914, -6.290634941680448, 0.0 ], [ 106.899541402454858, -6.290604070829381, 0.0 ], [ 106.899608023424506, -6.290569706569067, 0.0 ], [ 106.899674644386522, -6.290535343206935, 0.0 ], [ 106.899750179058614, -6.290493950332968, 0.0 ], [ 106.899825713716439, -6.290452557451511, 0.0 ], [ 106.899876827727752, -6.290425312652983, 0.0 ], [ 106.899927941732827, -6.290398067851007, 0.0 ], [ 106.899987158588289, -6.290359721555809, 0.0 ], [ 106.90004018496515, -6.290313180100688, 0.0 ], [ 106.900077586901602, -6.29025583230419, 0.0 ], [ 106.900100870801012, -6.290191439310576, 0.0 ], [ 106.900125760315262, -6.290145932348853, 0.0 ], [ 106.900161841901976, -6.290108681914519, 0.0 ], [ 106.900213960609122, -6.290074958039308, 0.0 ], [ 106.900268333024641, -6.290045007953952, 0.0 ], [ 106.900324685902717, -6.290018980929419, 0.0 ], [ 106.900387263160638, -6.289997800922342, 0.0 ], [ 106.900450361305943, -6.289978230180241, 0.0 ], [ 106.90051393972405, -6.28996028150843, 0.0 ], [ 106.90057279570641, -6.289941267761642, 0.0 ], [ 106.900632801205276, -6.289926275029219, 0.0 ], [ 106.900693681779373, -6.289915372118798, 0.0 ], [ 106.900774093313359, -6.289891488931548, 0.0 ], [ 106.9008464486826, -6.289849031599484, 0.0 ], [ 106.900913903804593, -6.289794872715513, 0.0 ], [ 106.900980532050554, -6.289739698781401, 0.0 ], [ 106.901041694669331, -6.289690799522566, 0.0 ], [ 106.901109311516279, -6.289651316828998, 0.0 ], [ 106.901174229599079, -6.289628319062183, 0.0 ], [ 106.901239502912503, -6.289606350707941, 0.0 ], [ 106.901305114308627, -6.289585417253249, 0.0 ], [ 106.901366739524434, -6.28956212766134, 0.0 ], [ 106.901427630588316, -6.289536980029915, 0.0 ], [ 106.901487732463792, -6.289509997163, 0.0 ], [ 106.901551419254886, -6.28948063241595, 0.0 ], [ 106.901613327372729, -6.289447678400514, 0.0 ], [ 106.901673254803057, -6.28941124254043, 0.0 ], [ 106.901730137237578, -6.289370861273569, 0.0 ], [ 106.901787372078417, -6.289330981418271, 0.0 ], [ 106.901844954817435, -6.289291605703081, 0.0 ], [ 106.901902957506479, -6.289258882872103, 0.0 ], [ 106.901955258295388, -6.289217644875334, 0.0 ], [ 106.902003419807059, -6.289166238697127, 0.0 ], [ 106.902039124838339, -6.289105504717391, 0.0 ], [ 106.902047232584735, -6.289049539231579, 0.0 ], [ 106.902049474068633, -6.288993033633264, 0.0 ], [ 106.902059134860011, -6.288935514619768, 0.0 ], [ 106.902096318728553, -6.288890597579774, 0.0 ], [ 106.902162864930233, -6.288857911448215, 0.0 ], [ 106.902233587557973, -6.288835675441112, 0.0 ], [ 106.902298805889373, -6.288822738576134, 0.0 ], [ 106.902364565970345, -6.288812922605162, 0.0 ], [ 106.902430717893679, -6.288806251580874, 0.0 ], [ 106.902493731401506, -6.288794791936212, 0.0 ], [ 106.902556645384934, -6.28878280101738, 0.0 ], [ 106.902619456232387, -6.288770279741511, 0.0 ], [ 106.902661810226661, -6.288742218579845, 0.0 ], [ 106.902681343254784, -6.28869529803437, 0.0 ], [ 106.902687965044706, -6.288605433913473, 0.0 ], [ 106.902697425938612, -6.288515825270471, 0.0 ], [ 106.902701367611911, -6.288441842046988, 0.0 ], [ 106.902705481909948, -6.288367869044636, 0.0 ], [ 106.902709767925543, -6.288293905362676, 0.0 ], [ 106.90271222129816, -6.288248718747325, 0.0 ], [ 106.90271541578494, -6.288203579160966, 0.0 ], [ 106.902764851215579, -6.288156153737694, 0.0 ], [ 106.902824272172751, -6.288142266905696, 0.0 ], [ 106.902881477852659, -6.288121015839923, 0.0 ], [ 106.902935559565819, -6.288092737475324, 0.0 ], [ 106.902989967451362, -6.288056752904899, 0.0 ], [ 106.903044828754588, -6.288021465573968, 0.0 ], [ 106.903100136269913, -6.287986881837563, 0.0 ], [ 106.903155685088933, -6.287956039421383, 0.0 ], [ 106.903213484704338, -6.287929659737701, 0.0 ], [ 106.903273177896352, -6.287907907733924, 0.0 ], [ 106.903327095204759, -6.287890338479506, 0.0 ], [ 106.903380629772641, -6.287871633216529, 0.0 ], [ 106.903427913689114, -6.287824215592888, 0.0 ], [ 106.903445391355504, -6.287759516450169, 0.0 ], [ 106.9034618686957, -6.287694554232424, 0.0 ], [ 106.903477692634354, -6.287629562750205, 0.0 ], [ 106.903494077300806, -6.28756471027095, 0.0 ], [ 106.903511021810786, -6.287500002222683, 0.0 ], [ 106.903518024823725, -6.287434235478147, 0.0 ], [ 106.903527308614343, -6.287368751557818, 0.0 ], [ 106.903538862628537, -6.28730363006394, 0.0 ], [ 106.903558290270212, -6.287219320436128, 0.0 ], [ 106.903583679268905, -6.287136612015131, 0.0 ], [ 106.903614711560067, -6.287061218264419, 0.0 ], [ 106.903650677394523, -6.28698805240994, 0.0 ], [ 106.903703783755589, -6.286963936570541, 0.0 ], [ 106.903763273354528, -6.286979649799818, 0.0 ], [ 106.903800629434059, -6.286988603881236, 0.0 ], [ 106.903856494750997, -6.287003074459838, 0.0 ], [ 106.903907506679033, -6.287016487697346, 0.0 ], [ 106.903974511055651, -6.28703384345749, 0.0 ], [ 106.904057369959716, -6.287056473117389, 0.0 ], [ 106.904140228867419, -6.287079102761893, 0.0 ], [ 106.90422031642079, -6.287101218995431, 0.0 ], [ 106.904259316000775, -6.28710690946554, 0.0 ], [ 106.904309545837108, -6.287080703751649, 0.0 ], [ 106.90432127516172, -6.287060806290135, 0.0 ], [ 106.904326500778865, -6.287046702690952, 0.0 ], [ 106.90432986653127, -6.28699130062002, 0.0 ], [ 106.904340899344078, -6.28694437939755, 0.0 ], [ 106.90435284830491, -6.286897682678772, 0.0 ], [ 106.904359130263899, -6.2868739091616, 0.0 ], [ 106.904376189793368, -6.28683289437303, 0.0 ], [ 106.904366034184548, -6.286790869367313, 0.0 ], [ 106.904367298974904, -6.286742632960689, 0.0 ], [ 106.904387202139134, -6.286687727586616, 0.0 ], [ 106.904418001912774, -6.286638115081269, 0.0 ], [ 106.904458783497589, -6.286583762013154, 0.0 ], [ 106.904499565077955, -6.286529409848474, 0.0 ], [ 106.904531642786353, -6.286489062745628, 0.0 ], [ 106.904576681656636, -6.286432618278456, 0.0 ], [ 106.904624088773716, -6.286378149749928, 0.0 ], [ 106.904673775945554, -6.286325756031024, 0.0 ], [ 106.90472621262235, -6.286282027432128, 0.0 ], [ 106.904765915815915, -6.286286667429216, 0.0 ], [ 106.904815073592431, -6.286325923803566, 0.0 ], [ 106.904865649602641, -6.286363332383663, 0.0 ], [ 106.904922543206482, -6.286361689302456, 0.0 ], [ 106.904980459721457, -6.286341442700601, 0.0 ], [ 106.905041013690806, -6.286331594839963, 0.0 ], [ 106.905111745462165, -6.286325674496072, 0.0 ], [ 106.905182503697219, -6.286320075013101, 0.0 ], [ 106.90523750010388, -6.286318030146401, 0.0 ], [ 106.905265729285944, -6.286312410252727, 0.0 ], [ 106.905288820088913, -6.286305880543246, 0.0 ], [ 106.905368388841765, -6.286288777310388, 0.0 ], [ 106.905414290771176, -6.28630165209082, 0.0 ], [ 106.905456970291112, -6.286322901823593, 0.0 ], [ 106.905510607968154, -6.286339048474416, 0.0 ], [ 106.905566536510733, -6.286342118459947, 0.0 ], [ 106.905650802135028, -6.286339177547795, 0.0 ], [ 106.905734807226139, -6.28633193662184, 0.0 ], [ 106.905809803683979, -6.286321000795136, 0.0 ], [ 106.905882436173158, -6.286299343353873, 0.0 ], [ 106.905955948987327, -6.286263361264515, 0.0 ], [ 106.906025592375087, -6.286220357331268, 0.0 ], [ 106.906079792247269, -6.286181471056928, 0.0 ], [ 106.906133363688383, -6.286141721817717, 0.0 ], [ 106.906186293181094, -6.286101119608588, 0.0 ], [ 106.906239883349045, -6.286060066538663, 0.0 ], [ 106.906292494894913, -6.286017763909291, 0.0 ], [ 106.906344098089747, -6.285974236240779, 0.0 ], [ 106.906398898950982, -6.285927703332916, 0.0 ], [ 106.90645403739552, -6.285881571529149, 0.0 ], [ 106.906509510722515, -6.285835843551586, 0.0 ], [ 106.906573901290898, -6.285781874450892, 0.0 ], [ 106.906638897197297, -6.285728636388214, 0.0 ], [ 106.906704488525477, -6.285676135728437, 0.0 ], [ 106.906770668973522, -6.285624378823012, 0.0 ], [ 106.906836871832425, -6.285577537587483, 0.0 ], [ 106.90690397395484, -6.285531995014582, 0.0 ], [ 106.906971949203168, -6.285487769281898, 0.0 ], [ 106.907038506737578, -6.28545148516949, 0.0 ], [ 106.907107708649235, -6.285420549280412, 0.0 ], [ 106.907179127339347, -6.285395153040424, 0.0 ], [ 106.907248624848052, -6.285366241310403, 0.0 ], [ 106.907315777961003, -6.285332233407819, 0.0 ], [ 106.90738021508561, -6.285293316940385, 0.0 ], [ 106.907441577384844, -6.285249708401527, 0.0 ], [ 106.907493176738953, -6.285188563711848, 0.0 ], [ 106.907545554688213, -6.285128086140115, 0.0 ], [ 106.907598704040097, -6.28506828565784, 0.0 ], [ 106.907652252930305, -6.285000100624021, 0.0 ], [ 106.907711386211545, -6.284936703375976, 0.0 ], [ 106.90776005232135, -6.284900060447962, 0.0 ], [ 106.907811971569558, -6.284868199343682, 0.0 ], [ 106.907866675139132, -6.284841406573343, 0.0 ], [ 106.907953632159376, -6.284830778579468, 0.0 ], [ 106.908040945719918, -6.284837900048683, 0.0 ], [ 106.908084945640283, -6.284858754169028, 0.0 ], [ 106.908126646223508, -6.28488389682528, 0.0 ], [ 106.908180010669298, -6.284921310250942, 0.0 ], [ 106.908234779795094, -6.284956632715541, 0.0 ], [ 106.908268094078977, -6.284977014076079, 0.0 ], [ 106.908331337345089, -6.285020614548861, 0.0 ], [ 106.908400202758543, -6.28503771163397, 0.0 ], [ 106.908470867350445, -6.285031303817496, 0.0 ], [ 106.908535538498427, -6.285002095835227, 0.0 ], [ 106.908606158977889, -6.284965747919621, 0.0 ], [ 106.908676778538705, -6.284929399096606, 0.0 ], [ 106.908747398994464, -6.284893051167753, 0.0 ], [ 106.908818018531278, -6.284856702331475, 0.0 ], [ 106.908881781175964, -6.284823884054703, 0.0 ] ] ] } },
{ "type": "Feature", "properties": { "OBJECTID": 285, "toponimi": "Sal. Phb Cilangkap Kalimati", "kewenangan": "Pemprov DKI", "jenis": "Saluran Drainase Tersier", "panjang": "868", "lebar": "1.5 - 3", "kedalaman": "1.5 - 2", "kota": "Jakarta Timur", "kecamatan": "Cipayung", "lebar_min": 1.5, "lebar_max": 3.0, "kedalaman_": 1.5, "kedalaman1": 2.0, "Shape_Leng": 0.83215236666000003 }, "geometry": { "type": "MultiLineString", "coordinates": [ [ [ 106.907085748756202, -6.32531077680094, 0.0 ], [ 106.907072798633266, -6.325199154467056, 0.0 ], [ 106.907065567352262, -6.325070670835714, 0.0 ], [ 106.907079194596406, -6.324731084244529, 0.0 ], [ 106.907070641269158, -6.324610721827121, 0.0 ], [ 106.90709275246013, -6.324372559120221, 0.0 ], [ 106.907205897048371, -6.323887864420368, 0.0 ], [ 106.907204182304795, -6.323789121755856, 0.0 ], [ 106.907292788936232, -6.323640339527161, 0.0 ], [ 106.907301537858245, -6.32348450070329, 0.0 ], [ 106.90730660323365, -6.323060624698733, 0.0 ], [ 106.907340683103897, -6.322727263964784, 0.0 ], [ 106.907351968970133, -6.322501261764947, 0.0 ], [ 106.907353803529844, -6.322293475372172, 0.0 ], [ 106.907387909932083, -6.322155695706014, 0.0 ], [ 106.907457342886161, -6.321977096103274, 0.0 ], [ 106.907479707342503, -6.321940652693738, 0.0 ], [ 106.907540589524984, -6.321789788784701, 0.0 ], [ 106.907562873734364, -6.321731701731383, 0.0 ], [ 106.907607268515193, -6.321567911418235, 0.0 ], [ 106.907666207583205, -6.321359049363569, 0.0 ], [ 106.907725802873827, -6.32109304578102, 0.0 ], [ 106.907753044496332, -6.320970874888011, 0.0 ], [ 106.907781338107895, -6.320899779791098, 0.0 ], [ 106.907800129642098, -6.320833047624353, 0.0 ], [ 106.907818150694041, -6.320792291189512, 0.0 ], [ 106.907879211337843, -6.320689908739162, 0.0 ], [ 106.907933376911515, -6.320595343369456, 0.0 ], [ 106.907966881784162, -6.320529423371744, 0.0 ], [ 106.907997080340266, -6.32050593721972, 0.0 ], [ 106.908016969181048, -6.32050240142587, 0.0 ], [ 106.90805242028074, -6.320495344808498, 0.0 ], [ 106.908074831352565, -6.320471887230055, 0.0 ], [ 106.908114449447382, -6.320421528356829, 0.0 ], [ 106.908152255477816, -6.320348666949054, 0.0 ], [ 106.908209832000651, -6.320240236905357, 0.0 ], [ 106.908245871745038, -6.320157857890641, 0.0 ], [ 106.908416312891688, -6.319916554318761, 0.0 ], [ 106.908453323005162, -6.319862742200395, 0.0 ], [ 106.908494561290652, -6.31978207551414, 0.0 ], [ 106.908541690641385, -6.319656368850077, 0.0 ], [ 106.908551005426673, -6.319600926968454, 0.0 ], [ 106.908572545324404, -6.319575741177385, 0.0 ], [ 106.90860796143302, -6.319559161487942, 0.0 ], [ 106.908662441018933, -6.319550304512306, 0.0 ], [ 106.908717812570998, -6.319548369879963, 0.0 ], [ 106.908807803471277, -6.319548904830241, 0.0 ], [ 106.908891703342633, -6.319539939845031, 0.0 ], [ 106.908958296935822, -6.319531037470274, 0.0 ], [ 106.909009400067589, -6.31949101038106, 0.0 ], [ 106.909041228285105, -6.3194720994342, 0.0 ], [ 106.909072009436656, -6.319457447156425, 0.0 ], [ 106.90908896650447, -6.319442491206726, 0.0 ], [ 106.909113332935902, -6.319418287759364, 0.0 ], [ 106.909158585886885, -6.319387625396904, 0.0 ], [ 106.909192208207614, -6.31937473567938, 0.0 ], [ 106.909277879313905, -6.319347825336838, 0.0 ], [ 106.909340493843715, -6.319315680647648, 0.0 ], [ 106.909354267598133, -6.319302509374752, 0.0 ], [ 106.909362335981285, -6.319279784333697, 0.0 ], [ 106.909362622578115, -6.319261343592668, 0.0 ], [ 106.909373926281106, -6.319251018541639, 0.0 ], [ 106.909447107412049, -6.31923720873746, 0.0 ], [ 106.909552540128232, -6.319208816269787, 0.0 ], [ 106.909599203383095, -6.319191396888074, 0.0 ], [ 106.909648844230901, -6.319182137172622, 0.0 ], [ 106.909685581031511, -6.319179505077674, 0.0 ], [ 106.909729556614607, -6.31917162777402, 0.0 ], [ 106.909792163205083, -6.319155811620165, 0.0 ] ] ] } },
{ "type": "Feature", "properties": { "OBJECTID": 265, "toponimi": "Sal. Phb KPAD", "kewenangan": "Pemprov DKI", "jenis": "Saluran Drainase Tersier", "panjang": "862", "lebar": "2 - 3", "kedalaman": "1.5-2", "kota": "Jakarta Timur", "kecamatan": "Ciracas", "lebar_min": 2.0, "lebar_max": 3.0, "kedalaman_": 1.5, "kedalaman1": 2.0, "Shape_Leng": 0.85722002728000002 }, "geometry": { "type": "MultiLineString", "coordinates": [ [ [ 106.893486644446156, -6.359482786549011, 0.0 ], [ 106.893719036257536, -6.359437047742121, 0.0 ] ] ] } },
{ "type": "Feature", "properties": { "OBJECTID": 281, "toponimi": "Sal. Phb Cipayung/Pagar Alam/Kalijati", "kewenangan": "Pemprov DKI", "jenis": "Saluran Drainase Tersier", "panjang": "7046", "lebar": "1 - 2", "kedalaman": "2 - 3", "kota": "Jakarta Timur", "kecamatan": "Cipayung", "lebar_min": 1.0, "lebar_max": 2.0, "kedalaman_": 2.0, "kedalaman1": 3.0, "Shape_Leng": 5.9909375770800004 }, "geometry": { "type": "MultiLineString", "coordinates": [ [ [ 106.887867284124269, -6.330764792916995, 0.0 ], [ 106.888117356621763, -6.330736683365499, 0.0 ], [ 106.888116319876545, -6.330693588663007, 0.0 ], [ 106.888111223903948, -6.330103777080288, 0.0 ], [ 106.888102692245155, -6.329878866582343, 0.0 ], [ 106.888105582152974, -6.329764180568946, 0.0 ], [ 106.888117564504853, -6.329725543843995, 0.0 ], [ 106.888158368207073, -6.32973311409417, 0.0 ], [ 106.888235557368475, -6.329744962408821, 0.0 ], [ 106.888298763528539, -6.329548460370491, 0.0 ], [ 106.888373255022714, -6.329424693203541, 0.0 ], [ 106.888439860633838, -6.329253539891126, 0.0 ], [ 106.888498782857909, -6.329091235298424, 0.0 ], [ 106.888527248564017, -6.32903930746983, 0.0 ], [ 106.888543755077379, -6.329032630954506, 0.0 ], [ 106.88864084033375, -6.3290609471833, 0.0 ], [ 106.888765498048784, -6.329094675633126, 0.0 ], [ 106.888838270155361, -6.329104334755204, 0.0 ], [ 106.888861373583993, -6.329093224752746, 0.0 ], [ 106.888916636607959, -6.328833900457484, 0.0 ], [ 106.888942786061932, -6.328751106538637, 0.0 ], [ 106.889014071012411, -6.328654916380185, 0.0 ], [ 106.889143244489162, -6.328415170885691, 0.0 ], [ 106.889207778004504, -6.328280413056447, 0.0 ], [ 106.889259306012107, -6.328206347593451, 0.0 ], [ 106.889297826334357, -6.328191873262034, 0.0 ], [ 106.889510551600679, -6.328198817990047, 0.0 ], [ 106.88967919086636, -6.32820481999204, 0.0 ], [ 106.889974458906096, -6.32822577035335, 0.0 ], [ 106.890109055527944, -6.328258181182353, 0.0 ], [ 106.890321233918755, -6.328360782584363, 0.0 ], [ 106.890386875023935, -6.328417399430701, 0.0 ], [ 106.890438690743196, -6.328460283017104, 0.0 ], [ 106.890499141531507, -6.328510026496359, 0.0 ], [ 106.890592334136286, -6.328566543007753, 0.0 ], [ 106.890707938007125, -6.328629869236587, 0.0 ], [ 106.890804406178333, -6.328639855009421, 0.0 ], [ 106.890890404120441, -6.328611975650156, 0.0 ], [ 106.890938469001568, -6.328570451736137, 0.0 ], [ 106.890998392514888, -6.328475474550071, 0.0 ], [ 106.891042261533812, -6.328227217793476, 0.0 ], [ 106.89108343247112, -6.328183995696332, 0.0 ], [ 106.891112548690131, -6.328140817492387, 0.0 ], [ 106.891148559708341, -6.328099337467315, 0.0 ], [ 106.891217206847358, -6.328035340414845, 0.0 ], [ 106.891328776755429, -6.327936729490411, 0.0 ], [ 106.891369903773906, -6.327881447261575, 0.0 ], [ 106.891405839540084, -6.327819291701206, 0.0 ], [ 106.89148134199651, -6.327746655957144, 0.0 ], [ 106.891548423386197, -6.327725736761796, 0.0 ], [ 106.891606164085402, -6.327708674268351, 0.0 ], [ 106.891684733023595, -6.327606840900902, 0.0 ], [ 106.89189830885654, -6.327164702363686, 0.0 ], [ 106.892290119787575, -6.326424085721851, 0.0 ], [ 106.892372419615, -6.326273070908768, 0.0 ], [ 106.892439933971573, -6.326219966446901, 0.0 ], [ 106.892487846270399, -6.326206383569914, 0.0 ], [ 106.892557515358916, -6.326163082032854, 0.0 ], [ 106.89261156004936, -6.326090198917173, 0.0 ], [ 106.892669810820934, -6.326010242789238, 0.0 ], [ 106.892743489113215, -6.325905531260541, 0.0 ], [ 106.892818482042742, -6.325774704390126, 0.0 ], [ 106.892816403714505, -6.325591231075756, 0.0 ], [ 106.892813953974425, -6.325475539494319, 0.0 ], [ 106.892822826565592, -6.325320970397085, 0.0 ], [ 106.892820189217645, -6.325201894411978, 0.0 ], [ 106.892821045995575, -6.325134628978961, 0.0 ], [ 106.892849571286661, -6.325099240243903, 0.0 ], [ 106.892953260590957, -6.325125326570008, 0.0 ], [ 106.893196874745584, -6.325272526538996, 0.0 ], [ 106.893332646834395, -6.325132088741809, 0.0 ], [ 106.89346124571442, -6.324991676165247, 0.0 ], [ 106.893625094437866, -6.324682485755035, 0.0 ], [ 106.893735709885348, -6.324527785541147, 0.0 ], [ 106.893871560030419, -6.324408876695061, 0.0 ], [ 106.893993220637327, -6.324333079008611, 0.0 ], [ 106.894036934614718, -6.324278378605005, 0.0 ], [ 106.894025685491997, -6.324249223256155, 0.0 ], [ 106.894009038727987, -6.324217307361993, 0.0 ], [ 106.89399782520475, -6.324164421032832, 0.0 ], [ 106.893968698805764, -6.324034414826603, 0.0 ], [ 106.893912621058675, -6.323766674957358, 0.0 ], [ 106.893871927142527, -6.323486750927734, 0.0 ], [ 106.893870620905645, -6.323430520251563, 0.0 ], [ 106.893911111870736, -6.323352084494449, 0.0 ], [ 106.893997277256418, -6.323279899853866, 0.0 ], [ 106.894096515436914, -6.323218297488636, 0.0 ], [ 106.894189944897718, -6.323137579346143, 0.0 ], [ 106.894264290567818, -6.323068413267535, 0.0 ], [ 106.894296569399756, -6.323003227703752, 0.0 ], [ 106.894327117270763, -6.322987806644126, 0.0 ], [ 106.894390201751136, -6.322978008259906, 0.0 ], [ 106.894455143490759, -6.322952892469266, 0.0 ], [ 106.894607797342772, -6.322852820587172, 0.0 ], [ 106.894764221393984, -6.322737425210279, 0.0 ], [ 106.895010208556116, -6.322529842257158, 0.0 ], [ 106.895054040155472, -6.322485666449596, 0.0 ], [ 106.895092078782284, -6.322426201135195, 0.0 ], [ 106.895120553281984, -6.322366770688587, 0.0 ], [ 106.895170283269209, -6.322366589384504, 0.0 ], [ 106.895220132648106, -6.322398942037879, 0.0 ], [ 106.895287174546297, -6.322425489837778, 0.0 ], [ 106.895386656336029, -6.322430868367472, 0.0 ], [ 106.895478410329645, -6.322415224082015, 0.0 ], [ 106.895541501649021, -6.322407338709115, 0.0 ], [ 106.895608356231307, -6.322382215835773, 0.0 ], [ 106.895681010756505, -6.322374296477832, 0.0 ], [ 106.89582824763832, -6.322362277000933, 0.0 ], [ 106.895935268941727, -6.322337007598922, 0.0 ], [ 106.895944274361227, -6.322183874002609, 0.0 ], [ 106.895951290997544, -6.322009696691181, 0.0 ], [ 106.895977998789917, -6.321990461464228, 0.0 ], [ 106.896027679911938, -6.321976884607191, 0.0 ], [ 106.896117570484606, -6.321974642693267, 0.0 ], [ 106.896161353118714, -6.321917070448655, 0.0 ], [ 106.896166889007986, -6.321861550856418, 0.0 ], [ 106.896157074791233, -6.321792691593746, 0.0 ], [ 106.896129697661564, -6.321628209104293, 0.0 ], [ 106.896119315833133, -6.321572209606917, 0.0 ], [ 106.896138439766901, -6.321231904039535, 0.0 ], [ 106.896120702599362, -6.321088437347307, 0.0 ], [ 106.896057039804745, -6.320939395971176, 0.0 ], [ 106.89580907419176, -6.320603479199931, 0.0 ], [ 106.895713251500638, -6.320552157255368, 0.0 ], [ 106.895584961174293, -6.320514350219021, 0.0 ], [ 106.895544676081457, -6.320481962685698, 0.0 ], [ 106.895519643480398, -6.320436123882324, 0.0 ], [ 106.89560305701815, -6.320231047696112, 0.0 ], [ 106.895631628972723, -6.32019841004987, 0.0 ], [ 106.895687068944923, -6.320190552631379, 0.0 ], [ 106.895731039715869, -6.320184651074024, 0.0 ], [ 106.895771067821542, -6.320146230401385, 0.0 ], [ 106.895807303872715, -6.320117392011699, 0.0 ], [ 106.895881857134242, -6.320105637690125, 0.0 ], [ 106.895985129583195, -6.320101433051753, 0.0 ], [ 106.896064043448249, -6.320105451711551, 0.0 ], [ 106.896129749986457, -6.320027705176915, 0.0 ], [ 106.896174645242468, -6.320007685769887, 0.0 ], [ 106.896237790272551, -6.320014632534118, 0.0 ], [ 106.896298014878269, -6.32000723589869, 0.0 ], [ 106.896378201601323, -6.319966754697472, 0.0 ], [ 106.896442566310512, -6.319914848679999, 0.0 ], [ 106.896535763482333, -6.319901591423463, 0.0 ], [ 106.896705027231377, -6.319898103456286, 0.0 ], [ 106.896825427494477, -6.3198703928934, 0.0 ], [ 106.896902724176499, -6.31982418091799, 0.0 ], [ 106.896968492391224, -6.31976365785702, 0.0 ], [ 106.897068804102773, -6.319734585668236, 0.0 ], [ 106.897134927953445, -6.319771662584744, 0.0 ], [ 106.897239779038074, -6.319807162436002, 0.0 ], [ 106.897305667512541, -6.319779651554628, 0.0 ], [ 106.897422765351436, -6.319632821503907, 0.0 ], [ 106.897405430820342, -6.319599873007428, 0.0 ], [ 106.897402378695816, -6.319549647742009, 0.0 ], [ 106.897429513770504, -6.319516536995941, 0.0 ], [ 106.897486826473653, -6.319497668366452, 0.0 ], [ 106.89753986746139, -6.31948742809891, 0.0 ], [ 106.897591447317055, -6.319470016142439, 0.0 ], [ 106.8976400848873, -6.319432519636787, 0.0 ], [ 106.897662969155618, -6.319413777521652, 0.0 ], [ 106.897662806973798, -6.319369282969876, 0.0 ], [ 106.897695670530524, -6.319333280689437, 0.0 ], [ 106.897750928250503, -6.319280928610265, 0.0 ], [ 106.897832065541664, -6.319238769325375, 0.0 ], [ 106.897909750561794, -6.319233702062079, 0.0 ], [ 106.89800329043787, -6.319221065382347, 0.0 ], [ 106.898064835044821, -6.319138054670753, 0.0 ], [ 106.898098765522207, -6.319073977843561, 0.0 ], [ 106.898123995829025, -6.319041909265738, 0.0 ], [ 106.898127112381786, -6.318990072947066, 0.0 ], [ 106.898155608873566, -6.318946965634564, 0.0 ], [ 106.898195153290317, -6.318911536589807, 0.0 ], [ 106.898230162651785, -6.318914370757594, 0.0 ], [ 106.898287760221237, -6.31892112236685, 0.0 ], [ 106.898319715851073, -6.318919903593341, 0.0 ], [ 106.898371525030129, -6.318898498092453, 0.0 ], [ 106.898386794996796, -6.31887996367447, 0.0 ], [ 106.898413086598538, -6.31883686440362, 0.0 ], [ 106.898444961810839, -6.318813592291888, 0.0 ], [ 106.898513154516777, -6.318776955619271, 0.0 ], [ 106.898571484882368, -6.318756436763579, 0.0 ], [ 106.898632059453661, -6.318648566801243, 0.0 ], [ 106.898723539927502, -6.318492739990003, 0.0 ], [ 106.898793813684961, -6.318421914034714, 0.0 ], [ 106.898863157082786, -6.318424053225271, 0.0 ], [ 106.89906756239499, -6.318419718460573, 0.0 ], [ 106.899254092753154, -6.318430998167808, 0.0 ], [ 106.899329304579737, -6.318403213472473, 0.0 ], [ 106.899418704457759, -6.318332317620325, 0.0 ], [ 106.899458981889737, -6.318299450866613, 0.0 ], [ 106.899496409782685, -6.318235275348952, 0.0 ], [ 106.899543173590033, -6.318064194503302, 0.0 ], [ 106.89958548523191, -6.317881000071527, 0.0 ], [ 106.899626992080272, -6.31777940568032, 0.0 ], [ 106.89968481672156, -6.317619310354596, 0.0 ], [ 106.899701170730211, -6.317570734858617, 0.0 ], [ 106.899725270287064, -6.317530951798507, 0.0 ], [ 106.899763712959313, -6.317495526719382, 0.0 ], [ 106.899794476647514, -6.317470053444914, 0.0 ], [ 106.89990500933132, -6.317325970407288, 0.0 ], [ 106.900029039815607, -6.31717376506495, 0.0 ], [ 106.900049321159557, -6.317165109868407, 0.0 ], [ 106.900094902748691, -6.317162684867304, 0.0 ], [ 106.90011927810761, -6.317162595839658, 0.0 ], [ 106.900164713780796, -6.317166988526219, 0.0 ], [ 106.900408670239528, -6.317190498154483, 0.0 ], [ 106.900691784082923, -6.317213507468651, 0.0 ], [ 106.900712127867649, -6.3172078528365, 0.0 ], [ 106.900727435517652, -6.317196957265234, 0.0 ], [ 106.900736794247265, -6.317163953883314, 0.0 ], [ 106.900753194613145, -6.317094684434507, 0.0 ], [ 106.90078374259879, -6.316972248230218, 0.0 ], [ 106.900795638884517, -6.316929131898546, 0.0 ], [ 106.900855585608198, -6.316841046579786, 0.0 ], [ 106.901122792092622, -6.316467351667379, 0.0 ], [ 106.901239834291161, -6.31626368411527, 0.0 ], [ 106.901263639554756, -6.316215610313741, 0.0 ], [ 106.901288033730097, -6.316135777621912, 0.0 ], [ 106.901293207180103, -6.316007323125648, 0.0 ], [ 106.901288372789452, -6.315842208280203, 0.0 ], [ 106.901271172195962, -6.315574108231046, 0.0 ], [ 106.901264353823379, -6.315444991419311, 0.0 ], [ 106.901288168467559, -6.315399740293507, 0.0 ], [ 106.90136347584675, -6.315355711475052, 0.0 ], [ 106.901420530066986, -6.31533503797916, 0.0 ], [ 106.901532607202086, -6.31531698612495, 0.0 ], [ 106.901737861954686, -6.315319764899551, 0.0 ], [ 106.901853653962078, -6.3153532150325, 0.0 ], [ 106.901894442433232, -6.315378010960378, 0.0 ], [ 106.902136135870634, -6.3155680232344, 0.0 ], [ 106.902233786894726, -6.315596373361611, 0.0 ], [ 106.902497752050039, -6.315599713828346, 0.0 ], [ 106.902691473272412, -6.315616229238202, 0.0 ], [ 106.903011509354187, -6.315653812722946, 0.0 ], [ 106.903108017443813, -6.315576831938885, 0.0 ], [ 106.903183791487123, -6.315503780384084, 0.0 ], [ 106.903232127738207, -6.315461703447922, 0.0 ], [ 106.903292601293828, -6.315423992469336, 0.0 ], [ 106.903342104404075, -6.31539955357081, 0.0 ], [ 106.903378426393985, -6.315387290895702, 0.0 ], [ 106.903423637549693, -6.315394844094689, 0.0 ], [ 106.9034826438278, -6.315428180565977, 0.0 ], [ 106.903739972308301, -6.315539548565233, 0.0 ], [ 106.903823129978804, -6.315546650068534, 0.0 ], [ 106.903869282376277, -6.315510094467066, 0.0 ], [ 106.903919918605538, -6.315444611066312, 0.0 ], [ 106.903985596705937, -6.315372940813933, 0.0 ], [ 106.904066888977482, -6.315321870103528, 0.0 ], [ 106.904130097826837, -6.315280971022192, 0.0 ], [ 106.904200028223059, -6.31524535278006, 0.0 ], [ 106.904305592773454, -6.3151821158513, 0.0 ], [ 106.904462835106742, -6.315086712502207, 0.0 ], [ 106.904622309527014, -6.314999020419473, 0.0 ], [ 106.904686178827504, -6.314985554716442, 0.0 ], [ 106.904734676126068, -6.314987582391597, 0.0 ], [ 106.904791936748893, -6.314975243903775, 0.0 ], [ 106.904822643550304, -6.314934333532219, 0.0 ], [ 106.904830031228514, -6.314844992875527, 0.0 ], [ 106.904816634290611, -6.31479762840749, 0.0 ], [ 106.904824881615795, -6.314642125766506, 0.0 ], [ 106.904849954060381, -6.314567054467495, 0.0 ], [ 106.904970080061986, -6.314266695773391, 0.0 ], [ 106.905060793338293, -6.314060169602192, 0.0 ], [ 106.905188814786897, -6.313809401597807, 0.0 ], [ 106.905260906991273, -6.313633816926966, 0.0 ], [ 106.905332902411146, -6.313431770531642, 0.0 ], [ 106.905412539413646, -6.313209847802033, 0.0 ], [ 106.905578980581581, -6.313219162279995, 0.0 ], [ 106.905659464174576, -6.313228791383339, 0.0 ], [ 106.905735530950651, -6.313236231470181, 0.0 ], [ 106.905850165527468, -6.313242427304671, 0.0 ], [ 106.905927585377043, -6.313236371886284, 0.0 ], [ 106.905910421740614, -6.313145174569237, 0.0 ], [ 106.905899999577031, -6.313007382645235, 0.0 ], [ 106.905879939102974, -6.31284432754575, 0.0 ], [ 106.905950315181215, -6.312761200965851, 0.0 ], [ 106.906133525111116, -6.312649533787946, 0.0 ], [ 106.906301307113765, -6.3125034748141, 0.0 ], [ 106.906670696541369, -6.312046650598424, 0.0 ], [ 106.906885188662841, -6.31159804886073, 0.0 ], [ 106.906964261766404, -6.311493907352554, 0.0 ], [ 106.906963713266734, -6.311491190644265, 0.0 ], [ 106.906972400167447, -6.311412486915087, 0.0 ], [ 106.907024047026553, -6.311352491417579, 0.0 ], [ 106.907100550704513, -6.311332231778619, 0.0 ], [ 106.907167053451261, -6.311330361680278, 0.0 ], [ 106.907228260891628, -6.311304272167507, 0.0 ], [ 106.907275680429322, -6.311257581935694, 0.0 ], [ 106.90727921726905, -6.311248950821103, 0.0 ], [ 106.907293782015259, -6.311174391799748, 0.0 ], [ 106.907311458611559, -6.311100509423503, 0.0 ], [ 106.907332215906365, -6.311027434001018, 0.0 ], [ 106.907356018220099, -6.310955293145279, 0.0 ], [ 106.907382822647833, -6.310884215399573, 0.0 ], [ 106.907412582649982, -6.310814323896011, 0.0 ], [ 106.907420079629219, -6.310803595163078, 0.0 ], [ 106.907472017444746, -6.310749058623256, 0.0 ], [ 106.907519986282608, -6.310690996954063, 0.0 ], [ 106.907563746831485, -6.310629697641739, 0.0 ], [ 106.907603083340632, -6.310565466169034, 0.0 ], [ 106.907637798181284, -6.310498621514069, 0.0 ], [ 106.907667719976203, -6.310429495216324, 0.0 ], [ 106.907671350449036, -6.310422254309939, 0.0 ], [ 106.907716774002566, -6.31034920246004, 0.0 ], [ 106.907762198449007, -6.310276150606611, 0.0 ], [ 106.907807621980965, -6.310203098756069, 0.0 ], [ 106.907853045501952, -6.310130046905241, 0.0 ], [ 106.907898469915807, -6.310056995050784, 0.0 ], [ 106.90794389341518, -6.309983943199281, 0.0 ], [ 106.907989316903709, -6.309910891347527, 0.0 ], [ 106.908034741284865, -6.309837839492124, 0.0 ], [ 106.908080164751667, -6.309764787639611, 0.0 ], [ 106.908084666887561, -6.309750296947123, 0.0 ], [ 106.908090696373648, -6.309661047284318, 0.0 ], [ 106.908100520505698, -6.3095721354266, 0.0 ], [ 106.908114120894581, -6.309483722376715, 0.0 ], [ 106.90813147192263, -6.309395969163609, 0.0 ], [ 106.908152542547072, -6.309309035931998, 0.0 ], [ 106.908177295386352, -6.309223079233249, 0.0 ], [ 106.908205684923701, -6.309138254744185, 0.0 ], [ 106.908237659316811, -6.309054718164803, 0.0 ], [ 106.908246871783504, -6.309040901876469, 0.0 ], [ 106.908317468184762, -6.308992028246053, 0.0 ], [ 106.908400573130578, -6.30897048941797, 0.0 ], [ 106.908414926637917, -6.308963434354689, 0.0 ], [ 106.908471122102625, -6.308901255873252, 0.0 ], [ 106.90852731665413, -6.308839078297143, 0.0 ], [ 106.908583512096044, -6.308776900715459, 0.0 ], [ 106.908639706618104, -6.308714722230838, 0.0 ], [ 106.908695902034069, -6.308652544644842, 0.0 ], [ 106.908752096530165, -6.308590366155878, 0.0 ], [ 106.908808291916813, -6.308528187661488, 0.0 ], [ 106.908864486390229, -6.308466010072327, 0.0 ], [ 106.908920681754239, -6.308403832477626, 0.0 ], [ 106.90897687619821, -6.308341653980091, 0.0 ], [ 106.909032087611408, -6.308293826696516, 0.0 ], [ 106.909087299917474, -6.30824599940673, 0.0 ], [ 106.90914251131278, -6.30819817302157, 0.0 ], [ 106.909197722694103, -6.308150345729347, 0.0 ], [ 106.909213290531582, -6.308139561194973, 0.0 ], [ 106.909283093621156, -6.308101628546739, 0.0 ], [ 106.909352897605402, -6.308063696792876, 0.0 ], [ 106.909422700670547, -6.308025764131962, 0.0 ], [ 106.909430864574489, -6.308020006558318, 0.0 ], [ 106.909491707180337, -6.307965493376303, 0.0 ], [ 106.909552549773181, -6.307910980190907, 0.0 ], [ 106.909613391449099, -6.307856467005513, 0.0 ], [ 106.909674234015625, -6.307801953813376, 0.0 ], [ 106.90973507656885, -6.307747440617845, 0.0 ], [ 106.909791403521226, -6.307694104871629, 0.0 ], [ 106.909847731365332, -6.307640769119348, 0.0 ], [ 106.909904058297514, -6.307587434271809, 0.0 ], [ 106.909960386118129, -6.307534098514193, 0.0 ], [ 106.910016713023538, -6.307480762757083, 0.0 ], [ 106.910018541029771, -6.307479031883843, 0.0 ], [ 106.910058403385989, -6.307438851870937, 0.0 ], [ 106.91010337310523, -6.307393523111478, 0.0 ], [ 106.910162919483298, -6.307333501272747, 0.0 ], [ 106.910222465851149, -6.307273480335344, 0.0 ], [ 106.910282012202018, -6.307213458490974, 0.0 ], [ 106.910341558539201, -6.307153436643835, 0.0 ], [ 106.910401104866082, -6.307093415697975, 0.0 ], [ 106.910460651175768, -6.307033393845201, 0.0 ], [ 106.910470510257298, -6.30702813545516, 0.0 ], [ 106.910552432620591, -6.307016418659936, 0.0 ], [ 106.910635103436306, -6.307012668993587, 0.0 ], [ 106.910717750251962, -6.307016923644067, 0.0 ], [ 106.910799599420301, -6.307029140240887, 0.0 ], [ 106.91087988878607, -6.307049206754166, 0.0 ], [ 106.910957865852154, -6.307076934268387, 0.0 ], [ 106.911032804073912, -6.307112065059557, 0.0 ], [ 106.911107179690745, -6.307126077484717, 0.0 ], [ 106.911176448506083, -6.307095568603589, 0.0 ], [ 106.911226833620034, -6.307052258728427, 0.0 ], [ 106.911287582860609, -6.307025378609292, 0.0 ], [ 106.91135350613952, -6.30701722477613, 0.0 ], [ 106.911364975203696, -6.307013871791296, 0.0 ], [ 106.911436992511554, -6.306976877443121, 0.0 ], [ 106.91151565446151, -6.306957737827441, 0.0 ], [ 106.911596607707963, -6.306957513176769, 0.0 ], [ 106.911678291086204, -6.306968141688838, 0.0 ], [ 106.911759974467344, -6.306978771091244, 0.0 ], [ 106.911841657844619, -6.306989399575765, 0.0 ], [ 106.911923342128418, -6.307000028947159, 0.0 ], [ 106.91200502550484, -6.307010657403995, 0.0 ], [ 106.912086708884047, -6.307021286751072, 0.0 ], [ 106.912168392259503, -6.307031915180258, 0.0 ], [ 106.91222157450018, -6.307033619581599, 0.0 ], [ 106.912274755839434, -6.307035324884761, 0.0 ], [ 106.912360401113233, -6.30703202603955, 0.0 ], [ 106.912446046384957, -6.307028728084708, 0.0 ], [ 106.912531691648027, -6.307025429211975, 0.0 ], [ 106.912617337809394, -6.30702213032213, 0.0 ], [ 106.91270298306523, -6.307018832326006, 0.0 ], [ 106.912788628312228, -6.307015533412025, 0.0 ], [ 106.912874273554067, -6.307012234484232, 0.0 ], [ 106.912959918790449, -6.307008935542714, 0.0 ], [ 106.913045564024912, -6.307005637491446, 0.0 ], [ 106.913131209250707, -6.307002338522388, 0.0 ], [ 106.913216854471187, -6.306999039539638, 0.0 ], [ 106.913302500593232, -6.306995741443805, 0.0 ], [ 106.913388145803054, -6.306992442433449, 0.0 ], [ 106.913473791007505, -6.306989143409434, 0.0 ], [ 106.913559436209994, -6.306985845275619, 0.0 ], [ 106.913645081403828, -6.306982546223982, 0.0 ], [ 106.913651481610742, -6.306983011850961, 0.0 ], [ 106.913680790347613, -6.306935220602816, 0.0 ], [ 106.913679775127008, -6.306930661207048, 0.0 ], [ 106.913698428782112, -6.306845278460524, 0.0 ], [ 106.913717083342306, -6.306759896615656, 0.0 ], [ 106.913735736993203, -6.306674513870878, 0.0 ], [ 106.91375439064214, -6.306589131127084, 0.0 ], [ 106.913773045196081, -6.306503749284966, 0.0 ], [ 106.913791698840782, -6.306418366542986, 0.0 ], [ 106.913791905113342, -6.306417449001667, 0.0 ], [ 106.913795670433515, -6.306400688047136, 0.0 ], [ 106.913799478420046, -6.306383734357112, 0.0 ], [ 106.913816405889548, -6.306308377480293, 0.0 ], [ 106.913833332457045, -6.306233021511543, 0.0 ], [ 106.913850259926463, -6.306157665540266, 0.0 ], [ 106.913867187390679, -6.306082308665601, 0.0 ], [ 106.913854550538133, -6.306016833967079, 0.0 ], [ 106.913850746616532, -6.306009769534151, 0.0 ], [ 106.913856151791762, -6.30593802084788, 0.0 ], [ 106.913878728044935, -6.305862746300643, 0.0 ], [ 106.91390130429447, -6.305787471754294, 0.0 ], [ 106.913923880540665, -6.305712197208716, 0.0 ], [ 106.913946456783179, -6.30563692266396, 0.0 ], [ 106.913958657024025, -6.305558249641673, 0.0 ], [ 106.913964494973939, -6.305478849559869, 0.0 ], [ 106.913963931860977, -6.305399237008054, 0.0 ], [ 106.913956972289171, -6.305319927320139, 0.0 ], [ 106.913956025520037, -6.305315059366134, 0.0 ], [ 106.913940487453516, -6.305236348969762, 0.0 ], [ 106.913934726175611, -6.305156325140274, 0.0 ], [ 106.913938827449655, -6.305076199093069, 0.0 ], [ 106.913935748271882, -6.305057812340205, 0.0 ], [ 106.913903755699778, -6.304978181382593, 0.0 ], [ 106.913881947118412, -6.304895176801019, 0.0 ], [ 106.913870664338077, -6.304810098380402, 0.0 ], [ 106.913872090939165, -6.304801173939, 0.0 ], [ 106.913892928245104, -6.30471938523174, 0.0 ], [ 106.913890908241555, -6.304635005142216, 0.0 ], [ 106.913887596142885, -6.304632195525928, 0.0 ], [ 106.913823193043129, -6.30463243199036, 0.0 ], [ 106.913818801084744, -6.304628624566623, 0.0 ], [ 106.913806282596326, -6.304539220816211, 0.0 ], [ 106.91380736824415, -6.304534897820011, 0.0 ], [ 106.913858914460292, -6.304464358518823, 0.0 ], [ 106.91385988127324, -6.304461634453882, 0.0 ], [ 106.913864074229778, -6.304378901471585, 0.0 ], [ 106.913868268092429, -6.304296168486025, 0.0 ], [ 106.913872461054154, -6.304213435503986, 0.0 ], [ 106.913876654922149, -6.304130702518735, 0.0 ], [ 106.913880847889047, -6.304047969536891, 0.0 ], [ 106.913885041758931, -6.303965235647789, 0.0 ], [ 106.913889234731158, -6.303882502666136, 0.0 ], [ 106.913893428609626, -6.303799769681456, 0.0 ], [ 106.913897621587054, -6.303717036700116, 0.0 ], [ 106.913901815470822, -6.303634303715543, 0.0 ], [ 106.913906008453509, -6.303551570734411, 0.0 ], [ 106.913902908287383, -6.303471021771878, 0.0 ], [ 106.913909178321475, -6.303390657209046, 0.0 ], [ 106.913924733990328, -6.303311565925361, 0.0 ], [ 106.913949364148948, -6.303234816468997, 0.0 ], [ 106.913982736467645, -6.303161449804655, 0.0 ], [ 106.914024399156801, -6.303092456704152, 0.0 ], [ 106.914064945192635, -6.303025986597781, 0.0 ], [ 106.914105492120058, -6.302959515583758, 0.0 ], [ 106.914146038138441, -6.302893045477112, 0.0 ], [ 106.914176070508475, -6.302847475769807, 0.0 ], [ 106.914205864654676, -6.302801750523046, 0.0 ], [ 106.914205964333846, -6.302801581085571, 0.0 ], [ 106.914206072155238, -6.302801414330542, 0.0 ], [ 106.914242160082239, -6.302739962214546, 0.0 ], [ 106.914278248002233, -6.302678510098504, 0.0 ], [ 106.914326528663651, -6.302662498886122, 0.0 ], [ 106.914402197782195, -6.30268619125221, 0.0 ], [ 106.914477866907873, -6.302709884509203, 0.0 ], [ 106.914492839598282, -6.302710847579057, 0.0 ], [ 106.914566630913924, -6.302697799525379, 0.0 ], [ 106.914578293077511, -6.302689726258372, 0.0 ], [ 106.914616920856105, -6.302624542520042, 0.0 ], [ 106.91465554771986, -6.302559357880739, 0.0 ], [ 106.914694175482524, -6.302494174142202, 0.0 ], [ 106.914737533435968, -6.30242672356943, 0.0 ], [ 106.914780890479591, -6.302359273903625, 0.0 ], [ 106.914824248413723, -6.302291823330011, 0.0 ], [ 106.914824863873889, -6.302290866313325, 0.0 ], [ 106.914840974406374, -6.30227070211168, 0.0 ], [ 106.914854086981109, -6.302254290190675, 0.0 ], [ 106.914863655614241, -6.302242313362009, 0.0 ], [ 106.914875506924972, -6.302231367895199, 0.0 ], [ 106.914923304713369, -6.302179315452705, 0.0 ], [ 106.914942584912041, -6.302111312272448, 0.0 ], [ 106.914946565442037, -6.302096571257724, 0.0 ], [ 106.914985547336215, -6.302022513129208, 0.0 ], [ 106.915024529224866, -6.301948455905022, 0.0 ], [ 106.915063511101593, -6.301874397776909, 0.0 ], [ 106.915102492972764, -6.301800340553197, 0.0 ], [ 106.915133953733019, -6.301732580156456, 0.0 ], [ 106.915165414487149, -6.301664819760056, 0.0 ], [ 106.915196874334839, -6.301597060271548, 0.0 ], [ 106.915228335076876, -6.301529299875951, 0.0 ], [ 106.915268840984027, -6.301463041467176, 0.0 ], [ 106.915309346882594, -6.301396783058264, 0.0 ], [ 106.915349852775719, -6.301330525553219, 0.0 ], [ 106.91539035865695, -6.301264267143906, 0.0 ], [ 106.915395802139798, -6.301250027068386, 0.0 ], [ 106.915395410962986, -6.30116827116204, 0.0 ], [ 106.915365275309512, -6.301092277988827, 0.0 ], [ 106.915338647008539, -6.301011481874249, 0.0 ], [ 106.915323384457793, -6.300927786980737, 0.0 ], [ 106.915319778134034, -6.300842787121403, 0.0 ], [ 106.915327896312419, -6.300758099527574, 0.0 ], [ 106.915332766446227, -6.300747181507531, 0.0 ], [ 106.915368192067419, -6.300692698109496, 0.0 ], [ 106.915392326438862, -6.300632352237495, 0.0 ], [ 106.91540424462525, -6.300568456424766, 0.0 ], [ 106.915404795851188, -6.300501457806856, 0.0 ], [ 106.915405347983238, -6.300434459185426, 0.0 ], [ 106.915405899214107, -6.300367460567263, 0.0 ], [ 106.915405556133706, -6.30028377869516, 0.0 ], [ 106.915388422494772, -6.300201869987901, 0.0 ], [ 106.915355197292186, -6.300125074426416, 0.0 ], [ 106.915307234754721, -6.300056519828154, 0.0 ], [ 106.91524648877801, -6.299998999994594, 0.0 ], [ 106.915175434794477, -6.299954860175648, 0.0 ], [ 106.915096969110706, -6.299925897985682, 0.0 ], [ 106.915088739794101, -6.299924608174789, 0.0 ], [ 106.915021043876621, -6.29990887809106, 0.0 ], [ 106.914962440146127, -6.299871500592701, 0.0 ], [ 106.914919610113216, -6.299816738517562, 0.0 ], [ 106.914911840104338, -6.299805913012165, 0.0 ], [ 106.914859928361494, -6.299750269291248, 0.0 ], [ 106.91480803734612, -6.29969460740324, 0.0 ], [ 106.914756165251248, -6.299638927354578, 0.0 ], [ 106.914704312976895, -6.29958322823794, 0.0 ], [ 106.914652481430323, -6.299527510954145, 0.0 ], [ 106.914600668803942, -6.2994717755099, 0.0 ], [ 106.91459460364247, -6.29946359011547, 0.0 ], [ 106.914549607106508, -6.299386220134868, 0.0 ], [ 106.914504611493044, -6.299308851046955, 0.0 ], [ 106.914459614988331, -6.299231481050191, 0.0 ], [ 106.914414618499137, -6.299154111045204, 0.0 ], [ 106.914369622029056, -6.29907674193624, 0.0 ], [ 106.914324626474837, -6.298999371911758, 0.0 ], [ 106.914279630035963, -6.298922002786482, 0.0 ], [ 106.914234633609425, -6.298844632748903, 0.0 ], [ 106.914233095944127, -6.298839773288537, 0.0 ], [ 106.914213809361414, -6.298782781040801, 0.0 ], [ 106.914170393294469, -6.298741147104068, 0.0 ], [ 106.914112666432843, -6.298724287183881, 0.0 ], [ 106.914106517062763, -6.298723200381554, 0.0 ], [ 106.914040066201352, -6.2987022198066, 0.0 ], [ 106.913973615343053, -6.298681239221573, 0.0 ], [ 106.913961944374307, -6.298673577072568, 0.0 ], [ 106.91393144288547, -6.298638435275749, 0.0 ], [ 106.913926208503952, -6.298629112141338, 0.0 ], [ 106.913874174829715, -6.298559856176478, 0.0 ], [ 106.913790359339458, -6.298538091186321, 0.0 ], [ 106.91371123349856, -6.298573289731761, 0.0 ], [ 106.913700387846291, -6.298585794163243, 0.0 ] ] ] } },
{ "type": "Feature", "properties": { "OBJECTID": 278, "toponimi": "Sal. Phb Jankes Munjul", "kewenangan": "Pemprov DKI", "jenis": "Saluran Drainase Tersier", "panjang": "2920", "lebar": "1", "kedalaman": "1 - 1.5", "kota": "Jakarta Timur", "kecamatan": "Cipayung", "lebar_min": 1.0, "lebar_max": 1.0, "kedalaman_": 1.0, "kedalaman1": 1.5, "Shape_Leng": 0.35053884773 }, "geometry": { "type": "MultiLineString", "coordinates": [ [ [ 106.898491377487233, -6.344524564243705, 0.0 ], [ 106.898531282280899, -6.344467226179887, 0.0 ], [ 106.898550436615849, -6.344427915718152, 0.0 ], [ 106.898592975618627, -6.344396239039009, 0.0 ], [ 106.898671744933807, -6.344357805897151, 0.0 ], [ 106.898694443491863, -6.344334283970739, 0.0 ], [ 106.898724780322951, -6.344293075434446, 0.0 ], [ 106.898739400789182, -6.344254492236952, 0.0 ], [ 106.898750471240689, -6.344210142835271, 0.0 ], [ 106.898766895175058, -6.344138161602719, 0.0 ], [ 106.89878816355089, -6.344074510471903, 0.0 ], [ 106.898822162822896, -6.343981915699476, 0.0 ], [ 106.89886410026692, -6.343866174067977, 0.0 ], [ 106.898882546319427, -6.343820513767741, 0.0 ], [ 106.898919158759199, -6.343740431656181, 0.0 ], [ 106.898953381372067, -6.343708840602831, 0.0 ], [ 106.898979629360852, -6.343690442946976, 0.0 ], [ 106.899121346564669, -6.343567593472519, 0.0 ], [ 106.899161744498045, -6.343536620806685, 0.0 ], [ 106.899198868678752, -6.343529422547184, 0.0 ], [ 106.899245716490896, -6.343527645080635, 0.0 ], [ 106.899480069715352, -6.343572881336381, 0.0 ], [ 106.899517614151947, -6.343591110233041, 0.0 ], [ 106.899579302380587, -6.343569125219146, 0.0 ], [ 106.899613213535901, -6.343540103918631, 0.0 ], [ 106.899631032017112, -6.343498299326251, 0.0 ], [ 106.899651394579436, -6.34345038341836, 0.0 ], [ 106.899686966844726, -6.343349114058284, 0.0 ], [ 106.899694277488791, -6.34332982291037, 0.0 ], [ 106.899705790065411, -6.343318864208404, 0.0 ], [ 106.899719558582035, -6.343310465874419, 0.0 ], [ 106.899755775102989, -6.343299971731827, 0.0 ], [ 106.89978217441967, -6.3433009454292, 0.0 ], [ 106.899852957920288, -6.343303556509109, 0.0 ], [ 106.899890309614037, -6.343317772645338, 0.0 ], [ 106.899957027011311, -6.343345677247029, 0.0 ], [ 106.900024212825102, -6.343372430968462, 0.0 ], [ 106.900091848954716, -6.343398026642908, 0.0 ], [ 106.900159913678507, -6.343422455308616, 0.0 ], [ 106.900228387999107, -6.343445711610491, 0.0 ], [ 106.900284163953643, -6.343459408978184, 0.0 ], [ 106.900341082631357, -6.343467067067817, 0.0 ], [ 106.900415240041553, -6.343467827588472, 0.0 ], [ 106.900489244137447, -6.343463002030961, 0.0 ], [ 106.900562675711441, -6.343452619057354, 0.0 ], [ 106.900624722939042, -6.343441821249157, 0.0 ], [ 106.900687563445302, -6.343437639671972, 0.0 ], [ 106.900770799392447, -6.343445587233728, 0.0 ], [ 106.900854035341624, -6.343453535685508, 0.0 ] ] ] } },
{ "type": "Feature", "properties": { "OBJECTID": 1186, "toponimi": "Sal. Phb Manunggal 2", "kewenangan": "Pemprov DKI", "jenis": "Saluran Drainase Tersier", "panjang": "1156", "lebar": "1.5", "kedalaman": "1 - 1.5", "kota": "Jakarta Timur", "kecamatan": "Cipayung", "lebar_min": 1.5, "lebar_max": 1.5, "kedalaman_": 1.0, "kedalaman1": 1.5, "Shape_Leng": 1.0011358958500001 }, "geometry": { "type": "MultiLineString", "coordinates": [ [ [ 106.892914164953339, -6.31530766755091, 0.0 ], [ 106.892883869421681, -6.315268348355647, 0.0 ], [ 106.892833101178311, -6.315202459622729, 0.0 ], [ 106.892813811482355, -6.31517742462421, 0.0 ], [ 106.892802136519251, -6.315162271265137, 0.0 ], [ 106.892732456009398, -6.31506827388499, 0.0 ], [ 106.892666713364164, -6.314971478329788, 0.0 ], [ 106.892605020330592, -6.314872049651985, 0.0 ], [ 106.892547481442804, -6.314770157450983, 0.0 ], [ 106.89249419673267, -6.314665975863234, 0.0 ], [ 106.892273098778944, -6.31417531450731, 0.0 ], [ 106.892241502784543, -6.314100341712765, 0.0 ], [ 106.892212737416131, -6.314034442486428, 0.0 ], [ 106.892179073888599, -6.313970908202002, 0.0 ], [ 106.892140705094775, -6.31391010252406, 0.0 ], [ 106.892097850980008, -6.313852373648734, 0.0 ], [ 106.892089719004545, -6.313842381754906, 0.0 ], [ 106.892062835533025, -6.313811208091368, 0.0 ], [ 106.892051809027947, -6.313799176135377, 0.0 ], [ 106.892041759824025, -6.313788766264907, 0.0 ], [ 106.892033528351604, -6.313780240337297, 0.0 ], [ 106.891975916191399, -6.313720560616748, 0.0 ], [ 106.891627783498436, -6.313369366976879, 0.0 ], [ 106.891567358870759, -6.313306329491883, 0.0 ], [ 106.891510118963311, -6.31324038356761, 0.0 ], [ 106.891456202618613, -6.313171690541179, 0.0 ], [ 106.891405743276735, -6.313100417194317, 0.0 ], [ 106.891387833834926, -6.313073207153258, 0.0 ], [ 106.891377158919269, -6.313056456107366, 0.0 ], [ 106.891377089843459, -6.313056346053529, 0.0 ], [ 106.891356152520956, -6.313022220415125, 0.0 ], [ 106.891326016752359, -6.312969827549166, 0.0 ], [ 106.891263461141008, -6.312854416543999, 0.0 ], [ 106.891228370911421, -6.312789117924734, 0.0 ], [ 106.891187152958594, -6.312727506933949, 0.0 ], [ 106.891140192510136, -6.312670158105827, 0.0 ], [ 106.891087925247362, -6.312617605105556, 0.0 ], [ 106.891030839104218, -6.312570338009908, 0.0 ], [ 106.89096946520435, -6.312528796107605, 0.0 ], [ 106.890904375143165, -6.31249336610057, 0.0 ], [ 106.890771176723504, -6.312420465527055, 0.0 ], [ 106.890768933350387, -6.312419318186429, 0.0 ], [ 106.889780128985308, -6.311947763787058, 0.0 ], [ 106.889729419619073, -6.311923580406985, 0.0 ], [ 106.889545417613434, -6.311835830702398, 0.0 ], [ 106.889439407016553, -6.311779839666587, 0.0 ], [ 106.889335729708449, -6.311719633179769, 0.0 ], [ 106.889335623755102, -6.311719570274611, 0.0 ], [ 106.889234397429121, -6.311655208487684, 0.0 ], [ 106.889135838548498, -6.311586827141361, 0.0 ], [ 106.889040106559492, -6.311514537771381, 0.0 ], [ 106.888987678956994, -6.311464286075666, 0.0 ], [ 106.888939489077941, -6.311409951278907, 0.0 ], [ 106.888895856298859, -6.311351891166848, 0.0 ], [ 106.888857064836472, -6.311290486256289, 0.0 ], [ 106.888823370073226, -6.311226139772378, 0.0 ], [ 106.888734010778634, -6.311248169557139, 0.0 ], [ 106.888691365844679, -6.311259983104276, 0.0 ], [ 106.888648861970125, -6.31126932874206, 0.0 ], [ 106.888605921514682, -6.311276395722173, 0.0 ], [ 106.888564998870777, -6.311280967190606, 0.0 ], [ 106.888491073408019, -6.311283975745841, 0.0 ], [ 106.888417178766787, -6.311280277276479, 0.0 ], [ 106.888343922306305, -6.311269903032301, 0.0 ], [ 106.888305694211567, -6.311262975815204, 0.0 ], [ 106.888206244587977, -6.311240521398094, 0.0 ], [ 106.888108480009208, -6.311212512148078, 0.0 ], [ 106.888012500937919, -6.311178991099566, 0.0 ], [ 106.887917425875955, -6.311139582614269, 0.0 ], [ 106.887917308231337, -6.311139535121444, 0.0 ], [ 106.887688509457604, -6.311048438028005, 0.0 ], [ 106.887669076773278, -6.311040701228491, 0.0 ], [ 106.887613807556036, -6.311023438123798, 0.0 ], [ 106.887556958041017, -6.311012458179961, 0.0 ], [ 106.88751741157418, -6.311008281546325, 0.0 ], [ 106.887517136780929, -6.311008257226485, 0.0 ], [ 106.887515488103119, -6.311008133910456, 0.0 ], [ 106.88751521333603, -6.311008116823519, 0.0 ], [ 106.887424135781046, -6.311004088989006, 0.0 ], [ 106.887423899005427, -6.311004082614127, 0.0 ], [ 106.887422425087166, -6.311004058119686, 0.0 ], [ 106.887422123273495, -6.311004058309467, 0.0 ], [ 106.887410477927148, -6.311004254221406, 0.0 ], [ 106.887395379097612, -6.3110045087611, 0.0 ], [ 106.887372135903576, -6.311004791914679, 0.0 ], [ 106.887353575700345, -6.311004922473433, 0.0 ], [ 106.88727176758438, -6.311003626778684, 0.0 ], [ 106.887190064979748, -6.31099927740926, 0.0 ], [ 106.886604891406677, -6.310952146558799, 0.0 ], [ 106.886581386407016, -6.310950253456006, 0.0 ], [ 106.886580514144782, -6.310950183380796, 0.0 ], [ 106.88657645292497, -6.310949856329009, 0.0 ], [ 106.886571213026016, -6.310949435900185, 0.0 ], [ 106.886571071117757, -6.310949425564683, 0.0 ], [ 106.886565409422616, -6.310949060912307, 0.0 ], [ 106.886564226287433, -6.310948984730178, 0.0 ], [ 106.886554581349188, -6.310948365978658, 0.0 ], [ 106.886538565200595, -6.310947338129433, 0.0 ], [ 106.886537705644741, -6.310947283378419, 0.0 ], [ 106.886533804647684, -6.310947033501939, 0.0 ], [ 106.886516081134261, -6.310945896107391, 0.0 ], [ 106.88606318656754, -6.310916840153698, 0.0 ], [ 106.886054066571432, -6.310914204162913, 0.0 ], [ 106.886044321797584, -6.310909718755664, 0.0 ], [ 106.885905885796376, -6.310919004748664, 0.0 ], [ 106.885879545720812, -6.310921007875021, 0.0 ] ] ] } },
{ "type": "Feature", "properties": { "OBJECTID": 270, "toponimi": "Sal. Phb Outlet Kelapa Dua Wetan/Rawa Bambon", "kewenangan": "Pemprov DKI", "jenis": "Saluran Drainase Tersier", "panjang": "1056", "lebar": "2.5 - 3", "kedalaman": "2-2.5", "kota": "Jakarta Timur", "kecamatan": "Ciracas", "lebar_min": 2.5, "lebar_max": 3.0, "kedalaman_": 2.0, "kedalaman1": 2.5, "Shape_Leng": 1.0621267510700001 }, "geometry": { "type": "MultiLineString", "coordinates": [ [ [ 106.887134897499493, -6.328124405832154, 0.0 ], [ 106.887391349099715, -6.327990801667336, 0.0 ], [ 106.887794271329767, -6.327150201596317, 0.0 ] ] ] } },
{ "type": "Feature", "properties": { "OBJECTID": 280, "toponimi": "Sal. Phb Sapi Perah", "kewenangan": "Pemprov DKI", "jenis": "Saluran Drainase Tersier", "panjang": "4729", "lebar": "1 - 2", "kedalaman": "1.5 - 2", "kota": "Jakarta Timur", "kecamatan": "Cipayung", "lebar_min": 1.0, "lebar_max": 2.0, "kedalaman_": 1.5, "kedalaman1": 2.0, "Shape_Leng": 4.80543556738 }, "geometry": { "type": "MultiLineString", "coordinates": [ [ [ 106.896920730810578, -6.365476940957954, 0.0 ], [ 106.896925434032127, -6.365390087140293, 0.0 ], [ 106.89721044775807, -6.365062506157811, 0.0 ], [ 106.897240601171987, -6.365069572379513, 0.0 ], [ 106.897622719711833, -6.365400443355163, 0.0 ], [ 106.897892924516398, -6.365142528409161, 0.0 ], [ 106.897945107398769, -6.365092819093911, 0.0 ], [ 106.898065206308758, -6.364980422576894, 0.0 ], [ 106.898100191891416, -6.364935799823996, 0.0 ], [ 106.898120153022276, -6.364901995990192, 0.0 ], [ 106.898301681664179, -6.364523123889807, 0.0 ], [ 106.898558030794433, -6.364008339765573, 0.0 ], [ 106.898714665591669, -6.36368768946287, 0.0 ], [ 106.898723173264059, -6.363660386853373, 0.0 ], [ 106.898725958197431, -6.363637411662206, 0.0 ], [ 106.898725840224657, -6.363409915299156, 0.0 ], [ 106.898740181756267, -6.363018022607449, 0.0 ], [ 106.898745785890597, -6.362981400934824, 0.0 ], [ 106.89879414976086, -6.362868551130689, 0.0 ], [ 106.898888035445168, -6.362650038972672, 0.0 ], [ 106.899008803524779, -6.362329520580097, 0.0 ], [ 106.899122555192804, -6.36205136939133, 0.0 ], [ 106.899139691728692, -6.362029776305555, 0.0 ], [ 106.899209211074492, -6.362013014917236, 0.0 ], [ 106.899603472137883, -6.361939799966614, 0.0 ], [ 106.899627828815213, -6.361931098556682, 0.0 ], [ 106.899833211581068, -6.361797577058889, 0.0 ], [ 106.899947160083372, -6.36176845186003, 0.0 ], [ 106.90001311362181, -6.361757443824543, 0.0 ], [ 106.90009333437736, -6.361724855038965, 0.0 ], [ 106.900157093988682, -6.361702372587965, 0.0 ], [ 106.900204995718752, -6.361659137159265, 0.0 ], [ 106.900289950888407, -6.361548306403975, 0.0 ], [ 106.900335690320404, -6.361502207402231, 0.0 ], [ 106.900398539836189, -6.36142734020368, 0.0 ], [ 106.900440766289279, -6.361401349339666, 0.0 ], [ 106.900681584155961, -6.36095551709704, 0.0 ], [ 106.900767114248197, -6.360805930440136, 0.0 ], [ 106.900786394479582, -6.360782176709491, 0.0 ], [ 106.900807802692356, -6.3607519569428, 0.0 ], [ 106.900846255913223, -6.360675025834833, 0.0 ], [ 106.900873228558936, -6.360597419983179, 0.0 ], [ 106.900892459571878, -6.360560031233478, 0.0 ], [ 106.900933254392285, -6.360534763502832, 0.0 ], [ 106.901033535930338, -6.360495640830881, 0.0 ], [ 106.901171051828882, -6.360438440489745, 0.0 ], [ 106.901280589681207, -6.360394295636651, 0.0 ], [ 106.901353049501125, -6.360383228290009, 0.0 ], [ 106.901376019370232, -6.360387450150225, 0.0 ], [ 106.901539611742635, -6.360399048542495, 0.0 ], [ 106.901753566909392, -6.360451367120246, 0.0 ], [ 106.901782148934316, -6.360476996200915, 0.0 ], [ 106.902022707969195, -6.360490565164577, 0.0 ], [ 106.902107296003933, -6.360475183768621, 0.0 ], [ 106.902134564926484, -6.360477954008663, 0.0 ], [ 106.902174747677265, -6.360481393686965, 0.0 ], [ 106.902196182175174, -6.360458349875637, 0.0 ], [ 106.902210414957892, -6.360427438611835, 0.0 ], [ 106.902237456898234, -6.360368491034526, 0.0 ], [ 106.902256032693302, -6.360348328359512, 0.0 ], [ 106.902285374143872, -6.360329561813661, 0.0 ], [ 106.902322669152682, -6.360327988765814, 0.0 ], [ 106.902504331753647, -6.360376838304363, 0.0 ], [ 106.90258540421317, -6.360380846195441, 0.0 ], [ 106.902641849810109, -6.36038492123904, 0.0 ], [ 106.902688502732047, -6.360392427340759, 0.0 ], [ 106.902722983044214, -6.360405696880319, 0.0 ], [ 106.90276088106647, -6.360438090649384, 0.0 ], [ 106.902781493176249, -6.360451411247778, 0.0 ], [ 106.902804467464051, -6.36045658959332, 0.0 ], [ 106.902863260291838, -6.36044919611899, 0.0 ], [ 106.902883824878671, -6.36044959867812, 0.0 ], [ 106.902935978552293, -6.360457061895674, 0.0 ], [ 106.902959412391183, -6.360457453885791, 0.0 ], [ 106.902990012774438, -6.360455906344676, 0.0 ], [ 106.903022497221045, -6.360446695691405, 0.0 ], [ 106.903033928465192, -6.360434214575087, 0.0 ], [ 106.903033358872833, -6.360409337730012, 0.0 ], [ 106.903022277190317, -6.360386891924364, 0.0 ], [ 106.903021688239463, -6.360356753114155, 0.0 ], [ 106.903028319491327, -6.360339505019273, 0.0 ], [ 106.903044007535229, -6.360314090019378, 0.0 ], [ 106.90305542997497, -6.360299216608285, 0.0 ], [ 106.903063926832701, -6.360269043435139, 0.0 ], [ 106.903061925686629, -6.360245129335692, 0.0 ], [ 106.903080945192301, -6.36021539569692, 0.0 ], [ 106.903106706842124, -6.360198555436959, 0.0 ], [ 106.903121483628951, -6.360185583715678, 0.0 ], [ 106.90313142260203, -6.360157319275164, 0.0 ], [ 106.903140420399197, -6.360133364671348, 0.0 ], [ 106.903154652232942, -6.360102213809387, 0.0 ], [ 106.903175610366347, -6.360079650013587, 0.0 ], [ 106.903199431609352, -6.36005516163047, 0.0 ], [ 106.903255159727621, -6.359994673540473, 0.0 ], [ 106.903308552116215, -6.35994902539535, 0.0 ], [ 106.903351420094879, -6.359902459439086, 0.0 ], [ 106.903397693464612, -6.35987166885287, 0.0 ], [ 106.903459668926132, -6.359819291295071, 0.0 ], [ 106.903507869500174, -6.359792321689984, 0.0 ], [ 106.903568489087377, -6.359761478254298, 0.0 ], [ 106.903637710268271, -6.359728689088057, 0.0 ], [ 106.903695940410259, -6.359698333631703, 0.0 ], [ 106.903747384378391, -6.359643124234928, 0.0 ], [ 106.903846320144623, -6.359498271755254, 0.0 ], [ 106.903883031352251, -6.359467994652509, 0.0 ], [ 106.904035226383101, -6.359371268971278, 0.0 ], [ 106.904286665969309, -6.359213893889443, 0.0 ], [ 106.904318659913315, -6.359201336096242, 0.0 ], [ 106.904349230255519, -6.359191655061363, 0.0 ], [ 106.904380693307829, -6.359164747073432, 0.0 ], [ 106.904388260388686, -6.359141754309375, 0.0 ], [ 106.904407240134887, -6.35910149583295, 0.0 ], [ 106.904437729453306, -6.359069806779909, 0.0 ], [ 106.90447207230001, -6.359045757885245, 0.0 ], [ 106.904497807420285, -6.359021741609926, 0.0 ], [ 106.904529312720896, -6.359006314998998, 0.0 ], [ 106.904564654848414, -6.35899374576301, 0.0 ], [ 106.904589475215658, -6.358981215296033, 0.0 ], [ 106.904627700669948, -6.358972462610764, 0.0 ], [ 106.904647746610408, -6.358961862872114, 0.0 ], [ 106.904669698635459, -6.358949342971856, 0.0 ], [ 106.904692624383443, -6.358941603229924, 0.0 ], [ 106.90471845460165, -6.358943422086321, 0.0 ], [ 106.904742442145803, -6.358964384527845, 0.0 ], [ 106.904756872901785, -6.358987296227013, 0.0 ], [ 106.904777963930314, -6.359000614983297, 0.0 ], [ 106.904795196991898, -6.359005335222569, 0.0 ], [ 106.904818136832731, -6.359001423505251, 0.0 ], [ 106.904840084423967, -6.35898794614223, 0.0 ], [ 106.904894866734153, -6.358962745987102, 0.0 ], [ 106.90491993363635, -6.358951889045326, 0.0 ], [ 106.904957583728304, -6.35894935796154, 0.0 ], [ 106.905055046835898, -6.35892426359197, 0.0 ], [ 106.905088482854637, -6.358913615391709, 0.0 ], [ 106.905155346927643, -6.358890403166177, 0.0 ], [ 106.905188712466909, -6.358860617525084, 0.0 ], [ 106.90521829050455, -6.358841370807336, 0.0 ], [ 106.905297606155969, -6.358822898225513, 0.0 ], [ 106.905350198912657, -6.358819833751896, 0.0 ], [ 106.90539417952229, -6.358815844451815, 0.0 ], [ 106.905442128575658, -6.358818059116286, 0.0 ], [ 106.905460623651678, -6.358808422542068, 0.0 ], [ 106.905501208086406, -6.358790929933227, 0.0 ], [ 106.90563755155479, -6.358805377959325, 0.0 ], [ 106.905935994826422, -6.358847935239353, 0.0 ], [ 106.906023884749345, -6.358852993427496, 0.0 ], [ 106.906024762063112, -6.358604203887483, 0.0 ], [ 106.906073312106685, -6.358153098957403, 0.0 ], [ 106.906089857792537, -6.35797123219302, 0.0 ], [ 106.906053527239749, -6.357455613314126, 0.0 ], [ 106.906070180637812, -6.35704314005633, 0.0 ], [ 106.906042459631394, -6.356787758149708, 0.0 ], [ 106.906076548518769, -6.356694815560918, 0.0 ], [ 106.906244270584168, -6.356529615140118, 0.0 ], [ 106.906395709537449, -6.356357776946109, 0.0 ], [ 106.906445322620726, -6.356325060781557, 0.0 ], [ 106.906461123667299, -6.356200608940319, 0.0 ], [ 106.906361357397884, -6.356119643178664, 0.0 ], [ 106.90626445333109, -6.356036752797269, 0.0 ], [ 106.906257653056102, -6.356008070885315, 0.0 ], [ 106.906233576643345, -6.355963187388293, 0.0 ], [ 106.906226635417468, -6.355896231526977, 0.0 ], [ 106.906230143597597, -6.35581010036462, 0.0 ], [ 106.906232900055144, -6.355779470087145, 0.0 ], [ 106.906255723442783, -6.355743982096045, 0.0 ], [ 106.906327157952873, -6.355663341758353, 0.0 ], [ 106.906384204954648, -6.355571271120792, 0.0 ], [ 106.906416363027034, -6.355473551922149, 0.0 ], [ 106.906487409833744, -6.355287657106425, 0.0 ], [ 106.90655107731726, -6.355175468718169, 0.0 ], [ 106.906661428612779, -6.35501430790765, 0.0 ], [ 106.906694694268339, -6.354957729698063, 0.0 ], [ 106.906715591291729, -6.354918420728633, 0.0 ], [ 106.906787622260808, -6.354740177547251, 0.0 ], [ 106.906853000953802, -6.354573440417247, 0.0 ], [ 106.906866137167924, -6.35450449742553, 0.0 ], [ 106.906914039759954, -6.354267017033223, 0.0 ], [ 106.906920293757537, -6.35414738506265, 0.0 ], [ 106.906945613599163, -6.354010459165278, 0.0 ], [ 106.907047319259007, -6.353579492327138, 0.0 ], [ 106.907096533838882, -6.35343865117745, 0.0 ], [ 106.907276255069476, -6.353155711721326, 0.0 ], [ 106.907393155855971, -6.352955294874268, 0.0 ], [ 106.907485062005733, -6.352979834007557, 0.0 ], [ 106.907586389169154, -6.352705795386432, 0.0 ], [ 106.907669373963301, -6.352645206693245, 0.0 ], [ 106.907725565730232, -6.35258088961274, 0.0 ], [ 106.90777565954707, -6.352418993524455, 0.0 ], [ 106.907824912665987, -6.352288678103392, 0.0 ], [ 106.907904922418751, -6.352199393412072, 0.0 ], [ 106.907960260244522, -6.352162828961818, 0.0 ], [ 106.908119245990861, -6.351963213471785, 0.0 ], [ 106.908206755551063, -6.351832756071712, 0.0 ], [ 106.908242519949297, -6.351675697484371, 0.0 ], [ 106.908251739061157, -6.351581890095815, 0.0 ], [ 106.908217202971812, -6.351553311404343, 0.0 ], [ 106.908199946799883, -6.351543716243676, 0.0 ], [ 106.908227323694035, -6.351376209899606, 0.0 ], [ 106.908246206315411, -6.351286218312382, 0.0 ], [ 106.908276571385784, -6.351150296013205, 0.0 ], [ 106.908284812432569, -6.351119245808124, 0.0 ], [ 106.908291561754083, -6.351100003324907, 0.0 ], [ 106.908351950406384, -6.350957526129021, 0.0 ], [ 106.908355839609158, -6.350948614269112, 0.0 ], [ 106.908385146580926, -6.350929769965146, 0.0 ], [ 106.908459115433473, -6.350758217490136, 0.0 ], [ 106.908630642804567, -6.350588218379514, 0.0 ], [ 106.908665881093128, -6.350547899965865, 0.0 ], [ 106.90868490355254, -6.350519123770903, 0.0 ], [ 106.908700046942599, -6.350476008860724, 0.0 ], [ 106.908702792739646, -6.350442508051177, 0.0 ], [ 106.908722767764644, -6.35041277177687, 0.0 ], [ 106.908746635955552, -6.350401201335798, 0.0 ], [ 106.908821827782319, -6.350302366923584, 0.0 ], [ 106.908847527064239, -6.350268781461931, 0.0 ], [ 106.908898015360307, -6.350214053780928, 0.0 ], [ 106.908908289212974, -6.350147034530043, 0.0 ], [ 106.908937778507038, -6.350103866711613, 0.0 ], [ 106.908983597327975, -6.350079776325715, 0.0 ], [ 106.909062932742259, -6.350050167389542, 0.0 ], [ 106.909147921561853, -6.350031326539606, 0.0 ], [ 106.909182263624956, -6.350007278472884, 0.0 ], [ 106.909300208347631, -6.349830779142698, 0.0 ], [ 106.909323087762019, -6.349810600524282, 0.0 ], [ 106.909343108570468, -6.349793303053183, 0.0 ], [ 106.909487704978133, -6.349582258164052, 0.0 ], [ 106.90958942579995, -6.349415387950574, 0.0 ], [ 106.909733880960573, -6.34916606826776, 0.0 ], [ 106.909799343068102, -6.3490222966381, 0.0 ], [ 106.909812517741585, -6.348963879417886, 0.0 ], [ 106.90982846193991, -6.348878659088438, 0.0 ], [ 106.909854751324701, -6.348745556919134, 0.0 ], [ 106.909913542716254, -6.348608507678154, 0.0 ], [ 106.909951259412779, -6.348461967815099, 0.0 ], [ 106.909972939322344, -6.348375769765062, 0.0 ], [ 106.910031229888475, -6.34810284660436, 0.0 ], [ 106.910065095702862, -6.347949622282814, 0.0 ], [ 106.910118670271615, -6.347858494812752, 0.0 ], [ 106.910199648216874, -6.347749702681146, 0.0 ], [ 106.910327035607509, -6.347658725112804, 0.0 ], [ 106.910428197470537, -6.347599982368654, 0.0 ], [ 106.910453840111416, -6.34755108752976, 0.0 ], [ 106.910451839760754, -6.347527173531897, 0.0 ], [ 106.910430403571112, -6.347420082893091, 0.0 ], [ 106.910436869649217, -6.347357862366629, 0.0 ], [ 106.910467216036253, -6.3472878993993, 0.0 ], [ 106.910532915039525, -6.347208236722265, 0.0 ], [ 106.910554865530287, -6.347195716761806, 0.0 ], [ 106.910614295964834, -6.347231857829652, 0.0 ], [ 106.910713263355646, -6.347096574397917, 0.0 ], [ 106.910846508995078, -6.346920018590724, 0.0 ], [ 106.911043444190568, -6.346637972988459, 0.0 ], [ 106.911090822239089, -6.346550363722841, 0.0 ], [ 106.911104877020293, -6.346471370791713, 0.0 ], [ 106.911146193668117, -6.3463937121054, 0.0 ], [ 106.911445604209575, -6.345890250276851, 0.0 ], [ 106.911522695731833, -6.345788059909306, 0.0 ], [ 106.911681414333216, -6.345785637823135, 0.0 ], [ 106.911919094067784, -6.345673431868665, 0.0 ], [ 106.911999311230872, -6.34560846996386, 0.0 ], [ 106.912093791182386, -6.345432747920277, 0.0 ], [ 106.912109751720465, -6.345222177798814, 0.0 ], [ 106.912075872168728, -6.345112262627717, 0.0 ], [ 106.912054009943276, -6.3450190493075, 0.0 ], [ 106.912141496404388, -6.344753194593329, 0.0 ], [ 106.912285704166791, -6.344307718531605, 0.0 ], [ 106.91240688470242, -6.344101544659789, 0.0 ], [ 106.912542745219866, -6.343986219181618, 0.0 ], [ 106.91271925263932, -6.343870743622044, 0.0 ], [ 106.912995854406518, -6.343666388199783, 0.0 ], [ 106.913103076183745, -6.343565520470321, 0.0 ], [ 106.913437968890307, -6.34295906516999, 0.0 ], [ 106.91387535311209, -6.34226611345965, 0.0 ], [ 106.914217769821576, -6.341755316590264, 0.0 ], [ 106.914253429607257, -6.341051887968598, 0.0 ], [ 106.914354583504803, -6.340881000075859, 0.0 ], [ 106.914373773938038, -6.340837899193562, 0.0 ], [ 106.91440195004121, -6.340800062390102, 0.0 ], [ 106.914455884104413, -6.340744498212016, 0.0 ], [ 106.914509817252522, -6.34068893403495, 0.0 ], [ 106.914563751292803, -6.340633369852345, 0.0 ], [ 106.914617684421373, -6.340577806574937, 0.0 ], [ 106.914671618438689, -6.340522242387846, 0.0 ], [ 106.914725551540997, -6.340466678201777, 0.0 ], [ 106.914748353782159, -6.340425500611884, 0.0 ], [ 106.914753474817189, -6.340378705911729, 0.0 ], [ 106.914754350172942, -6.340293647168199, 0.0 ], [ 106.914755224632188, -6.340208589331802, 0.0 ], [ 106.914756099995799, -6.340123530587881, 0.0 ], [ 106.914756975366643, -6.340038472747912, 0.0 ], [ 106.914757849834203, -6.339953414006939, 0.0 ], [ 106.914758725212906, -6.339868356166594, 0.0 ], [ 106.914760925255109, -6.33978032609682, 0.0 ], [ 106.914763125301178, -6.339692296027048, 0.0 ], [ 106.914765325350857, -6.339604265957126, 0.0 ], [ 106.914767524497293, -6.339516234986364, 0.0 ], [ 106.914769724554461, -6.339428204916376, 0.0 ], [ 106.914771924615494, -6.339340174846256, 0.0 ], [ 106.914774124680136, -6.339252144776137, 0.0 ], [ 106.914776324748516, -6.339164114705887, 0.0 ], [ 106.914800586298611, -6.339116790023072, 0.0 ], [ 106.914852637008124, -6.339060510425189, 0.0 ], [ 106.914904687706695, -6.339004230825479, 0.0 ], [ 106.914956739294468, -6.33894795031624, 0.0 ], [ 106.915008789970969, -6.33889167071254, 0.0 ], [ 106.915060840636357, -6.338835391106978, 0.0 ], [ 106.915112891290704, -6.338779111499371, 0.0 ], [ 106.915172393557754, -6.33872796510745, 0.0 ], [ 106.915231896716307, -6.338676818708744, 0.0 ], [ 106.9152913989588, -6.338625672309963, 0.0 ], [ 106.915350901185775, -6.338574525003759, 0.0 ], [ 106.915410403403797, -6.33852337859822, 0.0 ], [ 106.915469906513096, -6.338472232185915, 0.0 ], [ 106.915529408706632, -6.338421085773601, 0.0 ], [ 106.915587363024486, -6.338365809612472, 0.0 ], [ 106.915645317333187, -6.338310534352628, 0.0 ], [ 106.915703271625915, -6.338255258185702, 0.0 ], [ 106.915761225906124, -6.338199982015969, 0.0 ], [ 106.915819180177252, -6.338144706747472, 0.0 ], [ 106.915877134432534, -6.338089430572057, 0.0 ], [ 106.915903976638873, -6.338047714572071, 0.0 ], [ 106.91591406391673, -6.337999138504002, 0.0 ], [ 106.915917102483334, -6.337915523840015, 0.0 ], [ 106.915920141956676, -6.337831909172809, 0.0 ], [ 106.915923180532815, -6.337748295412978, 0.0 ], [ 106.915926220012324, -6.337664680745752, 0.0 ], [ 106.915929258591206, -6.337581066081908, 0.0 ], [ 106.915932298076882, -6.337497451414714, 0.0 ], [ 106.915935336661946, -6.337413836750882, 0.0 ], [ 106.915938376153761, -6.337330222083752, 0.0 ], [ 106.915941414748204, -6.337246608324077, 0.0 ], [ 106.915944454246173, -6.337162993656994, 0.0 ], [ 106.915947492843387, -6.337079378993309, 0.0 ], [ 106.915948873440797, -6.336992152150478, 0.0 ], [ 106.915950254045526, -6.336904926211671, 0.0 ], [ 106.915951635554336, -6.336817699365293, 0.0 ], [ 106.915953016163655, -6.336730472522095, 0.0 ], [ 106.915954396776812, -6.336643245678706, 0.0 ], [ 106.91595577739723, -6.336556019739406, 0.0 ], [ 106.91595715892187, -6.336468792892418, 0.0 ], [ 106.915958539547006, -6.336381566048711, 0.0 ], [ 106.915959920175865, -6.33629433920478, 0.0 ], [ 106.915961300812071, -6.336207113264786, 0.0 ], [ 106.915962681448917, -6.336119886420677, 0.0 ], [ 106.915964062993297, -6.336032659572989, 0.0 ], [ 106.915965443641511, -6.335945433632674, 0.0 ], [ 106.915966824290138, -6.335858206788063, 0.0 ], [ 106.915968204942772, -6.335770979943344, 0.0 ], [ 106.915969586502996, -6.335683753095113, 0.0 ], [ 106.915970967166942, -6.335596527154173, 0.0 ], [ 106.915972347831271, -6.335509300309051, 0.0 ], [ 106.915967385816288, -6.335419904388728, 0.0 ], [ 106.915964457625662, -6.335330419585049, 0.0 ], [ 106.915963564325452, -6.335240890196292, 0.0 ], [ 106.915959422234735, -6.335155490186349, 0.0 ], [ 106.915955280146207, -6.335070089271518, 0.0 ], [ 106.9159511389702, -6.334984689256755, 0.0 ], [ 106.915946996892743, -6.334899288340542, 0.0 ], [ 106.915942854824252, -6.334813888327714, 0.0 ], [ 106.91593871275802, -6.334728487410018, 0.0 ], [ 106.915934571604325, -6.334643087392452, 0.0 ], [ 106.915930429549348, -6.334557686473357, 0.0 ], [ 106.915926287503126, -6.334472286457729, 0.0 ], [ 106.915919110668682, -6.334441433506742, 0.0 ], [ 106.915909259653262, -6.334400714683087, 0.0 ], [ 106.915880707195413, -6.334179401033398, 0.0 ], [ 106.91588908814613, -6.33385882012611, 0.0 ], [ 106.915943875804359, -6.333155320511069, 0.0 ] ] ] } },
{ "type": "Feature", "properties": { "OBJECTID": 283, "toponimi": "Sal. Phb Bina Marga", "kewenangan": "Pemprov DKI", "jenis": "Saluran Drainase Tersier", "panjang": "1994", "lebar": "1.2 - 2", "kedalaman": "1 - 1.5", "kota": "Jakarta Timur", "kecamatan": "Cipayung", "lebar_min": 1.2, "lebar_max": 2.0, "kedalaman_": 1.0, "kedalaman1": 1.5, "Shape_Leng": 2.0316271859700001 }, "geometry": { "type": "MultiLineString", "coordinates": [ [ [ 106.887575420773416, -6.331668690978719, 0.0 ], [ 106.887976927586422, -6.331592890686049, 0.0 ], [ 106.887867284124269, -6.330764792916995, 0.0 ], [ 106.887869774405218, -6.330267194791962, 0.0 ], [ 106.887828709665001, -6.329790201213491, 0.0 ], [ 106.887796864671841, -6.329508373104404, 0.0 ], [ 106.887783576153069, -6.32924409918242, 0.0 ], [ 106.887764888832592, -6.328948125885703, 0.0 ], [ 106.887754906218802, -6.32862392717864, 0.0 ], [ 106.887753796057382, -6.328318197604899, 0.0 ], [ 106.887744218956925, -6.328105893623223, 0.0 ], [ 106.88775899735333, -6.327810680196, 0.0 ], [ 106.887757019974742, -6.32750847900286, 0.0 ], [ 106.887779648642024, -6.327283227331479, 0.0 ], [ 106.887794271329668, -6.327150201596385, 0.0 ], [ 106.887894354413802, -6.326728211751743, 0.0 ], [ 106.888101366483653, -6.326123427866623, 0.0 ], [ 106.8883281254233, -6.325379362049357, 0.0 ], [ 106.888474557734853, -6.325104228524124, 0.0 ], [ 106.888514356618842, -6.325002654006361, 0.0 ], [ 106.888500608012421, -6.324193586838761, 0.0 ], [ 106.888498902018441, -6.324152046066597, 0.0 ], [ 106.888501873020303, -6.324007352316528, 0.0 ], [ 106.888501872695187, -6.323779977760752, 0.0 ], [ 106.88851969921555, -6.323543744775351, 0.0 ], [ 106.888599916524214, -6.322997454012304, 0.0 ], [ 106.888609253665308, -6.322739927777678, 0.0 ], [ 106.888656365754656, -6.322433445339358, 0.0 ], [ 106.888700930564525, -6.322197211063975, 0.0 ], [ 106.888772234161337, -6.322031847278713, 0.0 ], [ 106.888914842239771, -6.321783800452439, 0.0 ], [ 106.888966896193011, -6.321698873662691, 0.0 ], [ 106.889177383562284, -6.321320556063077, 0.0 ], [ 106.889412922083508, -6.321000341375733, 0.0 ], [ 106.889595684626372, -6.320758103264164, 0.0 ], [ 106.889761763520326, -6.320277823751907, 0.0 ], [ 106.889870676260145, -6.319983187093587, 0.0 ], [ 106.889930944706975, -6.319790395729688, 0.0 ], [ 106.890058558162323, -6.319378473270687, 0.0 ], [ 106.890198330694901, -6.319022723218715, 0.0 ], [ 106.890392605674108, -6.31853281172402, 0.0 ], [ 106.890656411680453, -6.318096471751544, 0.0 ], [ 106.890984705934073, -6.317641956553, 0.0 ], [ 106.891086870394844, -6.317464562302763, 0.0 ], [ 106.891252188857678, -6.317230721921133, 0.0 ], [ 106.891312712995401, -6.317108499415898, 0.0 ], [ 106.89144499330817, -6.316994388350129, 0.0 ], [ 106.891822302439408, -6.316657998441206, 0.0 ], [ 106.892090839545375, -6.316436017425517, 0.0 ], [ 106.892241941586832, -6.316291840358605, 0.0 ], [ 106.892445236108372, -6.315911868980491, 0.0 ], [ 106.892545402454431, -6.315762741642375, 0.0 ], [ 106.892734187481977, -6.315487399093251, 0.0 ], [ 106.892738239258065, -6.315484373581134, 0.0 ], [ 106.892745018485613, -6.315474456765119, 0.0 ], [ 106.892778089374161, -6.315430531964567, 0.0 ], [ 106.892799818796135, -6.315405544870026, 0.0 ], [ 106.892811241935235, -6.315393418631304, 0.0 ], [ 106.892815962190028, -6.315388593263988, 0.0 ], [ 106.892830473653319, -6.315374389839731, 0.0 ], [ 106.892842746391736, -6.315363058862951, 0.0 ], [ 106.892877456512537, -6.315334068049815, 0.0 ], [ 106.892900121236181, -6.31531729976896, 0.0 ], [ 106.892914164953339, -6.31530766755091, 0.0 ] ] ] } },
{ "type": "Feature", "properties": { "OBJECTID": 282, "toponimi": "Sal. Phb Gempol", "kewenangan": "Pemprov DKI", "jenis": "Saluran Drainase Tersier", "panjang": "1309", "lebar": "1.5", "kedalaman": "1.5 - 2", "kota": "Jakarta Timur", "kecamatan": "Cipayung", "lebar_min": 1.5, "lebar_max": 1.5, "kedalaman_": 1.5, "kedalaman1": 2.0, "Shape_Leng": 1.2943506122399999 }, "geometry": { "type": "MultiLineString", "coordinates": [ [ [ 106.892914164953339, -6.31530766755091, 0.0 ], [ 106.892963396938313, -6.31538298115175, 0.0 ], [ 106.893033046597111, -6.315343377962514, 0.0 ], [ 106.893583891751291, -6.315077274771332, 0.0 ], [ 106.893898764532139, -6.314878055373829, 0.0 ], [ 106.893998003793612, -6.314739798115713, 0.0 ], [ 106.894016456896594, -6.314500138547684, 0.0 ], [ 106.894041198004373, -6.314202936778422, 0.0 ], [ 106.894068036023867, -6.313693301543705, 0.0 ], [ 106.894082291804452, -6.313274136541571, 0.0 ], [ 106.894098984616022, -6.312735831004895, 0.0 ], [ 106.894118743863103, -6.312252057219299, 0.0 ], [ 106.894107205899658, -6.311840162179367, 0.0 ], [ 106.894122218264044, -6.311629115679318, 0.0 ], [ 106.89425858020455, -6.311256872373522, 0.0 ], [ 106.894336527888299, -6.31099536044273, 0.0 ], [ 106.894356762813771, -6.310642199159529, 0.0 ], [ 106.894373533384226, -6.310125422675998, 0.0 ], [ 106.894376481500871, -6.309752229852371, 0.0 ], [ 106.89438241769723, -6.309412037064813, 0.0 ], [ 106.894447310249163, -6.309110384742798, 0.0 ], [ 106.894643043498093, -6.308496791720687, 0.0 ], [ 106.894753969030063, -6.308230854452574, 0.0 ], [ 106.895004823379765, -6.307784993371245, 0.0 ], [ 106.895102238989622, -6.307670393367204, 0.0 ], [ 106.895219584496388, -6.307670821839443, 0.0 ], [ 106.895430595355748, -6.307708808186185, 0.0 ], [ 106.895578452281711, -6.307736976559165, 0.0 ], [ 106.895814058551082, -6.307832284931904, 0.0 ], [ 106.896127214983579, -6.307951712638497, 0.0 ], [ 106.896623147727183, -6.308234099643548, 0.0 ], [ 106.896839476109932, -6.308383507796497, 0.0 ], [ 106.896985338439706, -6.308468194078718, 0.0 ], [ 106.897110027968353, -6.308532518545568, 0.0 ], [ 106.897158515679735, -6.308556869327346, 0.0 ], [ 106.897171109641192, -6.308563112622232, 0.0 ], [ 106.897251720080817, -6.308432633625625, 0.0 ], [ 106.897376088111102, -6.308235958186478, 0.0 ], [ 106.897545389256962, -6.307972587457919, 0.0 ] ] ] } },
{ "type": "Feature", "properties": { "OBJECTID": 272, "toponimi": "Sal. Phb Semeru (Kec. Ciracas)", "kewenangan": "Pemprov DKI", "jenis": "Saluran Drainase Tersier", "panjang": "826", "lebar": "2.5 - 3", "kedalaman": "2-2.5", "kota": "Jakarta Timur", "kecamatan": "Ciracas", "lebar_min": 2.5, "lebar_max": 3.0, "kedalaman_": 2.0, "kedalaman1": 2.5, "Shape_Leng": 0.94387595577000005 }, "geometry": { "type": "MultiLineString", "coordinates": [ [ [ 106.890554770487583, -6.347847760878173, 0.0 ], [ 106.89074979582746, -6.347785442971028, 0.0 ], [ 106.890786621363972, -6.347763849716548, 0.0 ], [ 106.890800098438206, -6.347740132014057, 0.0 ], [ 106.890804376595597, -6.347702246630599, 0.0 ], [ 106.890813333742756, -6.347650143791703, 0.0 ], [ 106.890815380269885, -6.347605955684508, 0.0 ], [ 106.890820321435584, -6.347576904007096, 0.0 ], [ 106.890833911519394, -6.347497960326938, 0.0 ], [ 106.890873012655518, -6.347447663277458, 0.0 ], [ 106.890921277608797, -6.347409595566538, 0.0 ], [ 106.891003676370872, -6.347242798825103, 0.0 ] ] ] } }
]
}
