{
"type": "FeatureCollection",
"name": "saluran_phb_pulo_gadung",
"crs": { "type": "name", "properties": { "name": "urn:ogc:def:crs:OGC:1.3:CRS84" } },
"features": [
{ "type": "Feature", "properties": { "OBJECTID": 302, "toponimi": "Sal. Phb Pulo Mas Barat", "kewenangan": "Pemprov DKI", "jenis": "Saluran Drainase Tersier", "panjang": "1672", "lebar": "3 - 4", "kedalaman": "2", "kota": "Jakarta Timur", "kecamatan": "Pulogadung", "lebar_min": 3.0, "lebar_max": 4.0, "kedalaman_": 2.0, "kedalaman1": 2.0, "Shape_Leng": 1.6610449253099999 }, "geometry": { "type": "MultiLineString", "coordinates": [ [ [ 106.881212755854094, -6.184091111992981, 0.0 ], [ 106.881139212649003, -6.183572259386369, 0.0 ], [ 106.881002736222356, -6.182831152476543, 0.0 ], [ 106.880934387913683, -6.182429500319086, 0.0 ], [ 106.880905358156753, -6.182331522141952, 0.0 ], [ 106.880438445022492, -6.182103520341991, 0.0 ], [ 106.880314032451381, -6.182070470049251, 0.0 ], [ 106.879616040301315, -6.182063369749437, 0.0 ], [ 106.878848561494308, -6.182008670314554, 0.0 ], [ 106.878695482643295, -6.181980504798488, 0.0 ], [ 106.878609146066296, -6.181899473762845, 0.0 ], [ 106.87858091237517, -6.181829314945046, 0.0 ], [ 106.878581892509843, -6.181760688463013, 0.0 ], [ 106.878582872643676, -6.181692061076669, 0.0 ], [ 106.878583852783194, -6.181623434594417, 0.0 ], [ 106.878588069557807, -6.181548063482167, 0.0 ], [ 106.878592285434323, -6.181472693277353, 0.0 ], [ 106.878596502213071, -6.181397322165338, 0.0 ], [ 106.878600718093523, -6.181321951960796, 0.0 ], [ 106.878605522685248, -6.181244187300122, 0.0 ], [ 106.87861032818229, -6.181166422636541, 0.0 ], [ 106.878615132781135, -6.181088658880405, 0.0 ], [ 106.878619937378929, -6.181010894220285, 0.0 ], [ 106.87862609585693, -6.180927143836819, 0.0 ], [ 106.878632254340118, -6.180843394357707, 0.0 ], [ 106.878638411918729, -6.180759643977951, 0.0 ], [ 106.878644570406138, -6.180675894499353, 0.0 ], [ 106.878650728892225, -6.180592144116976, 0.0 ], [ 106.878653256036756, -6.180517976974336, 0.0 ], [ 106.878655782277065, -6.180443808930744, 0.0 ], [ 106.878658309426413, -6.180369641788201, 0.0 ], [ 106.87866339302289, -6.180286194478199, 0.0 ], [ 106.878668477528393, -6.180202748069328, 0.0 ], [ 106.878673561129588, -6.180119300759769, 0.0 ], [ 106.878678644736297, -6.180035854354429, 0.0 ], [ 106.878684167023607, -6.179946922742011, 0.0 ], [ 106.878689689316701, -6.179857992033933, 0.0 ], [ 106.878696371306503, -6.179787159173036, 0.0 ], [ 106.878703052393945, -6.179716326315642, 0.0 ], [ 106.878706185347781, -6.179655871148663, 0.0 ], [ 106.878709318302924, -6.1795954159817, 0.0 ], [ 106.878712451259545, -6.179534960814788, 0.0 ], [ 106.878715515637282, -6.179454810836498, 0.0 ], [ 106.878718580021015, -6.179374661762411, 0.0 ], [ 106.878724005263877, -6.179286129223774, 0.0 ], [ 106.878729429605954, -6.179197596688562, 0.0 ], [ 106.878733894776587, -6.179108110954427, 0.0 ], [ 106.878738359043723, -6.179018624319464, 0.0 ], [ 106.878742824220453, -6.178929138585612, 0.0 ], [ 106.878748569336423, -6.178846766685709, 0.0 ], [ 106.878754314451157, -6.178764393881957, 0.0 ], [ 106.878760058667865, -6.178682021985736, 0.0 ], [ 106.878765803790088, -6.178599650086524, 0.0 ], [ 106.878769845535857, -6.178525859144967, 0.0 ], [ 106.878773887283614, -6.178452068203391, 0.0 ], [ 106.878777929939929, -6.178378278162955, 0.0 ], [ 106.878781971691552, -6.178304487221696, 0.0 ], [ 106.878786013445151, -6.178230696280535, 0.0 ], [ 106.87879072579743, -6.178143662628293, 0.0 ], [ 106.878795438152366, -6.178056628976107, 0.0 ], [ 106.878800150513342, -6.177969596228213, 0.0 ], [ 106.87880486287375, -6.177882562576426, 0.0 ], [ 106.878809612843838, -6.177805934630212, 0.0 ], [ 106.87881436281576, -6.177729306684064, 0.0 ], [ 106.878819111883089, -6.177652677837167, 0.0 ], [ 106.87882386185899, -6.177576049891397, 0.0 ], [ 106.878827581570917, -6.177507767254167, 0.0 ], [ 106.87883130219106, -6.177439485517914, 0.0 ], [ 106.878835021906227, -6.177371202880862, 0.0 ], [ 106.878838966396472, -6.177298772123396, 0.0 ], [ 106.878842911791992, -6.177226341362847, 0.0 ], [ 106.878846856282863, -6.177153909701431, 0.0 ], [ 106.878850800778764, -6.177081478944312, 0.0 ], [ 106.878861294314831, -6.177006805368798, 0.0 ], [ 106.878871786944543, -6.176932130892809, 0.0 ], [ 106.878885355204886, -6.17684835524947, 0.0 ], [ 106.878898922561504, -6.176764579609886, 0.0 ], [ 106.878912490821051, -6.176680803967895, 0.0 ], [ 106.878913299047056, -6.176665854644048, 0.0 ], [ 106.87893339432641, -6.176584609259621, 0.0 ], [ 106.878953489603106, -6.176503363876011, 0.0 ], [ 106.878973584877116, -6.176422118493233, 0.0 ], [ 106.878993680148611, -6.176340873111307, 0.0 ], [ 106.879013775417448, -6.176259627730293, 0.0 ], [ 106.87903387068377, -6.176178382350149, 0.0 ], [ 106.879053965947392, -6.176097136970787, 0.0 ], [ 106.879074061208414, -6.176015891592442, 0.0 ], [ 106.879094156466863, -6.175934646214831, 0.0 ], [ 106.879114251722697, -6.175853400838187, 0.0 ], [ 106.879134064212323, -6.175769082358679, 0.0 ], [ 106.879153875796106, -6.175684763883244, 0.0 ], [ 106.879173688284169, -6.175600446309714, 0.0 ], [ 106.879193499863149, -6.175516127836105, 0.0 ], [ 106.879213312342969, -6.175431809360285, 0.0 ], [ 106.87923312482036, -6.175347490885327, 0.0 ], [ 106.879252936395119, -6.175263173318643, 0.0 ], [ 106.879272748867635, -6.175178854845512, 0.0 ], [ 106.879292561337749, -6.175094536373276, 0.0 ], [ 106.879312372901921, -6.175010217905196, 0.0 ], [ 106.879332185370288, -6.174925900338992, 0.0 ], [ 106.879351996929628, -6.174841581872688, 0.0 ], [ 106.879371809389909, -6.174757263404175, 0.0 ], [ 106.879389225304152, -6.174680172117204, 0.0 ], [ 106.87940664121659, -6.1746030808309, 0.0 ], [ 106.879424058030708, -6.174525989542269, 0.0 ], [ 106.879441473942634, -6.174448899161648, 0.0 ], [ 106.879458889849531, -6.174371807877691, 0.0 ], [ 106.879476305754736, -6.174294716594449, 0.0 ], [ 106.879493261960093, -6.174222531032664, 0.0 ], [ 106.879510217260318, -6.174150345474739, 0.0 ], [ 106.879527173462137, -6.174078159914325, 0.0 ], [ 106.879544128758766, -6.174005974357792, 0.0 ], [ 106.879563921536231, -6.173925047425456, 0.0 ], [ 106.879583714307927, -6.173844119589861, 0.0 ], [ 106.879603507983902, -6.173763192656082, 0.0 ], [ 106.879623300753778, -6.173682265726386, 0.0 ], [ 106.879643093518027, -6.173601337893378, 0.0 ], [ 106.879662886282844, -6.173520410965346, 0.0 ], [ 106.879677771930844, -6.173471556115681, 0.0 ], [ 106.879692657580435, -6.173422702170447, 0.0 ], [ 106.87971882745552, -6.173349202895351, 0.0 ], [ 106.879744998226471, -6.173275702713524, 0.0 ], [ 106.879771168092518, -6.173202203439787, 0.0 ], [ 106.87979733795099, -6.173128703262629, 0.0 ], [ 106.879823507807984, -6.173055203990302, 0.0 ], [ 106.879849678560717, -6.172981703811381, 0.0 ], [ 106.879875848408702, -6.172908204540514, 0.0 ], [ 106.879907388476852, -6.172830976584134, 0.0 ], [ 106.879938928538607, -6.172753748628467, 0.0 ], [ 106.879970467687443, -6.172676519772534, 0.0 ], [ 106.880002007736564, -6.172599291818223, 0.0 ], [ 106.880033547779348, -6.172522063864741, 0.0 ], [ 106.880065087815893, -6.172444835911804, 0.0 ], [ 106.880096627846029, -6.172367607959629, 0.0 ], [ 106.880128167869927, -6.172290380008166, 0.0 ], [ 106.880159706980891, -6.172213151156388, 0.0 ], [ 106.880191246992084, -6.172135923206299, 0.0 ], [ 106.88022278699701, -6.17205869525694, 0.0 ], [ 106.880257337148095, -6.171979424151832, 0.0 ], [ 106.880291886391575, -6.17190015395474, 0.0 ], [ 106.880326436527923, -6.171820882850874, 0.0 ], [ 106.880360986656783, -6.171741611747767, 0.0 ], [ 106.880395536778423, -6.171662340645266, 0.0 ], [ 106.880430085992316, -6.171583070450747, 0.0 ], [ 106.88046463609912, -6.171503799349592, 0.0 ], [ 106.88046973994318, -6.171487558205849, 0.0 ] ] ] } },
{ "type": "Feature", "properties": { "OBJECTID": 315, "toponimi": "Sal. Phb Pulo Asem", "kewenangan": "Pemprov DKI", "jenis": "Saluran Drainase Tersier", "panjang": "898", "lebar": "1.5 - 2", "kedalaman": "1.5", "kota": "Jakarta Timur", "kecamatan": "Pulogadung", "lebar_min": 1.5, "lebar_max": 2.0, "kedalaman_": 1.5, "kedalaman1": 1.5, "Shape_Leng": 0.9095074292000001 }, "geometry": { "type": "MultiLineString", "coordinates": [ [ [ 106.894594810775018, -6.193327641997919, 0.0 ], [ 106.894585972167178, -6.192909494635995, 0.0 ], [ 106.894586043915041, -6.192897438585166, 0.0 ], [ 106.894586111188829, -6.192886154685382, 0.0 ], [ 106.894586158777528, -6.192878217979908, 0.0 ], [ 106.894586335620332, -6.192848509136406, 0.0 ], [ 106.894586443523735, -6.192830377139749, 0.0 ], [ 106.894586524917742, -6.19281671891951, 0.0 ], [ 106.894586716352237, -6.192784767758153, 0.0 ], [ 106.894586906663761, -6.192753008278338, 0.0 ], [ 106.894586998756395, -6.192735509235693, 0.0 ], [ 106.894588232776798, -6.192654917076613, 0.0 ], [ 106.894588749729323, -6.192565273426304, 0.0 ], [ 106.894589683634095, -6.19219652135781, 0.0 ], [ 106.89458990207352, -6.192110311789591, 0.0 ], [ 106.894590175665925, -6.192002320401503, 0.0 ], [ 106.894591064434749, -6.191798267428695, 0.0 ], [ 106.894591050584239, -6.191781964940265, 0.0 ], [ 106.894591038381961, -6.191767645223787, 0.0 ], [ 106.894591019189974, -6.191744775989846, 0.0 ], [ 106.894590594804541, -6.191681991351501, 0.0 ], [ 106.894590684298166, -6.191664267186881, 0.0 ], [ 106.894590725403262, -6.191662619698142, 0.0 ], [ 106.894590890108915, -6.191638116931699, 0.0 ], [ 106.894591114954338, -6.19160463494194, 0.0 ], [ 106.894591617752354, -6.191529759552783, 0.0 ], [ 106.89459182382376, -6.191499120244369, 0.0 ], [ 106.894591941860128, -6.191481546064874, 0.0 ], [ 106.894591831593814, -6.191478491371459, 0.0 ], [ 106.894591719797305, -6.191469685452636, 0.0 ], [ 106.894591836512461, -6.191451740580719, 0.0 ], [ 106.894592803348331, -6.191397300702063, 0.0 ], [ 106.894592912258531, -6.191388824006038, 0.0 ], [ 106.894593383217341, -6.191352153141731, 0.0 ], [ 106.894594242511829, -6.191226487350914, 0.0 ], [ 106.894594285291205, -6.191222521642629, 0.0 ], [ 106.894594617575066, -6.191191805935629, 0.0 ], [ 106.894594630579121, -6.191190638645173, 0.0 ], [ 106.89459524440457, -6.19116439290242, 0.0 ], [ 106.894597034487319, -6.191112548581094, 0.0 ], [ 106.894600032103966, -6.19103095376118, 0.0 ], [ 106.894606510871427, -6.190854638811154, 0.0 ], [ 106.894608474257794, -6.190792104230604, 0.0 ], [ 106.894610050650698, -6.190729223842017, 0.0 ], [ 106.894610698237202, -6.190711434394979, 0.0 ], [ 106.894611183807143, -6.190702684208178, 0.0 ], [ 106.894611860606361, -6.190694104221135, 0.0 ], [ 106.894612820176235, -6.190685777287796, 0.0 ], [ 106.894613401685334, -6.190682399155061, 0.0 ], [ 106.894614190307266, -6.190677817777544, 0.0 ], [ 106.894616142289252, -6.190670377878566, 0.0 ], [ 106.894618071567749, -6.190665692973496, 0.0 ], [ 106.894618907233635, -6.190663664717833, 0.0 ], [ 106.894622786037644, -6.19065794755878, 0.0 ], [ 106.894628107226467, -6.190653389781915, 0.0 ], [ 106.894634570367614, -6.190649852318117, 0.0 ], [ 106.89464186006758, -6.190647054201912, 0.0 ], [ 106.894645364470549, -6.190646045329299, 0.0 ], [ 106.894645450871579, -6.190644686099321, 0.0 ], [ 106.894665377110016, -6.190641474884445, 0.0 ], [ 106.894684307440627, -6.190638423640554, 0.0 ], [ 106.894693233938327, -6.190637088002584, 0.0 ], [ 106.894732591041461, -6.190631596792879, 0.0 ], [ 106.89476534287482, -6.190627026973666, 0.0 ], [ 106.894828005083866, -6.190617835993359, 0.0 ], [ 106.895024163308761, -6.190588277275989, 0.0 ], [ 106.895077596393236, -6.190579924811771, 0.0 ], [ 106.895122587183991, -6.190572138644285, 0.0 ], [ 106.895235742519588, -6.190551757607468, 0.0 ], [ 106.89529688493829, -6.190540484347047, 0.0 ], [ 106.895367173081084, -6.190527032895617, 0.0 ], [ 106.895384573644051, -6.190523910240767, 0.0 ], [ 106.895393130545287, -6.190522549691915, 0.0 ], [ 106.895401521146709, -6.190521423004866, 0.0 ], [ 106.895420344607587, -6.190518048437177, 0.0 ], [ 106.895438716645231, -6.190514755045402, 0.0 ], [ 106.895513941864863, -6.190501268765166, 0.0 ], [ 106.895541106726782, -6.19049639879182, 0.0 ], [ 106.895564963556978, -6.190492121994004, 0.0 ], [ 106.895600738869732, -6.190485708639199, 0.0 ], [ 106.895635850505499, -6.190480404318839, 0.0 ], [ 106.896715935115267, -6.190323882455216, 0.0 ], [ 106.896886339110594, -6.190295610422734, 0.0 ], [ 106.896715935115267, -6.190323882455216, 0.0 ], [ 106.896921327879781, -6.190294117406727, 0.0 ], [ 106.897104888023648, -6.190267516150336, 0.0 ], [ 106.897148120156146, -6.190261617625481, 0.0 ], [ 106.897185627442639, -6.190256013515513, 0.0 ], [ 106.897229496559078, -6.190247604628478, 0.0 ], [ 106.897234334113662, -6.190246515027725, 0.0 ], [ 106.897235011285048, -6.190246404110423, 0.0 ], [ 106.897237294050626, -6.190246099392848, 0.0 ], [ 106.897264549036905, -6.190240424334761, 0.0 ], [ 106.897290806505524, -6.190231167029724, 0.0 ], [ 106.897295858703046, -6.19008645432772, 0.0 ], [ 106.897300298875038, -6.190073756110348, 0.0 ], [ 106.897302843748307, -6.190060574625342, 0.0 ], [ 106.897302850833682, -6.190060534817971, 0.0 ], [ 106.897303455112194, -6.190047088124648, 0.0 ], [ 106.897302404842719, -6.190035559597884, 0.0 ], [ 106.897300983170297, -6.190028307163666, 0.0 ], [ 106.897177535976411, -6.189398481872853, 0.0 ], [ 106.897176385752246, -6.189392611798314, 0.0 ], [ 106.897166157590974, -6.189341577206569, 0.0 ], [ 106.89710760604828, -6.189049431575962, 0.0 ], [ 106.897045595373953, -6.188713467463899, 0.0 ], [ 106.897014912950198, -6.188572295557184, 0.0 ], [ 106.896988143958097, -6.188433850102644, 0.0 ], [ 106.89697921420796, -6.188387664269498, 0.0 ], [ 106.896972932470561, -6.188355177518763, 0.0 ], [ 106.896920694381549, -6.188050364860309, 0.0 ], [ 106.896884522865903, -6.187854982314118, 0.0 ] ] ] } },
{ "type": "Feature", "properties": { "OBJECTID": 298, "toponimi": "Sal. Phb Sodetan Warung Jengkol", "kewenangan": "Pemprov DKI", "jenis": "Saluran Drainase Tersier", "panjang": "1855", "lebar": "4", "kedalaman": "1.5", "kota": "Jakarta Timur", "kecamatan": "Cakung", "lebar_min": 4.0, "lebar_max": 4.0, "kedalaman_": 1.5, "kedalaman1": 1.5, "Shape_Leng": 2.0664637527699998 }, "geometry": { "type": "MultiLineString", "coordinates": [ [ [ 106.906198881045412, -6.190405289708169, 0.0 ], [ 106.906126824237674, -6.190400865779817, 0.0 ], [ 106.906042312258691, -6.190410222395033, 0.0 ], [ 106.905957697495424, -6.190426693089998, 0.0 ], [ 106.905877544354027, -6.190458434842363, 0.0 ], [ 106.90580457909175, -6.190504368275858, 0.0 ], [ 106.905740512162453, -6.190560540708602, 0.0 ], [ 106.905673221344031, -6.190612800773714, 0.0 ], [ 106.90560294538443, -6.190660964977472, 0.0 ], [ 106.905529932111847, -6.190704862451424, 0.0 ], [ 106.90545887502978, -6.190748591959378, 0.0 ], [ 106.905386080881144, -6.190789359426494, 0.0 ], [ 106.905311673190113, -6.190827096598269, 0.0 ], [ 106.905235777303986, -6.190861739734395, 0.0 ], [ 106.90515852310692, -6.190893230503145, 0.0 ], [ 106.905080039596086, -6.190921515096498, 0.0 ], [ 106.905000461211444, -6.19094654601601, 0.0 ], [ 106.904919920602822, -6.19096828029023, 0.0 ], [ 106.904852439859383, -6.190977671451132, 0.0 ], [ 106.904784762025059, -6.190985510913123, 0.0 ], [ 106.904716922326955, -6.190991796741318, 0.0 ], [ 106.904648955978828, -6.190996523384325, 0.0 ], [ 106.904497583259285, -6.19100607364775, 0.0 ], [ 106.904370485012834, -6.191013489797688, 0.0 ] ] ] } },
{ "type": "Feature", "properties": { "OBJECTID": 311, "toponimi": "Sal. Phb Layur", "kewenangan": "Pemprov DKI", "jenis": "Saluran Drainase Tersier", "panjang": "789", "lebar": "2.5 - 3", "kedalaman": "10", "kota": "Jakarta Timur", "kecamatan": "Pulogadung", "lebar_min": 2.5, "lebar_max": 3.0, "kedalaman_": 10.0, "kedalaman1": 10.0, "Shape_Leng": 0.81173828876999998 }, "geometry": { "type": "MultiLineString", "coordinates": [ [ [ 106.897284294421979, -6.200439094651166, 0.0 ], [ 106.897301628717941, -6.200370356087093, 0.0 ], [ 106.897590106337347, -6.199109728254333, 0.0 ], [ 106.897609847921046, -6.199023457087101, 0.0 ], [ 106.897699373103663, -6.198632237166899, 0.0 ], [ 106.897881178646784, -6.197868961565604, 0.0 ], [ 106.897922141788314, -6.197696986280119, 0.0 ], [ 106.897927602413503, -6.197674061309567, 0.0 ], [ 106.897996764964432, -6.197383697662273, 0.0 ], [ 106.898026239856051, -6.19725995314174, 0.0 ], [ 106.89816776050759, -6.19649276413158, 0.0 ], [ 106.898185357179898, -6.196397367979627, 0.0 ], [ 106.898199229801051, -6.196322163699995, 0.0 ], [ 106.898295362366028, -6.195801026456797, 0.0 ], [ 106.898406557737474, -6.195198229693158, 0.0 ], [ 106.898447578221607, -6.194975854932278, 0.0 ], [ 106.898470011198583, -6.194854244104959, 0.0 ], [ 106.898480940539841, -6.194794995740131, 0.0 ], [ 106.898588123735934, -6.194213948866654, 0.0 ], [ 106.898643041599456, -6.193916235065835, 0.0 ], [ 106.898672185791852, -6.193728805257886, 0.0 ], [ 106.898676486646835, -6.19370114857898, 0.0 ], [ 106.898681765403836, -6.193332576211676, 0.0 ] ] ] } },
{ "type": "Feature", "properties": { "OBJECTID": 316, "toponimi": "Sal. Phb Kayu Putih Utara", "kewenangan": "Pemprov DKI", "jenis": "Saluran Drainase Tersier", "panjang": "897", "lebar": "3 - 4", "kedalaman": "2", "kota": "Jakarta Timur", "kecamatan": "Pulogadung", "lebar_min": 3.0, "lebar_max": 4.0, "kedalaman_": 2.0, "kedalaman1": 2.0, "Shape_Leng": 0.93775000896000005 }, "geometry": { "type": "MultiLineString", "coordinates": [ [ [ 106.898996942134332, -6.178667573820232, 0.0 ], [ 106.898991935761046, -6.178731246600453, 0.0 ], [ 106.898985442935157, -6.178813821164532, 0.0 ], [ 106.898978950114284, -6.1788963966331, 0.0 ], [ 106.898972456388734, -6.178978971201015, 0.0 ], [ 106.898965963568344, -6.179061545766002, 0.0 ], [ 106.898959470753141, -6.179144121235458, 0.0 ], [ 106.898952977936517, -6.179226695801021, 0.0 ], [ 106.898946484218428, -6.179309270370156, 0.0 ], [ 106.898939991408923, -6.17939184584047, 0.0 ], [ 106.898933498597927, -6.179474420406938, 0.0 ], [ 106.89892587773673, -6.179564425588851, 0.0 ], [ 106.898918256880776, -6.179654431675284, 0.0 ], [ 106.898910636023643, -6.17974443685802, 0.0 ], [ 106.898903015171783, -6.179834442945204, 0.0 ], [ 106.898895394318615, -6.179924448128694, 0.0 ], [ 106.898887773470861, -6.180014454216733, 0.0 ], [ 106.898880152621985, -6.180104459400974, 0.0 ], [ 106.89887253087484, -6.180194465492995, 0.0 ], [ 106.898864910030014, -6.180284470678074, 0.0 ], [ 106.898857289190389, -6.180374476767637, 0.0 ], [ 106.89885251781206, -6.180430826103231, 0.0 ], [ 106.897740113500134, -6.180204924263215, 0.0 ], [ 106.896595745526795, -6.179962133320474, 0.0 ], [ 106.89583333316962, -6.17972740870711, 0.0 ], [ 106.895750632200702, -6.179699357050463, 0.0 ], [ 106.895667930330262, -6.179671304477342, 0.0 ], [ 106.895585228468335, -6.179643252792827, 0.0 ], [ 106.895502527515106, -6.17961520108954, 0.0 ], [ 106.895419826563838, -6.179587148466456, 0.0 ], [ 106.895337124717614, -6.179559096735218, 0.0 ], [ 106.895254117656037, -6.179527528069942, 0.0 ], [ 106.895171111507608, -6.179495960289488, 0.0 ], [ 106.89508810445885, -6.17946439159216, 0.0 ], [ 106.89500509832321, -6.179432823779673, 0.0 ], [ 106.894922091287597, -6.179401255050349, 0.0 ], [ 106.894840773569285, -6.179370685687473, 0.0 ], [ 106.894759455853844, -6.179340115405152, 0.0 ], [ 106.89467813724437, -6.179309546014757, 0.0 ], [ 106.894596819544404, -6.179278976605872, 0.0 ], [ 106.894513667369367, -6.179246977944568, 0.0 ], [ 106.894430516104464, -6.179214979263902, 0.0 ], [ 106.894347363945954, -6.179182981474411, 0.0 ], [ 106.894264212694353, -6.179150982761564, 0.0 ], [ 106.894181060545847, -6.17911898403578, 0.0 ], [ 106.894108722538348, -6.179085819305925, 0.0 ], [ 106.894036384537515, -6.179052654563411, 0.0 ], [ 106.893964046543445, -6.17901948980825, 0.0 ], [ 106.893891707649217, -6.178986324139506, 0.0 ], [ 106.893819369668392, -6.178953159359111, 0.0 ], [ 106.89374703169409, -6.178919994565971, 0.0 ], [ 106.893674693726553, -6.178886829760239, 0.0 ], [ 106.893605263231095, -6.17885502164726, 0.0 ], [ 106.893535832741776, -6.178823213522651, 0.0 ], [ 106.893466402255441, -6.178791404482287, 0.0 ], [ 106.893396970874875, -6.178759596337641, 0.0 ], [ 106.893327540404002, -6.178727788178098, 0.0 ], [ 106.893258109939097, -6.178695980006895, 0.0 ], [ 106.89318568254933, -6.178661790138946, 0.0 ], [ 106.89311325606991, -6.178627600254973, 0.0 ], [ 106.893040828690872, -6.1785934094573, 0.0 ], [ 106.892968401321966, -6.178559219551028, 0.0 ], [ 106.892895974863535, -6.178525029628835, 0.0 ], [ 106.892823547508613, -6.178490839697001, 0.0 ], [ 106.892745690807956, -6.178455664578424, 0.0 ], [ 106.892667834111677, -6.178420488541006, 0.0 ], [ 106.892589978329553, -6.178385313389987, 0.0 ], [ 106.892567460941081, -6.178375139673135, 0.0 ] ] ] } },
{ "type": "Feature", "properties": { "OBJECTID": 324, "toponimi": "Sal. Phb Balai Pustaka", "kewenangan": "Pemprov DKI", "jenis": "Saluran Drainase Tersier", "panjang": "1004", "lebar": "1 - 1.5", "kedalaman": "3", "kota": "Jakarta Timur", "kecamatan": "Pulogadung", "lebar_min": 1.0, "lebar_max": 1.5, "kedalaman_": 3.0, "kedalaman1": 3.0, "Shape_Leng": 0.97386140752999995 }, "geometry": { "type": "MultiLineString", "coordinates": [ [ [ 106.886086485944432, -6.201960266490619, 0.0 ], [ 106.886087075089037, -6.20192268005343, 0.0 ], [ 106.88608981467813, -6.20174791925886, 0.0 ], [ 106.886090860330526, -6.201681178898318, 0.0 ], [ 106.886091024827437, -6.201675606980665, 0.0 ], [ 106.886091825888784, -6.201648582896971, 0.0 ], [ 106.886094526691636, -6.201521869328039, 0.0 ], [ 106.886098143247494, -6.201335836166117, 0.0 ], [ 106.886120166462021, -6.200203137222191, 0.0 ], [ 106.886124859151636, -6.199971346949028, 0.0 ], [ 106.886125907323787, -6.199908857860693, 0.0 ], [ 106.886126009908224, -6.199898065638692, 0.0 ], [ 106.886126676674195, -6.199827906250088, 0.0 ], [ 106.886127035355116, -6.199810114141638, 0.0 ], [ 106.88612805401398, -6.199764741498941, 0.0 ], [ 106.886128441636217, -6.19974746645759, 0.0 ], [ 106.886129217752526, -6.199712907330289, 0.0 ], [ 106.886129642024443, -6.199693996562896, 0.0 ], [ 106.88613032219402, -6.199663708046905, 0.0 ], [ 106.886130356736814, -6.199647242566492, 0.0 ], [ 106.886132462652341, -6.199575544628135, 0.0 ], [ 106.886133103463735, -6.199548417137899, 0.0 ], [ 106.886133677735927, -6.199512225845805, 0.0 ], [ 106.886134132125363, -6.199466959187673, 0.0 ], [ 106.886134504081312, -6.1994490883714, 0.0 ], [ 106.886134853303858, -6.19944032869034, 0.0 ], [ 106.886137782835064, -6.199316417149151, 0.0 ], [ 106.886137611066715, -6.199307740695111, 0.0 ], [ 106.886137805057572, -6.199289873224664, 0.0 ], [ 106.886140255145762, -6.199212821531622, 0.0 ], [ 106.88614103612322, -6.199182933192237, 0.0 ], [ 106.886142224907402, -6.199135346600528, 0.0 ], [ 106.886153310786057, -6.19860309843289, 0.0 ], [ 106.886154507431129, -6.19852619043817, 0.0 ], [ 106.886158043546914, -6.19827090468152, 0.0 ], [ 106.886158579843666, -6.198217152343827, 0.0 ], [ 106.886158822507838, -6.198135932266026, 0.0 ], [ 106.886159061729245, -6.198118078196416, 0.0 ], [ 106.886159619203909, -6.198080711576658, 0.0 ], [ 106.886159972344302, -6.198057032608919, 0.0 ], [ 106.886161580667491, -6.197949266537624, 0.0 ], [ 106.886162184944297, -6.197908797634744, 0.0 ], [ 106.886162381250486, -6.197895647072476, 0.0 ], [ 106.886162448230664, -6.197877881317547, 0.0 ], [ 106.886164350534031, -6.197800222180145, 0.0 ], [ 106.886164890241872, -6.197778197131188, 0.0 ], [ 106.886166664342511, -6.197670298464606, 0.0 ], [ 106.886171376284594, -6.197338302789203, 0.0 ], [ 106.886172830801058, -6.197235803900075, 0.0 ], [ 106.886176088286888, -6.197006308015776, 0.0 ], [ 106.886176920775128, -6.196934449148037, 0.0 ], [ 106.886177614475386, -6.196844373185068, 0.0 ], [ 106.88617812712971, -6.196826428632076, 0.0 ], [ 106.886178608640037, -6.196817520200709, 0.0 ], [ 106.886179339763245, -6.19680868592526, 0.0 ], [ 106.886180424525207, -6.196799962505512, 0.0 ], [ 106.886182009451602, -6.19679139733976, 0.0 ], [ 106.886184283593082, -6.196783055757968, 0.0 ], [ 106.8861872250922, -6.196775397142889, 0.0 ], [ 106.886190803365892, -6.19676795054441, 0.0 ], [ 106.886192702025184, -6.196764539689217, 0.0 ], [ 106.886192844445176, -6.196759616120779, 0.0 ], [ 106.886193034419577, -6.196752056804731, 0.0 ], [ 106.886194506904232, -6.196697847255247, 0.0 ], [ 106.885839432077958, -6.196692123115327, 0.0 ], [ 106.885831581913223, -6.196691310183795, 0.0 ], [ 106.885820470919057, -6.196691171587741, 0.0 ], [ 106.885734760513117, -6.196690105758323, 0.0 ], [ 106.885724156920787, -6.196689874037108, 0.0 ], [ 106.885716432588737, -6.196689896085135, 0.0 ], [ 106.885662977047147, -6.196689666682788, 0.0 ], [ 106.885600513479062, -6.196688977457365, 0.0 ], [ 106.885528678848331, -6.196687615414502, 0.0 ], [ 106.88551091943215, -6.196687475139677, 0.0 ], [ 106.885502207018149, -6.196687576646517, 0.0 ], [ 106.885497948740905, -6.196687728315782, 0.0 ], [ 106.885472870061221, -6.19668770267479, 0.0 ], [ 106.885367437339013, -6.19668759659934, 0.0 ], [ 106.885351459041161, -6.196687580182194, 0.0 ], [ 106.885342795722437, -6.196687260180759, 0.0 ], [ 106.88533392983517, -6.196687138907019, 0.0 ], [ 106.885315855948775, -6.196687233012976, 0.0 ], [ 106.885261031090138, -6.196688108782406, 0.0 ], [ 106.885215578979313, -6.196688605836394, 0.0 ], [ 106.885062014917978, -6.196689362509329, 0.0 ], [ 106.885025970563177, -6.196689672394034, 0.0 ], [ 106.88455011231143, -6.196697819616698, 0.0 ], [ 106.884497166106129, -6.196699070178991, 0.0 ], [ 106.884338886245672, -6.196703200493588, 0.0 ], [ 106.884268544187364, -6.196705187350924, 0.0 ], [ 106.884215084799351, -6.196707196478241, 0.0 ], [ 106.883983438705187, -6.19671653489424, 0.0 ], [ 106.883840248265301, -6.196723015564379, 0.0 ], [ 106.883804187196091, -6.196724479114869, 0.0 ], [ 106.88374985402308, -6.196726448806117, 0.0 ], [ 106.883731955364667, -6.196727300813504, 0.0 ], [ 106.883723181422937, -6.196727888035735, 0.0 ], [ 106.883718897778294, -6.196728275762796, 0.0 ], [ 106.883689536882457, -6.196729812244059, 0.0 ], [ 106.883670952036766, -6.196730785130263, 0.0 ], [ 106.883617997642588, -6.196733556407005, 0.0 ], [ 106.883603071050686, -6.196734337273476, 0.0 ], [ 106.883570160289707, -6.19673605995569, 0.0 ], [ 106.883566059658023, -6.196736084469276, 0.0 ], [ 106.883549140579973, -6.196736753065763, 0.0 ], [ 106.883514502426763, -6.196738981873477, 0.0 ], [ 106.883469539845905, -6.196742002317091, 0.0 ], [ 106.883415913264614, -6.196745277762677, 0.0 ], [ 106.883166865189082, -6.196759268897056, 0.0 ], [ 106.883033524070015, -6.196767303858739, 0.0 ], [ 106.882943754892707, -6.196771993316793, 0.0 ], [ 106.882925989941072, -6.196773102504273, 0.0 ], [ 106.882921622296323, -6.196773241883582, 0.0 ], [ 106.88291728962372, -6.196773816936659, 0.0 ], [ 106.882746809689991, -6.196798636271414, 0.0 ] ] ] } },
{ "type": "Feature", "properties": { "OBJECTID": 1155, "toponimi": "Sal. Phb Pulo Mas Raya", "kewenangan": "Pemprov DKI", "jenis": "Saluran Drainase Tersier", "panjang": "764", "lebar": "2 - 3", "kedalaman": "2", "kota": "Jakarta Timur", "kecamatan": "Pulogadung", "lebar_min": 2.0, "lebar_max": 3.0, "kedalaman_": 2.0, "kedalaman1": 2.0, "Shape_Leng": 0.77143493706 }, "geometry": { "type": "MultiLineString", "coordinates": [ [ [ 106.885493313070398, -6.178951604714857, 0.0 ], [ 106.885472873761898, -6.178944810219479, 0.0 ], [ 106.885400483263652, -6.178920745436534, 0.0 ], [ 106.885328091869184, -6.178896681549099, 0.0 ], [ 106.885244872082481, -6.178870795314658, 0.0 ], [ 106.885161651396999, -6.178844909067846, 0.0 ], [ 106.885078431616165, -6.17881902189823, 0.0 ], [ 106.884995210939707, -6.178793135620356, 0.0 ], [ 106.884911991171222, -6.178767249323796, 0.0 ], [ 106.884828770503816, -6.178741363014901, 0.0 ], [ 106.884745550741087, -6.178715475783233, 0.0 ], [ 106.884662330082747, -6.178689589443263, 0.0 ], [ 106.884579110332183, -6.178663703084621, 0.0 ], [ 106.884496793455511, -6.178637919295559, 0.0 ], [ 106.884414476586528, -6.178612136395279, 0.0 ], [ 106.884332160622264, -6.178586352572596, 0.0 ], [ 106.884249843762177, -6.178560569642062, 0.0 ], [ 106.884167526903497, -6.178534785792111, 0.0 ], [ 106.88408660869915, -6.178507262820643, 0.0 ], [ 106.884005689596535, -6.178479739837499, 0.0 ], [ 106.883924771402192, -6.17845221683626, 0.0 ], [ 106.883843853213065, -6.178424693820061, 0.0 ], [ 106.883762934128754, -6.178397171696315, 0.0 ], [ 106.883682015949631, -6.178369648650412, 0.0 ], [ 106.88360109687234, -6.17834212559283, 0.0 ], [ 106.883520178703378, -6.178314602517055, 0.0 ], [ 106.883443418420526, -6.178286167786895, 0.0 ], [ 106.883366658143061, -6.178257733043208, 0.0 ], [ 106.88328989787081, -6.178229298285879, 0.0 ], [ 106.883213138507315, -6.178200863511724, 0.0 ], [ 106.883136378245737, -6.178172428727141, 0.0 ], [ 106.883059617989389, -6.178143993929016, 0.0 ], [ 106.882982857738412, -6.178115559117247, 0.0 ], [ 106.882905073038998, -6.178087127919248, 0.0 ], [ 106.882827288344998, -6.178058696707375, 0.0 ], [ 106.882749504556543, -6.178030264574217, 0.0 ], [ 106.882671719873059, -6.178001833334448, 0.0 ], [ 106.882593935195004, -6.177973402080776, 0.0 ], [ 106.88251615052225, -6.177944970813128, 0.0 ], [ 106.882448543589632, -6.17792188588486, 0.0 ], [ 106.882380936660653, -6.177898800946274, 0.0 ], [ 106.882321119191985, -6.177881669351901, 0.0 ], [ 106.882261301725393, -6.177864537749713, 0.0 ], [ 106.882195822428429, -6.177843268914885, 0.0 ], [ 106.882130344041073, -6.177822000971337, 0.0 ], [ 106.882064864750063, -6.177800732117144, 0.0 ], [ 106.881999385465377, -6.177779464157446, 0.0 ], [ 106.881916774772193, -6.177754344572039, 0.0 ], [ 106.881834164083372, -6.177729224971383, 0.0 ], [ 106.881751554302127, -6.177704105352314, 0.0 ], [ 106.881668943621833, -6.177678985721242, 0.0 ], [ 106.881586332945645, -6.177653866074972, 0.0 ], [ 106.881516702344427, -6.177633061188918, 0.0 ], [ 106.881447071742969, -6.177612255388006, 0.0 ], [ 106.881377441147677, -6.177591450480453, 0.0 ], [ 106.881307810555228, -6.177570645562057, 0.0 ], [ 106.881234692165918, -6.177550427103879, 0.0 ], [ 106.881161573776225, -6.177530207729719, 0.0 ], [ 106.881088456295799, -6.177509989244788, 0.0 ], [ 106.881015337911663, -6.177489769847157, 0.0 ], [ 106.880942219533267, -6.177469551341899, 0.0 ], [ 106.880859916549923, -6.177447642907873, 0.0 ], [ 106.880777613566636, -6.177425733554943, 0.0 ], [ 106.880695311493, -6.177403825088098, 0.0 ], [ 106.880613008516022, -6.177381915705562, 0.0 ], [ 106.880530705545425, -6.177360007212242, 0.0 ], [ 106.880451657731967, -6.177339426236323, 0.0 ], [ 106.880372610827607, -6.177318846147817, 0.0 ], [ 106.880293563019691, -6.177298265144592, 0.0 ], [ 106.880214516121157, -6.177277685028831, 0.0 ], [ 106.880135468318684, -6.177257103998403, 0.0 ], [ 106.88005374307663, -6.177236341644141, 0.0 ], [ 106.879972017834135, -6.177215578371179, 0.0 ], [ 106.879890293500964, -6.177194815984639, 0.0 ], [ 106.87980856826411, -6.17717405268264, 0.0 ], [ 106.879726843033296, -6.17715329027026, 0.0 ], [ 106.879647028273823, -6.177131946957779, 0.0 ], [ 106.879567213514193, -6.177110602727235, 0.0 ], [ 106.879487397857389, -6.177089259390007, 0.0 ], [ 106.879407583103827, -6.177067915131472, 0.0 ], [ 106.879327768356362, -6.177046571763233, 0.0 ], [ 106.879245708040429, -6.177025570850066, 0.0 ], [ 106.879163647727225, -6.177004569922354, 0.0 ], [ 106.879081586513536, -6.176983568983099, 0.0 ], [ 106.878999526206258, -6.176962568026052, 0.0 ], [ 106.878934964759139, -6.176952271828434, 0.0 ], [ 106.878870402408808, -6.176941975625503, 0.0 ] ] ] } },
{ "type": "Feature", "properties": { "OBJECTID": 321, "toponimi": "Sal. Phb Kayu Putih Tengah", "kewenangan": "Pemprov DKI", "jenis": "Saluran Drainase Tersier", "panjang": "1233", "lebar": "3", "kedalaman": "2", "kota": "Jakarta Timur", "kecamatan": "Pulogadung", "lebar_min": 3.0, "lebar_max": 3.0, "kedalaman_": 2.0, "kedalaman1": 2.0, "Shape_Leng": 1.2603789219499999 }, "geometry": { "type": "MultiLineString", "coordinates": [ [ [ 106.898614687317178, -6.183333436697934, 0.0 ], [ 106.898614692527914, -6.183333377910335, 0.0 ], [ 106.8986156449796, -6.183321042069926, 0.0 ], [ 106.898622446153524, -6.183233004491616, 0.0 ], [ 106.898629246426125, -6.183144966916879, 0.0 ], [ 106.898636046700915, -6.183056929342468, 0.0 ], [ 106.898642846981119, -6.182968892672528, 0.0 ], [ 106.89864964816374, -6.182880855095493, 0.0 ], [ 106.898656448445166, -6.182792817522148, 0.0 ], [ 106.898663248731864, -6.182704780853156, 0.0 ], [ 106.898670049017525, -6.182616743280366, 0.0 ], [ 106.898676849305488, -6.182528705707886, 0.0 ], [ 106.89868365049891, -6.18244066813254, 0.0 ], [ 106.898690450794362, -6.182352631464922, 0.0 ], [ 106.898697251088791, -6.182264593893477, 0.0 ], [ 106.898704871888739, -6.182174588699779, 0.0 ], [ 106.898712492687366, -6.182084582602316, 0.0 ], [ 106.89872011349145, -6.181994577409371, 0.0 ], [ 106.898727734294312, -6.181904571312728, 0.0 ], [ 106.898735355102332, -6.181814566120535, 0.0 ], [ 106.898742975909272, -6.181724560024679, 0.0 ], [ 106.898750596721428, -6.181634554833308, 0.0 ], [ 106.898758218435745, -6.181544548735026, 0.0 ], [ 106.898765839251993, -6.181454543544459, 0.0 ], [ 106.898773460067119, -6.181364537450158, 0.0 ], [ 106.898781080887488, -6.181274532260343, 0.0 ], [ 106.898788701709904, -6.181184527071004, 0.0 ], [ 106.898796322531055, -6.18109452097785, 0.0 ], [ 106.898803943357464, -6.181004515789247, 0.0 ], [ 106.898811564182751, -6.180914509696915, 0.0 ], [ 106.898819185013323, -6.18082450450905, 0.0 ], [ 106.898826805842731, -6.1807344984175, 0.0 ], [ 106.898834426677311, -6.180644493230489, 0.0 ], [ 106.898842047510826, -6.180554487139729, 0.0 ], [ 106.898849668349612, -6.180464481953504, 0.0 ], [ 106.89885251781206, -6.180430826103231, 0.0 ] ], [ [ 106.891143192943417, -6.183615786728465, 0.0 ], [ 106.891170127478716, -6.183619381559758, 0.0 ], [ 106.891235592862628, -6.183628119419446, 0.0 ], [ 106.891310128980479, -6.183639017522954, 0.0 ], [ 106.891384665101484, -6.183649916519344, 0.0 ], [ 106.891459201219334, -6.183660814600151, 0.0 ], [ 106.891534534138572, -6.183671709832738, 0.0 ], [ 106.891609866157765, -6.183682605961017, 0.0 ], [ 106.891685199076875, -6.183693501170265, 0.0 ], [ 106.891750780132668, -6.183706823448811, 0.0 ], [ 106.891816362092868, -6.18372014571495, 0.0 ], [ 106.891881943150594, -6.183733467975279, 0.0 ], [ 106.891963865533214, -6.183748924575316, 0.0 ], [ 106.89204578792004, -6.183764382065346, 0.0 ], [ 106.892127710304706, -6.183779838637195, 0.0 ], [ 106.892195130765799, -6.183792157939951, 0.0 ], [ 106.892262550320723, -6.183804476332259, 0.0 ], [ 106.892329970782995, -6.183816795616026, 0.0 ], [ 106.89239739034241, -6.183829114893423, 0.0 ], [ 106.892466457816184, -6.183842474382079, 0.0 ], [ 106.892535524387426, -6.183855833863985, 0.0 ], [ 106.892604591866004, -6.183869194236668, 0.0 ], [ 106.892673658438966, -6.183882553698392, 0.0 ], [ 106.892761756301695, -6.183898187975903, 0.0 ], [ 106.892849854165419, -6.183913822237206, 0.0 ], [ 106.892937952029868, -6.183929456482318, 0.0 ], [ 106.893003126189498, -6.183940387681689, 0.0 ], [ 106.893068301252939, -6.183951318869033, 0.0 ], [ 106.893133475413336, -6.183962250050791, 0.0 ], [ 106.893211200676888, -6.183973933948633, 0.0 ], [ 106.893288926847219, -6.183985618734991, 0.0 ], [ 106.893355916251281, -6.184002723216596, 0.0 ], [ 106.89342290475706, -6.184019828595718, 0.0 ], [ 106.893489894164858, -6.184036933057666, 0.0 ], [ 106.893560066330821, -6.184053029803106, 0.0 ], [ 106.893630239398533, -6.184069125630653, 0.0 ], [ 106.893700411567593, -6.184085222354963, 0.0 ], [ 106.893763176886381, -6.184090979505993, 0.0 ], [ 106.89382594220443, -6.184096736649168, 0.0 ], [ 106.893896633292854, -6.184104557709608, 0.0 ], [ 106.89396732348041, -6.184112379667291, 0.0 ], [ 106.8940380145674, -6.184120200707529, 0.0 ], [ 106.894108704753393, -6.18412802264508, 0.0 ], [ 106.894192246854672, -6.184136844838713, 0.0 ], [ 106.89427578895787, -6.18414566792241, 0.0 ], [ 106.894359331056833, -6.184154490087947, 0.0 ], [ 106.89444287315446, -6.184163312239508, 0.0 ], [ 106.894527161833707, -6.184171982531572, 0.0 ], [ 106.894606196063705, -6.184173494488153, 0.0 ], [ 106.894685230293661, -6.184175007336953, 0.0 ], [ 106.894764264517363, -6.184176519269676, 0.0 ], [ 106.894843298741051, -6.184178032094652, 0.0 ], [ 106.894925467812087, -6.184178785098422, 0.0 ], [ 106.895007636882468, -6.184179538993614, 0.0 ], [ 106.895089805045856, -6.184180292879123, 0.0 ], [ 106.89517197410575, -6.184181045844524, 0.0 ], [ 106.895255636308747, -6.184181743742617, 0.0 ], [ 106.895339299414502, -6.184182442528344, 0.0 ], [ 106.895422961609754, -6.184183140399866, 0.0 ], [ 106.895483905786151, -6.184180829872814, 0.0 ], [ 106.895544849959933, -6.184178519338891, 0.0 ], [ 106.895597843705545, -6.18417533935673, 0.0 ], [ 106.895650836548882, -6.18417216027689, 0.0 ], [ 106.895738522032701, -6.184161560991436, 0.0 ], [ 106.895826208412032, -6.184150961689287, 0.0 ], [ 106.89591389388012, -6.184140362376993, 0.0 ], [ 106.896001579340393, -6.184129763051198, 0.0 ], [ 106.89607995059886, -6.184121190581463, 0.0 ], [ 106.896158320948047, -6.18411261810412, 0.0 ], [ 106.896236692191408, -6.184104044708693, 0.0 ], [ 106.896315062528529, -6.184095472209767, 0.0 ], [ 106.896393433762938, -6.184086899696866, 0.0 ], [ 106.896471804087994, -6.184078327176291, 0.0 ], [ 106.896554952022839, -6.184068844300181, 0.0 ], [ 106.89663809995065, -6.184059361411952, 0.0 ], [ 106.896721248775108, -6.184049878508464, 0.0 ], [ 106.896804396689205, -6.18404039559598, 0.0 ], [ 106.896887544596282, -6.184030912671361, 0.0 ], [ 106.896962087940821, -6.184021555393458, 0.0 ], [ 106.897036631282688, -6.184012199010001, 0.0 ], [ 106.897109307321188, -6.184015528017077, 0.0 ], [ 106.897181984257713, -6.184018856106589, 0.0 ], [ 106.897254661195277, -6.184022185089985, 0.0 ], [ 106.897327337227395, -6.18402551406641, 0.0 ], [ 106.897400322306225, -6.184031652894483, 0.0 ], [ 106.897473307380452, -6.18403779080796, 0.0 ], [ 106.897546293359895, -6.184043929611704, 0.0 ], [ 106.897619278434618, -6.184050068408122, 0.0 ], [ 106.897692291666715, -6.184053970255862, 0.0 ], [ 106.897765304893724, -6.184057871189138, 0.0 ], [ 106.897838318121813, -6.184061773016171, 0.0 ], [ 106.897911331344716, -6.184065673928656, 0.0 ], [ 106.897984344568982, -6.184069575734932, 0.0 ], [ 106.898073812989907, -6.184072844612246, 0.0 ], [ 106.898163280500626, -6.184076112573268, 0.0 ], [ 106.898252748011075, -6.184079381423051, 0.0 ], [ 106.898342216421511, -6.184082650254054, 0.0 ], [ 106.898411348401666, -6.18408397099366, 0.0 ], [ 106.898480479472795, -6.18408529082323, 0.0 ], [ 106.898549611448104, -6.184086611544655, 0.0 ], [ 106.898554106119789, -6.184036533382244, 0.0 ], [ 106.898561330744286, -6.183956026658239, 0.0 ], [ 106.898568556276715, -6.183875520835372, 0.0 ], [ 106.898575780904224, -6.183795014112033, 0.0 ], [ 106.89858226662389, -6.183718075044111, 0.0 ], [ 106.898588751438396, -6.183641135075612, 0.0 ], [ 106.898595236257563, -6.183564196011489, 0.0 ], [ 106.898601721981834, -6.183487256944457, 0.0 ], [ 106.898608207704271, -6.183410316973619, 0.0 ], [ 106.898614687317178, -6.183333436697934, 0.0 ] ], [ [ 106.898602044441958, -6.183497116316864, 0.0 ], [ 106.898608844708065, -6.183409078741127, 0.0 ], [ 106.898614687317178, -6.183333436697934, 0.0 ] ] ] } },
{ "type": "Feature", "properties": { "OBJECTID": 326, "toponimi": "Sal. Phb Bekasi Timur Raya", "kewenangan": "Pemprov DKI", "jenis": "Saluran Drainase Tersier", "panjang": "1029", "lebar": "1.2", "kedalaman": "1.2", "kota": "Jakarta Timur", "kecamatan": "Pulogadung", "lebar_min": 1.2, "lebar_max": 1.2, "kedalaman_": 1.2, "kedalaman1": 1.2, "Shape_Leng": 1.0701613103000001 }, "geometry": { "type": "MultiLineString", "coordinates": [ [ [ 106.888183852140173, -6.211766763591204, 0.0 ], [ 106.888241896376798, -6.211738452931423, 0.0 ], [ 106.888302661346344, -6.211716593552968, 0.0 ], [ 106.888365432421566, -6.211701442069524, 0.0 ], [ 106.888429473008884, -6.211693175609113, 0.0 ], [ 106.888494031779928, -6.211691892691948, 0.0 ], [ 106.888558349875552, -6.211697606876379, 0.0 ], [ 106.888615034398583, -6.211708585098942, 0.0 ], [ 106.88867039124807, -6.211725001948016, 0.0 ], [ 106.888723901286809, -6.211746702860791, 0.0 ], [ 106.888740398883684, -6.211754654646415, 0.0 ], [ 106.888845258057174, -6.211805198746772, 0.0 ], [ 106.88885682956257, -6.211811009028861, 0.0 ], [ 106.888897813450342, -6.211830532271219, 0.0 ], [ 106.888936108781223, -6.211846803872128, 0.0 ], [ 106.8889879347917, -6.211865974647846, 0.0 ], [ 106.889051982917337, -6.211883639768522, 0.0 ], [ 106.88911727134662, -6.211895941602783, 0.0 ], [ 106.889183352565524, -6.211902796759904, 0.0 ], [ 106.889249774671413, -6.211904158030831, 0.0 ], [ 106.889249793656745, -6.211904161579542, 0.0 ], [ 106.889253536399011, -6.211904074975246, 0.0 ], [ 106.889259588969409, -6.211903896035118, 0.0 ], [ 106.889306212692929, -6.211900987234002, 0.0 ], [ 106.889332700736489, -6.211881817039488, 0.0 ], [ 106.889346888161654, -6.211872284628765, 0.0 ], [ 106.890544500442189, -6.211027487873824, 0.0 ], [ 106.890662699094747, -6.210947644795218, 0.0 ], [ 106.890686138013137, -6.210931811793179, 0.0 ], [ 106.890761055838752, -6.210881205080437, 0.0 ], [ 106.890769191772478, -6.210875709565519, 0.0 ], [ 106.891155811037066, -6.210614548975695, 0.0 ], [ 106.891162176102114, -6.210610550715582, 0.0 ], [ 106.891164467161289, -6.210609252316757, 0.0 ], [ 106.891249447358604, -6.210562366294675, 0.0 ], [ 106.891449811592835, -6.210451818595828, 0.0 ], [ 106.891460504506995, -6.210446633094005, 0.0 ], [ 106.891488530142311, -6.210434821562213, 0.0 ], [ 106.891601053051701, -6.210387399421684, 0.0 ], [ 106.892067466157599, -6.210190831476189, 0.0 ], [ 106.892519721768522, -6.209999366197332, 0.0 ], [ 106.892532526104247, -6.209993945283684, 0.0 ], [ 106.892553337435899, -6.209985135039941, 0.0 ], [ 106.892653623319575, -6.209942678641787, 0.0 ], [ 106.892658618712389, -6.209940702405026, 0.0 ], [ 106.892664559030337, -6.209938700184372, 0.0 ], [ 106.892672392485366, -6.209936301507096, 0.0 ], [ 106.892680733416071, -6.209933827779007, 0.0 ], [ 106.89268909539399, -6.209931429019232, 0.0 ], [ 106.892697478422278, -6.209929106131642, 0.0 ], [ 106.892705883401263, -6.209926858209079, 0.0 ], [ 106.892714307627145, -6.209924687069509, 0.0 ], [ 106.892722750189819, -6.209922590907773, 0.0 ], [ 106.892731211999404, -6.209920571528905, 0.0 ], [ 106.892739692149021, -6.209918628032096, 0.0 ], [ 106.892748188831817, -6.209916760423789, 0.0 ], [ 106.89275670205113, -6.209914969608026, 0.0 ], [ 106.892765230906747, -6.209913256492348, 0.0 ], [ 106.892773774488674, -6.209911619271413, 0.0 ], [ 106.89278224161022, -6.209910075450436, 0.0 ], [ 106.892790904941052, -6.20990857613436, 0.0 ], [ 106.892799490007832, -6.209907171128711, 0.0 ], [ 106.892808087997409, -6.209905842928558, 0.0 ], [ 106.892816696202473, -6.209904592447788, 0.0 ], [ 106.892825316426851, -6.209903418775725, 0.0 ], [ 106.892833945966544, -6.209902323730348, 0.0 ], [ 106.892842585721908, -6.209901306404387, 0.0 ], [ 106.892851233882737, -6.209900365900036, 0.0 ], [ 106.892859890455384, -6.209899504025603, 0.0 ], [ 106.892868554536648, -6.209898720784415, 0.0 ], [ 106.892877224313025, -6.209898014374519, 0.0 ], [ 106.892885901597936, -6.209897386597831, 0.0 ], [ 106.892894582777558, -6.209896837467199, 0.0 ], [ 106.892903269655505, -6.209896366072044, 0.0 ], [ 106.892911959521626, -6.209895972422096, 0.0 ], [ 106.89292065328236, -6.209895657418267, 0.0 ], [ 106.892929349130952, -6.209895421066986, 0.0 ], [ 106.892938047064177, -6.209895262464038, 0.0 ], [ 106.892946786837015, -6.209895182371512, 0.0 ], [ 106.89295544467376, -6.209895180327979, 0.0 ], [ 106.892964143446662, -6.209895256797946, 0.0 ], [ 106.892972841597114, -6.209895411930184, 0.0 ], [ 106.892981537318065, -6.20989564573109, 0.0 ], [ 106.892987499998569, -6.209895857665488, 0.0 ], [ 106.893000016354279, -6.209895812883436, 0.0 ], [ 106.893085304465188, -6.209895507724664, 0.0 ], [ 106.893093526902206, -6.209895777574428, 0.0 ], [ 106.893261434793715, -6.209907444126815, 0.0 ], [ 106.89350256234475, -6.209927393607661, 0.0 ], [ 106.893505514958875, -6.209927677790091, 0.0 ], [ 106.893743481253125, -6.20995368264021, 0.0 ], [ 106.893750705361029, -6.20995470920086, 0.0 ], [ 106.893792536763996, -6.209962146102757, 0.0 ], [ 106.893821835560956, -6.209967354855354, 0.0 ], [ 106.893848653694121, -6.209972123128532, 0.0 ], [ 106.89387533893337, -6.209976867464261, 0.0 ], [ 106.893902001573593, -6.209981608262739, 0.0 ], [ 106.893986529542076, -6.209996636259394, 0.0 ], [ 106.89403159277515, -6.210004623041338, 0.0 ], [ 106.894062081219758, -6.210010026430981, 0.0 ], [ 106.894202552269306, -6.210034922605007, 0.0 ], [ 106.894207784355032, -6.210035977990049, 0.0 ], [ 106.894217913097023, -6.210038272596885, 0.0 ], [ 106.894228416454297, -6.210040730415665, 0.0 ], [ 106.894238902914324, -6.210043263338117, 0.0 ], [ 106.894249370670309, -6.210045871370979, 0.0 ], [ 106.894259818815598, -6.210048553613142, 0.0 ], [ 106.894270249157046, -6.210051310058185, 0.0 ], [ 106.894280658987483, -6.210054141620025, 0.0 ], [ 106.894291047397161, -6.210057046493541, 0.0 ], [ 106.894301416196072, -6.210060025576489, 0.0 ], [ 106.894311762677106, -6.210063079782519, 0.0 ], [ 106.894322086830741, -6.210066206399523, 0.0 ], [ 106.894332388663315, -6.210069407235543, 0.0 ], [ 106.89434266817149, -6.210072681386495, 0.0 ], [ 106.894352923551821, -6.210076029763004, 0.0 ], [ 106.89436315479449, -6.210079449652643, 0.0 ], [ 106.894373361005819, -6.210082943771146, 0.0 ], [ 106.894383542179256, -6.210086510310156, 0.0 ], [ 106.894393630469182, -6.21009012510086, 0.0 ], [ 106.894403827605942, -6.210093860656221, 0.0 ], [ 106.894413930955665, -6.210097644466513, 0.0 ], [ 106.894424006557287, -6.210101500707018, 0.0 ], [ 106.894434054407327, -6.210105428473685, 0.0 ], [ 106.894444073602784, -6.210109427769655, 0.0 ], [ 106.894454064143318, -6.210113498595002, 0.0 ], [ 106.89446402602573, -6.2101176400455, 0.0 ], [ 106.894473958350019, -6.210121853028711, 0.0 ], [ 106.894483859305964, -6.210126136646761, 0.0 ], [ 106.894493729796878, -6.210130490896517, 0.0 ], [ 106.894503569822874, -6.210134915777963, 0.0 ], [ 106.894513376670503, -6.210139410396661, 0.0 ], [ 106.894523152149674, -6.210143975650321, 0.0 ], [ 106.894532895350451, -6.210148609733909, 0.0 ], [ 106.894542603569363, -6.210153314465297, 0.0 ], [ 106.894552279506655, -6.210158087122473, 0.0 ], [ 106.894561920458543, -6.21016292952341, 0.0 ], [ 106.894571527322086, -6.210167839856641, 0.0 ], [ 106.894581098293571, -6.210172819032728, 0.0 ], [ 106.894590634273271, -6.210177866144263, 0.0 ], [ 106.894600132554032, -6.21018298210516, 0.0 ], [ 106.894609595839867, -6.210188165097395, 0.0 ], [ 106.894619020516728, -6.21019341513393, 0.0 ], [ 106.894628453660999, -6.210198759170465, 0.0 ], [ 106.894631657599561, -6.21020060479785, 0.0 ], [ 106.894635163913136, -6.210202623841139, 0.0 ], [ 106.894637757664384, -6.210204118135345, 0.0 ], [ 106.894647068321788, -6.210209569298415, 0.0 ], [ 106.8946517038911, -6.210212327499629, 0.0 ], [ 106.894656340367021, -6.210215086601679, 0.0 ], [ 106.894665571993514, -6.210220670051558, 0.0 ], [ 106.894674765007835, -6.210226319641604, 0.0 ], [ 106.894683916696579, -6.210232034477496, 0.0 ], [ 106.894693027056434, -6.210237813654925, 0.0 ], [ 106.894702096094051, -6.210243658982366, 0.0 ], [ 106.894711123802679, -6.210249568651464, 0.0 ], [ 106.894720108375736, -6.210255542668623, 0.0 ], [ 106.894729050713266, -6.21026158012654, 0.0 ], [ 106.894737949011628, -6.210267681935826, 0.0 ], [ 106.894746805074462, -6.210273847185903, 0.0 ], [ 106.894755616188263, -6.210280074982338, 0.0 ], [ 106.894764382352932, -6.210286365325097, 0.0 ], [ 106.894773103571836, -6.210292719118262, 0.0 ], [ 106.894781778931744, -6.210299133652853, 0.0 ], [ 106.894790408439221, -6.210305610736997, 0.0 ], [ 106.894797307062603, -6.210310864391505, 0.0 ], [ 106.894860904244922, -6.210356347153541, 0.0 ], [ 106.894925875267262, -6.210402748109321, 0.0 ], [ 106.894990876861939, -6.210449105545504, 0.0 ], [ 106.895055909932253, -6.210495419458729, 0.0 ], [ 106.8951210034691, -6.210541712348642, 0.0 ], [ 106.895123864115959, -6.210543815977001, 0.0 ], [ 106.895209593156196, -6.210608937753565, 0.0 ], [ 106.895332249355434, -6.210702111918565, 0.0 ], [ 106.895583910242877, -6.210897231928161, 0.0 ], [ 106.895982426647166, -6.211212729480538, 0.0 ], [ 106.896131390657402, -6.211333339177487, 0.0 ], [ 106.896156740920432, -6.21135280119429, 0.0 ], [ 106.896207521760928, -6.211394978927212, 0.0 ], [ 106.896259261961305, -6.211436870218392, 0.0 ], [ 106.896441653026656, -6.211570555843924, 0.0 ], [ 106.896458180914394, -6.211582668089182, 0.0 ], [ 106.896468926854368, -6.211590544383385, 0.0 ], [ 106.896484280786581, -6.211601798289033, 0.0 ], [ 106.896550331684878, -6.211650210405567, 0.0 ], [ 106.89663134973982, -6.211709592993125, 0.0 ] ] ] } },
{ "type": "Feature", "properties": { "OBJECTID": 320, "toponimi": "Sal. Phb Pulo Mas", "kewenangan": "Pemprov DKI", "jenis": "Saluran Drainase Tersier", "panjang": "1308", "lebar": "3", "kedalaman": "2.5", "kota": "Jakarta Timur", "kecamatan": "Pulogadung", "lebar_min": 3.0, "lebar_max": 3.0, "kedalaman_": 2.5, "kedalaman1": 2.5, "Shape_Leng": 0.06085484724 }, "geometry": { "type": "MultiLineString", "coordinates": [ [ [ 106.884934066685574, -6.182414932006538, 0.0 ], [ 106.884757723949662, -6.182929367564072, 0.0 ] ] ] } },
{ "type": "Feature", "properties": { "OBJECTID": 309, "toponimi": "Sal. Phb Remaja (Kec. Pulogadung)", "kewenangan": "Pemprov DKI", "jenis": "Saluran Drainase Tersier", "panjang": "448", "lebar": "1.5 - 2", "kedalaman": "2", "kota": "Jakarta Timur", "kecamatan": "Pulogadung", "lebar_min": 1.5, "lebar_max": 2.0, "kedalaman_": 2.0, "kedalaman1": 2.0, "Shape_Leng": 0.4545969085 }, "geometry": { "type": "MultiLineString", "coordinates": [ [ [ 106.904973001404656, -6.197569735344401, 0.0 ], [ 106.904971294684358, -6.197571962934482, 0.0 ], [ 106.904966181304147, -6.197577262355545, 0.0 ], [ 106.904960269641577, -6.197581652374083, 0.0 ], [ 106.904953719173292, -6.197585013071399, 0.0 ], [ 106.904947544308655, -6.197587052383362, 0.0 ], [ 106.904941139393102, -6.197588174825999, 0.0 ], [ 106.904934638951545, -6.19758835640846, 0.0 ], [ 106.904929859912613, -6.197587884445192, 0.0 ], [ 106.904925159451736, -6.197586903172124, 0.0 ], [ 106.904852031623008, -6.197575692486692, 0.0 ], [ 106.904784592217126, -6.197565353731031, 0.0 ], [ 106.904771969758713, -6.19756341903184, 0.0 ], [ 106.904767070230847, -6.197562350771483, 0.0 ], [ 106.904758966436859, -6.19756058427914, 0.0 ], [ 106.904718411294525, -6.197551741999766, 0.0 ], [ 106.904673971906504, -6.197542286203737, 0.0 ], [ 106.904484631973844, -6.197503094138423, 0.0 ], [ 106.904482272526948, -6.197387575064868, 0.0 ], [ 106.904479663294126, -6.197259841131146, 0.0 ], [ 106.904473839064039, -6.197235462185394, 0.0 ], [ 106.904182530507995, -6.197189142806186, 0.0 ], [ 106.904149482183769, -6.19717203774897, 0.0 ], [ 106.904132907976589, -6.196949623268788, 0.0 ], [ 106.904152439591499, -6.196396957054816, 0.0 ], [ 106.904150902029784, -6.196368255406599, 0.0 ], [ 106.904150239701167, -6.196368223428068, 0.0 ], [ 106.903690802042803, -6.196384050023789, 0.0 ], [ 106.903653359177397, -6.196383740527671, 0.0 ], [ 106.903354598241449, -6.196277819596336, 0.0 ], [ 106.90338636043117, -6.195936099957772, 0.0 ], [ 106.903374758422302, -6.195900258303131, 0.0 ], [ 106.903325979801792, -6.195895788853153, 0.0 ], [ 106.903325005192258, -6.195895842078938, 0.0 ], [ 106.903324362010636, -6.195895858853683, 0.0 ], [ 106.90332390485537, -6.195895853261616, 0.0 ], [ 106.903190100266571, -6.195907600856972, 0.0 ], [ 106.90306952451995, -6.195917062304453, 0.0 ], [ 106.90306916874178, -6.195917110596319, 0.0 ], [ 106.903068838401808, -6.195917198578891, 0.0 ], [ 106.903068573095041, -6.195917282711441, 0.0 ], [ 106.903067981172043, -6.195917485553785, 0.0 ], [ 106.903067403807484, -6.195917717276183, 0.0 ], [ 106.903066828379309, -6.195917985157049, 0.0 ], [ 106.903066274717389, -6.195918276467332, 0.0 ], [ 106.903065739227571, -6.195918596644698, 0.0 ], [ 106.903065221903233, -6.195918943880886, 0.0 ], [ 106.903064706521803, -6.195919329083774, 0.0 ], [ 106.903064232730088, -6.195919723178778, 0.0 ], [ 106.903063771709256, -6.195920151585054, 0.0 ], [ 106.90306332885396, -6.195920607050184, 0.0 ], [ 106.903062922167734, -6.195921071426874, 0.0 ], [ 106.90306253185328, -6.195921566485358, 0.0 ], [ 106.903062170500149, -6.195922075906069, 0.0 ], [ 106.90306183452681, -6.195922608743144, 0.0 ], [ 106.903061678333145, -6.195922888681459, 0.0 ], [ 106.903034009748822, -6.195921334319371, 0.0 ], [ 106.902835584500849, -6.195923723582596, 0.0 ], [ 106.902634716639696, -6.195901479332862, 0.0 ], [ 106.902420057596117, -6.195829713456646, 0.0 ] ] ] } },
{ "type": "Feature", "properties": { "OBJECTID": 1154, "toponimi": "Sal. Phb Pulo Mas", "kewenangan": "Pemprov DKI", "jenis": "Saluran Drainase Tersier", "panjang": "1308", "lebar": "3", "kedalaman": "2.5", "kota": "Jakarta Timur", "kecamatan": "Pulogadung", "lebar_min": 3.0, "lebar_max": 3.0, "kedalaman_": 2.5, "kedalaman1": 2.5, "Shape_Leng": 1.32935896618 }, "geometry": { "type": "MultiLineString", "coordinates": [ [ [ 106.890316030588465, -6.18466602407775, 0.0 ], [ 106.890293684524664, -6.1850952282954, 0.0 ], [ 106.889905436362696, -6.185077471850582, 0.0 ], [ 106.888558918040047, -6.184992313310214, 0.0 ], [ 106.888174243357938, -6.184903733996143, 0.0 ], [ 106.887452523217178, -6.184676645655727, 0.0 ], [ 106.886864502444908, -6.184405064852383, 0.0 ], [ 106.886644048192878, -6.184250832394408, 0.0 ], [ 106.886501778177148, -6.184035080901494, 0.0 ], [ 106.886126081940944, -6.18432156740753, 0.0 ], [ 106.885834082178093, -6.183943676345574, 0.0 ], [ 106.885670981078675, -6.183785412507441, 0.0 ], [ 106.885211066551619, -6.183509546463958, 0.0 ], [ 106.884663420919964, -6.183299060561567, 0.0 ], [ 106.884757723949662, -6.182929367564072, 0.0 ], [ 106.884273473230422, -6.182800947817219, 0.0 ], [ 106.884307574531661, -6.182710878933047, 0.0 ], [ 106.88441230585056, -6.182586112565921, 0.0 ], [ 106.884544133869554, -6.182553110308538, 0.0 ], [ 106.884666399325667, -6.182520142842829, 0.0 ], [ 106.884702609579747, -6.182485566500257, 0.0 ], [ 106.884686424514385, -6.182234919024807, 0.0 ], [ 106.884652581547869, -6.181858025134523, 0.0 ], [ 106.88477460554023, -6.181216476907884, 0.0 ], [ 106.884965326369937, -6.180534495892387, 0.0 ], [ 106.885235810403501, -6.17969721649959, 0.0 ], [ 106.885493313070398, -6.178951604714857, 0.0 ] ] ] } },
{ "type": "Feature", "properties": { "OBJECTID": 301, "toponimi": "Sal. Phb Pisangan Timur/Kinata", "kewenangan": "Pemprov DKI", "jenis": "Saluran Drainase Tersier", "panjang": "1161", "lebar": "2 - 3", "kedalaman": "1.5", "kota": "Jakarta Timur", "kecamatan": "Pulogadung", "lebar_min": 2.0, "lebar_max": 3.0, "kedalaman_": 1.5, "kedalaman1": 1.5, "Shape_Leng": 1.2038709026100001 }, "geometry": { "type": "MultiLineString", "coordinates": [ [ [ 106.874310193943913, -6.210787136084683, 0.0 ], [ 106.874385906533902, -6.210762372617368, 0.0 ], [ 106.874466742008863, -6.210736650674124, 0.0 ], [ 106.874547577475695, -6.210710929625046, 0.0 ], [ 106.874628412024833, -6.210685207665013, 0.0 ], [ 106.874709247469326, -6.210659486595928, 0.0 ], [ 106.874781935561359, -6.210638401932939, 0.0 ], [ 106.874854623644922, -6.210617317261597, 0.0 ], [ 106.874927310819686, -6.210596233489393, 0.0 ], [ 106.874999998886082, -6.210575148801599, 0.0 ], [ 106.875074761516984, -6.210550293685094, 0.0 ], [ 106.875149524137996, -6.210525438560141, 0.0 ], [ 106.875224287655854, -6.21050058432764, 0.0 ], [ 106.875299050257183, -6.210475729185739, 0.0 ], [ 106.875373812848622, -6.21045087403534, 0.0 ], [ 106.875441744295657, -6.21041989036125, 0.0 ], [ 106.875497333438219, -6.21037282313665, 0.0 ], [ 106.875552923473933, -6.2103257559059, 0.0 ], [ 106.875626044179683, -6.210284498062438, 0.0 ], [ 106.875699165775572, -6.210243240209079, 0.0 ], [ 106.875772286454549, -6.210201982352182, 0.0 ], [ 106.875795698215498, -6.210145637803785, 0.0 ], [ 106.875794290897247, -6.210099525797103, 0.0 ], [ 106.875792882680301, -6.210053414697575, 0.0 ], [ 106.8757899500999, -6.209984528981816, 0.0 ], [ 106.875787016619611, -6.209915643268794, 0.0 ], [ 106.875788673023749, -6.209850150826719, 0.0 ], [ 106.875795518337597, -6.209784997127076, 0.0 ], [ 106.875807035876917, -6.209695964577143, 0.0 ], [ 106.875818553420046, -6.209606932931899, 0.0 ], [ 106.875826977908815, -6.209553495015546, 0.0 ], [ 106.875840050460411, -6.209501000826735, 0.0 ], [ 106.875852950558269, -6.20944802714686, 0.0 ], [ 106.875865850655188, -6.209395053467365, 0.0 ], [ 106.875885046116309, -6.209314008072767, 0.0 ], [ 106.875904240674672, -6.209232963586499, 0.0 ], [ 106.875923436131075, -6.209151918193644, 0.0 ], [ 106.875937799840088, -6.209090267639851, 0.0 ], [ 106.875952162641241, -6.209028616185694, 0.0 ], [ 106.875966526347696, -6.208966965632863, 0.0 ], [ 106.87598358430634, -6.208898457509007, 0.0 ], [ 106.876000643166606, -6.208829949382628, 0.0 ], [ 106.876017701121569, -6.208761441259947, 0.0 ], [ 106.876034759074471, -6.208692933137978, 0.0 ], [ 106.876048540772288, -6.208635828900817, 0.0 ], [ 106.876062322472038, -6.208578725568263, 0.0 ], [ 106.876081046515623, -6.208496464869648, 0.0 ], [ 106.876099769656832, -6.208414205079237, 0.0 ], [ 106.876118494596341, -6.208331943475012, 0.0 ], [ 106.876129049143728, -6.208270253990789, 0.0 ], [ 106.876137844572511, -6.208208288648803, 0.0 ], [ 106.876146385253122, -6.208143013219037, 0.0 ], [ 106.876169515330119, -6.208081384036569, 0.0 ], [ 106.876211883082462, -6.208006544859889, 0.0 ], [ 106.876236400375561, -6.207924101787291, 0.0 ], [ 106.876241817244335, -6.20783825721078, 0.0 ], [ 106.876246660727872, -6.207764241831046, 0.0 ], [ 106.876261975037536, -6.207691668519146, 0.0 ], [ 106.876287448276599, -6.207622013047063, 0.0 ], [ 106.876338517415221, -6.207553092324415, 0.0 ], [ 106.87639491682009, -6.207488467299517, 0.0 ], [ 106.876456285655451, -6.207428548829304, 0.0 ], [ 106.876521152284653, -6.207394549828971, 0.0 ], [ 106.876582721075749, -6.207354882656747, 0.0 ], [ 106.876665268130935, -6.207199571986101, 0.0 ], [ 106.876797693414574, -6.206793380489203, 0.0 ], [ 106.876837384298994, -6.206661188039154, 0.0 ], [ 106.876965713226127, -6.206178459597595, 0.0 ], [ 106.877118657236664, -6.205573354291483, 0.0 ], [ 106.877117656586904, -6.205343511681678, 0.0 ], [ 106.877121130907, -6.204704295703034, 0.0 ], [ 106.877113639679948, -6.204208652071757, 0.0 ], [ 106.877155766292944, -6.203684125864506, 0.0 ], [ 106.877358431369046, -6.203132238047911, 0.0 ], [ 106.877509410238616, -6.202565222633337, 0.0 ], [ 106.877616403181136, -6.202538050778307, 0.0 ], [ 106.877769203827413, -6.202485837089784, 0.0 ], [ 106.878498471800683, -6.202136856278724, 0.0 ], [ 106.878610893541364, -6.202103855865833, 0.0 ] ] ] } },
{ "type": "Feature", "properties": { "OBJECTID": 323, "toponimi": "Sal. Phb Pulo Mas Raya", "kewenangan": "Pemprov DKI", "jenis": "Saluran Drainase Tersier", "panjang": "764", "lebar": "2 - 3", "kedalaman": "2", "kota": "Jakarta Timur", "kecamatan": "Pulogadung", "lebar_min": 2.0, "lebar_max": 3.0, "kedalaman_": 2.0, "kedalaman1": 2.0, "Shape_Leng": 0.77337681968000005 }, "geometry": { "type": "MultiLineString", "coordinates": [ [ [ 106.885555743998168, -6.178673445701406, 0.0 ], [ 106.885472340719872, -6.178649306953083, 0.0 ], [ 106.885388936539073, -6.17862516728835, 0.0 ], [ 106.885305533268777, -6.178601028509265, 0.0 ], [ 106.885222129098935, -6.17857688971785, 0.0 ], [ 106.88513872583647, -6.178552750907837, 0.0 ], [ 106.885055321671345, -6.178528611181548, 0.0 ], [ 106.884971918416582, -6.178504472340689, 0.0 ], [ 106.884891606884736, -6.178479638991385, 0.0 ], [ 106.884811295353757, -6.178454804723575, 0.0 ], [ 106.884730983830124, -6.178429971345407, 0.0 ], [ 106.884650673210842, -6.178405137045517, 0.0 ], [ 106.884570361695509, -6.178380303638485, 0.0 ], [ 106.884490050184425, -6.178355470217048, 0.0 ], [ 106.884409738674293, -6.178330635877006, 0.0 ], [ 106.884329427171437, -6.178305802426673, 0.0 ], [ 106.884250753135348, -6.178279318519582, 0.0 ], [ 106.884172079100722, -6.178252833694287, 0.0 ], [ 106.884093405073969, -6.178226349759072, 0.0 ], [ 106.884014731052005, -6.178199865809801, 0.0 ], [ 106.883936057034617, -6.178173381846512, 0.0 ], [ 106.883857383018835, -6.178146896964985, 0.0 ], [ 106.883778709010855, -6.178120412973572, 0.0 ], [ 106.883700035007635, -6.178093928968086, 0.0 ], [ 106.883629733192791, -6.178069059933152, 0.0 ], [ 106.883559430475415, -6.178044189985933, 0.0 ], [ 106.883489128668771, -6.178019320928342, 0.0 ], [ 106.883418825962863, -6.177994451862631, 0.0 ], [ 106.883342535499281, -6.177966015438129, 0.0 ], [ 106.883266245037774, -6.177937578096052, 0.0 ], [ 106.883189953681324, -6.17790914164783, 0.0 ], [ 106.883113663233559, -6.177880705182968, 0.0 ], [ 106.883038271781004, -6.177853062977874, 0.0 ], [ 106.882962881236594, -6.177825420756547, 0.0 ], [ 106.882887489794072, -6.177797778525213, 0.0 ], [ 106.88281635127062, -6.177772852648053, 0.0 ], [ 106.882745211844593, -6.17774792585832, 0.0 ], [ 106.88267407242283, -6.177722999057051, 0.0 ], [ 106.882602933911812, -6.177698073145146, 0.0 ], [ 106.882520032893851, -6.177669277524227, 0.0 ], [ 106.882437131878291, -6.177640480983421, 0.0 ], [ 106.882354230871485, -6.177611685331179, 0.0 ], [ 106.882271329866867, -6.177582888759049, 0.0 ], [ 106.882188428871032, -6.177554093075383, 0.0 ], [ 106.882114729728386, -6.177531866886004, 0.0 ], [ 106.882041031492506, -6.177509640681367, 0.0 ], [ 106.881967332359764, -6.177487415372007, 0.0 ], [ 106.881893633227151, -6.177465189146305, 0.0 ], [ 106.881810172116872, -6.177440222625548, 0.0 ], [ 106.881726711010799, -6.177415256089182, 0.0 ], [ 106.881643250809063, -6.177390288629996, 0.0 ], [ 106.881559789711289, -6.177365322062684, 0.0 ], [ 106.881476328617765, -6.177340355479832, 0.0 ], [ 106.881390671698298, -6.177316257396976, 0.0 ], [ 106.881305014785895, -6.177292160202105, 0.0 ], [ 106.881219357874272, -6.177268062086855, 0.0 ], [ 106.881133700969684, -6.177243964859589, 0.0 ], [ 106.881076742151294, -6.177224071660756, 0.0 ], [ 106.881019783335532, -6.177204178454548, 0.0 ], [ 106.880947622821822, -6.177184530683586, 0.0 ], [ 106.880875463210799, -6.177164881993832, 0.0 ], [ 106.880803302702276, -6.177145234200013, 0.0 ], [ 106.880731143096497, -6.177125585487436, 0.0 ], [ 106.880658982593005, -6.177105937670745, 0.0 ], [ 106.880585295339841, -6.177087060149494, 0.0 ], [ 106.88051160899245, -6.177068182613214, 0.0 ], [ 106.880437921747259, -6.1770493059725, 0.0 ], [ 106.880364234501087, -6.177030428415851, 0.0 ], [ 106.880286146140477, -6.177010609819024, 0.0 ], [ 106.880208057782525, -6.176990791208925, 0.0 ], [ 106.880129968523619, -6.176970972588787, 0.0 ], [ 106.880051880170598, -6.176951153952134, 0.0 ], [ 106.879973791820234, -6.176931335302349, 0.0 ], [ 106.879896661293373, -6.176912087387366, 0.0 ], [ 106.879819530768799, -6.176892839459584, 0.0 ], [ 106.879742401150082, -6.176873591515644, 0.0 ], [ 106.879665270630341, -6.176854343561948, 0.0 ], [ 106.879588140113, -6.176835095595419, 0.0 ], [ 106.879504562080484, -6.176813063021661, 0.0 ], [ 106.879420984054377, -6.176791031336744, 0.0 ], [ 106.879337406028384, -6.176768998732449, 0.0 ], [ 106.879252584446576, -6.176748370127337, 0.0 ], [ 106.879167763770951, -6.176727741503486, 0.0 ], [ 106.879082942191587, -6.176707111963145, 0.0 ], [ 106.878998121521391, -6.176686483308184, 0.0 ], [ 106.878913299950412, -6.176665854640924, 0.0 ] ] ] } },
{ "type": "Feature", "properties": { "OBJECTID": 308, "toponimi": "Sal. Phb Tanah Koja", "kewenangan": "Pemprov DKI", "jenis": "Saluran Drainase Tersier", "panjang": "766", "lebar": "1 - 2", "kedalaman": "1", "kota": "Jakarta Timur", "kecamatan": "Pulogadung", "lebar_min": 1.0, "lebar_max": 2.0, "kedalaman_": 1.0, "kedalaman1": 1.0, "Shape_Leng": 0.81164958596000003 }, "geometry": { "type": "MultiLineString", "coordinates": [ [ [ 106.899530362039343, -6.211919954553381, 0.0 ], [ 106.899450204096027, -6.211881805783547, 0.0 ], [ 106.89942877297392, -6.211927107645933, 0.0 ], [ 106.899438701240811, -6.211919089371787, 0.0 ], [ 106.899446110084227, -6.211915444411447, 0.0 ], [ 106.899454038710019, -6.211913141130826, 0.0 ], [ 106.899462246144381, -6.211912249109814, 0.0 ], [ 106.899470483129946, -6.211912795463373, 0.0 ], [ 106.899478501157247, -6.211914763905393, 0.0 ], [ 106.899478786099721, -6.211914862337073, 0.0 ], [ 106.899480278748882, -6.211915403978928, 0.0 ], [ 106.899481715815639, -6.211916066070582, 0.0 ], [ 106.899972295736347, -6.21211910349209, 0.0 ], [ 106.899978004914161, -6.212120928324397, 0.0 ], [ 106.899983938287264, -6.212121784021495, 0.0 ], [ 106.899989930434117, -6.21212164586191, 0.0 ], [ 106.899995816943431, -6.212120518956886, 0.0 ], [ 106.900001437108642, -6.212118433720401, 0.0 ], [ 106.900006634837624, -6.212115447673636, 0.0 ], [ 106.900011268581125, -6.212111642697421, 0.0 ], [ 106.900015209519069, -6.2121071232301, 0.0 ], [ 106.900018350588951, -6.212102014427193, 0.0 ], [ 106.900020604659119, -6.21209645674284, 0.0 ], [ 106.90002190903293, -6.21209060229697, 0.0 ], [ 106.900097880958981, -6.211536766689647, 0.0 ], [ 106.90009820412827, -6.211530898590327, 0.0 ], [ 106.900097574239766, -6.211525055613856, 0.0 ], [ 106.90009600630323, -6.211519392313629, 0.0 ], [ 106.900093542408968, -6.211514056816648, 0.0 ], [ 106.900090247217335, -6.211509192648306, 0.0 ], [ 106.900086208816617, -6.211504926071224, 0.0 ], [ 106.900081532415129, -6.211501370628482, 0.0 ], [ 106.900076343025745, -6.211498619901283, 0.0 ], [ 106.90007077642791, -6.211496746636714, 0.0 ], [ 106.900068610968773, -6.211496278839907, 0.0 ], [ 106.900014151652229, -6.211486262247989, 0.0 ], [ 106.90001388586073, -6.2114862134753, 0.0 ], [ 106.900011370847807, -6.211485517283265, 0.0 ], [ 106.900008998988483, -6.211484430894392, 0.0 ], [ 106.900006830004457, -6.211482980314091, 0.0 ], [ 106.900004918238693, -6.211481203320813, 0.0 ], [ 106.900003312639299, -6.211479144945624, 0.0 ], [ 106.900002054953006, -6.211476857478445, 0.0 ], [ 106.90000117610758, -6.211474399576962, 0.0 ], [ 106.900000698909793, -6.211471832640602, 0.0 ], [ 106.900000621094861, -6.211469532798046, 0.0 ], [ 106.900000865858757, -6.211467245358796, 0.0 ], [ 106.900001207980452, -6.211457844731596, 0.0 ], [ 106.900013007414884, -6.21113347428417, 0.0 ], [ 106.900013389857378, -6.211122972274525, 0.0 ], [ 106.90001347703614, -6.211120577809091, 0.0 ], [ 106.900014081031358, -6.211116934683831, 0.0 ], [ 106.900015241141745, -6.211113427893785, 0.0 ], [ 106.900016929668354, -6.211110143431541, 0.0 ], [ 106.900019105334863, -6.211107160105141, 0.0 ], [ 106.900021715997624, -6.211104549528617, 0.0 ], [ 106.900024698642468, -6.211102375217835, 0.0 ], [ 106.900027982078669, -6.211100688060044, 0.0 ], [ 106.900031486048746, -6.211099529933918, 0.0 ], [ 106.900035127533272, -6.211098928261579, 0.0 ], [ 106.900038409594757, -6.211098873074188, 0.0 ], [ 106.900041667981213, -6.211099270039938, 0.0 ], [ 106.900247194180835, -6.211110008872156, 0.0 ], [ 106.90026259443033, -6.211109483399099, 0.0 ], [ 106.90026790183903, -6.211107860395982, 0.0 ], [ 106.900272897415505, -6.211105442873502, 0.0 ], [ 106.90027746482285, -6.211102289114209, 0.0 ], [ 106.900281495907251, -6.211098471837528, 0.0 ], [ 106.900284895230655, -6.211094082704011, 0.0 ], [ 106.900287582750053, -6.211089223264509, 0.0 ], [ 106.900289495642525, -6.211084010378132, 0.0 ], [ 106.900293606367327, -6.211048243364965, 0.0 ], [ 106.900329543949098, -6.210685507852751, 0.0 ], [ 106.900329596303166, -6.210682976084203, 0.0 ], [ 106.900330041801567, -6.210680483589512, 0.0 ], [ 106.900330980045553, -6.210677840142356, 0.0 ], [ 106.900332358993495, -6.210675397638468, 0.0 ], [ 106.900334137349404, -6.210673229461307, 0.0 ], [ 106.900336262037371, -6.210671399091069, 0.0 ], [ 106.90033866911358, -6.210669962813763, 0.0 ], [ 106.900341287352234, -6.210668961571359, 0.0 ], [ 106.900344039166924, -6.210668426383308, 0.0 ], [ 106.900346114096848, -6.210668340269867, 0.0 ], [ 106.900348183656178, -6.210668519991695, 0.0 ], [ 106.900350212597402, -6.210668962058705, 0.0 ], [ 106.900514882637339, -6.210683263424153, 0.0 ], [ 106.900521115585008, -6.210683264539387, 0.0 ], [ 106.900527255248278, -6.210682194588816, 0.0 ], [ 106.900533121045484, -6.210680084057675, 0.0 ], [ 106.900538536128266, -6.210676996870776, 0.0 ], [ 106.900543340911582, -6.210673024014971, 0.0 ], [ 106.900547392169159, -6.210668283542696, 0.0 ], [ 106.900550569348724, -6.210662917836222, 0.0 ], [ 106.900552778156268, -6.210657085458138, 0.0 ], [ 106.900553952356333, -6.210650959336295, 0.0 ], [ 106.900560412225559, -6.210588543526686, 0.0 ], [ 106.9005656471805, -6.210553124187451, 0.0 ], [ 106.90056715241667, -6.210523426960826, 0.0 ], [ 106.900609771268293, -6.210111671467482, 0.0 ], [ 106.900565236298618, -6.21011115244754, 0.0 ], [ 106.900537082895937, -6.210111926260049, 0.0 ], [ 106.900047424990731, -6.210125384539364, 0.0 ], [ 106.899983177206366, -6.210127299677615, 0.0 ], [ 106.899977598974829, -6.210127216638766, 0.0 ], [ 106.899876812586882, -6.210113467722893, 0.0 ], [ 106.899876333489388, -6.210113393495917, 0.0 ], [ 106.89957861047165, -6.210061707093964, 0.0 ], [ 106.899576710614838, -6.210061233818883, 0.0 ], [ 106.899574898329703, -6.210060490796809, 0.0 ], [ 106.899572966160306, -6.210059320548609, 0.0 ], [ 106.899571255145759, -6.210057844812507, 0.0 ], [ 106.899569813320895, -6.210056105910306, 0.0 ], [ 106.89956867970254, -6.210054150717081, 0.0 ], [ 106.899556550599286, -6.210024101896535, 0.0 ], [ 106.899539483738181, -6.210020157848669, 0.0 ], [ 106.899283543212718, -6.209961008585311, 0.0 ], [ 106.899110933340552, -6.209921636427381, 0.0 ], [ 106.899075945525468, -6.2099136555254, 0.0 ], [ 106.898857927378998, -6.209873609030189, 0.0 ], [ 106.898854183208229, -6.209873034778992, 0.0 ], [ 106.898850154941286, -6.209872345817907, 0.0 ], [ 106.898849845762541, -6.209872290871103, 0.0 ], [ 106.898845843433023, -6.209871528581778, 0.0 ], [ 106.898841695276474, -6.209870662840153, 0.0 ], [ 106.898837564016475, -6.20986972199445, 0.0 ], [ 106.898833449656181, -6.209868706948826, 0.0 ], [ 106.898829354909253, -6.209867618597755, 0.0 ], [ 106.898828567193135, -6.209867393582382, 0.0 ], [ 106.898827879234119, -6.209868534359429, 0.0 ], [ 106.898768531494426, -6.209983573617093, 0.0 ], [ 106.898761688882729, -6.209995468585215, 0.0 ], [ 106.89875298884813, -6.209994024257116, 0.0 ], [ 106.898746924857505, -6.209993017112089, 0.0 ], [ 106.898502113560397, -6.209967031924891, 0.0 ], [ 106.898472041437671, -6.20996384063765, 0.0 ], [ 106.898294638219369, -6.209945010207989, 0.0 ], [ 106.898210948338871, -6.20993440658306, 0.0 ], [ 106.89814782051107, -6.209926408132958, 0.0 ], [ 106.89813158887759, -6.209924350685458, 0.0 ], [ 106.898126532318201, -6.209923869742735, 0.0 ], [ 106.89812157560047, -6.209922760970692, 0.0 ], [ 106.898116147672653, -6.209920753368626, 0.0 ], [ 106.898111060359213, -6.209917992302429, 0.0 ], [ 106.898106417763373, -6.209914535263516, 0.0 ], [ 106.898102313192652, -6.209910452439673, 0.0 ], [ 106.898098663792368, -6.209905565109239, 0.0 ], [ 106.898095787795199, -6.209900185865949, 0.0 ], [ 106.898054146967127, -6.209929796559264, 0.0 ], [ 106.898050830825738, -6.209933199874063, 0.0 ], [ 106.898047179104836, -6.20993624002543, 0.0 ], [ 106.898040924133312, -6.20994017918677, 0.0 ], [ 106.898034116962208, -6.209943057063827, 0.0 ], [ 106.898026934407696, -6.20994480069131, 0.0 ], [ 106.898019566024644, -6.209945362373953, 0.0 ], [ 106.898012876756042, -6.209944835751617, 0.0 ], [ 106.897959267719401, -6.209940615877006, 0.0 ], [ 106.89792733147857, -6.209938102114176, 0.0 ], [ 106.897770643359749, -6.209925768459326, 0.0 ], [ 106.89773676158002, -6.209922387362261, 0.0 ], [ 106.897535375154888, -6.209902289195668, 0.0 ], [ 106.897472640452506, -6.209892056935399, 0.0 ], [ 106.897437870392466, -6.20988105622121, 0.0 ], [ 106.897409419943727, -6.209872055396141, 0.0 ], [ 106.897339969375253, -6.20985008347041, 0.0 ], [ 106.897232893310175, -6.209816207863968, 0.0 ], [ 106.897122660612069, -6.209781332724439, 0.0 ], [ 106.89684815322363, -6.20969291398903, 0.0 ] ] ] } },
{ "type": "Feature", "properties": { "OBJECTID": 303, "toponimi": "Sal. Phb Pisangan Lama 3", "kewenangan": "Pemprov DKI", "jenis": "Saluran Drainase Tersier", "panjang": "936", "lebar": "1 - 2", "kedalaman": "1", "kota": "Jakarta Timur", "kecamatan": "Pulogadung", "lebar_min": 1.0, "lebar_max": 2.0, "kedalaman_": 1.0, "kedalaman1": 1.0, "Shape_Leng": 0.95081549861000003 }, "geometry": { "type": "MultiLineString", "coordinates": [ [ [ 106.878874758253019, -6.214038870526899, 0.0 ], [ 106.878874685613255, -6.214038004612405, 0.0 ], [ 106.878873582011934, -6.213977018409199, 0.0 ], [ 106.878873134265021, -6.213952170430219, 0.0 ], [ 106.878863953266688, -6.213640518340787, 0.0 ], [ 106.878863915676135, -6.213639599861227, 0.0 ], [ 106.878840919552317, -6.213220676432385, 0.0 ], [ 106.878836318941993, -6.213126156995084, 0.0 ], [ 106.878836137696311, -6.213122436170706, 0.0 ], [ 106.878834780227933, -6.213094548968348, 0.0 ], [ 106.878809988884981, -6.212585153014968, 0.0 ], [ 106.87878497435166, -6.211998512041546, 0.0 ], [ 106.878781553223632, -6.211887539259728, 0.0 ], [ 106.87877877215054, -6.211797309853891, 0.0 ], [ 106.878767152946395, -6.211420380636983, 0.0 ], [ 106.878759097070343, -6.211142541394623, 0.0 ], [ 106.878757599323961, -6.211090881950651, 0.0 ], [ 106.878756332181922, -6.211047181797003, 0.0 ], [ 106.878749180158991, -6.210800514324002, 0.0 ], [ 106.878747806784418, -6.210741631207265, 0.0 ], [ 106.8787472880108, -6.21071941363862, 0.0 ], [ 106.878742642894423, -6.210520316182455, 0.0 ], [ 106.878739033424054, -6.210365623128022, 0.0 ], [ 106.878738619701281, -6.210351882467688, 0.0 ], [ 106.878733088145211, -6.210168275288149, 0.0 ], [ 106.878731862458352, -6.210127595739702, 0.0 ], [ 106.878730915316837, -6.210096167337886, 0.0 ], [ 106.87873038482094, -6.209947057303366, 0.0 ], [ 106.878730280470933, -6.209942088482168, 0.0 ], [ 106.87872964063493, -6.209911714128324, 0.0 ], [ 106.87872286142256, -6.209589983934897, 0.0 ], [ 106.878721757800875, -6.209537605193648, 0.0 ], [ 106.878718922522495, -6.209430007302432, 0.0 ], [ 106.878714869033288, -6.209276184699674, 0.0 ], [ 106.878711803019669, -6.20915981739983, 0.0 ], [ 106.878708515526412, -6.209076286792539, 0.0 ], [ 106.878707302232186, -6.209045466016131, 0.0 ], [ 106.878706427551208, -6.209014847470548, 0.0 ], [ 106.878690910391569, -6.208346274982861, 0.0 ], [ 106.878689490664499, -6.20828754211019, 0.0 ], [ 106.878686261851982, -6.208019440518673, 0.0 ], [ 106.878685866690404, -6.207998695363137, 0.0 ], [ 106.878685530506331, -6.207981080155311, 0.0 ], [ 106.878684925753475, -6.20794937748136, 0.0 ], [ 106.878684323032459, -6.207917738090445, 0.0 ], [ 106.878684073418142, -6.207904665010043, 0.0 ], [ 106.87867745456073, -6.207557449015791, 0.0 ], [ 106.878676606310364, -6.207318103500246, 0.0 ], [ 106.878676408180866, -6.207262197172959, 0.0 ], [ 106.878675889788838, -6.20711591976869, 0.0 ], [ 106.878677134536815, -6.20700597829811, 0.0 ], [ 106.878681336268812, -6.206634952955116, 0.0 ], [ 106.878681350701385, -6.20663367172746, 0.0 ], [ 106.878681345350216, -6.206628082309121, 0.0 ], [ 106.878681320093918, -6.206601323261248, 0.0 ], [ 106.878681082688402, -6.206352282209187, 0.0 ], [ 106.878680983361392, -6.206248014508874, 0.0 ], [ 106.878681242901123, -6.206242474782665, 0.0 ], [ 106.878683363697121, -6.206197195706498, 0.0 ], [ 106.878680935436464, -6.206197263093324, 0.0 ], [ 106.878680823068592, -6.206079368133406, 0.0 ], [ 106.878680808985123, -6.206078453186526, 0.0 ], [ 106.878670941470176, -6.205719959510049, 0.0 ], [ 106.878670087916603, -6.205638421125531, 0.0 ], [ 106.878669971844218, -6.205627334885247, 0.0 ], [ 106.878669913228165, -6.205621755601289, 0.0 ], [ 106.878669870436511, -6.205621152686988, 0.0 ], [ 106.878669817684838, -6.205619523601039, 0.0 ], [ 106.878669870790347, -6.205617682569031, 0.0 ], [ 106.878669709643134, -6.205603563979137, 0.0 ], [ 106.878669677431759, -6.205598807375404, 0.0 ], [ 106.878699316465898, -6.20559911087872, 0.0 ], [ 106.878698791671425, -6.205583588534919, 0.0 ] ] ] } },
{ "type": "Feature", "properties": { "OBJECTID": 306, "toponimi": "Sal. Phb Alu-Alu Persahabatan", "kewenangan": "Pemprov DKI", "jenis": "Saluran Drainase Tersier", "panjang": "2118", "lebar": "2 - 4.5", "kedalaman": "10", "kota": "Jakarta Timur", "kecamatan": "Pulogadung", "lebar_min": 2.0, "lebar_max": 4.5, "kedalaman_": 10.0, "kedalaman1": 10.0, "Shape_Leng": 2.1394243626599998 }, "geometry": { "type": "MultiLineString", "coordinates": [ [ [ 106.878610893541364, -6.202103855865833, 0.0 ], [ 106.878643656626537, -6.202094238897956, 0.0 ], [ 106.878856009146276, -6.202118364291919, 0.0 ], [ 106.879031932178279, -6.202115827129929, 0.0 ], [ 106.879504097899186, -6.202066307365556, 0.0 ], [ 106.879613043784872, -6.202050609997454, 0.0 ], [ 106.88060132273759, -6.201941845416226, 0.0 ], [ 106.880853724405199, -6.201935208011736, 0.0 ], [ 106.881094834639967, -6.20198028252794, 0.0 ], [ 106.881929093354117, -6.202118938523484, 0.0 ], [ 106.88280202892787, -6.202199572232758, 0.0 ], [ 106.882891641043784, -6.202207392833969, 0.0 ], [ 106.88298131299841, -6.202214509781757, 0.0 ], [ 106.88307103666061, -6.202220923104981, 0.0 ], [ 106.883160808413038, -6.202226631912509, 0.0 ], [ 106.88325062192817, -6.202231635322654, 0.0 ], [ 106.883340471787832, -6.202235934258978, 0.0 ], [ 106.883429453125771, -6.202237348429064, 0.0 ], [ 106.883518446402462, -6.202237291498104, 0.0 ], [ 106.883607426324133, -6.202235764460299, 0.0 ], [ 106.883696368497496, -6.202232767402668, 0.0 ], [ 106.883785249432037, -6.20222830040897, 0.0 ], [ 106.883874044744047, -6.202222366278684, 0.0 ], [ 106.883962730039997, -6.202214965098676, 0.0 ], [ 106.884051280935822, -6.202206099668526, 0.0 ], [ 106.884139673047684, -6.202195772787571, 0.0 ], [ 106.884211278422583, -6.202188830141258, 0.0 ], [ 106.884282784601993, -6.202180923116556, 0.0 ], [ 106.884354178040397, -6.202172053570155, 0.0 ], [ 106.884425445192292, -6.202162223358689, 0.0 ], [ 106.884442611504895, -6.202149721266936, 0.0 ], [ 106.884526029059273, -6.20213783248265, 0.0 ], [ 106.884609458633406, -6.202126023208167, 0.0 ], [ 106.884692899330119, -6.20211429525506, 0.0 ], [ 106.884776351146414, -6.202102647719169, 0.0 ], [ 106.884859814082247, -6.202091080600371, 0.0 ], [ 106.884943288137762, -6.20207959389889, 0.0 ], [ 106.885026773316028, -6.202068188518569, 0.0 ], [ 106.885110269610806, -6.2020568626513, 0.0 ], [ 106.885193776125021, -6.202045618108508, 0.0 ], [ 106.885274864436212, -6.202033705859981, 0.0 ], [ 106.885356088957423, -6.202022753316056, 0.0 ], [ 106.885437436144002, -6.202012762333086, 0.0 ], [ 106.885518896061697, -6.20200373385037, 0.0 ], [ 106.885600456069326, -6.201995669720937, 0.0 ], [ 106.885682107139161, -6.201988571785211, 0.0 ], [ 106.88576383481346, -6.201982439190212, 0.0 ], [ 106.885845630064836, -6.201977273776191, 0.0 ], [ 106.885926526147855, -6.20197102657882, 0.0 ], [ 106.88600746117514, -6.201965316292151, 0.0 ], [ 106.886088432433738, -6.20196014202181, 0.0 ], [ 106.886177935598099, -6.201952608288245, 0.0 ], [ 106.886267476525759, -6.201945533710726, 0.0 ], [ 106.88635705250978, -6.201938919202772, 0.0 ], [ 106.886446660843461, -6.201932765678264, 0.0 ], [ 106.886536299716653, -6.201927072239338, 0.0 ], [ 106.886625966422685, -6.201921839799671, 0.0 ], [ 106.886715659151676, -6.201917067461502, 0.0 ], [ 106.886805375196829, -6.201912756138496, 0.0 ], [ 106.886895111847906, -6.20190890584041, 0.0 ], [ 106.886984867298139, -6.201905516573346, 0.0 ], [ 106.887070929894392, -6.201904285073065, 0.0 ], [ 106.887156998511415, -6.201903477580482, 0.0 ], [ 106.887243069538812, -6.201903095012567, 0.0 ], [ 106.887329141166788, -6.2019031364715, 0.0 ], [ 106.887415211588717, -6.201903601963651, 0.0 ], [ 106.887501278997945, -6.201904491495499, 0.0 ], [ 106.887587340684235, -6.201905805076541, 0.0 ], [ 106.887673394841016, -6.201907542713118, 0.0 ], [ 106.887759439661593, -6.201909704411782, 0.0 ], [ 106.887845472439011, -6.201912291086058, 0.0 ], [ 106.887931491360419, -6.201915300934222, 0.0 ], [ 106.888018404599904, -6.201918284977245, 0.0 ], [ 106.888105305500659, -6.201921610815447, 0.0 ], [ 106.888192192256042, -6.201925278455324, 0.0 ], [ 106.888279063962614, -6.20192928789997, 0.0 ], [ 106.888365918814003, -6.201933639155881, 0.0 ], [ 106.888452756810238, -6.20193833222293, 0.0 ], [ 106.888539575238056, -6.20194336620659, 0.0 ], [ 106.888626373197127, -6.201948742014255, 0.0 ], [ 106.888713149784436, -6.201954459649055, 0.0 ], [ 106.888799903189991, -6.20196051821326, 0.0 ], [ 106.888886631610461, -6.201966918617424, 0.0 ], [ 106.888971622298911, -6.201972191409061, 0.0 ], [ 106.889056612136329, -6.201977479559987, 0.0 ], [ 106.889141601122461, -6.201982783070165, 0.0 ], [ 106.889226589260772, -6.201988102843756, 0.0 ], [ 106.88931157655125, -6.201993438880855, 0.0 ], [ 106.889396562083803, -6.201998789376196, 0.0 ], [ 106.889481546768593, -6.202004156134993, 0.0 ], [ 106.889566531508919, -6.202009539153954, 0.0 ], [ 106.889651514491504, -6.202014936631267, 0.0 ], [ 106.889736495725984, -6.202020351279335, 0.0 ], [ 106.88982147700969, -6.202025780379269, 0.0 ], [ 106.889897751928601, -6.202030999119989, 0.0 ], [ 106.889973988965735, -6.202036743290551, 0.0 ], [ 106.890050184514152, -6.202043014712123, 0.0 ], [ 106.890073037237016, -6.202045054291867, 0.0 ], [ 106.890126334953734, -6.202049811589307, 0.0 ], [ 106.890877500277341, -6.202090921147865, 0.0 ], [ 106.892111258263398, -6.202182203751184, 0.0 ], [ 106.893275618492524, -6.202252202010125, 0.0 ], [ 106.894729346420121, -6.202359438483437, 0.0 ], [ 106.896886004194002, -6.202511997403379, 0.0 ], [ 106.897748606001159, -6.202608978520808, 0.0 ] ] ] } },
{ "type": "Feature", "properties": { "OBJECTID": 317, "toponimi": "Sal. Phb Pulo Nangka Utama", "kewenangan": "Pemprov DKI", "jenis": "Saluran Drainase Tersier", "panjang": "3392", "lebar": "3 - 4", "kedalaman": "3", "kota": "Jakarta Timur", "kecamatan": "Pulogadung", "lebar_min": 3.0, "lebar_max": 4.0, "kedalaman_": 3.0, "kedalaman1": 3.0, "Shape_Leng": 3.43821526768 }, "geometry": { "type": "MultiLineString", "coordinates": [ [ [ 106.891143192943417, -6.183615786728465, 0.0 ], [ 106.891268989838963, -6.182726294007844, 0.0 ], [ 106.891409422034513, -6.181886128046704, 0.0 ], [ 106.891574409881315, -6.181230074569307, 0.0 ], [ 106.891841201431731, -6.180298554892574, 0.0 ], [ 106.892122673901937, -6.179462671046752, 0.0 ], [ 106.892409401709486, -6.17876073244056, 0.0 ], [ 106.892567460941081, -6.178375139673135, 0.0 ], [ 106.892512121648309, -6.178350137323447, 0.0 ], [ 106.892434264977794, -6.178314962146406, 0.0 ], [ 106.892354410183572, -6.178275775159059, 0.0 ], [ 106.892274556298517, -6.178236587248638, 0.0 ], [ 106.892194701522257, -6.178197400229981, 0.0 ], [ 106.892114846754922, -6.17815821319561, 0.0 ], [ 106.892034992896725, -6.17811902523832, 0.0 ], [ 106.891955138147381, -6.178079838172692, 0.0 ], [ 106.891886299425607, -6.178046472542837, 0.0 ], [ 106.891817460710513, -6.178013106901473, 0.0 ], [ 106.89174862290524, -6.177979741245204, 0.0 ], [ 106.891679784203305, -6.177946375580622, 0.0 ], [ 106.891610945507736, -6.17791300990445, 0.0 ], [ 106.891542106818804, -6.177879644216649, 0.0 ], [ 106.891484629205053, -6.177848271521638, 0.0 ], [ 106.891440050733351, -6.177814700178415, 0.0 ], [ 106.891386763868795, -6.177751735422076, 0.0 ], [ 106.891333476110759, -6.177688769755422, 0.0 ], [ 106.891280189272706, -6.177625804980385, 0.0 ], [ 106.891226901544485, -6.17756284019923, 0.0 ], [ 106.891174338766248, -6.177502025591919, 0.0 ], [ 106.891121776000659, -6.177441210975696, 0.0 ], [ 106.891069214150974, -6.177380396347182, 0.0 ], [ 106.891016651413636, -6.177319582617062, 0.0 ], [ 106.890964088685678, -6.177258767973805, 0.0 ], [ 106.890911525970182, -6.177197953321549, 0.0 ], [ 106.89086055383828, -6.177140865302535, 0.0 ], [ 106.890809582617692, -6.177083776367926, 0.0 ], [ 106.890758610508357, -6.177026688332283, 0.0 ], [ 106.890707639310335, -6.176969599380992, 0.0 ], [ 106.890656667223666, -6.1769125113286, 0.0 ], [ 106.890604813383661, -6.176849301745017, 0.0 ], [ 106.890552958656542, -6.176786093059802, 0.0 ], [ 106.890501104842684, -6.176722883458285, 0.0 ], [ 106.890460985587708, -6.176665851732991, 0.0 ], [ 106.890420865441897, -6.176608820909203, 0.0 ], [ 106.890380746205977, -6.176551789172359, 0.0 ], [ 106.890335045686143, -6.176498302515224, 0.0 ], [ 106.890289345172718, -6.176444814947112, 0.0 ], [ 106.890243644672083, -6.176391328276311, 0.0 ], [ 106.890198084923526, -6.176327857561087, 0.0 ], [ 106.890152524283465, -6.176264386841692, 0.0 ], [ 106.890130369289309, -6.176218055950461, 0.0 ], [ 106.890108214303112, -6.176171725961217, 0.0 ], [ 106.890089824876569, -6.176108636972096, 0.0 ], [ 106.890082962832395, -6.17606081686173, 0.0 ], [ 106.890076099887395, -6.176012996754013, 0.0 ], [ 106.890083028307302, -6.17594455479121, 0.0 ], [ 106.890089955824678, -6.175876112831871, 0.0 ], [ 106.890095427599661, -6.17580145645105, 0.0 ], [ 106.890094329252506, -6.175761271232417, 0.0 ], [ 106.890081740874919, -6.175716342117726, 0.0 ], [ 106.89005091155245, -6.175650426667612, 0.0 ], [ 106.890016600842245, -6.175591221467922, 0.0 ], [ 106.889982289240834, -6.175532017170854, 0.0 ], [ 106.889947978548477, -6.175472811961783, 0.0 ], [ 106.889912376215179, -6.175408827519664, 0.0 ], [ 106.889876772985517, -6.175344842171502, 0.0 ], [ 106.889841170672454, -6.17528085771914, 0.0 ], [ 106.889805567463071, -6.17521687236075, 0.0 ], [ 106.889769965170458, -6.175152887898054, 0.0 ], [ 106.889734420571187, -6.175105169651518, 0.0 ], [ 106.889690524717423, -6.175039300567562, 0.0 ], [ 106.889646629776081, -6.174973430569092, 0.0 ], [ 106.889602733946759, -6.174907561470852, 0.0 ], [ 106.889560446128201, -6.174845753487708, 0.0 ], [ 106.889518159220714, -6.174783944590698, 0.0 ], [ 106.889475871423969, -6.174722136594514, 0.0 ], [ 106.889433583638208, -6.174660328591836, 0.0 ], [ 106.889386480357118, -6.174588729544061, 0.0 ], [ 106.889380193432999, -6.174568298355287, 0.0 ], [ 106.889378919801985, -6.174546174891728, 0.0 ], [ 106.88938280284016, -6.174461636427012, 0.0 ], [ 106.889386686781421, -6.174377097054999, 0.0 ], [ 106.889390569825238, -6.174292558590401, 0.0 ], [ 106.889394930279877, -6.174216291335638, 0.0 ], [ 106.889399291640061, -6.174140024077706, 0.0 ], [ 106.889403652099077, -6.174063756823188, 0.0 ], [ 106.889408012559997, -6.17398748956879, 0.0 ], [ 106.889418057550884, -6.173899340683374, 0.0 ], [ 106.889428103446292, -6.17381119179523, 0.0 ], [ 106.889438148439339, -6.17372304291093, 0.0 ], [ 106.889446996130516, -6.173634299735885, 0.0 ], [ 106.889455844729639, -6.173545557462319, 0.0 ], [ 106.889464692423715, -6.173456814288288, 0.0 ], [ 106.889469278116593, -6.173401777312785, 0.0 ], [ 106.889473862906854, -6.173346740340595, 0.0 ], [ 106.889472556273546, -6.173315047548667, 0.0 ], [ 106.889465289797798, -6.173288161543721, 0.0 ], [ 106.889449058702382, -6.173260708824512, 0.0 ], [ 106.889408343816001, -6.173238126849586, 0.0 ], [ 106.889357774513684, -6.173216776036782, 0.0 ], [ 106.889307205217378, -6.173195426122128, 0.0 ], [ 106.889224681713941, -6.173178375819694, 0.0 ], [ 106.889142157305557, -6.173161324601939, 0.0 ], [ 106.889057475392718, -6.173153651564157, 0.0 ], [ 106.888972793475119, -6.173145977608097, 0.0 ], [ 106.888888111559126, -6.173138304541954, 0.0 ], [ 106.888861825746844, -6.173140191657538, 0.0 ], [ 106.888834978824008, -6.173152248754784, 0.0 ], [ 106.888809389743827, -6.173182241390945, 0.0 ], [ 106.888769682732772, -6.173247270849455, 0.0 ], [ 106.888729976620041, -6.173312301208683, 0.0 ], [ 106.888690269592615, -6.173377330666881, 0.0 ], [ 106.888650562560201, -6.173442361028998, 0.0 ], [ 106.888610856419817, -6.173507390483641, 0.0 ], [ 106.888571149371018, -6.173572420845495, 0.0 ], [ 106.888528960893325, -6.173639552200591, 0.0 ], [ 106.888486771506479, -6.173706684462776, 0.0 ], [ 106.88844458301071, -6.173773815817411, 0.0 ], [ 106.888402393605631, -6.173840948079035, 0.0 ], [ 106.888359723329742, -6.173907243906201, 0.0 ], [ 106.888317053047672, -6.173973540637173, 0.0 ], [ 106.888274383656807, -6.174039836460435, 0.0 ], [ 106.888231713356674, -6.174106133190691, 0.0 ], [ 106.888189043043937, -6.174172429016546, 0.0 ], [ 106.88814939338252, -6.174239402176039, 0.0 ], [ 106.888109742809206, -6.174306375338681, 0.0 ], [ 106.888070093131063, -6.174373348498057, 0.0 ], [ 106.888030442541279, -6.174440321660565, 0.0 ], [ 106.887998500613065, -6.174493000087848, 0.0 ], [ 106.887966559579866, -6.174545677607806, 0.0 ], [ 106.887934617640994, -6.174598356034908, 0.0 ], [ 106.887898900229615, -6.174663742031375, 0.0 ], [ 106.887863181911129, -6.17472912893533, 0.0 ], [ 106.887827464485625, -6.174794514931991, 0.0 ], [ 106.887791746153042, -6.174859901836144, 0.0 ], [ 106.887756028713397, -6.17492528783305, 0.0 ], [ 106.887719158538729, -6.174989147205369, 0.0 ], [ 106.88768228745316, -6.17505300658084, 0.0 ], [ 106.887645417267009, -6.175116866857229, 0.0 ], [ 106.887608546166987, -6.175180726232687, 0.0 ], [ 106.88757167596296, -6.17524458560495, 0.0 ], [ 106.887530814412159, -6.175315300792485, 0.0 ], [ 106.887489951949078, -6.175386015983297, 0.0 ], [ 106.887449090383541, -6.175456732075058, 0.0 ], [ 106.887408227902469, -6.175527447265801, 0.0 ], [ 106.887368331762914, -6.175600885925266, 0.0 ], [ 106.887328435617732, -6.175674325488962, 0.0 ], [ 106.887288539460556, -6.175747764148678, 0.0 ], [ 106.88724864329771, -6.175821203712778, 0.0 ], [ 106.887208747122898, -6.175894642372864, 0.0 ], [ 106.887168653322746, -6.175966360244558, 0.0 ], [ 106.8871285595107, -6.176038077212288, 0.0 ], [ 106.887088466596339, -6.176109795081032, 0.0 ], [ 106.887048372766657, -6.176181512048864, 0.0 ], [ 106.887008278931432, -6.176253229920962, 0.0 ], [ 106.88696601062577, -6.17633184417855, 0.0 ], [ 106.886923742313371, -6.176410459340525, 0.0 ], [ 106.886881473990925, -6.176489074502754, 0.0 ], [ 106.886839205655477, -6.176567688761009, 0.0 ], [ 106.886802163432279, -6.176637098378876, 0.0 ], [ 106.886765121204519, -6.176706508901013, 0.0 ], [ 106.886728078966001, -6.176775918519224, 0.0 ], [ 106.886691036722937, -6.17684532904174, 0.0 ], [ 106.886653994468972, -6.176914738660348, 0.0 ], [ 106.886621460024671, -6.176974659572731, 0.0 ], [ 106.886588925574472, -6.177034580485294, 0.0 ], [ 106.886556391118461, -6.177094501397884, 0.0 ], [ 106.88652385665651, -6.177154422310651, 0.0 ], [ 106.88648748379525, -6.177233016562702, 0.0 ], [ 106.886451111826105, -6.177311609908044, 0.0 ], [ 106.886414738948901, -6.177390204161284, 0.0 ], [ 106.886386291651576, -6.17745680847677, 0.0 ], [ 106.886357844349178, -6.177523412792694, 0.0 ], [ 106.886329397044975, -6.177590018013355, 0.0 ], [ 106.886300949732558, -6.17765662233027, 0.0 ], [ 106.886271188997625, -6.177730408402291, 0.0 ], [ 106.886241428257009, -6.177804194474914, 0.0 ], [ 106.886211668410951, -6.177877979640906, 0.0 ], [ 106.88618190765915, -6.177951765714867, 0.0 ], [ 106.886152146901509, -6.178025551789479, 0.0 ], [ 106.886124682798808, -6.178099903850265, 0.0 ], [ 106.886097219594532, -6.178174255908485, 0.0 ], [ 106.886069755478758, -6.178248607066563, 0.0 ], [ 106.886042292264605, -6.178322959126255, 0.0 ], [ 106.886014828142095, -6.178397311189838, 0.0 ], [ 106.885984277705788, -6.178472864054672, 0.0 ], [ 106.885953727263384, -6.178548416920256, 0.0 ], [ 106.885923175911742, -6.178623969789776, 0.0 ], [ 106.885892625457657, -6.178699522656655, 0.0 ], [ 106.885866588075018, -6.178767831787845, 0.0 ], [ 106.885840550684875, -6.178836140015531, 0.0 ], [ 106.885814512390041, -6.178904449151097, 0.0 ], [ 106.885788474991003, -6.178972757379901, 0.0 ], [ 106.885762437590842, -6.179041066513497, 0.0 ], [ 106.885743017017958, -6.179104345932089, 0.0 ], [ 106.8857235964458, -6.179167626255398, 0.0 ], [ 106.885704175867801, -6.179230905675114, 0.0 ], [ 106.885682661069637, -6.179297725015084, 0.0 ], [ 106.885661146268333, -6.17936454435567, 0.0 ], [ 106.88563963056049, -6.179431363700107, 0.0 ], [ 106.885618115752891, -6.179498183041904, 0.0 ], [ 106.885598267260264, -6.17956308240066, 0.0 ], [ 106.885578418764865, -6.17962798175993, 0.0 ], [ 106.885558570269936, -6.179692882023965, 0.0 ], [ 106.885538721769223, -6.17975778138445, 0.0 ], [ 106.885512584651437, -6.179835701029956, 0.0 ], [ 106.885486448429162, -6.179913619768922, 0.0 ], [ 106.885460311302197, -6.17999153941605, 0.0 ], [ 106.885436351527915, -6.180059802311838, 0.0 ], [ 106.885412391752894, -6.180128066112385, 0.0 ], [ 106.885400344939313, -6.180185522013163, 0.0 ], [ 106.885388298128134, -6.180242978818525, 0.0 ], [ 106.8853642735574, -6.180321010323549, 0.0 ], [ 106.885340248079402, -6.180399041832635, 0.0 ], [ 106.885316223500723, -6.180477073339275, 0.0 ], [ 106.885294760536013, -6.180547321022748, 0.0 ], [ 106.885273297571459, -6.180617569610985, 0.0 ], [ 106.885251834600595, -6.18068781729572, 0.0 ], [ 106.885230959599426, -6.180755471617561, 0.0 ], [ 106.885210085498642, -6.180823125936832, 0.0 ], [ 106.885189210491575, -6.180890780259887, 0.0 ], [ 106.885167542408269, -6.180959234851968, 0.0 ], [ 106.885145873418239, -6.181027689447879, 0.0 ], [ 106.88512420532841, -6.181096144041185, 0.0 ], [ 106.885118693526053, -6.181142811121834, 0.0 ], [ 106.885113181726965, -6.181189479106845, 0.0 ], [ 106.885105427804206, -6.18124971088417, 0.0 ], [ 106.885097672978461, -6.181309942664923, 0.0 ], [ 106.885089919056199, -6.181370174442883, 0.0 ], [ 106.885075247733184, -6.181445980234852, 0.0 ], [ 106.885060577312444, -6.181521786024247, 0.0 ], [ 106.885045905987383, -6.181597591817525, 0.0 ], [ 106.885025566694864, -6.181675709721684, 0.0 ], [ 106.885005227402843, -6.18175382853073, 0.0 ], [ 106.884989647893548, -6.181826247909199, 0.0 ], [ 106.884974068386072, -6.18189866819248, 0.0 ], [ 106.884964930901305, -6.181962094703855, 0.0 ], [ 106.884955794316781, -6.18202552030824, 0.0 ], [ 106.884946656831985, -6.182088946820393, 0.0 ], [ 106.884936808317477, -6.182176596985893, 0.0 ], [ 106.884926959803877, -6.182264247151958, 0.0 ], [ 106.884924848954114, -6.182343197317116, 0.0 ], [ 106.884934066685574, -6.182414932006538, 0.0 ], [ 106.884955186844763, -6.182472867914146, 0.0 ], [ 106.884969026553634, -6.182499731590761, 0.0 ], [ 106.884980424119519, -6.182512250633659, 0.0 ], [ 106.885006178961532, -6.182528904031931, 0.0 ], [ 106.885080599622981, -6.182563327539033, 0.0 ], [ 106.885155019385067, -6.182597750131795, 0.0 ], [ 106.885229440060868, -6.182632173612082, 0.0 ], [ 106.885304481197025, -6.182673173432582, 0.0 ], [ 106.885379521439049, -6.182714173242157, 0.0 ], [ 106.885454562593793, -6.182755173034378, 0.0 ], [ 106.88552741864801, -6.182797774572554, 0.0 ], [ 106.88560027381169, -6.182840377004493, 0.0 ], [ 106.885673129885319, -6.1828829785155, 0.0 ], [ 106.88574620343924, -6.182930863059895, 0.0 ], [ 106.885819277001445, -6.18297874668597, 0.0 ], [ 106.885870408150495, -6.183017637803006, 0.0 ], [ 106.885921538406322, -6.183056529820108, 0.0 ], [ 106.885972669569114, -6.183095420922706, 0.0 ], [ 106.886028856843154, -6.183141869894038, 0.0 ], [ 106.886085044126332, -6.183188318856297, 0.0 ], [ 106.886141230515307, -6.183234767812821, 0.0 ], [ 106.886197417816987, -6.183281216757133, 0.0 ], [ 106.886251946287885, -6.183323285579235, 0.0 ], [ 106.886306474766641, -6.183365354393069, 0.0 ], [ 106.886361003253356, -6.183407423198581, 0.0 ], [ 106.886416370950187, -6.183461449935298, 0.0 ], [ 106.886471737757901, -6.183515477570108, 0.0 ], [ 106.886527105477072, -6.183569504288209, 0.0 ], [ 106.886565135600392, -6.183621201100732, 0.0 ], [ 106.886603164825146, -6.183672897007213, 0.0 ], [ 106.886641194964483, -6.183724593809585, 0.0 ], [ 106.886674253822278, -6.183778899536688, 0.0 ], [ 106.88670731268779, -6.183833205259609, 0.0 ], [ 106.886718144973472, -6.183854696260712, 0.0 ], [ 106.886724250351534, -6.183891155872314, 0.0 ], [ 106.886739384158048, -6.183946122886262, 0.0 ], [ 106.886760458858816, -6.183990902608679, 0.0 ], [ 106.886769468204037, -6.184004027710793, 0.0 ], [ 106.886788641498228, -6.184018312897422, 0.0 ], [ 106.886803006399418, -6.184024840429156, 0.0 ], [ 106.886822732312851, -6.184026564192177, 0.0 ], [ 106.886848432139601, -6.184027669098342, 0.0 ], [ 106.886906742333366, -6.184040918367492, 0.0 ], [ 106.886965053431538, -6.184054167626122, 0.0 ], [ 106.886993185182945, -6.184067224801837, 0.0 ], [ 106.887033413222014, -6.184120907385089, 0.0 ], [ 106.887067648264818, -6.184169825619233, 0.0 ], [ 106.887132374581626, -6.184222822624866, 0.0 ], [ 106.887196599986495, -6.184246915028395, 0.0 ], [ 106.887260824495002, -6.184271008329705, 0.0 ], [ 106.887325049907645, -6.184295100714094, 0.0 ], [ 106.88739939432466, -6.184322197771841, 0.0 ], [ 106.887473739646722, -6.184349293909534, 0.0 ], [ 106.887548084073359, -6.184376390941758, 0.0 ], [ 106.887622428504855, -6.184403487961358, 0.0 ], [ 106.8876934957391, -6.1844329889764, 0.0 ], [ 106.887764562072178, -6.18446248907853, 0.0 ], [ 106.887835629317436, -6.184491990069683, 0.0 ], [ 106.887906695664824, -6.184521491052136, 0.0 ], [ 106.887986633315492, -6.184550153093609, 0.0 ], [ 106.888066570968476, -6.184578814216312, 0.0 ], [ 106.888146508630115, -6.184607476228522, 0.0 ], [ 106.888226446293928, -6.184636137321811, 0.0 ], [ 106.888306383966324, -6.184664799304592, 0.0 ], [ 106.88836617253763, -6.18467355767324, 0.0 ], [ 106.888425961108794, -6.184682316034535, 0.0 ], [ 106.888501394675956, -6.184687908517711, 0.0 ], [ 106.888576828241526, -6.184693500989649, 0.0 ], [ 106.888652262712071, -6.184699094351385, 0.0 ], [ 106.888727696274429, -6.184704686800946, 0.0 ], [ 106.888803129834955, -6.184710279239272, 0.0 ], [ 106.888882393513768, -6.184717293825511, 0.0 ], [ 106.888961656287776, -6.184724308402402, 0.0 ], [ 106.889040919960436, -6.184731322059529, 0.0 ], [ 106.889120182731332, -6.184738336611488, 0.0 ], [ 106.88919944640422, -6.184745351147729, 0.0 ], [ 106.889272015464243, -6.184752030537284, 0.0 ], [ 106.889344584523045, -6.184758709916276, 0.0 ], [ 106.889417154484022, -6.184765389281579, 0.0 ], [ 106.889489723540507, -6.184772068639615, 0.0 ], [ 106.889562292595713, -6.184778747987191, 0.0 ], [ 106.889638083093331, -6.184783860740074, 0.0 ], [ 106.889713873589088, -6.184788973481708, 0.0 ], [ 106.889789664086351, -6.184794087116137, 0.0 ], [ 106.889865454578512, -6.184799199835171, 0.0 ], [ 106.889941245068911, -6.184804312542954, 0.0 ], [ 106.890001586004459, -6.184800210041851, 0.0 ], [ 106.890061926037049, -6.184796108441379, 0.0 ], [ 106.890113295937851, -6.18478994475953, 0.0 ], [ 106.890164664935895, -6.184783781980412, 0.0 ], [ 106.890232706414807, -6.184760813353333, 0.0 ], [ 106.890276205932494, -6.184725971159872, 0.0 ], [ 106.890300010501761, -6.184698376127511, 0.0 ], [ 106.890316030588465, -6.18466602407775, 0.0 ], [ 106.89031708556179, -6.18462654910806, 0.0 ], [ 106.890319811356207, -6.184552859082732, 0.0 ], [ 106.890322537153054, -6.184479169057444, 0.0 ], [ 106.890325263858827, -6.184405479933093, 0.0 ], [ 106.890327989660392, -6.184331789907817, 0.0 ], [ 106.890330715464259, -6.184258099882565, 0.0 ], [ 106.890333507882588, -6.184169338480154, 0.0 ], [ 106.890336299404296, -6.184080577985108, 0.0 ], [ 106.890339091829773, -6.183991816582694, 0.0 ], [ 106.890341883358587, -6.183903056087613, 0.0 ], [ 106.890344675791141, -6.183814294685209, 0.0 ], [ 106.890356516449714, -6.183783153692395, 0.0 ], [ 106.890393916658724, -6.18371364672005, 0.0 ], [ 106.890442434482296, -6.183661741803923, 0.0 ], [ 106.890490952299842, -6.183609837790401, 0.0 ], [ 106.890501094076299, -6.183605016984997, 0.0 ], [ 106.890511837254991, -6.183601391123156, 0.0 ], [ 106.89052736549192, -6.183598943509808, 0.0 ], [ 106.890543502403844, -6.183599483726825, 0.0 ], [ 106.890611936232219, -6.183602828749008, 0.0 ], [ 106.890680370058661, -6.183606173762023, 0.0 ], [ 106.890765228293475, -6.18360706795668, 0.0 ], [ 106.89085008652448, -6.183607962137652, 0.0 ], [ 106.890934945651807, -6.183608855397628, 0.0 ], [ 106.891019803875068, -6.183609749551334, 0.0 ], [ 106.891104662094577, -6.183610643691371, 0.0 ], [ 106.891143192943417, -6.183615786728465, 0.0 ] ] ] } },
{ "type": "Feature", "properties": { "OBJECTID": 310, "toponimi": "Sal. Phb G. Subuh", "kewenangan": "Pemprov DKI", "jenis": "Saluran Drainase Tersier", "panjang": "414", "lebar": "1.6 - 2", "kedalaman": "1.5", "kota": "Jakarta Timur", "kecamatan": "Pulogadung", "lebar_min": 1.6, "lebar_max": 2.0, "kedalaman_": 1.5, "kedalaman1": 1.5, "Shape_Leng": 0.36146841064000002 }, "geometry": { "type": "MultiLineString", "coordinates": [ [ [ 106.893049703991949, -6.210122934909179, 0.0 ], [ 106.893139947097538, -6.210626171645997, 0.0 ], [ 106.893256740965185, -6.21120107935478, 0.0 ], [ 106.893246117010733, -6.2112381970448, 0.0 ], [ 106.893222259666501, -6.211251439471018, 0.0 ], [ 106.893166269700387, -6.211303072743741, 0.0 ], [ 106.892958485986384, -6.211354052170158, 0.0 ], [ 106.892937015783559, -6.211366089867624, 0.0 ], [ 106.892934732103768, -6.211396000651439, 0.0 ], [ 106.892958729604928, -6.211422229757701, 0.0 ], [ 106.892997083095992, -6.211451995111641, 0.0 ], [ 106.893021097697115, -6.211483007954882, 0.0 ], [ 106.893033224675051, -6.211532004183029, 0.0 ], [ 106.893061986146137, -6.211553431524605, 0.0 ], [ 106.893107399198598, -6.211552072814936, 0.0 ], [ 106.893113969674886, -6.211718307908438, 0.0 ], [ 106.893307646342294, -6.211733164066984, 0.0 ], [ 106.893570622430332, -6.211741791180512, 0.0 ], [ 106.893600536433112, -6.211751252593319, 0.0 ], [ 106.89360542010651, -6.211779941532681, 0.0 ], [ 106.893640182679249, -6.211808523500458, 0.0 ], [ 106.893726250020549, -6.211811803884729, 0.0 ], [ 106.89376576372598, -6.211831996501531, 0.0 ], [ 106.893751566843846, -6.211872714611291, 0.0 ], [ 106.89372204622957, -6.211973292781544, 0.0 ], [ 106.893722307073219, -6.212046254076835, 0.0 ], [ 106.893784939363883, -6.212431552066365, 0.0 ] ] ] } },
{ "type": "Feature", "properties": { "OBJECTID": 305, "toponimi": "Sal. Phb Sodong", "kewenangan": "Pemprov DKI", "jenis": "Saluran Drainase Tersier", "panjang": "2278", "lebar": "1 - 2", "kedalaman": "2", "kota": "Jakarta Timur", "kecamatan": "Pulogadung", "lebar_min": 1.0, "lebar_max": 2.0, "kedalaman_": 2.0, "kedalaman1": 2.0, "Shape_Leng": 0.48102151919000002 }, "geometry": { "type": "MultiLineString", "coordinates": [ [ [ 106.891260143898407, -6.210527317020084, 0.0 ], [ 106.891162176102114, -6.210610550715582, 0.0 ], [ 106.891155811037066, -6.210614548975695, 0.0 ], [ 106.891173096190911, -6.210594087059955, 0.0 ], [ 106.891186866930852, -6.21057110792202, 0.0 ], [ 106.891196764917424, -6.210546211384371, 0.0 ], [ 106.891202530461968, -6.210520045740027, 0.0 ], [ 106.891204015122355, -6.210493293241693, 0.0 ], [ 106.891201179822389, -6.210466649312829, 0.0 ], [ 106.891194098416946, -6.210440808973451, 0.0 ], [ 106.891010970507637, -6.210001580150654, 0.0 ], [ 106.89099768069164, -6.209969704250736, 0.0 ], [ 106.890969144597832, -6.209901261525626, 0.0 ], [ 106.89082031509021, -6.20954429525073, 0.0 ], [ 106.890803659118234, -6.209504345636312, 0.0 ], [ 106.890652789603422, -6.209142486992475, 0.0 ], [ 106.890595272320724, -6.209009419412982, 0.0 ], [ 106.890246055475316, -6.208201503174384, 0.0 ], [ 106.89020750762991, -6.208076343163884, 0.0 ], [ 106.890174265832641, -6.207949668744862, 0.0 ], [ 106.890146388703727, -6.207821704841071, 0.0 ], [ 106.890123925838694, -6.207692679120973, 0.0 ], [ 106.890106917797908, -6.207562819285105, 0.0 ], [ 106.890095393416516, -6.207432358500641, 0.0 ], [ 106.890092582397926, -6.207385126254377, 0.0 ], [ 106.890050397470475, -6.206676139899089, 0.0 ] ] ] } },
{ "type": "Feature", "properties": { "OBJECTID": 318, "toponimi": "Sal. Phb Gading", "kewenangan": "Pemprov DKI", "jenis": "Saluran Drainase Tersier", "panjang": "613", "lebar": "2 - 2.5", "kedalaman": "2", "kota": "Jakarta Timur", "kecamatan": "Pulogadung", "lebar_min": 2.0, "lebar_max": 2.5, "kedalaman_": 2.0, "kedalaman1": 2.0, "Shape_Leng": 0.60607746167999998 }, "geometry": { "type": "MultiLineString", "coordinates": [ [ [ 106.880064620606731, -6.209420321630843, 0.0 ], [ 106.880088147510889, -6.209179102217065, 0.0 ], [ 106.880080894431401, -6.209156162671496, 0.0 ], [ 106.88005358339187, -6.209139035720604, 0.0 ], [ 106.879927359980442, -6.209136613510102, 0.0 ], [ 106.879902347160026, -6.208958720250025, 0.0 ], [ 106.879854360335145, -6.208773732385866, 0.0 ], [ 106.879840571976814, -6.208525468395587, 0.0 ], [ 106.87981797376743, -6.208219822391341, 0.0 ], [ 106.879888144516187, -6.208189431609228, 0.0 ], [ 106.87995112329456, -6.20815332413399, 0.0 ], [ 106.880105923214614, -6.208125503364609, 0.0 ], [ 106.880243421621515, -6.208071907139519, 0.0 ], [ 106.88031944542864, -6.208074507705605, 0.0 ], [ 106.880353520650445, -6.207976784056452, 0.0 ], [ 106.880344670881456, -6.20790791955739, 0.0 ], [ 106.880346668666647, -6.207662470215586, 0.0 ], [ 106.880385854528782, -6.207388181211609, 0.0 ], [ 106.880376572029121, -6.207197314565222, 0.0 ], [ 106.88036354226422, -6.207162912882138, 0.0 ], [ 106.880301590122258, -6.207084190142589, 0.0 ], [ 106.880222311114252, -6.206972514938897, 0.0 ], [ 106.880026268157664, -6.206694756773138, 0.0 ], [ 106.879887900634273, -6.206502912709473, 0.0 ], [ 106.879681788322827, -6.206405891898728, 0.0 ], [ 106.879630507484009, -6.20631579855737, 0.0 ], [ 106.879591492957488, -6.206234122658898, 0.0 ], [ 106.879525612614387, -6.206135209644271, 0.0 ], [ 106.879519806743261, -6.206090030155588, 0.0 ], [ 106.879513254826648, -6.206039047789198, 0.0 ], [ 106.879500577442698, -6.20594039885509, 0.0 ], [ 106.87950040875576, -6.205936649053452, 0.0 ], [ 106.87946271016871, -6.205857136602233, 0.0 ], [ 106.87943859702365, -6.205865594602512, 0.0 ], [ 106.879372227954619, -6.205889273828513, 0.0 ], [ 106.879305858877501, -6.205912953047858, 0.0 ], [ 106.879269627926547, -6.205852159340532, 0.0 ], [ 106.879233396988369, -6.205791366532168, 0.0 ], [ 106.879197166056684, -6.205730572814561, 0.0 ], [ 106.879156791926363, -6.205669793797455, 0.0 ], [ 106.879116417809527, -6.205609015678506, 0.0 ], [ 106.879076043700039, -6.205548236649416, 0.0 ], [ 106.879062661619983, -6.205549240731167, 0.0 ], [ 106.878985720374359, -6.205557647502912, 0.0 ], [ 106.878908778219639, -6.20556605426729, 0.0 ], [ 106.878831836962433, -6.205574461018141, 0.0 ], [ 106.878754894796074, -6.205582867761726, 0.0 ], [ 106.878704532017906, -6.205583523862539, 0.0 ], [ 106.878698791671425, -6.205583588534919, 0.0 ] ] ] } },
{ "type": "Feature", "properties": { "OBJECTID": 307, "toponimi": "Sal. Phb IKIP", "kewenangan": "Pemprov DKI", "jenis": "Saluran Drainase Tersier", "panjang": "2693", "lebar": "10 - 12", "kedalaman": "3", "kota": "Jakarta Timur", "kecamatan": "Pulogadung", "lebar_min": 10.0, "lebar_max": 12.0, "kedalaman_": 3.0, "kedalaman1": 3.0, "Shape_Leng": 3.2199497846399998 }, "geometry": { "type": "MultiLineString", "coordinates": [ [ [ 106.875618710660731, -6.189918791746185, 0.0 ], [ 106.875617030435563, -6.189851236945689, 0.0 ], [ 106.875618951323332, -6.189783689310945, 0.0 ], [ 106.875619589203311, -6.189721224815773, 0.0 ], [ 106.87562105920064, -6.189658775463085, 0.0 ], [ 106.875623360443285, -6.189596350297575, 0.0 ], [ 106.875627566064509, -6.18951572692141, 0.0 ], [ 106.875633412915377, -6.189446027101221, 0.0 ], [ 106.875637946735907, -6.189376229752003, 0.0 ], [ 106.875641166709386, -6.18930635928865, 0.0 ], [ 106.875643973113185, -6.189227582608973, 0.0 ], [ 106.875646980107817, -6.189148813357964, 0.0 ], [ 106.875650187693083, -6.189070051535562, 0.0 ], [ 106.875653596778804, -6.188991298946871, 0.0 ], [ 106.875657205554873, -6.188912554694197, 0.0 ], [ 106.875661015834396, -6.188833820579434, 0.0 ], [ 106.875663867692055, -6.188749229156057, 0.0 ], [ 106.875667894180765, -6.188664685119131, 0.0 ], [ 106.875673095360426, -6.188580205647285, 0.0 ], [ 106.875679469477802, -6.188495806117344, 0.0 ], [ 106.875687015689479, -6.188411503711331, 0.0 ], [ 106.875695823635098, -6.188343490520154, 0.0 ], [ 106.875700877380311, -6.188275094575745, 0.0 ], [ 106.875700483740488, -6.188200636569723, 0.0 ], [ 106.875700377387901, -6.188126176644297, 0.0 ], [ 106.875700555621918, -6.188051717521655, 0.0 ], [ 106.87570102115572, -6.187977260096265, 0.0 ], [ 106.875703328390031, -6.187897311595335, 0.0 ], [ 106.875705634724, -6.187817363097669, 0.0 ], [ 106.875707941964237, -6.18773741459677, 0.0 ], [ 106.875710249207344, -6.187657466095774, 0.0 ], [ 106.875712555550152, -6.187577517597993, 0.0 ], [ 106.875714776841633, -6.187500605533631, 0.0 ], [ 106.875714862799029, -6.187497569096976, 0.0 ], [ 106.875716906135708, -6.187413233692249, 0.0 ], [ 106.875719036336761, -6.18732586184762, 0.0 ], [ 106.875721165634801, -6.18723848910195, 0.0 ], [ 106.87572329584323, -6.187151117257203, 0.0 ], [ 106.875725425151799, -6.187063745415563, 0.0 ], [ 106.875728362125457, -6.186979446636508, 0.0 ], [ 106.875731299102455, -6.1868951478574, 0.0 ], [ 106.875734235179081, -6.186810849081563, 0.0 ], [ 106.875737172162204, -6.18672655030248, 0.0 ], [ 106.875741152810136, -6.186642565193441, 0.0 ], [ 106.875745134364337, -6.186558580081227, 0.0 ], [ 106.875749115014685, -6.186474594068218, 0.0 ], [ 106.875753096574329, -6.186390608956288, 0.0 ], [ 106.875757077233246, -6.186306623847599, 0.0 ], [ 106.875761058798403, -6.186222638735835, 0.0 ], [ 106.875765039462877, -6.186138653627327, 0.0 ], [ 106.875769020130022, -6.186054668519006, 0.0 ], [ 106.875773001700111, -6.185970682503354, 0.0 ], [ 106.875776982372813, -6.185886697395214, 0.0 ], [ 106.875780963951755, -6.185802712283952, 0.0 ], [ 106.875784944629743, -6.185718727175943, 0.0 ], [ 106.875788985227814, -6.185633799732971, 0.0 ], [ 106.875793026735124, -6.185548873191099, 0.0 ], [ 106.875797067338738, -6.185463945748315, 0.0 ], [ 106.875801108851661, -6.185379019206666, 0.0 ], [ 106.875805149460817, -6.18529409176409, 0.0 ], [ 106.87580852297333, -6.185211108790004, 0.0 ], [ 106.875811896488798, -6.185128125816052, 0.0 ], [ 106.875815269100514, -6.185045141941157, 0.0 ], [ 106.87581864262161, -6.18496215896721, 0.0 ], [ 106.875822016145634, -6.184879175993333, 0.0 ], [ 106.875823322624498, -6.184801826839482, 0.0 ], [ 106.875824628199922, -6.184724476784531, 0.0 ], [ 106.875825934684812, -6.184647127630446, 0.0 ], [ 106.875827240266105, -6.184569777575311, 0.0 ], [ 106.875828546757063, -6.184492428421024, 0.0 ], [ 106.875831858562819, -6.184408334465687, 0.0 ], [ 106.875835169471245, -6.184324241417755, 0.0 ], [ 106.875838481286209, -6.184240148366631, 0.0 ], [ 106.87584179219742, -6.184156054414585, 0.0 ], [ 106.875845489879822, -6.184083778135644, 0.0 ], [ 106.875849187564199, -6.184011501856743, 0.0 ], [ 106.875852885247326, -6.183939224673882, 0.0 ], [ 106.875856582935569, -6.183866948395134, 0.0 ], [ 106.875860280625844, -6.183794672116613, 0.0 ], [ 106.875864251718028, -6.18373178265418, 0.0 ], [ 106.875868223718143, -6.183668894092792, 0.0 ], [ 106.875872194812843, -6.183606004630653, 0.0 ], [ 106.875878294429739, -6.183527241642881, 0.0 ], [ 106.87588439314186, -6.183448477754371, 0.0 ], [ 106.875890491858783, -6.183369714770248, 0.0 ], [ 106.875896591480796, -6.183290951783214, 0.0 ], [ 106.875901028420543, -6.183214898072784, 0.0 ], [ 106.875905465362251, -6.183138844362496, 0.0 ], [ 106.875909902305992, -6.183062790652366, 0.0 ], [ 106.875914338348466, -6.182986736945567, 0.0 ], [ 106.875918775296185, -6.182910683235738, 0.0 ], [ 106.875923212245951, -6.182834629526048, 0.0 ], [ 106.875926251830066, -6.182750181203435, 0.0 ], [ 106.875929291414039, -6.18266573197664, 0.0 ], [ 106.875932331004265, -6.182581283654035, 0.0 ], [ 106.875935821050078, -6.182502117589318, 0.0 ], [ 106.875939311101831, -6.182422952428822, 0.0 ], [ 106.875942800249319, -6.182343786367482, 0.0 ], [ 106.875946290305862, -6.182264621207059, 0.0 ], [ 106.875951342364246, -6.182180069036639, 0.0 ], [ 106.875956394421891, -6.182095515962232, 0.0 ], [ 106.875961446485206, -6.182010963792079, 0.0 ], [ 106.875968298192134, -6.181930265082562, 0.0 ], [ 106.875975148994073, -6.181849565472407, 0.0 ], [ 106.875982000704212, -6.181768866763525, 0.0 ], [ 106.875988852415929, -6.181688168054953, 0.0 ], [ 106.875992276757401, -6.181612653178269, 0.0 ], [ 106.875995701101132, -6.181537138301588, 0.0 ], [ 106.875999125447038, -6.181461623425045, 0.0 ], [ 106.876002549795345, -6.181386108548589, 0.0 ], [ 106.876005974145855, -6.181310593672217, 0.0 ], [ 106.87600898295382, -6.181234573939045, 0.0 ], [ 106.876011992667685, -6.181158554202687, 0.0 ], [ 106.876015001477356, -6.181082533565471, 0.0 ], [ 106.876018011196066, -6.181006513829206, 0.0 ], [ 106.876021020013695, -6.18093049409627, 0.0 ], [ 106.876023420600717, -6.180856459309271, 0.0 ], [ 106.876025821193451, -6.180782425426423, 0.0 ], [ 106.876028220881949, -6.180708390642607, 0.0 ], [ 106.8760306214796, -6.180634356759718, 0.0 ], [ 106.876033022076413, -6.18056032197269, 0.0 ], [ 106.876034282538285, -6.18048371619259, 0.0 ], [ 106.876035543000043, -6.180407109508184, 0.0 ], [ 106.876036804371196, -6.180330503724607, 0.0 ], [ 106.87603806483888, -6.180253897040031, 0.0 ], [ 106.876039325312732, -6.180177291259492, 0.0 ], [ 106.876040368852941, -6.180099113928856, 0.0 ], [ 106.876041413299632, -6.180020936594888, 0.0 ], [ 106.876042456846235, -6.179942759264016, 0.0 ], [ 106.876043500395838, -6.179864581933002, 0.0 ], [ 106.876047986461671, -6.179785776727919, 0.0 ], [ 106.87605247162621, -6.179706971526218, 0.0 ], [ 106.876056957696349, -6.179628166321456, 0.0 ], [ 106.876061442865321, -6.179549361119976, 0.0 ], [ 106.876066919560174, -6.179480435675286, 0.0 ], [ 106.876072395352892, -6.179411510233937, 0.0 ], [ 106.876077872050303, -6.17934258478969, 0.0 ], [ 106.876085849687399, -6.179259123554545, 0.0 ], [ 106.8760938282295, -6.179175662316724, 0.0 ], [ 106.876101805869411, -6.179092201082411, 0.0 ], [ 106.876109784411113, -6.179008738941149, 0.0 ], [ 106.876117762053894, -6.178925277707618, 0.0 ], [ 106.876125740601651, -6.178841816471289, 0.0 ], [ 106.876133718247388, -6.17875835523854, 0.0 ], [ 106.876141541701543, -6.178681900802707, 0.0 ], [ 106.876149364253365, -6.178605446370455, 0.0 ], [ 106.876157187709538, -6.178528991935272, 0.0 ], [ 106.876165011166847, -6.178452537500529, 0.0 ], [ 106.876172799837732, -6.178368002807111, 0.0 ], [ 106.876180589410254, -6.178283467206869, 0.0 ], [ 106.876188378084166, -6.178198932514248, 0.0 ], [ 106.876196166759698, -6.178114397822024, 0.0 ], [ 106.876201649777656, -6.178034437218623, 0.0 ], [ 106.876207131894105, -6.177954476618694, 0.0 ], [ 106.876212614912902, -6.177874515111601, 0.0 ], [ 106.876218097033345, -6.17779455451207, 0.0 ], [ 106.876223580059218, -6.17771459390953, 0.0 ], [ 106.876229461962211, -6.177648360501834, 0.0 ], [ 106.876235342959561, -6.17758212619336, 0.0 ], [ 106.876241224864586, -6.177515892786092, 0.0 ], [ 106.87624821198645, -6.177430520065686, 0.0 ], [ 106.876255200013659, -6.177345147342556, 0.0 ], [ 106.876262187142402, -6.177259775527043, 0.0 ], [ 106.876269175173277, -6.177174402804435, 0.0 ], [ 106.876276162302517, -6.177089030085426, 0.0 ], [ 106.876282091871275, -6.176999647579225, 0.0 ], [ 106.876288022342834, -6.176910264165953, 0.0 ], [ 106.876293951916708, -6.176820881660241, 0.0 ], [ 106.876299882393326, -6.176731498247443, 0.0 ], [ 106.876305811972259, -6.176642115742271, 0.0 ], [ 106.876313276926112, -6.176559281998793, 0.0 ], [ 106.876319504924581, -6.176479986034282, 0.0 ], [ 106.876325732921657, -6.176400689165866, 0.0 ], [ 106.876331960020167, -6.176321393205041, 0.0 ], [ 106.876338188023851, -6.176242097241344, 0.0 ], [ 106.876348567836885, -6.176168883310712, 0.0 ], [ 106.876358946746763, -6.176095669383843, 0.0 ], [ 106.87636932656001, -6.176022455454157, 0.0 ], [ 106.876383444326962, -6.175950423625057, 0.0 ], [ 106.876397562092905, -6.175878391796588, 0.0 ], [ 106.876411678951229, -6.175806359067701, 0.0 ], [ 106.876425796715111, -6.175734327240345, 0.0 ], [ 106.876439914478183, -6.175662295413672, 0.0 ], [ 106.876446656674474, -6.175619213335531, 0.0 ], [ 106.876460276898598, -6.175541092915898, 0.0 ], [ 106.876473896218769, -6.17546297250013, 0.0 ], [ 106.876487516438587, -6.1753848511776, 0.0 ], [ 106.876501135757422, -6.17530673076314, 0.0 ], [ 106.876514755979144, -6.175228610346072, 0.0 ], [ 106.87653012098491, -6.175154937614137, 0.0 ], [ 106.876545485992622, -6.175081265786959, 0.0 ], [ 106.876560850995929, -6.17500759305636, 0.0 ], [ 106.876576216000984, -6.1749339212305, 0.0 ], [ 106.876597298555851, -6.174848672404505, 0.0 ], [ 106.876618381104734, -6.174763422675271, 0.0 ], [ 106.876639463653845, -6.174678173851161, 0.0 ], [ 106.876659313667062, -6.174600283724068, 0.0 ], [ 106.876679162771083, -6.174522392696878, 0.0 ], [ 106.876699012775845, -6.17444450166724, 0.0 ], [ 106.876718861877819, -6.174366611545759, 0.0 ], [ 106.876738583323899, -6.174298649432044, 0.0 ], [ 106.876758304764166, -6.174230686414871, 0.0 ], [ 106.876778026204917, -6.174162724302447, 0.0 ], [ 106.876797747643025, -6.174094762190657, 0.0 ], [ 106.876818700358527, -6.1740208816978, 0.0 ], [ 106.876839653071002, -6.173947001205669, 0.0 ], [ 106.876860604877095, -6.173873120717482, 0.0 ], [ 106.876881557583545, -6.173799240226806, 0.0 ], [ 106.876904977084706, -6.173715239938019, 0.0 ], [ 106.876928396578862, -6.173631238745958, 0.0 ], [ 106.876951816072648, -6.173547238459056, 0.0 ], [ 106.876966553906882, -6.173485320083487, 0.0 ], [ 106.876981291743036, -6.1734234026125, 0.0 ], [ 106.876996029574627, -6.173361484237853, 0.0 ], [ 106.877015636876607, -6.17328318088016, 0.0 ], [ 106.877035244179325, -6.173204878427428, 0.0 ], [ 106.877054850573003, -6.173126575074535, 0.0 ], [ 106.877074457870776, -6.173048272623415, 0.0 ], [ 106.877100273626496, -6.172977230290965, 0.0 ], [ 106.877126090284506, -6.172906188860153, 0.0 ], [ 106.877151906031543, -6.172835146529012, 0.0 ], [ 106.877164695622312, -6.172785404874991, 0.0 ], [ 106.877177486118612, -6.172735664122214, 0.0 ], [ 106.877202616704068, -6.172655279830671, 0.0 ], [ 106.87722774638496, -6.172574896447283, 0.0 ], [ 106.877246332269138, -6.172505675259203, 0.0 ], [ 106.877264919054355, -6.172436454068598, 0.0 ], [ 106.87728350493397, -6.172367232881859, 0.0 ], [ 106.877302090811128, -6.17229801169563, 0.0 ], [ 106.877325571304269, -6.172211853005385, 0.0 ], [ 106.877349050893429, -6.172125695223349, 0.0 ], [ 106.877372531379223, -6.172039536535129, 0.0 ], [ 106.877396011864391, -6.17195337875188, 0.0 ], [ 106.877418597823649, -6.171868203317879, 0.0 ], [ 106.877441183779425, -6.17178302788485, 0.0 ], [ 106.877453668398957, -6.171722112034501, 0.0 ], [ 106.877466153020904, -6.17166119708871, 0.0 ], [ 106.877473130327616, -6.171585093785207, 0.0 ], [ 106.877480107638789, -6.171508991386198, 0.0 ], [ 106.877496345335814, -6.171441504509732, 0.0 ], [ 106.877512583937659, -6.171374018534787, 0.0 ], [ 106.877528821631316, -6.1713065316595, 0.0 ], [ 106.877547288228428, -6.171232948385933, 0.0 ], [ 106.877565753923079, -6.171159366020453, 0.0 ], [ 106.877584220515772, -6.171085782748247, 0.0 ], [ 106.877602686205933, -6.171012200384213, 0.0 ], [ 106.877617835885616, -6.17095257892255, 0.0 ], [ 106.877632985566862, -6.170892958365411, 0.0 ], [ 106.877648136146931, -6.170833336901437, 0.0 ], [ 106.877655969485915, -6.170806898186344, 0.0 ], [ 106.877681140414424, -6.170722600618021, 0.0 ], [ 106.87770631224528, -6.17063830395159, 0.0 ], [ 106.877731483165277, -6.170554006385265, 0.0 ], [ 106.877751368918595, -6.170499392577775, 0.0 ], [ 106.87777125467268, -6.170444779674789, 0.0 ], [ 106.877808252253956, -6.17036235629005, 0.0 ], [ 106.877845249830116, -6.170279933810069, 0.0 ], [ 106.877872083868297, -6.170207434042256, 0.0 ], [ 106.877898917901931, -6.170134934275067, 0.0 ], [ 106.877925751930718, -6.170062434508536, 0.0 ], [ 106.877952586861397, -6.169989935643682, 0.0 ], [ 106.877979420880763, -6.169917435878573, 0.0 ], [ 106.878006254895467, -6.169844936114069, 0.0 ], [ 106.878028012654354, -6.169778833926388, 0.0 ], [ 106.878049770409802, -6.169712731739285, 0.0 ], [ 106.878071487730381, -6.169635147009062, 0.0 ], [ 106.878093204144449, -6.169557562282927, 0.0 ], [ 106.878114921455619, -6.169479976650171, 0.0 ], [ 106.878136638766676, -6.169402391922456, 0.0 ], [ 106.878158355171209, -6.169324807198678, 0.0 ], [ 106.878180072475999, -6.169247222472568, 0.0 ], [ 106.878202509676811, -6.169162936372147, 0.0 ], [ 106.878224946877438, -6.169078651176783, 0.0 ], [ 106.878247384071557, -6.168994365078257, 0.0 ], [ 106.878269821265476, -6.168910079884857, 0.0 ], [ 106.878292257549489, -6.168825793791465, 0.0 ], [ 106.878314694736815, -6.16874150859991, 0.0 ], [ 106.87833713191749, -6.168657222505194, 0.0 ], [ 106.87835956909808, -6.168572937315603, 0.0 ], [ 106.878382006272176, -6.168488651222817, 0.0 ], [ 106.878395226626083, -6.168441717267497, 0.0 ], [ 106.87840844607544, -6.168394783315613, 0.0 ], [ 106.878439065632193, -6.168311106694763, 0.0 ], [ 106.878469684279324, -6.168227430078059, 0.0 ], [ 106.878500303823785, -6.168143753459027, 0.0 ], [ 106.878530922458765, -6.168060076844176, 0.0 ], [ 106.878561541990905, -6.167976400226979, 0.0 ], [ 106.878592160613479, -6.167892723613847, 0.0 ], [ 106.878613989165245, -6.167842389540391, 0.0 ], [ 106.878641533732633, -6.167794946664122, 0.0 ], [ 106.878683373582078, -6.167733129850276, 0.0 ], [ 106.878726511160409, -6.167672214415089, 0.0 ], [ 106.878770927585606, -6.167612225741331, 0.0 ], [ 106.878816603081532, -6.167553191926932, 0.0 ], [ 106.878869995631021, -6.167494492550479, 0.0 ], [ 106.878930949422454, -6.167443703113243, 0.0 ], [ 106.878965273934398, -6.167416788510279, 0.0 ], [ 106.87902034083551, -6.167355635692394, 0.0 ], [ 106.879075407727711, -6.16729448377665, 0.0 ], [ 106.879130473700982, -6.167233330957983, 0.0 ], [ 106.87918554056867, -6.16717217903824, 0.0 ], [ 106.879240607420954, -6.167111026212386, 0.0 ], [ 106.879295674264142, -6.167049874288661, 0.0 ], [ 106.879350741095067, -6.166988722362926, 0.0 ], [ 106.879405807007274, -6.166927569534304, 0.0 ], [ 106.879460873810558, -6.16686641670047, 0.0 ], [ 106.879515940604804, -6.166805264768848, 0.0 ], [ 106.879548062159358, -6.166721293532833, 0.0 ], [ 106.879573637124622, -6.166635098587616, 0.0 ], [ 106.879592513725655, -6.166547190408044, 0.0 ], [ 106.879594989893533, -6.166528908494262, 0.0 ] ] ] } },
{ "type": "Feature", "properties": { "OBJECTID": 312, "toponimi": "Sal. Phb Sunan Drajat", "kewenangan": "Pemprov DKI", "jenis": "Saluran Drainase Tersier", "panjang": "769", "lebar": "1.5 - 2", "kedalaman": "2", "kota": "Jakarta Timur", "kecamatan": "Pulogadung", "lebar_min": 1.5, "lebar_max": 2.0, "kedalaman_": 2.0, "kedalaman1": 2.0, "Shape_Leng": 0.81139692491000004 }, "geometry": { "type": "MultiLineString", "coordinates": [ [ [ 106.896063904110008, -6.200295919371564, 0.0 ], [ 106.896070011133219, -6.200292060355746, 0.0 ], [ 106.896078718383023, -6.200284948891214, 0.0 ], [ 106.896086284796809, -6.200276631771658, 0.0 ], [ 106.896092545696433, -6.200267291318186, 0.0 ], [ 106.896097363577439, -6.200257129645798, 0.0 ], [ 106.896100394206556, -6.20024740473852, 0.0 ], [ 106.896101180627326, -6.200244742853515, 0.0 ], [ 106.896105711243735, -6.200227509134399, 0.0 ], [ 106.896109957872113, -6.200209936475536, 0.0 ], [ 106.896115994767413, -6.200183667736737, 0.0 ], [ 106.896131074996688, -6.200115140663947, 0.0 ], [ 106.896134533558921, -6.200097999386792, 0.0 ], [ 106.8961361160124, -6.200088791404034, 0.0 ], [ 106.896137491369444, -6.20008078937875, 0.0 ], [ 106.896138640360221, -6.200072139896263, 0.0 ], [ 106.896139412024382, -6.200064336229186, 0.0 ], [ 106.896139963148741, -6.200056504418813, 0.0 ], [ 106.896140323565589, -6.200048649783281, 0.0 ], [ 106.896140528367269, -6.200032893535147, 0.0 ], [ 106.896140348156166, -6.200024176477843, 0.0 ], [ 106.896139456553655, -6.200006754209338, 0.0 ], [ 106.896138762424272, -6.199998076060585, 0.0 ], [ 106.896137878755837, -6.199989449221763, 0.0 ], [ 106.896136773118698, -6.19998090002891, 0.0 ], [ 106.896135439347006, -6.199972472806921, 0.0 ], [ 106.896133853258249, -6.199964226411282, 0.0 ], [ 106.896131962734472, -6.199956239688504, 0.0 ], [ 106.896128904522769, -6.199947370184151, 0.0 ], [ 106.896127100626344, -6.199942136252701, 0.0 ], [ 106.896094138516119, -6.199846517692576, 0.0 ], [ 106.896083311514275, -6.199815109593935, 0.0 ], [ 106.896079374208441, -6.199807237786369, 0.0 ], [ 106.896066532975894, -6.199783286090124, 0.0 ], [ 106.89603115265173, -6.199719354469869, 0.0 ], [ 106.896000834604251, -6.199663851194338, 0.0 ], [ 106.895966568721661, -6.199600560228255, 0.0 ], [ 106.895941702298259, -6.199553980274914, 0.0 ], [ 106.8958733849758, -6.199425201401639, 0.0 ], [ 106.895851374455177, -6.199383711467724, 0.0 ], [ 106.895808829111374, -6.199303111432617, 0.0 ], [ 106.895792179906564, -6.199271569538414, 0.0 ], [ 106.895472143525723, -6.198667057026838, 0.0 ], [ 106.895459546323337, -6.198643115275367, 0.0 ], [ 106.895447091427926, -6.198619050955564, 0.0 ], [ 106.895438984011463, -6.198602867836231, 0.0 ], [ 106.895432902855688, -6.198590184624854, 0.0 ], [ 106.895425481434458, -6.198573828169609, 0.0 ], [ 106.89540723538498, -6.198531511912282, 0.0 ], [ 106.895404126178335, -6.198524293536961, 0.0 ], [ 106.895392074555843, -6.198496273973109, 0.0 ], [ 106.89537589887432, -6.198458676242995, 0.0 ], [ 106.895337398291403, -6.198369189345559, 0.0 ], [ 106.895321849393341, -6.198333050458509, 0.0 ], [ 106.895313483712201, -6.198313607933422, 0.0 ], [ 106.895289859733779, -6.198258698158764, 0.0 ], [ 106.895280781505448, -6.198237810653882, 0.0 ], [ 106.895273834831158, -6.19822182771359, 0.0 ], [ 106.895256852253951, -6.198181911030894, 0.0 ], [ 106.895245827246129, -6.198155997144075, 0.0 ], [ 106.895228657779853, -6.198114847881897, 0.0 ], [ 106.895208374949618, -6.198064553534962, 0.0 ], [ 106.895145732799733, -6.197907493488397, 0.0 ], [ 106.895117985656441, -6.197837925164291, 0.0 ], [ 106.895100874156441, -6.197794278452327, 0.0 ], [ 106.895070796990765, -6.197713805493946, 0.0 ], [ 106.895058202139211, -6.197678864860585, 0.0 ], [ 106.895046434966872, -6.197645479099006, 0.0 ], [ 106.895039920992446, -6.197626187263561, 0.0 ], [ 106.895031748885273, -6.197600981957118, 0.0 ], [ 106.895021074723005, -6.197567300249843, 0.0 ], [ 106.895010587358712, -6.197533558200956, 0.0 ], [ 106.895004743926236, -6.197514065960701, 0.0 ], [ 106.894999875213443, -6.197497080126025, 0.0 ], [ 106.894988138367921, -6.197454469321608, 0.0 ], [ 106.894976755099904, -6.197411698124017, 0.0 ], [ 106.894969687163211, -6.197383247529186, 0.0 ], [ 106.894961800820155, -6.197348498010131, 0.0 ], [ 106.894959815551601, -6.197339267517631, 0.0 ], [ 106.894950287950479, -6.19729497796439, 0.0 ], [ 106.894946494190975, -6.197268839302329, 0.0 ], [ 106.894939249578286, -6.197252902622183, 0.0 ], [ 106.894937182551843, -6.197248355862006, 0.0 ], [ 106.894936852062855, -6.197247643677585, 0.0 ], [ 106.89492572166462, -6.197062570930028, 0.0 ], [ 106.894927798078271, -6.197053293370435, 0.0 ], [ 106.894927407850105, -6.197039385489525, 0.0 ], [ 106.89492761624409, -6.197034744702872, 0.0 ], [ 106.894928213594014, -6.197010744908229, 0.0 ], [ 106.894929158481716, -6.196972741469301, 0.0 ], [ 106.894930194554576, -6.19693725211536, 0.0 ], [ 106.894934332641711, -6.196822668436533, 0.0 ], [ 106.894935170821199, -6.196796280853888, 0.0 ], [ 106.894936262307795, -6.196742647942724, 0.0 ], [ 106.894945301813976, -6.196179506053449, 0.0 ], [ 106.894946523159419, -6.196116940687529, 0.0 ], [ 106.894947661004693, -6.196080852429584, 0.0 ], [ 106.894950956470439, -6.195990641927161, 0.0 ], [ 106.894952687335575, -6.195945540899594, 0.0 ], [ 106.894953889044089, -6.195918488379638, 0.0 ], [ 106.8949559820106, -6.195881186970251, 0.0 ], [ 106.894963206211159, -6.19576557058569, 0.0 ], [ 106.894964685675177, -6.195738883249624, 0.0 ], [ 106.894965454230913, -6.195721084333057, 0.0 ], [ 106.894965940509493, -6.195703171599639, 0.0 ], [ 106.894966340582044, -6.195676290114357, 0.0 ], [ 106.894967152463522, -6.195572388971624, 0.0 ], [ 106.894967321222452, -6.19555081470526, 0.0 ], [ 106.894967936354234, -6.195505966303148, 0.0 ], [ 106.894969008966953, -6.195460960754275, 0.0 ], [ 106.89496943536237, -6.19544500117524, 0.0 ], [ 106.894973574601494, -6.195289950033901, 0.0 ], [ 106.894974211840804, -6.195262944738015, 0.0 ], [ 106.894974659516762, -6.195235983518198, 0.0 ], [ 106.894975440584346, -6.195101407756824, 0.0 ], [ 106.894976746034772, -6.195001885403433, 0.0 ], [ 106.89497660962715, -6.194984162051599, 0.0 ], [ 106.89497627629332, -6.194975561263006, 0.0 ], [ 106.894976234568787, -6.194975008078949, 0.0 ], [ 106.894975644075501, -6.194967256291793, 0.0 ], [ 106.894974847026035, -6.194961369577525, 0.0 ], [ 106.894974439495471, -6.194956028475608, 0.0 ], [ 106.894974445729744, -6.194955496819524, 0.0 ], [ 106.894974657621745, -6.194936387986155, 0.0 ], [ 106.894974936625516, -6.194911273620943, 0.0 ], [ 106.894975281847195, -6.194880156439396, 0.0 ], [ 106.894976067990413, -6.194809293534628, 0.0 ], [ 106.894976428116166, -6.194789950903686, 0.0 ], [ 106.894976659402744, -6.194783368848553, 0.0 ], [ 106.894976796812145, -6.194773010539707, 0.0 ], [ 106.894976894354755, -6.194765658635921, 0.0 ], [ 106.894976874883795, -6.19470271434759, 0.0 ], [ 106.894977030822432, -6.194666907168447, 0.0 ], [ 106.894977418396778, -6.194622336245114, 0.0 ], [ 106.894978009609417, -6.19457786766602, 0.0 ], [ 106.89497927214633, -6.194524809174855, 0.0 ], [ 106.894983607905459, -6.194374683079477, 0.0 ], [ 106.89498437629058, -6.194339358330525, 0.0 ], [ 106.894984528461464, -6.194321487476813, 0.0 ], [ 106.894984493782971, -6.194303408434462, 0.0 ], [ 106.89498406222998, -6.194255875765249, 0.0 ], [ 106.894983837385794, -6.194231086881596, 0.0 ], [ 106.894983777999911, -6.194202028965876, 0.0 ], [ 106.894984391010439, -6.194157843304113, 0.0 ], [ 106.894984710492423, -6.19414458024974, 0.0 ], [ 106.894985880578645, -6.194095993056668, 0.0 ], [ 106.894986606116063, -6.194076261244273, 0.0 ], [ 106.894987218377253, -6.19406301703495, 0.0 ], [ 106.894987835237686, -6.194053088287453, 0.0 ], [ 106.894996181523652, -6.193745469427668, 0.0 ], [ 106.894997435029353, -6.193699244451984, 0.0 ], [ 106.895003124325839, -6.193329046050318, 0.0 ] ] ] } },
{ "type": "Feature", "properties": { "OBJECTID": 1153, "toponimi": "Sal. Phb Sodong", "kewenangan": "Pemprov DKI", "jenis": "Saluran Drainase Tersier", "panjang": "2278", "lebar": "1 - 2", "kedalaman": "2", "kota": "Jakarta Timur", "kecamatan": "Pulogadung", "lebar_min": 1.0, "lebar_max": 2.0, "kedalaman_": 2.0, "kedalaman1": 2.0, "Shape_Leng": 1.8522299095400001 }, "geometry": { "type": "MultiLineString", "coordinates": [ [ [ 106.884675305999295, -6.211840236106556, 0.0 ], [ 106.884674711322205, -6.211717530529715, 0.0 ], [ 106.884675633202022, -6.211713564382211, 0.0 ], [ 106.884676203400019, -6.211709532581178, 0.0 ], [ 106.884678747034997, -6.211595366310437, 0.0 ], [ 106.884678673621067, -6.211588190381943, 0.0 ], [ 106.884677579405889, -6.211481246716233, 0.0 ], [ 106.884672720649277, -6.211027703855551, 0.0 ], [ 106.884676106523116, -6.210512299923238, 0.0 ], [ 106.884676494001781, -6.21045334474238, 0.0 ], [ 106.884676893749287, -6.21039250437757, 0.0 ], [ 106.884677374530625, -6.210319393586715, 0.0 ], [ 106.884677550928188, -6.210082221538405, 0.0 ], [ 106.884677854144599, -6.209675197458831, 0.0 ], [ 106.884678001542426, -6.209477858474829, 0.0 ], [ 106.884678006825553, -6.209466642550219, 0.0 ], [ 106.884753217852889, -6.209461707459016, 0.0 ], [ 106.884759406929916, -6.209461301151971, 0.0 ], [ 106.884776422376888, -6.209460184501558, 0.0 ], [ 106.884801635862217, -6.209457804491658, 0.0 ], [ 106.884814139164376, -6.209456616210999, 0.0 ], [ 106.884822408466349, -6.209455829985874, 0.0 ], [ 106.884843181066969, -6.209453854575241, 0.0 ], [ 106.884852241318143, -6.209452170429667, 0.0 ], [ 106.88486098551148, -6.209449259582549, 0.0 ], [ 106.884866509505031, -6.209446529281435, 0.0 ], [ 106.884869247602012, -6.209445175969811, 0.0 ], [ 106.884878104878041, -6.209439005280992, 0.0 ], [ 106.884885857869051, -6.209431493159896, 0.0 ], [ 106.884892305791013, -6.209422832904408, 0.0 ], [ 106.884897282302902, -6.209413249334733, 0.0 ], [ 106.884900657288952, -6.20940299155398, 0.0 ], [ 106.884901501122997, -6.209397657715872, 0.0 ], [ 106.884902721969013, -6.209355569087564, 0.0 ], [ 106.884903924697923, -6.209281716142124, 0.0 ], [ 106.884904670756057, -6.209235938489903, 0.0 ], [ 106.884904127475721, -6.209172606052799, 0.0 ], [ 106.884904110672025, -6.209170675765501, 0.0 ], [ 106.884902965100281, -6.209037069988638, 0.0 ], [ 106.884902994737786, -6.209028383773068, 0.0 ], [ 106.884902878350161, -6.20900429689121, 0.0 ], [ 106.884902692587275, -6.208966038705634, 0.0 ], [ 106.884902417144119, -6.208909169942357, 0.0 ], [ 106.884899999290255, -6.20878997894062, 0.0 ], [ 106.884899472642871, -6.208782631935231, 0.0 ], [ 106.884896968838589, -6.208741645162556, 0.0 ], [ 106.884889320144055, -6.208616408697998, 0.0 ], [ 106.884888797754428, -6.208593492319778, 0.0 ], [ 106.884888733470149, -6.208590658961807, 0.0 ], [ 106.884888274214291, -6.208570506326462, 0.0 ], [ 106.884888068619745, -6.208561471949025, 0.0 ], [ 106.884888428764455, -6.208552232124125, 0.0 ], [ 106.884888438798811, -6.208552005148305, 0.0 ], [ 106.884888514916085, -6.208550036555981, 0.0 ], [ 106.884888508469487, -6.208549240028178, 0.0 ], [ 106.884888576121739, -6.208548447757145, 0.0 ], [ 106.884888838221102, -6.208547204529904, 0.0 ], [ 106.884889537293361, -6.20852707760559, 0.0 ], [ 106.884890366699068, -6.208503206157296, 0.0 ], [ 106.884890352108698, -6.208502914170733, 0.0 ], [ 106.884890355452498, -6.208502838210783, 0.0 ], [ 106.884890574007912, -6.208497226315425, 0.0 ], [ 106.884892022931069, -6.20846007259525, 0.0 ], [ 106.884901898156826, -6.208359078004813, 0.0 ], [ 106.884917662097493, -6.208258834580105, 0.0 ], [ 106.884918552275977, -6.208254591878979, 0.0 ], [ 106.884925259697269, -6.208222620065728, 0.0 ], [ 106.884933025206067, -6.208185605690291, 0.0 ], [ 106.884943469679783, -6.208148141455365, 0.0 ], [ 106.88494459983788, -6.208144311093303, 0.0 ], [ 106.884965959148417, -6.208082244203283, 0.0 ], [ 106.884992450034844, -6.208022189743896, 0.0 ], [ 106.885023883379233, -6.207964573335742, 0.0 ], [ 106.885060039275544, -6.207909800818191, 0.0 ], [ 106.885071079820747, -6.207894889232995, 0.0 ], [ 106.885119981535837, -6.207832446672174, 0.0 ], [ 106.885123252683741, -6.207828812116784, 0.0 ], [ 106.885196934962607, -6.207746950695342, 0.0 ], [ 106.885213448182029, -6.207728603760984, 0.0 ], [ 106.885231942990472, -6.207708056315399, 0.0 ], [ 106.885258440635042, -6.207678617946807, 0.0 ], [ 106.885304286081535, -6.207632988873779, 0.0 ], [ 106.885420154633749, -6.207517664899305, 0.0 ], [ 106.885596052764001, -6.207377521700671, 0.0 ], [ 106.885716113673894, -6.207283146232105, 0.0 ], [ 106.885716992896775, -6.207282428826408, 0.0 ], [ 106.885718147474307, -6.20728140122265, 0.0 ], [ 106.885722081618965, -6.207277729042138, 0.0 ], [ 106.885738768196717, -6.207262155395481, 0.0 ], [ 106.885750270785209, -6.207251422014625, 0.0 ], [ 106.885761776073906, -6.207240685911693, 0.0 ], [ 106.88586917304734, -6.207190215540201, 0.0 ], [ 106.885978600071581, -6.207144318310124, 0.0 ], [ 106.885981894879336, -6.207143019974493, 0.0 ], [ 106.88602115961838, -6.207127917402063, 0.0 ], [ 106.886021426639545, -6.207127804336912, 0.0 ], [ 106.886021683738832, -6.207127695827757, 0.0 ], [ 106.886023148728526, -6.207127070365464, 0.0 ], [ 106.88602356820688, -6.207126893466977, 0.0 ], [ 106.886025912892009, -6.207125937570352, 0.0 ], [ 106.886031430098043, -6.207123847423463, 0.0 ], [ 106.886037866812643, -6.207121697943386, 0.0 ], [ 106.886061491264741, -6.207113810104177, 0.0 ], [ 106.8860628132594, -6.207113368692422, 0.0 ], [ 106.886064054037234, -6.207112953790221, 0.0 ], [ 106.886173952831427, -6.20707625631439, 0.0 ], [ 106.886200695015773, -6.20706732663711, 0.0 ], [ 106.886247767936197, -6.207051608534342, 0.0 ], [ 106.886281777024294, -6.207040252457837, 0.0 ], [ 106.886292021384861, -6.207037222333003, 0.0 ], [ 106.886629930890805, -6.206937282922096, 0.0 ], [ 106.886704489128618, -6.206919135942297, 0.0 ], [ 106.886816664866174, -6.206898022187131, 0.0 ], [ 106.886929597509592, -6.206881428235417, 0.0 ], [ 106.886929651690494, -6.206881420809129, 0.0 ], [ 106.887028350441412, -6.206870686695448, 0.0 ], [ 106.887127363230803, -6.206863406174504, 0.0 ], [ 106.887456011095793, -6.206843177805126, 0.0 ], [ 106.888082938378844, -6.206802628980646, 0.0 ], [ 106.888187472257968, -6.2067958999943, 0.0 ], [ 106.888323726410164, -6.206787128394079, 0.0 ], [ 106.888365386040078, -6.206784446374108, 0.0 ], [ 106.888791329360004, -6.206754822358048, 0.0 ], [ 106.888945486595262, -6.206744100682622, 0.0 ], [ 106.888958453390373, -6.206743199997109, 0.0 ], [ 106.888969013068106, -6.206742465221776, 0.0 ], [ 106.889013434892917, -6.20673937547352, 0.0 ], [ 106.889066211608636, -6.20673570528347, 0.0 ], [ 106.889753845075219, -6.206689653202642, 0.0 ], [ 106.890016538778468, -6.20667768210035, 0.0 ], [ 106.890033384569023, -6.206676914914917, 0.0 ], [ 106.890050397470475, -6.206676139899089, 0.0 ], [ 106.890266951720946, -6.20665758761724, 0.0 ], [ 106.890419410352507, -6.20663320550184, 0.0 ], [ 106.890556276092411, -6.206616382501906, 0.0 ], [ 106.890662223148468, -6.206609002442659, 0.0 ], [ 106.890703472382711, -6.206608812620169, 0.0 ], [ 106.890736679270461, -6.206610959791626, 0.0 ], [ 106.890836257102251, -6.206621604797094, 0.0 ], [ 106.890912441326549, -6.206631865002382, 0.0 ], [ 106.890999752350851, -6.206646391870662, 0.0 ], [ 106.891086573385692, -6.206663615717146, 0.0 ], [ 106.891172819454354, -6.206683521474832, 0.0 ], [ 106.891258408273742, -6.206706089546567, 0.0 ], [ 106.891343258458264, -6.206731298523826, 0.0 ], [ 106.891424665104907, -6.206753334501885, 0.0 ], [ 106.891506062852429, -6.206775407566937, 0.0 ], [ 106.891587449891077, -6.206797516821205, 0.0 ], [ 106.891668828024464, -6.206819661354244, 0.0 ], [ 106.891750195451991, -6.206841842980729, 0.0 ], [ 106.89183155307407, -6.206864060793231, 0.0 ], [ 106.891912900890603, -6.206886314791863, 0.0 ], [ 106.891994238901631, -6.206908604976462, 0.0 ], [ 106.892075567110581, -6.206930932251363, 0.0 ], [ 106.892156884607303, -6.206953294811404, 0.0 ], [ 106.89223819320523, -6.206975694458413, 0.0 ], [ 106.892319491091172, -6.20699812939058, 0.0 ], [ 106.892399980635005, -6.207017343034476, 0.0 ], [ 106.892480361565376, -6.207037006410364, 0.0 ], [ 106.892560632072374, -6.207057118620467, 0.0 ], [ 106.892640788542295, -6.207077679677663, 0.0 ], [ 106.892720828261886, -6.207098688687509, 0.0 ], [ 106.892769173250926, -6.207111667433082, 0.0 ], [ 106.893098733376576, -6.207176186367508, 0.0 ], [ 106.893098688033959, -6.207176391769398, 0.0 ], [ 106.893137672405075, -6.20718432811459, 0.0 ], [ 106.893138496961214, -6.207184497856142, 0.0 ], [ 106.893152839000251, -6.207187451920243, 0.0 ], [ 106.893153974569756, -6.207187684743309, 0.0 ], [ 106.89316375982051, -6.20718969219636, 0.0 ], [ 106.893295748711537, -6.207214651738314, 0.0 ], [ 106.893328952386099, -6.20722045237193, 0.0 ], [ 106.893421674294473, -6.207236510939284, 0.0 ], [ 106.893446818514235, -6.207240865743159, 0.0 ], [ 106.893696506072899, -6.207280835074016, 0.0 ], [ 106.893945899226082, -6.207322607278527, 0.0 ], [ 106.893956822912074, -6.207324637765784, 0.0 ], [ 106.893968235527225, -6.207326460359564, 0.0 ], [ 106.894019849478127, -6.207334704054453, 0.0 ], [ 106.894077369336514, -6.207335370718283, 0.0 ], [ 106.895098438914786, -6.207346257119534, 0.0 ], [ 106.895124951957186, -6.207344573619514, 0.0 ], [ 106.895135600000685, -6.207344558097849, 0.0 ], [ 106.895312263919422, -6.207344301647461, 0.0 ], [ 106.895358105789867, -6.207344234236789, 0.0 ], [ 106.895403947665642, -6.207344168630483, 0.0 ], [ 106.895418916900212, -6.207344146670396, 0.0 ], [ 106.895493016824958, -6.207344038631914, 0.0 ], [ 106.895550308096986, -6.207343956422309, 0.0 ], [ 106.896062230710257, -6.207343212328584, 0.0 ], [ 106.896074053231104, -6.207343195293259, 0.0 ], [ 106.896110042985143, -6.20734314321917, 0.0 ], [ 106.896121158104876, -6.207343126908644, 0.0 ], [ 106.896153798776155, -6.207343079596004, 0.0 ], [ 106.896155835148434, -6.207343076821581, 0.0 ], [ 106.896156059953313, -6.20734303352175, 0.0 ], [ 106.896198999738601, -6.207342159997944, 0.0 ], [ 106.896239288396544, -6.207343448721361, 0.0 ], [ 106.896270153290615, -6.207346800089514, 0.0 ], [ 106.896291435134955, -6.207352136014605, 0.0 ], [ 106.89631481941727, -6.207362551991054, 0.0 ], [ 106.896362512266549, -6.207388701480824, 0.0 ], [ 106.896378588034835, -6.207395697968715, 0.0 ], [ 106.896418352274821, -6.207408739637756, 0.0 ], [ 106.896498043418802, -6.207406298637695, 0.0 ], [ 106.896929391956391, -6.207369096418244, 0.0 ], [ 106.897084777513328, -6.207377400059613, 0.0 ] ] ] } },
{ "type": "Feature", "properties": { "OBJECTID": 304, "toponimi": "Sal. Phb Jati (Kec. Pulogadung)", "kewenangan": "Pemprov DKI", "jenis": "Saluran Drainase Tersier", "panjang": "360", "lebar": "2 - 3", "kedalaman": "3", "kota": "Jakarta Timur", "kecamatan": "Pulogadung", "lebar_min": 2.0, "lebar_max": 3.0, "kedalaman_": 3.0, "kedalaman1": 3.0, "Shape_Leng": 0.35667612156 }, "geometry": { "type": "MultiLineString", "coordinates": [ [ [ 106.884024044545683, -6.193075367221939, 0.0 ], [ 106.884091070230966, -6.192354525804913, 0.0 ], [ 106.884096863490115, -6.192295536006032, 0.0 ], [ 106.884105995488923, -6.192208928098788, 0.0 ], [ 106.884113504991475, -6.192126416304647, 0.0 ], [ 106.884120427985906, -6.192043853248991, 0.0 ], [ 106.88412676539194, -6.191961243449278, 0.0 ], [ 106.884132516319326, -6.191878590525164, 0.0 ], [ 106.884137680781265, -6.191795898093147, 0.0 ], [ 106.884142257893771, -6.191713171581108, 0.0 ], [ 106.88414624857657, -6.191630415506466, 0.0 ], [ 106.884149651932887, -6.191547631680654, 0.0 ], [ 106.884152467082131, -6.191464826435766, 0.0 ], [ 106.88415469494079, -6.191382003385031, 0.0 ], [ 106.884157412697846, -6.19129262083272, 0.0 ], [ 106.884159755500633, -6.191203228761954, 0.0 ], [ 106.884161725153362, -6.191113826262215, 0.0 ], [ 106.884163320765296, -6.191024416953086, 0.0 ], [ 106.884164541436604, -6.190935001741937, 0.0 ], [ 106.884165388980762, -6.190845582430577, 0.0 ], [ 106.884165861594212, -6.19075615992938, 0.0 ], [ 106.884156086379235, -6.190674320707691, 0.0 ], [ 106.884145642023014, -6.190592564329214, 0.0 ], [ 106.884134530354956, -6.190510897116247, 0.0 ], [ 106.884122751388205, -6.190429322685403, 0.0 ], [ 106.884110306048797, -6.190347847362022, 0.0 ], [ 106.884097196163268, -6.190266476564555, 0.0 ], [ 106.884086625709855, -6.190193994439897, 0.0 ], [ 106.88407509995227, -6.190121658560143, 0.0 ], [ 106.884062619839156, -6.190049481579634, 0.0 ], [ 106.884049189026129, -6.189977475239131, 0.0 ], [ 106.884034809368302, -6.189905653094168, 0.0 ] ] ] } },
{ "type": "Feature", "properties": { "OBJECTID": 319, "toponimi": "Sal. Phb Bujana Tirta", "kewenangan": "Pemprov DKI", "jenis": "Saluran Drainase Tersier", "panjang": "590", "lebar": "4 - 5", "kedalaman": "2", "kota": "Jakarta Timur", "kecamatan": "Pulogadung", "lebar_min": 4.0, "lebar_max": 5.0, "kedalaman_": 2.0, "kedalaman1": 2.0, "Shape_Leng": 0.57449456412 }, "geometry": { "type": "MultiLineString", "coordinates": [ [ [ 106.878698791671425, -6.205583588534919, 0.0 ], [ 106.878698309293881, -6.205569328229863, 0.0 ], [ 106.878699672683936, -6.205494633606587, 0.0 ], [ 106.87869979205999, -6.205489057307679, 0.0 ], [ 106.878700592401486, -6.205446947432072, 0.0 ], [ 106.878701811686128, -6.205264509723347, 0.0 ], [ 106.878699388293143, -6.205082084938529, 0.0 ], [ 106.878691414385628, -6.204727091717033, 0.0 ], [ 106.878677796797632, -6.204137230116312, 0.0 ], [ 106.878673858750375, -6.203966626088997, 0.0 ], [ 106.878679993364912, -6.203672060298453, 0.0 ], [ 106.878680756933164, -6.203635370913604, 0.0 ], [ 106.878681521405454, -6.203598681525417, 0.0 ], [ 106.878681510592457, -6.203596904010352, 0.0 ], [ 106.878681875401753, -6.203580015959211, 0.0 ], [ 106.878682706865263, -6.20356734229109, 0.0 ], [ 106.878686492318096, -6.203538001040742, 0.0 ], [ 106.878686725225975, -6.203536673830664, 0.0 ], [ 106.878686771276392, -6.203536411464601, 0.0 ], [ 106.878686787901131, -6.20351763769338, 0.0 ], [ 106.878686830011972, -6.203514732519067, 0.0 ], [ 106.878687819718849, -6.203446489403286, 0.0 ], [ 106.878688200277736, -6.2034202732097, 0.0 ], [ 106.878879430220223, -6.203292281895463, 0.0 ], [ 106.879133076493474, -6.203011888503148, 0.0 ], [ 106.879301649541958, -6.202826569587184, 0.0 ], [ 106.879389679472936, -6.202667984533893, 0.0 ], [ 106.879524884649413, -6.20263503055731, 0.0 ], [ 106.879806820122297, -6.202598147217242, 0.0 ], [ 106.879978747702154, -6.202547299952052, 0.0 ], [ 106.880009644446318, -6.202496953200115, 0.0 ], [ 106.880606852096875, -6.202387183819521, 0.0 ], [ 106.88080736283375, -6.202307528211251, 0.0 ], [ 106.880969525476004, -6.202199302075623, 0.0 ], [ 106.88104098160116, -6.202127281752854, 0.0 ], [ 106.881040898089907, -6.201970199333787, 0.0 ] ] ] } },
{ "type": "Feature", "properties": { "OBJECTID": 327, "toponimi": "Sal. Phb Perhubungan", "kewenangan": "Pemprov DKI", "jenis": "Saluran Drainase Tersier", "panjang": "419", "lebar": "1 - 2", "kedalaman": "1-1.5", "kota": "Jakarta Timur", "kecamatan": "Pulogadung", "lebar_min": 1.0, "lebar_max": 2.0, "kedalaman_": 1.0, "kedalaman1": 1.5, "Shape_Leng": 0.41552053285000001 }, "geometry": { "type": "MultiLineString", "coordinates": [ [ [ 106.897404187471096, -6.200671620042361, 0.0 ], [ 106.897391202418248, -6.200672971810489, 0.0 ], [ 106.897354807524195, -6.200676760584875, 0.0 ], [ 106.897384379927075, -6.20067299293074, 0.0 ], [ 106.897391202418248, -6.200672971810489, 0.0 ], [ 106.897414190426971, -6.200672900646333, 0.0 ], [ 106.897414255506305, -6.20067290945468, 0.0 ], [ 106.897426744826504, -6.20067396416167, 0.0 ], [ 106.897435753702865, -6.200674151606077, 0.0 ], [ 106.897436245161799, -6.200674148037868, 0.0 ], [ 106.897462256210716, -6.200671899426307, 0.0 ], [ 106.897487609764056, -6.200665666825108, 0.0 ], [ 106.897489957680236, -6.200664873625443, 0.0 ], [ 106.897501143107874, -6.200660558805883, 0.0 ], [ 106.89750816649719, -6.200657791404463, 0.0 ], [ 106.897515687874744, -6.20065533053057, 0.0 ], [ 106.897523559629192, -6.200653078161705, 0.0 ], [ 106.89753167127391, -6.20065095965014, 0.0 ], [ 106.897566965126856, -6.200642382279912, 0.0 ], [ 106.897584073562101, -6.200638082412526, 0.0 ], [ 106.897643792048143, -6.200622465651338, 0.0 ], [ 106.897661283010066, -6.200618270195934, 0.0 ], [ 106.897708392803978, -6.200607377497595, 0.0 ], [ 106.897719695437203, -6.200604764745577, 0.0 ], [ 106.897781019950429, -6.200590586126753, 0.0 ], [ 106.897805269016217, -6.200584979515161, 0.0 ], [ 106.897825870294099, -6.200580215966256, 0.0 ], [ 106.897834026330628, -6.200577880298769, 0.0 ], [ 106.89784239807507, -6.200575737343961, 0.0 ], [ 106.897850882468475, -6.200573768484115, 0.0 ], [ 106.897859389206971, -6.200571984892303, 0.0 ], [ 106.897867835320483, -6.200570427551887, 0.0 ], [ 106.897893539556563, -6.200564998360433, 0.0 ], [ 106.89791441132428, -6.20056058916563, 0.0 ], [ 106.897977354329626, -6.200547293497054, 0.0 ], [ 106.897994286459408, -6.200543716655646, 0.0 ], [ 106.898020198324403, -6.200538243316458, 0.0 ], [ 106.898028366704622, -6.200536075771813, 0.0 ], [ 106.898045352626269, -6.200532130752296, 0.0 ], [ 106.89810673649572, -6.200519147157804, 0.0 ], [ 106.898159327470267, -6.20050750786349, 0.0 ], [ 106.898176606192237, -6.200503840265814, 0.0 ], [ 106.898185103522877, -6.20050220588575, 0.0 ], [ 106.898220167120257, -6.200494429464407, 0.0 ], [ 106.898234797563688, -6.200491184543033, 0.0 ], [ 106.898295981467598, -6.200477614860714, 0.0 ], [ 106.898312949964563, -6.200473851627835, 0.0 ], [ 106.898348490193897, -6.200465969515728, 0.0 ], [ 106.898356795589294, -6.20046396964536, 0.0 ], [ 106.898365158786888, -6.200462217301371, 0.0 ], [ 106.898368249326325, -6.200461676404555, 0.0 ], [ 106.898402394492891, -6.200454257684917, 0.0 ], [ 106.898427337149371, -6.200448839336592, 0.0 ], [ 106.89847852871759, -6.200437717674309, 0.0 ], [ 106.898493713672977, -6.200434418320001, 0.0 ], [ 106.898539275761252, -6.200424519324824, 0.0 ], [ 106.898655942221538, -6.200399235720102, 0.0 ], [ 106.898672814109219, -6.200395996318774, 0.0 ], [ 106.898705264613369, -6.200389139698715, 0.0 ], [ 106.898738561000314, -6.200382104643312, 0.0 ], [ 106.898784939234417, -6.200372304872693, 0.0 ], [ 106.898802977219844, -6.200368493490994, 0.0 ], [ 106.898850700557603, -6.200358409516879, 0.0 ], [ 106.89886731684615, -6.2003549395669, 0.0 ], [ 106.898904057598003, -6.20034677102949, 0.0 ], [ 106.898926867557705, -6.200341700258945, 0.0 ], [ 106.898983247904752, -6.200329164875876, 0.0 ], [ 106.899006991274902, -6.200323886422275, 0.0 ], [ 106.899054106091938, -6.200313412217586, 0.0 ], [ 106.899071262313385, -6.200309348117314, 0.0 ], [ 106.899114805995495, -6.200299424668095, 0.0 ], [ 106.899158269179892, -6.2002892239342, 0.0 ], [ 106.899175404454255, -6.200285366049263, 0.0 ], [ 106.899208266973105, -6.200277518800084, 0.0 ], [ 106.89923181215589, -6.200271896572011, 0.0 ], [ 106.89929384437815, -6.200257085081558, 0.0 ], [ 106.89931106546895, -6.20025297282286, 0.0 ], [ 106.899353238996881, -6.200242902372809, 0.0 ], [ 106.899361363128193, -6.200240997168802, 0.0 ], [ 106.899378239939665, -6.200237118505434, 0.0 ], [ 106.899395383048216, -6.200233179214058, 0.0 ], [ 106.899406515101177, -6.200230621290497, 0.0 ], [ 106.89947761958544, -6.200214280011463, 0.0 ], [ 106.899494690475592, -6.20021035725062, 0.0 ], [ 106.899529602253651, -6.20020233446893, 0.0 ], [ 106.899556969296071, -6.200196045741401, 0.0 ], [ 106.89958165159365, -6.20019033895544, 0.0 ], [ 106.899598144634354, -6.200186515005839, 0.0 ], [ 106.899649547702424, -6.200174180943936, 0.0 ], [ 106.899666471304073, -6.200170251473223, 0.0 ], [ 106.899674668427579, -6.200168547625842, 0.0 ], [ 106.899714475067697, -6.200158769535149, 0.0 ], [ 106.899730050204013, -6.200154943447959, 0.0 ], [ 106.899783112182035, -6.200141909954833, 0.0 ], [ 106.89979993206471, -6.200137778325824, 0.0 ], [ 106.899833649458884, -6.20012949670518, 0.0 ], [ 106.899841530621842, -6.200127104132287, 0.0 ], [ 106.899858591796601, -6.200122488827666, 0.0 ], [ 106.899866343933482, -6.200120647336123, 0.0 ], [ 106.89989917783403, -6.20011061937556, 0.0 ], [ 106.899900940320137, -6.200110080520052, 0.0 ], [ 106.899905992073926, -6.200108994622447, 0.0 ], [ 106.899907383822409, -6.200109878398607, 0.0 ], [ 106.899912976281797, -6.200112955918877, 0.0 ], [ 106.899918139320931, -6.200116710368561, 0.0 ], [ 106.899923576870052, -6.200121941192833, 0.0 ], [ 106.899928179606391, -6.200127919114564, 0.0 ], [ 106.899931846783545, -6.200134514299169, 0.0 ], [ 106.899934497472316, -6.200141580566858, 0.0 ], [ 106.8999359667514, -6.200148222509741, 0.0 ], [ 106.899941161591627, -6.200171711430574, 0.0 ], [ 106.899950616444286, -6.200214463073285, 0.0 ], [ 106.89995647430375, -6.200240950444897, 0.0 ], [ 106.899978453907664, -6.200340333871322, 0.0 ], [ 106.899982192160977, -6.200339275285615, 0.0 ], [ 106.900139861516053, -6.200312874218181, 0.0 ], [ 106.900494775145702, -6.200498192490551, 0.0 ], [ 106.900542144103142, -6.200509505117614, 0.0 ], [ 106.900744923801327, -6.200523680618774, 0.0 ] ] ] } },
{ "type": "Feature", "properties": { "OBJECTID": 328, "toponimi": "Sal. Phb Pemuda", "kewenangan": "Pemprov DKI", "jenis": "Saluran Drainase Tersier", "panjang": "3053", "lebar": "3", "kedalaman": "10", "kota": "Jakarta Timur", "kecamatan": "Pulogadung", "lebar_min": 3.0, "lebar_max": 3.0, "kedalaman_": 10.0, "kedalaman1": 10.0, "Shape_Leng": 3.0579227690500002 }, "geometry": { "type": "MultiLineString", "coordinates": [ [ [ 106.901673965037304, -6.193362333476068, 0.0 ], [ 106.90165424457075, -6.193362198028261, 0.0 ], [ 106.901558032853487, -6.193361563744668, 0.0 ], [ 106.901539078529566, -6.193361439108303, 0.0 ], [ 106.901532087653095, -6.193361392741189, 0.0 ], [ 106.90151848535028, -6.193361303167283, 0.0 ], [ 106.901512041965475, -6.193361261166343, 0.0 ], [ 106.901504855041452, -6.193361213693328, 0.0 ], [ 106.90150232358026, -6.193361196547611, 0.0 ], [ 106.901481868629418, -6.193361061917891, 0.0 ], [ 106.901475220159696, -6.193361017939297, 0.0 ], [ 106.901474396216628, -6.193361012755465, 0.0 ], [ 106.901344565405552, -6.193360157176301, 0.0 ], [ 106.901333768391083, -6.193360109982582, 0.0 ], [ 106.901333345496084, -6.193360084374292, 0.0 ], [ 106.901331846773331, -6.193360101499834, 0.0 ], [ 106.901313749360412, -6.193359854437992, 0.0 ], [ 106.901249952757496, -6.193358518938866, 0.0 ], [ 106.901204647149797, -6.193357848606708, 0.0 ], [ 106.901000175795076, -6.193355885257816, 0.0 ], [ 106.90093490750688, -6.193355309043768, 0.0 ], [ 106.900312440627758, -6.193349833324371, 0.0 ], [ 106.900240112705035, -6.193349444154398, 0.0 ], [ 106.900158129221381, -6.193349634755321, 0.0 ], [ 106.90014008099871, -6.193349504110507, 0.0 ], [ 106.900137159947136, -6.193349427776558, 0.0 ], [ 106.900078526380469, -6.193348847582043, 0.0 ], [ 106.900050234572618, -6.193348568277246, 0.0 ], [ 106.899990795121184, -6.193347981013982, 0.0 ], [ 106.899957191878443, -6.193347649301264, 0.0 ], [ 106.899906420207301, -6.193347147617182, 0.0 ], [ 106.8999041960829, -6.193347179090496, 0.0 ], [ 106.899886346256764, -6.193346949175596, 0.0 ], [ 106.899804705383431, -6.19334442427633, 0.0 ], [ 106.899723699025046, -6.193342492013822, 0.0 ], [ 106.899699849549364, -6.193342012337327, 0.0 ], [ 106.899578118473812, -6.193339565872125, 0.0 ], [ 106.899251647965599, -6.1933330035599, 0.0 ], [ 106.899122886787694, -6.193330414893215, 0.0 ], [ 106.899100570302494, -6.193330154831397, 0.0 ], [ 106.899065025618327, -6.193330086786906, 0.0 ], [ 106.898825032539079, -6.193331006471266, 0.0 ], [ 106.898753449483891, -6.193331515855725, 0.0 ], [ 106.898671480424397, -6.193332727849246, 0.0 ], [ 106.898653441115869, -6.193332820443556, 0.0 ], [ 106.898651822094308, -6.193332798210012, 0.0 ], [ 106.89858436131739, -6.193333039658982, 0.0 ], [ 106.898581307771579, -6.193333050587694, 0.0 ], [ 106.89857977738491, -6.193333056064994, 0.0 ], [ 106.898573777799697, -6.193333077537681, 0.0 ], [ 106.898564973104641, -6.193333108145614, 0.0 ], [ 106.898551723609529, -6.193333156469524, 0.0 ], [ 106.898535097142158, -6.193333215974972, 0.0 ], [ 106.898535032096234, -6.19333321620782, 0.0 ], [ 106.898459248139815, -6.19333348652483, 0.0 ], [ 106.898457521818386, -6.193333522539487, 0.0 ], [ 106.898439458812064, -6.193333557346524, 0.0 ], [ 106.898366477821625, -6.193332966825849, 0.0 ], [ 106.898339295361126, -6.193332930288672, 0.0 ], [ 106.898294293908549, -6.193332953898945, 0.0 ], [ 106.898005449842117, -6.193333921443958, 0.0 ], [ 106.897628652093147, -6.193336799273292, 0.0 ], [ 106.897283237209095, -6.19334185929534, 0.0 ], [ 106.897281187126211, -6.193342561005562, 0.0 ], [ 106.897243202075487, -6.19334244551065, 0.0 ], [ 106.897094918986483, -6.193341995740565, 0.0 ], [ 106.897032272438011, -6.193341708937476, 0.0 ], [ 106.896987764277625, -6.193341747851459, 0.0 ], [ 106.896944096245647, -6.193342023354159, 0.0 ], [ 106.896828413044602, -6.1933427543712, 0.0 ], [ 106.89679292929749, -6.193342813439938, 0.0 ], [ 106.896739212943515, -6.193342474779668, 0.0 ], [ 106.89553922221711, -6.193332675771963, 0.0 ], [ 106.894816006031633, -6.193327778693917, 0.0 ], [ 106.894736018309459, -6.19332755717596, 0.0 ], [ 106.894664365145303, -6.193327961378928, 0.0 ], [ 106.89464637409894, -6.193327918947692, 0.0 ], [ 106.894643853346707, -6.193327867373451, 0.0 ], [ 106.894603987962896, -6.193327684265047, 0.0 ], [ 106.894594810775018, -6.193327641997919, 0.0 ], [ 106.894559814955201, -6.193327481276619, 0.0 ], [ 106.89449657113677, -6.193327189976766, 0.0 ], [ 106.894473742001139, -6.193327085253703, 0.0 ], [ 106.894424214273172, -6.193326857074233, 0.0 ], [ 106.894423339089769, -6.193326924393618, 0.0 ], [ 106.894414757726693, -6.193327266063161, 0.0 ], [ 106.894405977802492, -6.193327408626775, 0.0 ], [ 106.894388081567286, -6.193327353190234, 0.0 ], [ 106.894315730467056, -6.193326357518134, 0.0 ], [ 106.894252866508324, -6.193325932828236, 0.0 ], [ 106.894049728555913, -6.193325435770104, 0.0 ], [ 106.894025316767497, -6.193325376460697, 0.0 ], [ 106.894015865905345, -6.193325353243508, 0.0 ], [ 106.893861806209429, -6.193322928658337, 0.0 ], [ 106.893133069467936, -6.19331145689653, 0.0 ], [ 106.891374456596566, -6.193283770480132, 0.0 ], [ 106.89131345260428, -6.193282809884954, 0.0 ], [ 106.891171084650381, -6.193280567956046, 0.0 ], [ 106.890981553123979, -6.19327758364273, 0.0 ], [ 106.890963818676468, -6.193277304190232, 0.0 ], [ 106.89089140278972, -6.193276163614537, 0.0 ], [ 106.890821950323598, -6.193275070331263, 0.0 ], [ 106.890675318802082, -6.193272761187809, 0.0 ], [ 106.887447660681346, -6.193253440010047, 0.0 ], [ 106.887241669935236, -6.193252206370329, 0.0 ], [ 106.886753155667193, -6.193244861960412, 0.0 ], [ 106.886264773703488, -6.193231303350359, 0.0 ], [ 106.886255364199741, -6.193230980575335, 0.0 ], [ 106.886241221018381, -6.193230491994746, 0.0 ], [ 106.886212672573464, -6.193229490448285, 0.0 ], [ 106.886212232545788, -6.193229474834115, 0.0 ], [ 106.886204180132879, -6.193229189727651, 0.0 ], [ 106.886202966666744, -6.193229146122711, 0.0 ], [ 106.885773641636959, -6.193211397926834, 0.0 ], [ 106.885344541612398, -6.193188847569292, 0.0 ], [ 106.884915720823045, -6.193161498471196, 0.0 ], [ 106.884487231689192, -6.19312935315587, 0.0 ], [ 106.884059128444235, -6.193092415948703, 0.0 ], [ 106.88403748306348, -6.193090124866648, 0.0 ], [ 106.884023435710546, -6.193088638613067, 0.0 ], [ 106.883504646095474, -6.193033733948766, 0.0 ], [ 106.883442584855104, -6.193027165967351, 0.0 ], [ 106.881365780157878, -6.19280736846376, 0.0 ], [ 106.881119357511523, -6.192783697425924, 0.0 ], [ 106.881105861015584, -6.192782400815831, 0.0 ], [ 106.881092365423143, -6.192781104202203, 0.0 ], [ 106.879621037529219, -6.192639766800997, 0.0 ], [ 106.878953184063974, -6.192516102492387, 0.0 ], [ 106.878864614816564, -6.192507420793998, 0.0 ], [ 106.878776877995477, -6.192498075200346, 0.0 ], [ 106.878689141176324, -6.192488730495421, 0.0 ], [ 106.878601403449352, -6.192479384874122, 0.0 ], [ 106.878513666624499, -6.192470039234084, 0.0 ], [ 106.878425929801637, -6.192460694482755, 0.0 ], [ 106.87833819297424, -6.192451348811837, 0.0 ], [ 106.878250456148933, -6.192442004029563, 0.0 ], [ 106.878162719319192, -6.192432658327748, 0.0 ], [ 106.878074981584717, -6.192423312613692, 0.0 ], [ 106.877987244755545, -6.192413967785067, 0.0 ], [ 106.877899507922038, -6.192404622036832, 0.0 ], [ 106.877825887501487, -6.192396105142274, 0.0 ], [ 106.877752055828182, -6.192389676662202, 0.0 ], [ 106.877678071646557, -6.192385342717865, 0.0 ], [ 106.877603994591198, -6.19238310581089, 0.0 ], [ 106.877529884296692, -6.192382968442925, 0.0 ], [ 106.877456375513134, -6.192376644562685, 0.0 ], [ 106.877383508586348, -6.19236506891615, 0.0 ], [ 106.877311656841002, -6.192348298951512, 0.0 ], [ 106.877241190090245, -6.192326421062617, 0.0 ], [ 106.877172470111887, -6.192299548796197, 0.0 ], [ 106.877115696211305, -6.192266262721037, 0.0 ], [ 106.877063207215187, -6.192226553779102, 0.0 ], [ 106.877015724187245, -6.192180967334235, 0.0 ], [ 106.876968284808314, -6.192108345786621, 0.0 ], [ 106.876919466438537, -6.19203664501111, 0.0 ], [ 106.876869287239046, -6.191965891163393, 0.0 ], [ 106.876817766274499, -6.191896110395854, 0.0 ], [ 106.876764920802529, -6.191827328867301, 0.0 ], [ 106.876710669560552, -6.191755466442262, 0.0 ], [ 106.876656417431178, -6.191683604010281, 0.0 ], [ 106.876602166221005, -6.191611741564833, 0.0 ], [ 106.876547914123549, -6.191539879112493, 0.0 ], [ 106.876493662945322, -6.19146801664677, 0.0 ], [ 106.876439411783053, -6.19139615417091, 0.0 ], [ 106.876385159733346, -6.19132429168801, 0.0 ], [ 106.876330908603038, -6.191252429191777, 0.0 ], [ 106.876276656585148, -6.191180566688586, 0.0 ], [ 106.876222405486587, -6.191108704172031, 0.0 ], [ 106.876172361891975, -6.19103945513057, 0.0 ], [ 106.876120960378628, -6.190971209965532, 0.0 ], [ 106.876068221818059, -6.190903994822998, 0.0 ], [ 106.876020418105583, -6.190847095744164, 0.0 ], [ 106.875972821578486, -6.190790022328852, 0.0 ], [ 106.875925434047062, -6.190732775474974, 0.0 ], [ 106.875878255514294, -6.190675356086588, 0.0 ], [ 106.875831286886836, -6.190617765064721, 0.0 ], [ 106.875793749101717, -6.190556555751461, 0.0 ], [ 106.875760658180809, -6.190492828935452, 0.0 ], [ 106.875732181492424, -6.190426906807536, 0.0 ], [ 106.875708464767044, -6.19035912429303, 0.0 ], [ 106.875692682177743, -6.190284989212215, 0.0 ], [ 106.875674730390983, -6.19021134913188, 0.0 ], [ 106.875654623191579, -6.190138270005693, 0.0 ], [ 106.875634900140028, -6.19006652223531, 0.0 ], [ 106.87562288465891, -6.189993087207228, 0.0 ], [ 106.875618710660731, -6.189918791746185, 0.0 ] ] ] } },
{ "type": "Feature", "properties": { "OBJECTID": 322, "toponimi": "Sal. Phb Kampung Ambon (Kec. Pulogadung)", "kewenangan": "Pemprov DKI", "jenis": "Saluran Drainase Tersier", "panjang": "2910", "lebar": "10 - 12", "kedalaman": "6-8", "kota": "Jakarta Timur", "kecamatan": "Pulogadung", "lebar_min": 10.0, "lebar_max": 12.0, "kedalaman_": 6.0, "kedalaman1": 8.0, "Shape_Leng": 2.9526389558399999 }, "geometry": { "type": "MultiLineString", "coordinates": [ [ [ 106.881212755854094, -6.184091111992981, 0.0 ], [ 106.881166100336785, -6.184416619856518, 0.0 ], [ 106.881112443608799, -6.184789997244119, 0.0 ], [ 106.881031379861128, -6.185524697234424, 0.0 ], [ 106.880919302513973, -6.186276253706989, 0.0 ], [ 106.880887648550527, -6.186788301749304, 0.0 ], [ 106.880930390696122, -6.187383814758702, 0.0 ], [ 106.881058920293341, -6.187904864793335, 0.0 ], [ 106.881211717714152, -6.18852869435525, 0.0 ], [ 106.881270442832005, -6.188777277487952, 0.0 ], [ 106.881119040822995, -6.188805361538362, 0.0 ], [ 106.881126019582624, -6.18888318019671, 0.0 ], [ 106.881135697671411, -6.188960709003219, 0.0 ], [ 106.881148063010102, -6.189037853064842, 0.0 ], [ 106.881163101725321, -6.189114521111536, 0.0 ], [ 106.881180795417137, -6.189190619176652, 0.0 ], [ 106.881201122081279, -6.189266056018879, 0.0 ], [ 106.881224057903253, -6.189340739499015, 0.0 ], [ 106.881251344183383, -6.189419630824852, 0.0 ], [ 106.88128191104903, -6.18949730800496, 0.0 ], [ 106.881315704716457, -6.189573634702881, 0.0 ], [ 106.881352665083924, -6.189648476412931, 0.0 ], [ 106.881392728448859, -6.189721702258836, 0.0 ], [ 106.881441138022893, -6.189784548751801, 0.0 ], [ 106.881493653431505, -6.189844000983904, 0.0 ], [ 106.881550037934929, -6.189899792165805, 0.0 ], [ 106.881610036775569, -6.189951670038566, 0.0 ], [ 106.881673379001356, -6.189999401387679, 0.0 ], [ 106.881737067233601, -6.190033600953521, 0.0 ], [ 106.881803771247732, -6.19006145536961, 0.0 ], [ 106.881872859523583, -6.190082703768251, 0.0 ], [ 106.881943681776178, -6.190097144117847, 0.0 ], [ 106.88201556988632, -6.190104640453508, 0.0 ], [ 106.882097779624701, -6.19011033257198, 0.0 ], [ 106.882180137292082, -6.190113152585411, 0.0 ], [ 106.882262542598241, -6.190113098137432, 0.0 ], [ 106.882344897065735, -6.190110168673526, 0.0 ], [ 106.8824270986198, -6.190104368172749, 0.0 ], [ 106.8825090479056, -6.190095703316908, 0.0 ], [ 106.882590646487486, -6.190084185305481, 0.0 ], [ 106.882668934814347, -6.190067032635581, 0.0 ], [ 106.882755970256738, -6.190053738560787, 0.0 ], [ 106.882843122294517, -6.190041227049394, 0.0 ], [ 106.88293038189066, -6.190029497229165, 0.0 ], [ 106.883017743634525, -6.190018551831427, 0.0 ], [ 106.883105200299099, -6.190008390881763, 0.0 ], [ 106.883192743757405, -6.189999015313055, 0.0 ], [ 106.883280367688712, -6.189990426051567, 0.0 ], [ 106.883368065773027, -6.189982624023799, 0.0 ], [ 106.883457127304212, -6.189973597452117, 0.0 ], [ 106.88354614953235, -6.189964189456613, 0.0 ], [ 106.883635130650589, -6.189954400043772, 0.0 ], [ 106.88372406885189, -6.189944229220071, 0.0 ], [ 106.883812962326033, -6.189933676087851, 0.0 ], [ 106.88390181017887, -6.189922743362844, 0.0 ], [ 106.883990610594012, -6.189911428339101, 0.0 ], [ 106.884034802874552, -6.189905605197537, 0.0 ], [ 106.8840793626742, -6.189899732828268, 0.0 ], [ 106.884128699507087, -6.189893521622348, 0.0 ], [ 106.884178034536987, -6.189887312226914, 0.0 ], [ 106.884259352909552, -6.189876813040518, 0.0 ], [ 106.884340653600759, -6.189866170146454, 0.0 ], [ 106.884421935713519, -6.189855385356072, 0.0 ], [ 106.884503198344319, -6.18984445867264, 0.0 ], [ 106.884584442396402, -6.189833390093114, 0.0 ], [ 106.884665666966498, -6.189822179620561, 0.0 ], [ 106.884746871151052, -6.1898108272583, 0.0 ], [ 106.884828055853333, -6.189799333003103, 0.0 ], [ 106.884909221073343, -6.189787696855014, 0.0 ], [ 106.884990365004271, -6.189775918820544, 0.0 ], [ 106.885073180266659, -6.189764649297023, 0.0 ], [ 106.885155925085755, -6.189752879115828, 0.0 ], [ 106.885238598564513, -6.189740610088617, 0.0 ], [ 106.885321196185473, -6.189727842231499, 0.0 ], [ 106.885403715241324, -6.18971457645829, 0.0 ], [ 106.885486153018746, -6.18970081187459, 0.0 ], [ 106.88556850590993, -6.189686550301672, 0.0 ], [ 106.88565743843462, -6.189675338528215, 0.0 ], [ 106.885746309661243, -6.189663657708028, 0.0 ], [ 106.885835118686003, -6.189651507844404, 0.0 ], [ 106.885923862798506, -6.18963888894699, 0.0 ], [ 106.886012538388115, -6.189625801932993, 0.0 ], [ 106.886101143647764, -6.189612246808821, 0.0 ], [ 106.886189676770428, -6.18959822358098, 0.0 ], [ 106.886264551450708, -6.189590193622869, 0.0 ], [ 106.886339516916649, -6.189583053913776, 0.0 ], [ 106.886414561427529, -6.189576805399318, 0.0 ], [ 106.88648967414936, -6.18957144992634, 0.0 ], [ 106.886564846044834, -6.18956698662253, 0.0 ], [ 106.886646788066784, -6.189556115991358, 0.0 ], [ 106.88672868092371, -6.189544885674181, 0.0 ], [ 106.886810524615157, -6.18953329567102, 0.0 ], [ 106.886892315530687, -6.189521346898956, 0.0 ], [ 106.886974054573486, -6.189509039354818, 0.0 ], [ 106.887055738129774, -6.189496373051624, 0.0 ], [ 106.887137365295985, -6.18948334799253, 0.0 ], [ 106.887218935171859, -6.189469965085033, 0.0 ], [ 106.887399901029312, -6.189436757121313, 0.0 ], [ 106.887482656247201, -6.189421613212529, 0.0 ], [ 106.887565466730365, -6.189406770175283, 0.0 ], [ 106.887648329775232, -6.189392229827535, 0.0 ], [ 106.887731245375363, -6.189377990360827, 0.0 ], [ 106.887814212634026, -6.189364053586666, 0.0 ], [ 106.887897229741171, -6.189350418607319, 0.0 ], [ 106.887980295796879, -6.189337086329913, 0.0 ], [ 106.888063008926878, -6.189324607902786, 0.0 ], [ 106.888145715571298, -6.189312086088151, 0.0 ], [ 106.888228415726488, -6.189299519981902, 0.0 ], [ 106.88831110939617, -6.189286910488078, 0.0 ], [ 106.888393795670169, -6.189274255801689, 0.0 ], [ 106.888476475458162, -6.189261557727865, 0.0 ], [ 106.88855914876045, -6.189248816266488, 0.0 ], [ 106.888641815573749, -6.189236030513527, 0.0 ], [ 106.888724474994504, -6.189223200472225, 0.0 ], [ 106.888806992923207, -6.189208944185816, 0.0 ], [ 106.888889470258491, -6.189194452955298, 0.0 ], [ 106.888971905186693, -6.18917972497894, 0.0 ], [ 106.889054297711283, -6.189164761160858, 0.0 ], [ 106.889136647831819, -6.189149561501137, 0.0 ], [ 106.889218953741491, -6.189134126006241, 0.0 ], [ 106.889292510553474, -6.189121651059978, 0.0 ], [ 106.889367106573957, -6.189120439825419, 0.0 ], [ 106.889445331223911, -6.189105635449915, 0.0 ], [ 106.889523581643772, -6.189090966593673, 0.0 ], [ 106.889601856923491, -6.189076431451758, 0.0 ], [ 106.889680156166463, -6.18906203183558, 0.0 ], [ 106.889758481172919, -6.189047765930356, 0.0 ], [ 106.889836830142514, -6.189033635550763, 0.0 ], [ 106.889915203068952, -6.189019638888567, 0.0 ], [ 106.889993599958757, -6.189005777751999, 0.0 ], [ 106.890080921312716, -6.188990262798852, 0.0 ], [ 106.890168243557497, -6.188974746925429, 0.0 ], [ 106.890255564892769, -6.18895923194659, 0.0 ], [ 106.890342886218733, -6.188943716954919, 0.0 ], [ 106.890430207532177, -6.188928201046207, 0.0 ], [ 106.890517529742795, -6.188912686025727, 0.0 ], [ 106.890604851037637, -6.188897170091422, 0.0 ], [ 106.89069217232624, -6.1888816550484, 0.0 ], [ 106.890779493605521, -6.18886613999253, 0.0 ], [ 106.890866815775738, -6.188850624016619, 0.0 ], [ 106.890954137036331, -6.188835108935107, 0.0 ], [ 106.89103979369122, -6.188819710075715, 0.0 ], [ 106.89112546602307, -6.18880440337052, 0.0 ], [ 106.891211154932193, -6.188789187912242, 0.0 ], [ 106.891296860424873, -6.188774065508981, 0.0 ], [ 106.891382581591472, -6.188759034355745, 0.0 ], [ 106.891468319341897, -6.188744096257532, 0.0 ], [ 106.891554072766155, -6.188729249409307, 0.0 ], [ 106.89163984277117, -6.188714494711867, 0.0 ], [ 106.891725627553171, -6.188699833075932, 0.0 ], [ 106.891811428912632, -6.18868526268663, 0.0 ], [ 106.891897245049279, -6.188670785358725, 0.0 ], [ 106.891983076859887, -6.188656399280701, 0.0 ], [ 106.892068924351321, -6.188642106260759, 0.0 ], [ 106.892154786616771, -6.188627905397987, 0.0 ], [ 106.892240664559552, -6.188613796689166, 0.0 ], [ 106.892326557276618, -6.188599780137458, 0.0 ], [ 106.892412464767759, -6.188585855742942, 0.0 ], [ 106.892498387939654, -6.188572024406342, 0.0 ], [ 106.892584324979282, -6.188558284325903, 0.0 ], [ 106.892670277699636, -6.188544637303438, 0.0 ], [ 106.892756244290993, -6.188531082441273, 0.0 ], [ 106.892842225659848, -6.188517620640228, 0.0 ], [ 106.892928220896437, -6.188504250095264, 0.0 ], [ 106.893014230910765, -6.188490972611397, 0.0 ], [ 106.893101649215467, -6.188476388131035, 0.0 ], [ 106.893189070288884, -6.188461822614694, 0.0 ], [ 106.893276495034527, -6.188447276059202, 0.0 ], [ 106.893363922548858, -6.188432748467828, 0.0 ], [ 106.893451353735543, -6.188418239837342, 0.0 ], [ 106.893538787690815, -6.188403750170933, 0.0 ], [ 106.8936262244152, -6.188389279468542, 0.0 ], [ 106.893713664814754, -6.188374828631123, 0.0 ], [ 106.893801108886663, -6.188360396754558, 0.0 ], [ 106.893888554820791, -6.18834598294115, 0.0 ], [ 106.893976004430385, -6.188331588992664, 0.0 ], [ 106.894063457712193, -6.188317214004988, 0.0 ], [ 106.894150913762971, -6.188302857981425, 0.0 ], [ 106.894238372582421, -6.18828852092187, 0.0 ], [ 106.894325834170871, -6.188274202826351, 0.0 ], [ 106.894413299434802, -6.188259904595836, 0.0 ], [ 106.894500768367877, -6.188245624421915, 0.0 ], [ 106.894588240072977, -6.188231364116129, 0.0 ], [ 106.894675714546992, -6.188217122774398, 0.0 ], [ 106.894763191786751, -6.188202899492572, 0.0 ], [ 106.894850672702077, -6.188188696075661, 0.0 ], [ 106.894938156386203, -6.188174511622674, 0.0 ], [ 106.895025642839499, -6.188160346133758, 0.0 ], [ 106.895113132968191, -6.18814620050976, 0.0 ], [ 106.895200625862657, -6.188132072945616, 0.0 ], [ 106.895288122432646, -6.188117965246364, 0.0 ], [ 106.89537562176848, -6.188103875606955, 0.0 ], [ 106.89546312387651, -6.18808980583569, 0.0 ], [ 106.895550628753554, -6.188075755028319, 0.0 ], [ 106.895638137302896, -6.188061723181783, 0.0 ], [ 106.895725648621323, -6.188047710299184, 0.0 ], [ 106.895814014785728, -6.188033252227089, 0.0 ], [ 106.895902375385148, -6.188018756187758, 0.0 ], [ 106.895990728609604, -6.188004221283578, 0.0 ], [ 106.896079076268919, -6.187989648412062, 0.0 ], [ 106.896167417459694, -6.187975037576613, 0.0 ], [ 106.896255753085526, -6.187960388773947, 0.0 ], [ 106.896344081339336, -6.187945702010458, 0.0 ], [ 106.896432404024779, -6.187930976375796, 0.0 ], [ 106.896520719341581, -6.187916213684403, 0.0 ], [ 106.896609029090101, -6.187901412121685, 0.0 ], [ 106.896697332369897, -6.187886572595088, 0.0 ], [ 106.896785629181124, -6.187871695104522, 0.0 ], [ 106.896873919520559, -6.18785677874595, 0.0 ], [ 106.896962203394565, -6.187841825327535, 0.0 ], [ 106.897050480796807, -6.187826833041097, 0.0 ], [ 106.897138751730324, -6.187811802790827, 0.0 ], [ 106.897227016195188, -6.187796734576612, 0.0 ], [ 106.897315274191357, -6.187781628398479, 0.0 ], [ 106.897403525715518, -6.187766483352397, 0.0 ], [ 106.897491769870882, -6.187751301249786, 0.0 ], [ 106.897580008457638, -6.187736080275944, 0.0 ], [ 106.89765415919166, -6.187721383408753, 0.0 ], [ 106.897728308082861, -6.187706678401693, 0.0 ], [ 106.897802455130929, -6.18769196525492, 0.0 ], [ 106.897876601236291, -6.187677243060913, 0.0 ], [ 106.897950744591881, -6.187662511826267, 0.0 ], [ 106.898024887008049, -6.187647772448615, 0.0 ], [ 106.898081567859236, -6.187615485593645, 0.0 ], [ 106.89812087215843, -6.187563398756487, 0.0 ], [ 106.898136392460032, -6.187500003000636, 0.0 ], [ 106.898145487383559, -6.187419066435705, 0.0 ], [ 106.898154581401471, -6.187338128970389, 0.0 ], [ 106.898163676323549, -6.187257191502352, 0.0 ], [ 106.898172770346505, -6.187176254942046, 0.0 ], [ 106.898181865270658, -6.18709531747484, 0.0 ], [ 106.898190959292279, -6.18701438001136, 0.0 ], [ 106.898200006962, -6.186937414590948, 0.0 ], [ 106.898209054632588, -6.186860449171038, 0.0 ], [ 106.898218102300518, -6.186783482847359, 0.0 ], [ 106.898227149972499, -6.18670651742829, 0.0 ], [ 106.898236197645275, -6.186629552009709, 0.0 ], [ 106.898245922156207, -6.186541245381262, 0.0 ], [ 106.898255645764849, -6.18645293875653, 0.0 ], [ 106.898265369371543, -6.186364631228253, 0.0 ], [ 106.898275093886085, -6.18627632460146, 0.0 ], [ 106.898284265165174, -6.186200578425052, 0.0 ], [ 106.898293436448242, -6.186124833153326, 0.0 ], [ 106.898302607728667, -6.186049086977879, 0.0 ], [ 106.898311778106304, -6.185973340806114, 0.0 ], [ 106.898320949391319, -6.185897595535667, 0.0 ], [ 106.898330120673691, -6.185821849361481, 0.0 ], [ 106.898341920240654, -6.185739084918403, 0.0 ], [ 106.898353719807673, -6.185656320475877, 0.0 ], [ 106.898365520275163, -6.185573555126665, 0.0 ], [ 106.898377319842638, -6.185490790685429, 0.0 ], [ 106.89838911941024, -6.185408026244792, 0.0 ], [ 106.898401194337524, -6.18533103373947, 0.0 ], [ 106.89841326926782, -6.185254042138976, 0.0 ], [ 106.898425345098076, -6.185177049631632, 0.0 ], [ 106.898437420024891, -6.185100057128134, 0.0 ], [ 106.898449494954576, -6.185023065529295, 0.0 ], [ 106.898461569881036, -6.184946073026984, 0.0 ], [ 106.89847066046714, -6.184862141989446, 0.0 ], [ 106.898479751960963, -6.184778211853279, 0.0 ], [ 106.898488842549398, -6.184694280816686, 0.0 ], [ 106.898497933142167, -6.184610350684709, 0.0 ], [ 106.898507023732734, -6.184526419649063, 0.0 ], [ 106.89851611523116, -6.184442489514785, 0.0 ], [ 106.898525205823987, -6.184358558480052, 0.0 ], [ 106.898532430442373, -6.184278051754665, 0.0 ], [ 106.898539655968875, -6.184197545930532, 0.0 ], [ 106.898546880590246, -6.184117039205744, 0.0 ], [ 106.898549611448104, -6.184086611544655, 0.0 ] ] ] } },
{ "type": "Feature", "properties": { "OBJECTID": 325, "toponimi": "Sal. Phb Paus", "kewenangan": "Pemprov DKI", "jenis": "Saluran Drainase Tersier", "panjang": "407", "lebar": "3", "kedalaman": "5-10", "kota": "Jakarta Timur", "kecamatan": "Pulogadung", "lebar_min": 3.0, "lebar_max": 3.0, "kedalaman_": 5.0, "kedalaman1": 10.0, "Shape_Leng": 0.43252896785 }, "geometry": { "type": "MultiLineString", "coordinates": [ [ [ 106.891015652498339, -6.197092638459856, 0.0 ], [ 106.890997489530889, -6.197088000806898, 0.0 ], [ 106.891016857222439, -6.197021478258896, 0.0 ], [ 106.891032048093706, -6.196953877503018, 0.0 ], [ 106.891043002553715, -6.196885461856697, 0.0 ], [ 106.891050980238063, -6.196792706500844, 0.0 ], [ 106.891058827011989, -6.19668044115202, 0.0 ], [ 106.891062915732746, -6.196606551009316, 0.0 ], [ 106.891065557218127, -6.196547901709948, 0.0 ], [ 106.891068437142764, -6.196462594768718, 0.0 ], [ 106.891069330477109, -6.196425762299683, 0.0 ], [ 106.891070709863499, -6.196322207005839, 0.0 ], [ 106.891072080939225, -6.196217584854892, 0.0 ], [ 106.89107345094537, -6.196113929234453, 0.0 ], [ 106.891073826326235, -6.196090461817852, 0.0 ], [ 106.89107384903096, -6.196090495190059, 0.0 ], [ 106.891074155863464, -6.196070103905922, 0.0 ], [ 106.891074269784326, -6.196062770915383, 0.0 ], [ 106.891074857425266, -6.196026096856912, 0.0 ], [ 106.891075362950872, -6.195994524255425, 0.0 ], [ 106.891075489379048, -6.195986644214927, 0.0 ], [ 106.891075620914208, -6.195978422390859, 0.0 ], [ 106.891075500833608, -6.195959415060901, 0.0 ], [ 106.891075497603779, -6.195959015441979, 0.0 ], [ 106.891075273927385, -6.195935778909523, 0.0 ], [ 106.891074711744565, -6.195877354412754, 0.0 ], [ 106.891074304795453, -6.195835123433387, 0.0 ], [ 106.891073824588759, -6.195785258147792, 0.0 ], [ 106.891073681262739, -6.195770378304744, 0.0 ], [ 106.891073369203312, -6.195738050044313, 0.0 ], [ 106.891073056819366, -6.195705630466675, 0.0 ], [ 106.89107305269583, -6.195705233563488, 0.0 ], [ 106.891073492676924, -6.195516713149186, 0.0 ], [ 106.89107357756086, -6.195480417909963, 0.0 ], [ 106.891073653306208, -6.195447899300715, 0.0 ], [ 106.891077416875277, -6.193834131388152, 0.0 ], [ 106.891077568020222, -6.193769487468917, 0.0 ], [ 106.891074566612403, -6.193748871092859, 0.0 ], [ 106.891071531602293, -6.19374013434726, 0.0 ], [ 106.891067500673927, -6.193731810728035, 0.0 ], [ 106.891062529338285, -6.193724013054988, 0.0 ], [ 106.891051909439454, -6.193712068332597, 0.0 ], [ 106.891043422830847, -6.193705280459003, 0.0 ], [ 106.891034088647999, -6.193699718005718, 0.0 ], [ 106.891024082524183, -6.193695484322808, 0.0 ], [ 106.890963818676468, -6.193277304190232, 0.0 ] ] ] } },
{ "type": "Feature", "properties": { "OBJECTID": 313, "toponimi": "Sal. Phb Tenggiri", "kewenangan": "Pemprov DKI", "jenis": "Saluran Drainase Tersier", "panjang": "785", "lebar": "1 - 2", "kedalaman": "5", "kota": "Jakarta Timur", "kecamatan": "Pulogadung", "lebar_min": 1.0, "lebar_max": 2.0, "kedalaman_": 5.0, "kedalaman1": 5.0, "Shape_Leng": 0.79760661325000004 }, "geometry": { "type": "MultiLineString", "coordinates": [ [ [ 106.891015652498339, -6.197092638459856, 0.0 ], [ 106.891234620621262, -6.197191085947633, 0.0 ], [ 106.891296779563717, -6.197220680056636, 0.0 ], [ 106.891323757492458, -6.197235494904613, 0.0 ], [ 106.891332762031752, -6.197241574773011, 0.0 ], [ 106.891342093240766, -6.197249578391792, 0.0 ], [ 106.891350382105159, -6.19725865894425, 0.0 ], [ 106.891478182612175, -6.197412651037467, 0.0 ], [ 106.891575571550433, -6.197528067928949, 0.0 ], [ 106.891747695041033, -6.197732054442325, 0.0 ], [ 106.89177049801738, -6.197759237428659, 0.0 ], [ 106.891787376189939, -6.197779812397987, 0.0 ], [ 106.891798573094562, -6.197793923144694, 0.0 ], [ 106.891859386167198, -6.197872494736887, 0.0 ], [ 106.891898539818229, -6.197922559214899, 0.0 ], [ 106.891920974744124, -6.197953188279049, 0.0 ], [ 106.891931094611365, -6.197967004498356, 0.0 ], [ 106.891957920842472, -6.198003629517315, 0.0 ], [ 106.891957845848367, -6.198004894677641, 0.0 ], [ 106.891957774587269, -6.198013291685526, 0.0 ], [ 106.891957731920357, -6.198018304393205, 0.0 ], [ 106.891957377336297, -6.198019956619488, 0.0 ], [ 106.891956855453728, -6.1980215633317, 0.0 ], [ 106.891956032570633, -6.198023379974714, 0.0 ], [ 106.891954997882976, -6.198025084356201, 0.0 ], [ 106.891953764854847, -6.198026652016146, 0.0 ], [ 106.891929782101855, -6.198046154937919, 0.0 ], [ 106.89191840588272, -6.198057530751987, 0.0 ], [ 106.891908972629039, -6.198068306515008, 0.0 ], [ 106.891903829009095, -6.198074802136509, 0.0 ], [ 106.89190257328228, -6.198077605837692, 0.0 ], [ 106.891901809641823, -6.198080582281634, 0.0 ], [ 106.891900296966782, -6.198089873204569, 0.0 ], [ 106.891899457979122, -6.198095029800479, 0.0 ], [ 106.891899251568461, -6.198096938273888, 0.0 ], [ 106.891899199794111, -6.198097874244198, 0.0 ], [ 106.891898139753891, -6.198117055753998, 0.0 ], [ 106.891897006925689, -6.198131276504129, 0.0 ], [ 106.891894632564188, -6.198164959695475, 0.0 ], [ 106.891893972120954, -6.19817433166184, 0.0 ], [ 106.891891631301988, -6.198207540059646, 0.0 ], [ 106.891887038229726, -6.198272697071514, 0.0 ], [ 106.891876999048108, -6.198415125103895, 0.0 ], [ 106.891863274915337, -6.198609823808702, 0.0 ], [ 106.891852890883015, -6.198757138145495, 0.0 ], [ 106.891843556050389, -6.198889580145602, 0.0 ], [ 106.89184225403514, -6.198908041015324, 0.0 ], [ 106.891841840391891, -6.198913908556172, 0.0 ], [ 106.891841799665599, -6.198916169957192, 0.0 ], [ 106.891841523079975, -6.198918414117345, 0.0 ], [ 106.89184088561457, -6.198921051058529, 0.0 ], [ 106.891839923457198, -6.198923587894883, 0.0 ], [ 106.891834134884107, -6.198971687138372, 0.0 ], [ 106.891853934913868, -6.198973525102609, 0.0 ], [ 106.891855341145728, -6.198973659320662, 0.0 ], [ 106.891857072631325, -6.198973797802555, 0.0 ], [ 106.891934449098045, -6.198981006978013, 0.0 ], [ 106.891979861158092, -6.198985237183654, 0.0 ], [ 106.89217606233484, -6.19900351556391, 0.0 ], [ 106.892396538953676, -6.199301053095725, 0.0 ], [ 106.892417514459268, -6.199285938727304, 0.0 ], [ 106.892729362485071, -6.199030086320886, 0.0 ], [ 106.892735349150669, -6.199032752045645, 0.0 ], [ 106.89274200333503, -6.199036143219304, 0.0 ], [ 106.892744435883642, -6.199037546798926, 0.0 ], [ 106.892748948230349, -6.199040492647327, 0.0 ], [ 106.892755364168949, -6.19904573092571, 0.0 ], [ 106.892761272197916, -6.199051679863778, 0.0 ], [ 106.892766811665311, -6.199058147286126, 0.0 ], [ 106.892767761055694, -6.199059378951002, 0.0 ], [ 106.892772085049373, -6.199064989068503, 0.0 ], [ 106.892777172368611, -6.199072096428347, 0.0 ], [ 106.892787000034488, -6.19908680333507, 0.0 ], [ 106.892796592218033, -6.199101851943241, 0.0 ], [ 106.8928298396266, -6.199155028644913, 0.0 ], [ 106.892858469005446, -6.199200449847966, 0.0 ], [ 106.892918579902457, -6.199295081254125, 0.0 ], [ 106.892945784351937, -6.199337907230466, 0.0 ], [ 106.892997457656364, -6.199419255294112, 0.0 ], [ 106.893039645157344, -6.199487264097404, 0.0 ], [ 106.893072808367108, -6.19954037506715, 0.0 ], [ 106.893081991512489, -6.199555480278674, 0.0 ], [ 106.893088969326627, -6.199567030152268, 0.0 ], [ 106.893103672905909, -6.199591368611086, 0.0 ], [ 106.893106319348789, -6.19959574875677, 0.0 ], [ 106.893112914556497, -6.199606665290232, 0.0 ], [ 106.893118000235347, -6.199615082748373, 0.0 ], [ 106.893150469166855, -6.199668826373887, 0.0 ], [ 106.893157137079982, -6.199679862897097, 0.0 ], [ 106.893168583505812, -6.199698810752143, 0.0 ], [ 106.893173773700326, -6.199707401430684, 0.0 ], [ 106.893176147503198, -6.199711330479639, 0.0 ], [ 106.893223546332905, -6.199789786959464, 0.0 ], [ 106.89325095185805, -6.199835526228731, 0.0 ], [ 106.893283089079347, -6.199888460009316, 0.0 ], [ 106.893301830373744, -6.199918683543586, 0.0 ], [ 106.89361294674498, -6.200409671605624, 0.0 ], [ 106.893631990014953, -6.200439946477414, 0.0 ], [ 106.893645987362362, -6.200462822723351, 0.0 ], [ 106.893659371520499, -6.200485768066342, 0.0 ], [ 106.893672492436394, -6.200508870765541, 0.0 ], [ 106.893720223542672, -6.200593809552736, 0.0 ], [ 106.893741770488035, -6.200632501145247, 0.0 ], [ 106.893758689790275, -6.20066379081029, 0.0 ], [ 106.893804644483893, -6.200750423958822, 0.0 ], [ 106.893806581775934, -6.200754055291968, 0.0 ], [ 106.893842669109844, -6.200821708742517, 0.0 ], [ 106.893858713501587, -6.200852382192235, 0.0 ], [ 106.893870212037399, -6.200875282727831, 0.0 ], [ 106.893873746968808, -6.200882809711807, 0.0 ], [ 106.89387699964918, -6.200890231016269, 0.0 ], [ 106.893880846455403, -6.200898822865873, 0.0 ], [ 106.893884279806102, -6.200906492162705, 0.0 ], [ 106.893893068991872, -6.200926122163504, 0.0 ], [ 106.893893397757196, -6.200926856957899, 0.0 ], [ 106.893917264538388, -6.200980163794656, 0.0 ], [ 106.893918201649342, -6.200982256240203, 0.0 ], [ 106.893920900068991, -6.200988285342057, 0.0 ], [ 106.893923943635372, -6.200995082632828, 0.0 ], [ 106.893927388822675, -6.201002777202651, 0.0 ], [ 106.893929151035181, -6.201006713855684, 0.0 ], [ 106.893934961321392, -6.201019691899351, 0.0 ], [ 106.893937963559964, -6.201027566167824, 0.0 ], [ 106.893943336190219, -6.201042966157124, 0.0 ], [ 106.893943675745376, -6.201043939605641, 0.0 ], [ 106.89396840861744, -6.201119683177906, 0.0 ], [ 106.894004429610646, -6.201227962537065, 0.0 ], [ 106.894017856160829, -6.201270365692906, 0.0 ], [ 106.894044278710808, -6.201355279324936, 0.0 ], [ 106.894070700372822, -6.201440193860172, 0.0 ], [ 106.894078799224118, -6.201465610100533, 0.0 ], [ 106.894085336668894, -6.201485386476461, 0.0 ], [ 106.894091680581653, -6.201503589437435, 0.0 ], [ 106.894105489320026, -6.201543211895563, 0.0 ], [ 106.894110971071342, -6.201559818515785, 0.0 ], [ 106.894113425069847, -6.201567732715324, 0.0 ], [ 106.894118090308496, -6.201583636121716, 0.0 ], [ 106.894122510069167, -6.201599611832624, 0.0 ], [ 106.894126072186211, -6.201613232614295, 0.0 ], [ 106.8941267032816, -6.201615648026618, 0.0 ], [ 106.89413059590639, -6.201631756722155, 0.0 ], [ 106.894134088646723, -6.201647960877833, 0.0 ], [ 106.894137281676976, -6.201664230298843, 0.0 ], [ 106.894140244490515, -6.201680544845803, 0.0 ], [ 106.89414295358506, -6.201696900985981, 0.0 ], [ 106.894145307163186, -6.201713380456114, 0.0 ], [ 106.894147303411657, -6.201729981454267, 0.0 ], [ 106.894149059457121, -6.201746614052023, 0.0 ], [ 106.894150616815352, -6.201763266346935, 0.0 ], [ 106.894152503157528, -6.201788812388433, 0.0 ], [ 106.894153845941659, -6.201815458902598, 0.0 ], [ 106.894156273400128, -6.201877685750244, 0.0 ], [ 106.894157703304771, -6.201922155251324, 0.0 ], [ 106.894158370833509, -6.201958057141563, 0.0 ], [ 106.894159782092984, -6.202057277770196, 0.0 ], [ 106.894159588891597, -6.202075535746434, 0.0 ], [ 106.894158974035392, -6.20212828000848, 0.0 ], [ 106.894158375498222, -6.202179521532436, 0.0 ], [ 106.894154144957554, -6.202317008331462, 0.0 ] ] ] } },
{ "type": "Feature", "properties": { "OBJECTID": 314, "toponimi": "Sal. Phb Sunan Giri", "kewenangan": "Pemprov DKI", "jenis": "Saluran Drainase Tersier", "panjang": "1362", "lebar": "1 - 2", "kedalaman": "5-10", "kota": "Jakarta Timur", "kecamatan": "Pulogadung", "lebar_min": 1.0, "lebar_max": 2.0, "kedalaman_": 5.0, "kedalaman1": 10.0, "Shape_Leng": 1.4214136777899999 }, "geometry": { "type": "MultiLineString", "coordinates": [ [ [ 106.874304643759103, -6.197135473520268, 0.0 ], [ 106.874324143678706, -6.197116770961368, 0.0 ], [ 106.874346155973697, -6.197101109216412, 0.0 ], [ 106.87437021202264, -6.197088819956416, 0.0 ], [ 106.874395799593728, -6.197080165387049, 0.0 ], [ 106.87441537327463, -6.197076217382198, 0.0 ], [ 106.874435258945084, -6.197074402066472, 0.0 ], [ 106.874447389337064, -6.197074351041032, 0.0 ], [ 106.874460685156762, -6.197074294990613, 0.0 ], [ 106.874563952945152, -6.197073862052754, 0.0 ], [ 106.874690018850188, -6.197073333109191, 0.0 ], [ 106.874840692443158, -6.19707270084023, 0.0 ], [ 106.874957514838286, -6.197074124030202, 0.0 ], [ 106.87495895585154, -6.197074128879584, 0.0 ], [ 106.875134347052452, -6.197072801522775, 0.0 ], [ 106.875137571139049, -6.197072713266773, 0.0 ], [ 106.875312608012109, -6.197064434197713, 0.0 ], [ 106.875315825323966, -6.197064218479639, 0.0 ], [ 106.875341717334749, -6.197061961455738, 0.0 ], [ 106.875490545800275, -6.197048985758404, 0.0 ], [ 106.875578701916552, -6.197040972352769, 0.0 ], [ 106.87559892176256, -6.197039134113106, 0.0 ], [ 106.875791873184284, -6.19702298147552, 0.0 ], [ 106.876082920559256, -6.196998617367253, 0.0 ], [ 106.876227849025057, -6.196986485282326, 0.0 ], [ 106.876370954857506, -6.1969745051783, 0.0 ], [ 106.876428565775839, -6.196971958630952, 0.0 ], [ 106.876606216606703, -6.196968925713314, 0.0 ], [ 106.876640934092066, -6.196968898665249, 0.0 ], [ 106.876828618950071, -6.196971344556968, 0.0 ], [ 106.877003060489315, -6.196973618464105, 0.0 ], [ 106.877038803311905, -6.19697408413712, 0.0 ], [ 106.87714460102471, -6.19697633429839, 0.0 ], [ 106.877437895650246, -6.196982573253993, 0.0 ], [ 106.87748701476248, -6.196982754641381, 0.0 ], [ 106.877697144108922, -6.19698349688993, 0.0 ], [ 106.877778431975585, -6.196982605016649, 0.0 ], [ 106.877956257248613, -6.196980655102433, 0.0 ], [ 106.878160200422442, -6.196975456225841, 0.0 ], [ 106.878215404012266, -6.196974049103318, 0.0 ], [ 106.878733196251943, -6.196951972437406, 0.0 ], [ 106.87887383490515, -6.196945975928361, 0.0 ], [ 106.878883961890949, -6.196945545831195, 0.0 ], [ 106.878988271377892, -6.196941116536783, 0.0 ], [ 106.879000818486475, -6.19694037406675, 0.0 ], [ 106.879228457244992, -6.196927832312588, 0.0 ], [ 106.879373110991864, -6.196919862156181, 0.0 ], [ 106.879439543826678, -6.196916779500927, 0.0 ], [ 106.879745020093125, -6.196902600855402, 0.0 ], [ 106.879867635707342, -6.196899114611269, 0.0 ], [ 106.880023111649919, -6.196894694467976, 0.0 ], [ 106.880046593484948, -6.196894055150003, 0.0 ], [ 106.880176300277299, -6.19688855004629, 0.0 ], [ 106.880520992330048, -6.196873919960463, 0.0 ], [ 106.880594966845266, -6.196870779672957, 0.0 ], [ 106.880883061206646, -6.19685855170813, 0.0 ], [ 106.881410675922794, -6.196844223244121, 0.0 ], [ 106.88163283420846, -6.196837860783252, 0.0 ], [ 106.881709984852421, -6.196835651191079, 0.0 ], [ 106.881722421277985, -6.196835295121547, 0.0 ], [ 106.881921188165521, -6.196827053565711, 0.0 ], [ 106.881944734225399, -6.19682619061317, 0.0 ], [ 106.881983778620082, -6.196824758186544, 0.0 ], [ 106.882046368171515, -6.196822463707536, 0.0 ], [ 106.882313425236049, -6.196815995830943, 0.0 ], [ 106.882542365263305, -6.196808286153029, 0.0 ], [ 106.882688399115068, -6.196801589580336, 0.0 ], [ 106.882694308721057, -6.19680164454349, 0.0 ], [ 106.882746809689991, -6.196798636271414, 0.0 ], [ 106.88273448481327, -6.196638068565376, 0.0 ], [ 106.882732681379522, -6.196614578944462, 0.0 ], [ 106.882733217745283, -6.196610423396186, 0.0 ], [ 106.882733754114369, -6.196606268752027, 0.0 ], [ 106.882734611742691, -6.196597679038287, 0.0 ], [ 106.882739359725079, -6.196540202838033, 0.0 ], [ 106.88274196943145, -6.196513607177523, 0.0 ], [ 106.88274472302291, -6.196491410577214, 0.0 ], [ 106.882747292500497, -6.196473853800534, 0.0 ], [ 106.882750061828389, -6.19645635056296, 0.0 ], [ 106.88275448802834, -6.196430172496479, 0.0 ], [ 106.88275767152119, -6.196412778998153, 0.0 ], [ 106.882759787305318, -6.196402055554697, 0.0 ], [ 106.882764691214405, -6.196379130715277, 0.0 ], [ 106.882768249240726, -6.196363919398062, 0.0 ], [ 106.882771607683679, -6.196350768432652, 0.0 ], [ 106.882775830368331, -6.196335734680302, 0.0 ], [ 106.882782724660842, -6.19631334887713, 0.0 ], [ 106.882789624784749, -6.19629311763171, 0.0 ], [ 106.88279511919373, -6.196278503407786, 0.0 ], [ 106.882800913954398, -6.19626400475215, 0.0 ], [ 106.882810137653152, -6.196242478657221, 0.0 ], [ 106.882818495835608, -6.196224769320626, 0.0 ], [ 106.882819259832146, -6.196223151804229, 0.0 ], [ 106.882824600822616, -6.196212661931984, 0.0 ], [ 106.882829886191317, -6.196202282562977, 0.0 ], [ 106.882840145140435, -6.196183533942945, 0.0 ], [ 106.882852096727632, -6.196163395970137, 0.0 ], [ 106.882864553504561, -6.196143559996258, 0.0 ], [ 106.88287090094704, -6.196133840498532, 0.0 ], [ 106.882880864144781, -6.196119077496939, 0.0 ], [ 106.882911425669036, -6.19607523456208, 0.0 ], [ 106.88294743522988, -6.196024340743064, 0.0 ], [ 106.882978848166331, -6.19598111502768, 0.0 ], [ 106.882984678857852, -6.195973184859882, 0.0 ], [ 106.883015773463768, -6.19593088973573, 0.0 ], [ 106.883032841851332, -6.195908126941384, 0.0 ], [ 106.883046635945306, -6.195890141523796, 0.0 ], [ 106.883048680910264, -6.195887474266575, 0.0 ], [ 106.883053824801664, -6.19588076622942, 0.0 ], [ 106.883059942620903, -6.195872789834509, 0.0 ], [ 106.8831241593182, -6.195789782775074, 0.0 ], [ 106.883193923505416, -6.19570382839063, 0.0 ], [ 106.883221276818972, -6.195670162149102, 0.0 ], [ 106.883256249137332, -6.195627664283887, 0.0 ], [ 106.883348498560551, -6.195517133131425, 0.0 ], [ 106.883377095629214, -6.195482373879626, 0.0 ], [ 106.883404752113563, -6.195447331353993, 0.0 ], [ 106.883459496087639, -6.195376788112462, 0.0 ], [ 106.883481212687244, -6.19534843565571, 0.0 ], [ 106.883497194171738, -6.195326938000091, 0.0 ], [ 106.88351817701006, -6.195298029387454, 0.0 ], [ 106.883559906251307, -6.195240033980703, 0.0 ], [ 106.883575485543943, -6.195218237576994, 0.0 ], [ 106.883590892761049, -6.195196322437173, 0.0 ], [ 106.883605984802116, -6.19517418780539, 0.0 ], [ 106.883620906577775, -6.195151935335256, 0.0 ], [ 106.883660513824239, -6.195092468282958, 0.0 ], [ 106.883680197919702, -6.195062658328896, 0.0 ], [ 106.883694625928356, -6.195040269278173, 0.0 ], [ 106.883708598887935, -6.195017960504227, 0.0 ], [ 106.883726344456079, -6.194989241505168, 0.0 ], [ 106.883770450127372, -6.194925763057347, 0.0 ], [ 106.883948313734706, -6.194527424191479, 0.0 ], [ 106.8841964547738, -6.193725149565582, 0.0 ], [ 106.884194638090236, -6.193710155354252, 0.0 ], [ 106.884195470458536, -6.193706420088362, 0.0 ], [ 106.88419720703628, -6.193697808270784, 0.0 ], [ 106.884198761878295, -6.193689155508106, 0.0 ], [ 106.884200134997243, -6.19368046541694, 0.0 ], [ 106.88420130923798, -6.193671740770414, 0.0 ], [ 106.884202258397835, -6.19366298075776, 0.0 ], [ 106.88420286334842, -6.193655749068081, 0.0 ], [ 106.884202993356354, -6.193654196189849, 0.0 ], [ 106.884203516856118, -6.193645396098517, 0.0 ], [ 106.88420380544629, -6.193636591416679, 0.0 ], [ 106.884203827920857, -6.19362789888991, 0.0 ], [ 106.884203586691967, -6.193619234424147, 0.0 ], [ 106.884203325691246, -6.193614929814285, 0.0 ], [ 106.884203064687313, -6.193610624300306, 0.0 ], [ 106.88420295228434, -6.193609499039437, 0.0 ], [ 106.884202213247278, -6.193602103952762, 0.0 ], [ 106.884201300666419, -6.193595704041725, 0.0 ], [ 106.884200585843899, -6.193591825087606, 0.0 ], [ 106.884200140009398, -6.193589408084294, 0.0 ], [ 106.884198706092846, -6.193583247814993, 0.0 ], [ 106.884197004885465, -6.193577377821447, 0.0 ], [ 106.884196836975221, -6.193576904646086, 0.0 ], [ 106.88417417588613, -6.193545508245144, 0.0 ], [ 106.884159436285373, -6.193529698284922, 0.0 ], [ 106.884148813863334, -6.193528726989445, 0.0 ], [ 106.884121122681293, -6.193526182530455, 0.0 ], [ 106.884061407625651, -6.193520636128768, 0.0 ], [ 106.884035300462529, -6.193518175549316, 0.0 ], [ 106.884019405506351, -6.193516670545083, 0.0 ], [ 106.884003881066107, -6.193515195869456, 0.0 ], [ 106.884024044545683, -6.193075367221939, 0.0 ] ] ] } }
]
}
