{
"type": "FeatureCollection",
"name": "saluran_phb_duren_sawit",
"crs": { "type": "name", "properties": { "name": "urn:ogc:def:crs:OGC:1.3:CRS84" } },
"features": [
{ "type": "Feature", "properties": { "OBJECTID": 194, "toponimi": "Sal. Phb Kodam (Kec. Makasar)", "kewenangan": "Pemprov DKI", "jenis": "Saluran Drainase Tersier", "panjang": "1438", "lebar": "1.5 - 3", "kedalaman": "1.5", "kota": "Jakarta Timur", "kecamatan": "Makasar", "lebar_min": 1.5, "lebar_max": 3.0, "kedalaman_": 1.5, "kedalaman1": 1.5, "Shape_Leng": 1.9110448653100001 }, "geometry": { "type": "MultiLineString", "coordinates": [ [ [ 106.920522666974691, -6.250412084146864 ], [ 106.920525997594922, -6.250412637147341 ], [ 106.920599931028249, -6.250424908823926 ], [ 106.920613188739168, -6.250427109161118 ], [ 106.920620514071373, -6.250428325563676 ], [ 106.920700378933461, -6.250441582120679 ], [ 106.920787569628018, -6.250456055072254 ], [ 106.920874759822851, -6.250470528015803 ], [ 106.920895248968122, -6.250477537090471 ], [ 106.920941912102592, -6.250493500279654 ], [ 106.920942837049367, -6.250493816852593 ], [ 106.920974493040475, -6.250504645878733 ], [ 106.921009064882455, -6.250516472086226 ], [ 106.921021357815306, -6.250516130849245 ], [ 106.921031828878171, -6.250514233277611 ], [ 106.921038064135573, -6.250512092398155 ], [ 106.921041893969573, -6.250510778140686 ], [ 106.921051323988365, -6.250505844186686 ], [ 106.921059902217081, -6.25049954391466 ], [ 106.921085620253166, -6.250484814896028 ] ] ] } },
{ "type": "Feature", "properties": { "OBJECTID": 241, "toponimi": "Sal. Phb Malaka", "kewenangan": "Pemprov DKI", "jenis": "Saluran Drainase Tersier", "panjang": "1874", "lebar": "9.2", "kedalaman": "2.5", "kota": "Jakarta Timur", "kecamatan": "Duren Sawit", "lebar_min": 9.2, "lebar_max": 9.2, "kedalaman_": 2.5, "kedalaman1": 2.5, "Shape_Leng": 0.96176924682999998 }, "geometry": { "type": "MultiLineString", "coordinates": [ [ [ 106.932957767527725, -6.228112662678778 ], [ 106.932862710984949, -6.227477035028866 ], [ 106.932807518090826, -6.227485424016948 ], [ 106.932037062082117, -6.227582048261652 ], [ 106.932030796904229, -6.227559914865989 ], [ 106.932024958071565, -6.227538991428267 ], [ 106.932002846984616, -6.227471154981595 ], [ 106.931981013846553, -6.227403228910631 ], [ 106.931959458656891, -6.227335213215538 ], [ 106.931937305012923, -6.227251777247291 ], [ 106.931915152283224, -6.227168341272325 ], [ 106.931892998660743, -6.227084905297406 ], [ 106.931873593106261, -6.227019923176445 ], [ 106.931854186655301, -6.226954941056416 ], [ 106.931834781114787, -6.226889958930737 ], [ 106.931810483959651, -6.226814034980079 ], [ 106.931786185911051, -6.226738111029309 ], [ 106.931763222614137, -6.226652883323745 ], [ 106.931740258428604, -6.226567656522007 ], [ 106.931717295154343, -6.226482428809323 ], [ 106.931697113976256, -6.226406431006513 ], [ 106.931676931903581, -6.226330433204218 ], [ 106.931656750743329, -6.226254435395894 ], [ 106.931633555177584, -6.226174853840805 ], [ 106.931603779676848, -6.226097496993014 ], [ 106.931568399416861, -6.226031602283743 ], [ 106.931533019170857, -6.225965708473422 ], [ 106.931495121579303, -6.225904924007994 ], [ 106.931457223094313, -6.22584413954034 ], [ 106.931401425997805, -6.225780619609726 ], [ 106.931318083341495, -6.225766600651019 ], [ 106.931247757474736, -6.225813061221013 ], [ 106.931177179936242, -6.2258591393596 ], [ 106.931106355240317, -6.225904834146124 ], [ 106.931035283380268, -6.225950143772189 ], [ 106.93096396706639, -6.225995068227673 ], [ 106.930892408999469, -6.226039604790349 ], [ 106.930820610079309, -6.226083752552576 ], [ 106.930748573916617, -6.226127510596883 ], [ 106.93067572187951, -6.226174722644775 ], [ 106.930602868920815, -6.226221933785613 ], [ 106.930530016853879, -6.226269145821269 ], [ 106.930486990453701, -6.226299159972542 ], [ 106.930443352743197, -6.226328278567089 ], [ 106.930377608122541, -6.226372990013434 ], [ 106.930311863489393, -6.226417701454969 ], [ 106.930250168578041, -6.226434570171773 ], [ 106.930204032825799, -6.226390245380909 ], [ 106.930177440689548, -6.22630900892373 ], [ 106.930140685748697, -6.226226614387315 ], [ 106.930103930819143, -6.226144218940446 ], [ 106.930067175907567, -6.226061824391333 ], [ 106.930030421010599, -6.225979429835877 ], [ 106.929993666125142, -6.225897034369947 ], [ 106.929956911257477, -6.225814639801845 ], [ 106.929920156401181, -6.225732244323221 ], [ 106.929883401562861, -6.225649849742373 ], [ 106.929851147335384, -6.225572521661451 ], [ 106.929818893120341, -6.22549519357536 ], [ 106.929786638917562, -6.225417865484229 ], [ 106.929754384723765, -6.22534053648384 ], [ 106.929722129642229, -6.225263208385771 ], [ 106.929689875476399, -6.225185880279398 ], [ 106.929657621322974, -6.225108552167786 ], [ 106.929625367181885, -6.225031224051103 ], [ 106.929627786096148, -6.22494543950996 ], [ 106.929630205013837, -6.224859654968886 ], [ 106.929632623935149, -6.224773870427764 ], [ 106.929635041953148, -6.224688084985759 ], [ 106.929637460881452, -6.224602300444491 ], [ 106.929639879813223, -6.224516515903296 ], [ 106.929642298748647, -6.224430731361966 ], [ 106.929644414227482, -6.224355370628502 ], [ 106.929646529709032, -6.224280009895029 ], [ 106.92964864519341, -6.224204649161499 ], [ 106.929650759777033, -6.224129288431295 ], [ 106.92965287526674, -6.224053927697717 ], [ 106.929654990759161, -6.223978566964182 ], [ 106.9296542194609, -6.223898193490404 ], [ 106.929653448166505, -6.223817820016341 ], [ 106.92965267596945, -6.223737445641184 ], [ 106.929651904683126, -6.223657072166581 ], [ 106.92965113340091, -6.223576698691621 ], [ 106.929650007698768, -6.22348659817737 ], [ 106.929648882001757, -6.223396497662741 ], [ 106.929647757213502, -6.223306397144416 ], [ 106.929646631529963, -6.223216297533074 ], [ 106.929645505848342, -6.223126197017214 ], [ 106.929644380171922, -6.223036096500961 ], [ 106.929648762047549, -6.222958385811004 ], [ 106.929639626038849, -6.222881090693936 ], [ 106.929617247201193, -6.222806548197284 ], [ 106.929593339985459, -6.222752133385585 ], [ 106.929582952445102, -6.222728492435098 ] ] ] } },
{ "type": "Feature", "properties": { "OBJECTID": 242, "toponimi": "Sal. Phb Pondok Kelapa", "kewenangan": "Pemprov DKI", "jenis": "Saluran Drainase Tersier", "panjang": "1812", "lebar": "7.2", "kedalaman": "2.5", "kota": "Jakarta Timur", "kecamatan": "Duren Sawit", "lebar_min": 7.2, "lebar_max": 7.2, "kedalaman_": 2.5, "kedalaman1": 2.5, "Shape_Leng": 1.8167456496800001 }, "geometry": { "type": "MultiLineString", "coordinates": [ [ [ 106.939348276845777, -6.249562122450565 ], [ 106.939367452610838, -6.249321211910841 ], [ 106.939430293888506, -6.248534563326833 ], [ 106.939464863014067, -6.248184585144765 ], [ 106.939446515726871, -6.248071026421822 ], [ 106.939395266543997, -6.247948618407188 ], [ 106.939338230375739, -6.247858568278338 ], [ 106.939284991589219, -6.247785679597856 ], [ 106.939226188165009, -6.247717207230752 ], [ 106.939162183968932, -6.24765357567126 ], [ 106.939093377088923, -6.247595179451934 ], [ 106.939020192596999, -6.247542380458013 ], [ 106.938951853935649, -6.247483296261475 ], [ 106.938885942091105, -6.24742151336341 ], [ 106.938822564038077, -6.247357129918903 ], [ 106.938761821357147, -6.247290251335931 ], [ 106.938703812924871, -6.24722098484054 ], [ 106.938648631309732, -6.247149442202703 ], [ 106.938596367286578, -6.247075738815686 ], [ 106.938544178742148, -6.247007809722723 ], [ 106.938491025340312, -6.246940634591535 ], [ 106.938436917972879, -6.246874226943572 ], [ 106.938381866624738, -6.246808599399198 ], [ 106.938325883097519, -6.24674376728458 ], [ 106.938268980083265, -6.246679742306204 ], [ 106.938211166666576, -6.246616537991901 ], [ 106.938152456446218, -6.246554166948876 ], [ 106.938092862120996, -6.246492642691838 ], [ 106.938032393675229, -6.246431977841226 ], [ 106.937971064701159, -6.246372183196112 ], [ 106.937908887900619, -6.246313273175213 ], [ 106.937861716297135, -6.246264158202139 ], [ 106.937816657787664, -6.246211305962217 ], [ 106.937774807160096, -6.246155876019572 ], [ 106.937736310593834, -6.246098063125483 ], [ 106.937721099361781, -6.24604207575568 ], [ 106.937710114696372, -6.245985106316798 ], [ 106.937703418307422, -6.245927474639119 ], [ 106.937701046619921, -6.245869504262395 ], [ 106.937700221842974, -6.245820655232617 ], [ 106.937693152157095, -6.245772313810202 ], [ 106.937679951625398, -6.245725277004024 ], [ 106.937660839942197, -6.245680320639241 ], [ 106.937636129723487, -6.245638183129693 ], [ 106.937590753058345, -6.245564391799386 ], [ 106.937545376404373, -6.245490599556866 ], [ 106.937499999768647, -6.245416808210455 ], [ 106.937456573029266, -6.245358040596386 ], [ 106.937412630013952, -6.245299658221832 ], [ 106.937368174356351, -6.24524166649798 ], [ 106.937323208780455, -6.245184069030988 ], [ 106.937277737820139, -6.245126870324717 ], [ 106.937239233142165, -6.245063123671256 ], [ 106.937207301949201, -6.244995838511517 ], [ 106.937182266563028, -6.244925690843317 ], [ 106.937164378039469, -6.244853386762346 ], [ 106.937141570190775, -6.24477376479527 ], [ 106.937119773229838, -6.244693860635532 ], [ 106.937098989006302, -6.244613686030211 ], [ 106.93707922118034, -6.244533253623634 ], [ 106.937060473418725, -6.244452577868543 ], [ 106.937042748477992, -6.244371671412366 ], [ 106.937026050015035, -6.244290545995647 ], [ 106.937018162922939, -6.244206602560608 ], [ 106.937006414162653, -6.244123112739586 ], [ 106.936990828781362, -6.244040253646117 ], [ 106.936971439056961, -6.24395820327149 ], [ 106.936948287189495, -6.243877135049586 ], [ 106.936921421702479, -6.24379722239115 ], [ 106.936890901041423, -6.243718634149666 ], [ 106.936856789075847, -6.24364154006282 ], [ 106.936819158683051, -6.243566102602213 ], [ 106.936778090865275, -6.243492482401217 ], [ 106.936744575311394, -6.243414177299062 ], [ 106.936717508898653, -6.243333411866209 ], [ 106.936697072467709, -6.243250717059152 ], [ 106.936683398121033, -6.243166637575403 ], [ 106.936676576430102, -6.243081726402123 ], [ 106.936676651901834, -6.242996540312311 ], [ 106.93668240825636, -6.242956026486154 ], [ 106.936707644289612, -6.242875784643936 ], [ 106.936731125590313, -6.242795011310622 ], [ 106.936752841460674, -6.242713745402439 ], [ 106.93677278119587, -6.242632024027536 ], [ 106.936790935911787, -6.242549887903736 ], [ 106.936801391930402, -6.242498228927186 ], [ 106.936806963497119, -6.242469142905381 ], [ 106.936815085804241, -6.242427813000375 ], [ 106.936823758065373, -6.242382966773246 ], [ 106.936830408020043, -6.24234787616607 ], [ 106.936834508601393, -6.242328352063161 ], [ 106.936838913635597, -6.242309313254382 ], [ 106.936849011844203, -6.242263302704269 ], [ 106.936856635172546, -6.242226084747549 ], [ 106.936863705392852, -6.242184640275919 ], [ 106.936869329090086, -6.242142694822145 ], [ 106.936873395345657, -6.242106206918376 ], [ 106.936876097392485, -6.242077112470003 ], [ 106.93687903478623, -6.242036826912543 ], [ 106.936881155534195, -6.241993620449041 ], [ 106.93688210810204, -6.241958291325597 ], [ 106.936882339532161, -6.241923412392952 ], [ 106.936882085209589, -6.241901408050547 ], [ 106.936877985106591, -6.241875080814177 ], [ 106.936870859452242, -6.241842670968322 ], [ 106.936863735334029, -6.241810678818004 ], [ 106.936849953828897, -6.241749296652965 ], [ 106.936836072106331, -6.241689161631145 ], [ 106.936822189488907, -6.241629027515224 ], [ 106.936808513570668, -6.241571050762277 ], [ 106.936794131233512, -6.241503511963614 ], [ 106.936782848697945, -6.241449477389555 ], [ 106.936773499660774, -6.241415615570802 ], [ 106.936771486424888, -6.241388985006941 ], [ 106.936764605827364, -6.241357364450922 ], [ 106.93675530092905, -6.241322727641108 ], [ 106.936742513885022, -6.241283145468585 ], [ 106.936725156400925, -6.24124241831962 ], [ 106.936700631638928, -6.241197537807035 ], [ 106.936683028424682, -6.241171078510491 ], [ 106.936661296312153, -6.241142664332377 ], [ 106.936633947934766, -6.241115185777749 ], [ 106.936609990991101, -6.241093783063548 ], [ 106.936594513064463, -6.241081909282097 ], [ 106.936574888976864, -6.241067316704012 ], [ 106.93653731779311, -6.241040129801704 ], [ 106.936507462754193, -6.2410196773027 ], [ 106.936473687365634, -6.240997226658334 ], [ 106.936437022866642, -6.240970169315841 ], [ 106.936388858660678, -6.240935213412402 ], [ 106.93633507459235, -6.240893324613223 ], [ 106.93627175113285, -6.240844449521737 ], [ 106.936222850268024, -6.240807188096207 ], [ 106.936173950313091, -6.240769926660672 ], [ 106.936108569286063, -6.240720710117828 ], [ 106.936061036611889, -6.240685249159307 ], [ 106.93599235860674, -6.240635003176847 ], [ 106.935926813633614, -6.240588372072847 ], [ 106.935892515267696, -6.240564717206263 ], [ 106.935818151297212, -6.240515855504953 ], [ 106.935773018099681, -6.240487962183462 ], [ 106.935727884005885, -6.240460069764017 ], [ 106.935652970993246, -6.240422105558107 ], [ 106.935576906587656, -6.240386505315373 ], [ 106.935499767712727, -6.240353304013311 ], [ 106.935421627671872, -6.240322534834582 ], [ 106.935342564269064, -6.24029422642489 ], [ 106.935279982790163, -6.240283032929749 ], [ 106.935217401311718, -6.240271839426324 ], [ 106.935152424255506, -6.240259790383158 ], [ 106.935087447199905, -6.240247741331081 ], [ 106.935022470144901, -6.240235692270036 ], [ 106.934934210863517, -6.240218904389382 ], [ 106.934845951583327, -6.240202116492172 ], [ 106.93476622030775, -6.240188029484655 ], [ 106.934682719573132, -6.240174406564226 ], [ 106.934613067484676, -6.240163729895971 ], [ 106.934543414492651, -6.240153053220888 ], [ 106.934466183995141, -6.240143623124522 ], [ 106.934419769494312, -6.240139309220723 ], [ 106.934373354092742, -6.2401349962201 ], [ 106.934304724031762, -6.24013397443856 ], [ 106.934266526308036, -6.240131507283592 ], [ 106.934201870960862, -6.240122184651351 ], [ 106.934144642202583, -6.240090669387826 ], [ 106.93410217492297, -6.240041000367946 ], [ 106.934096188127654, -6.23997392599216 ], [ 106.934095515196077, -6.23988874432375 ], [ 106.934090497021899, -6.239803707903571 ], [ 106.934081147068113, -6.239719038190323 ], [ 106.934067489642842, -6.239634957506801 ], [ 106.934049559879199, -6.239551683615261 ], [ 106.93402740465848, -6.239469435138937 ], [ 106.934020595050399, -6.239396263697054 ], [ 106.934004936306934, -6.239324466463285 ], [ 106.933980660022868, -6.239255110348127 ], [ 106.933948127766541, -6.23918922742804 ], [ 106.933907822881977, -6.239127796893454 ], [ 106.933851453901781, -6.239082354085746 ], [ 106.933793035673716, -6.23903958142014 ], [ 106.933732694124998, -6.238999572461941 ], [ 106.933670558769791, -6.238962413530474 ], [ 106.933602340731852, -6.238910356266173 ], [ 106.933533758552244, -6.238858778603995 ], [ 106.933464816764769, -6.238807685047749 ], [ 106.933395518083103, -6.238757076491606 ], [ 106.933325866130758, -6.238706955634392 ], [ 106.933255863631373, -6.238657326082492 ], [ 106.933185516008834, -6.23860818872001 ], [ 106.933114825079898, -6.238559546252488 ], [ 106.933043794471573, -6.238511402283058 ], [ 106.932971576902133, -6.238471697174067 ], [ 106.932899382682621, -6.238431951280774 ], [ 106.932827210906382, -6.238392163702364 ], [ 106.932755061573459, -6.238352334438805 ], [ 106.932682935590464, -6.238312464391067 ], [ 106.932610832050727, -6.238272552658194 ], [ 106.932538751857777, -6.238232599236977 ], [ 106.932466694111525, -6.238192605034762 ], [ 106.932394659712017, -6.238152569144264 ], [ 106.932320280775386, -6.238117959319391 ], [ 106.932239742968207, -6.238102392015366 ], [ 106.932157834533072, -6.238106791758733 ], [ 106.93208010242715, -6.238120925281055 ], [ 106.932002560125269, -6.238136067093335 ], [ 106.931927323202828, -6.238161730709822 ], [ 106.931850768752938, -6.238183137134455 ], [ 106.931773135956206, -6.23820021948842 ], [ 106.931694668560169, -6.238212924437827 ], [ 106.93161561397315, -6.238221211293145 ], [ 106.931527845712992, -6.238231105971037 ], [ 106.931444622818432, -6.238201504710837 ], [ 106.931399734439722, -6.238183130355264 ], [ 106.93135484515966, -6.238164755998113 ], [ 106.931332078477183, -6.238149290440256 ], [ 106.931261402787698, -6.23810649091718 ], [ 106.931186123880721, -6.23805703947623 ] ] ] } },
{ "type": "Feature", "properties": { "OBJECTID": 243, "toponimi": "Sal. Phb I Gusti Ngurah Rai", "kewenangan": "Pemprov DKI", "jenis": "Saluran Drainase Tersier", "panjang": "1295", "lebar": "4.1", "kedalaman": "2.5", "kota": "Jakarta Timur", "kecamatan": "Duren Sawit", "lebar_min": 4.1, "lebar_max": 4.1, "kedalaman_": 2.5, "kedalaman1": 2.5, "Shape_Leng": 1.2835038670700001 }, "geometry": { "type": "MultiLineString", "coordinates": [ [ [ 106.936135749298771, -6.217611314192797 ], [ 106.935135575242242, -6.217496392875918 ], [ 106.935031494398984, -6.217469264421627 ], [ 106.934794552377895, -6.21738879846752 ], [ 106.934628253214214, -6.2173427602534 ], [ 106.934120028051524, -6.21726926777345 ], [ 106.933002127683395, -6.217160927264492 ], [ 106.932058662377955, -6.217035201362219 ], [ 106.931329264049396, -6.216944573175793 ], [ 106.930213167841643, -6.216826954352848 ], [ 106.929349196219306, -6.216717374317679 ], [ 106.92830052433834, -6.216583652165831 ], [ 106.926638516415622, -6.216394752167385 ], [ 106.926031087010955, -6.21632041673255 ], [ 106.925402074322704, -6.216227022509258 ], [ 106.92478575816348, -6.21615731627069 ], [ 106.92470951577323, -6.216146632323143 ] ] ] } },
{ "type": "Feature", "properties": { "OBJECTID": 244, "toponimi": "Sal. Phb Nusa Indah", "kewenangan": "Pemprov DKI", "jenis": "Saluran Drainase Tersier", "panjang": "621", "lebar": "5.1", "kedalaman": "1.8", "kota": "Jakarta Timur", "kecamatan": "Duren Sawit", "lebar_min": 5.1, "lebar_max": 5.1, "kedalaman_": 1.8, "kedalaman1": 1.8, "Shape_Leng": 0.53935061343000001 }, "geometry": { "type": "MultiLineString", "coordinates": [ [ [ 106.936789698291093, -6.221788454745936 ], [ 106.936829088708265, -6.22137713703342 ], [ 106.936831394693485, -6.221353060088289 ], [ 106.936855027916408, -6.221106279776726 ], [ 106.936853621766559, -6.221102970442176 ], [ 106.93682968253259, -6.221093489968961 ], [ 106.936882828284752, -6.220523569611019 ], [ 106.936853755816983, -6.220486992593282 ], [ 106.936269037028197, -6.220413783706184 ], [ 106.936218712113742, -6.220379281739871 ], [ 106.936114963523778, -6.22011652601998 ], [ 106.935930301665778, -6.219625616282079 ], [ 106.935912107707608, -6.219552722513072 ], [ 106.935940949930909, -6.219269147163766 ], [ 106.936032921979759, -6.218600204678426 ], [ 106.936104747303247, -6.217977983070234 ], [ 106.93613580974386, -6.217610796816378 ] ] ] } },
{ "type": "Feature", "properties": { "OBJECTID": 245, "toponimi": "Sal. Phb Rawa Domba", "kewenangan": "Pemprov DKI", "jenis": "Saluran Drainase Tersier", "panjang": "1053", "lebar": "1.2", "kedalaman": "2.8", "kota": "Jakarta Timur", "kecamatan": "Duren Sawit", "lebar_min": 1.2, "lebar_max": 1.2, "kedalaman_": 2.8, "kedalaman1": 2.8, "Shape_Leng": 1.28163636177 }, "geometry": { "type": "MultiLineString", "coordinates": [ [ [ 106.910833618565633, -6.247499237602912 ], [ 106.910874328560496, -6.247189302436023 ], [ 106.910901624120356, -6.247135379546124 ], [ 106.910935562247843, -6.246935508764023 ], [ 106.910937167487688, -6.246719010974355 ], [ 106.910923528512882, -6.246583902229078 ], [ 106.910886146195836, -6.246493135056182 ], [ 106.910843978234197, -6.246401189097395 ], [ 106.910847139021854, -6.246283960857713 ], [ 106.9108599179566, -6.246182246897888 ], [ 106.910887217836233, -6.246129520169732 ], [ 106.910974102687064, -6.246027536117873 ], [ 106.911044366615684, -6.245956711775058 ], [ 106.911134898148987, -6.245871460748782 ], [ 106.911226464427926, -6.245741950640079 ], [ 106.91126117301296, -6.245688717806303 ], [ 106.911367360645045, -6.245581344615209 ], [ 106.911408670467182, -6.245583953030297 ], [ 106.911414891655468, -6.245584345423017 ], [ 106.911525663897635, -6.245591339638323 ], [ 106.911548614701175, -6.245592788747738 ], [ 106.911548609078181, -6.245592484076644 ], [ 106.911673860241734, -6.245601518710044 ], [ 106.912058276722973, -6.245618959254446 ], [ 106.912067728993037, -6.245619387814933 ], [ 106.912068567586928, -6.245619425452941 ], [ 106.912209167852893, -6.245625803894482 ], [ 106.912217540251845, -6.245626183937755 ], [ 106.912620271991813, -6.245644452575966 ], [ 106.912635399236876, -6.245645138966289 ], [ 106.91273986939234, -6.245649877424324 ], [ 106.912745710642426, -6.245650142795904 ], [ 106.91275480415878, -6.245650555469606 ], [ 106.912883364941933, -6.245656387102094 ], [ 106.91331578475075, -6.245668867513474 ], [ 106.913483400891309, -6.245676272087857 ], [ 106.913640908741812, -6.245683229667393 ], [ 106.913662492973145, -6.245684306630883 ], [ 106.91366490939474, -6.245684427131482 ], [ 106.913677165009872, -6.245685038948497 ], [ 106.91380374610776, -6.245691354930799 ], [ 106.913827414209592, -6.245692536418613 ], [ 106.913845235544329, -6.245693425442573 ], [ 106.914000000369654, -6.245702137856678 ], [ 106.914160937207541, -6.245712632405876 ], [ 106.914220440658283, -6.245717647184615 ], [ 106.914265456420878, -6.245721440756386 ], [ 106.914330208156358, -6.245726898434442 ], [ 106.914350253030236, -6.245729032470618 ], [ 106.914445427533479, -6.245739163168729 ], [ 106.914495086427692, -6.245744448812098 ], [ 106.914523107852347, -6.245747431721415 ], [ 106.914542209093554, -6.245749464304926 ], [ 106.914567453864692, -6.245752151721439 ], [ 106.914653531930455, -6.245761313710352 ], [ 106.914673262261417, -6.245763414521222 ], [ 106.914716101541885, -6.245767974536211 ], [ 106.914790311042395, -6.245775874137284 ], [ 106.914793705933945, -6.245776235185519 ], [ 106.914811039681339, -6.245778204573964 ], [ 106.914812948681686, -6.245778421849359 ], [ 106.914835579178515, -6.245780993093638 ], [ 106.914848042810902, -6.245782409702577 ], [ 106.914856071998003, -6.245783322578548 ], [ 106.91494990129209, -6.245793984277746 ], [ 106.915202800964664, -6.24582738251998 ], [ 106.91521116150588, -6.245828976799874 ], [ 106.91521980659553, -6.245830306942673 ], [ 106.915228640778636, -6.245831460092119 ], [ 106.915246627014156, -6.245833472296087 ], [ 106.915310208700689, -6.245839925933176 ], [ 106.915355367424866, -6.245844773097621 ], [ 106.915588726045584, -6.245870976719853 ], [ 106.915917261685536, -6.245906023159245 ], [ 106.915970769429563, -6.245912030595737 ], [ 106.916042401291321, -6.245920450227459 ], [ 106.916060008639676, -6.245922127446534 ], [ 106.916068612957304, -6.245922681077874 ], [ 106.916091998020903, -6.245925291105856 ], [ 106.916120466479484, -6.245928468491521 ], [ 106.916165747019207, -6.245933522183007 ], [ 106.916205031247543, -6.245937906054933 ], [ 106.916245320588089, -6.245942402894818 ], [ 106.916263031898026, -6.245944344637079 ], [ 106.916325908736667, -6.245950522239879 ], [ 106.916388284506567, -6.24595705246106 ], [ 106.916645023165074, -6.245985239958128 ], [ 106.916671595850204, -6.245987862756407 ], [ 106.916707447722516, -6.245990777230515 ], [ 106.916895833942078, -6.246004253053387 ], [ 106.916957962102117, -6.246009033716743 ], [ 106.916993969484679, -6.246011978343971 ], [ 106.917050464586836, -6.246016597793357 ], [ 106.9171776274612, -6.246026897097923 ], [ 106.917212565081101, -6.246029591548609 ], [ 106.917263823919413, -6.246033347630068 ], [ 106.917492873362193, -6.246051532897962 ], [ 106.917510211751406, -6.246052545609309 ], [ 106.917598817581165, -6.246059913126677 ], [ 106.917639052426097, -6.246063093644646 ], [ 106.917640290544611, -6.246063179543883 ], [ 106.917660447259152, -6.246064766945977 ], [ 106.917712525928522, -6.246068868985769 ], [ 106.917891295553389, -6.246082949994967 ], [ 106.917895928261785, -6.246083314646298 ], [ 106.917999689743255, -6.246091487566166 ], [ 106.917997405669439, -6.246130196993664 ], [ 106.917995740328891, -6.246198140877531 ], [ 106.918077230760787, -6.246206423907211 ], [ 106.918176756303097, -6.246214263236435 ], [ 106.91824055773985, -6.246219288982458 ], [ 106.918351653301045, -6.246228039034968 ], [ 106.918387632264199, -6.24623087245596 ], [ 106.918396859715145, -6.246231596462396 ], [ 106.918418379286635, -6.246233284645313 ], [ 106.918463449189744, -6.246236819961438 ], [ 106.918476714664649, -6.246237860149964 ], [ 106.918927200366042, -6.246273193963857 ], [ 106.919364973023519, -6.246299673552966 ], [ 106.919416001992118, -6.246300603955918 ], [ 106.919466502446568, -6.246307991734142 ], [ 106.919467536205886, -6.246308279994409 ], [ 106.919826565280985, -6.246357527564834 ], [ 106.920076558695101, -6.246355849335544 ], [ 106.920155278978072, -6.246310110749103 ], [ 106.920348504171386, -6.24619816916291 ], [ 106.920521068805257, -6.246100606204998 ] ] ] } },
{ "type": "Feature", "properties": { "OBJECTID": 246, "toponimi": "Sal. Phb Cilungkup", "kewenangan": "Pemprov DKI", "jenis": "Saluran Drainase Tersier", "panjang": "1756", "lebar": "1.5", "kedalaman": "1.5", "kota": "Jakarta Timur", "kecamatan": "Duren Sawit", "lebar_min": 1.5, "lebar_max": 1.5, "kedalaman_": 1.5, "kedalaman1": 1.5, "Shape_Leng": 1.7136436554700001 }, "geometry": { "type": "MultiLineString", "coordinates": [ [ [ 106.91491938398994, -6.227178882562867 ], [ 106.91492385282767, -6.227170971499812 ], [ 106.914928249309611, -6.227163039000307 ], [ 106.914932580617403, -6.227155072380405 ], [ 106.91493384322105, -6.227152702599669 ], [ 106.914936845837715, -6.227147068931242 ], [ 106.91494104679083, -6.227139032262538 ], [ 106.914945181662972, -6.227130960572633 ], [ 106.914949249557466, -6.227122855673107 ], [ 106.914953252281251, -6.227114717557401 ], [ 106.914957188030428, -6.227106547136176 ], [ 106.914960399611459, -6.227099739151476 ], [ 106.914961056808494, -6.227098345313523 ], [ 106.914964858612123, -6.227090111185317 ], [ 106.914968592547666, -6.227081847467281 ], [ 106.914972259512126, -6.227073552347839 ], [ 106.914975858608415, -6.227065227638434 ], [ 106.914977709321036, -6.227060848559441 ], [ 106.914979388936501, -6.227056874246591 ], [ 106.914982851399813, -6.227048492168866 ], [ 106.914986246001561, -6.227040082309544 ], [ 106.914989570934949, -6.227031644675179 ], [ 106.914992827106531, -6.227023180166424 ], [ 106.914996013613106, -6.227014688786762 ], [ 106.914999138516762, -6.227006151520126 ], [ 106.915002178550495, -6.226997629931733 ], [ 106.915004213652779, -6.226991777359327 ], [ 106.915005156984819, -6.226989063360432 ], [ 106.915008064860132, -6.226980472633915 ], [ 106.915010902180128, -6.226971858656024 ], [ 106.915013668944667, -6.226963221426962 ], [ 106.915016366063711, -6.226954562751595 ], [ 106.915018413195654, -6.226947791541685 ], [ 106.915018991723699, -6.226945880828252 ], [ 106.915021545934721, -6.226937178369312 ], [ 106.915024029603316, -6.226928456275574 ], [ 106.915026441819606, -6.226919712742122 ], [ 106.915028645327354, -6.226911466332284 ], [ 106.915028782593353, -6.226910950481234 ], [ 106.915031051924387, -6.226902169492959 ], [ 106.915033248909523, -6.226893369780643 ], [ 106.915035374455528, -6.226884552245003 ], [ 106.915037427665254, -6.226875718697632 ], [ 106.915038858196851, -6.226869327651104 ], [ 106.915039409435792, -6.226866867326986 ], [ 106.915041317969994, -6.226858000852021 ], [ 106.915043154167932, -6.226849118365205 ], [ 106.91504491803633, -6.226840221674901 ], [ 106.915046608671801, -6.22683131078437 ], [ 106.915048226980744, -6.226822386594419 ], [ 106.915049764109085, -6.226813498864223 ], [ 106.915051244819693, -6.226804500131024 ], [ 106.915052643449215, -6.226795538765011 ], [ 106.915053968855645, -6.226786565911045 ], [ 106.915055221945622, -6.226777582470028 ], [ 106.915056400918658, -6.226768590256816 ], [ 106.915057398720805, -6.226760463951379 ], [ 106.915057506671857, -6.226759587459732 ], [ 106.915058538311499, -6.226750576794495 ], [ 106.91505949673784, -6.226741557353714 ], [ 106.91506038195412, -6.226732530041518 ], [ 106.915061193063337, -6.226723496669332 ], [ 106.915061930062379, -6.226714456333089 ], [ 106.915062593861151, -6.226705410837805 ], [ 106.915063182652801, -6.226696360189938 ], [ 106.915063698244097, -6.22668730438298 ], [ 106.915064139738433, -6.226678245228434 ], [ 106.915064508038938, -6.22666918272299 ], [ 106.915064801339, -6.226660116873219 ], [ 106.915065020548496, -6.226651049484124 ], [ 106.915065166570884, -6.226641980552388 ], [ 106.915065237602406, -6.226632910988651 ], [ 106.91506523580739, -6.226623939335087 ], [ 106.915064591989733, -6.22661680900741 ], [ 106.915064385747471, -6.226615742885135 ], [ 106.915063171056261, -6.226609893065994 ], [ 106.91506207009094, -6.226604261633066 ], [ 106.915061034129181, -6.226598617306434 ], [ 106.915060064077863, -6.22659296098688 ], [ 106.915059159039842, -6.226587294486016 ], [ 106.915058319915502, -6.226581616896364 ], [ 106.915057546714479, -6.226575930930337 ], [ 106.91505683943349, -6.226570235683754 ], [ 106.915056198079355, -6.226564532964911 ], [ 106.915055622651906, -6.226558822773811 ], [ 106.915055114061047, -6.226553106915332 ], [ 106.91505467140351, -6.226547385392812 ], [ 106.915054295585918, -6.226541659107083 ], [ 106.915053985704787, -6.226535928061357 ], [ 106.915053741770052, -6.226530194968145 ], [ 106.91505356468177, -6.226524458919839 ], [ 106.915053454443338, -6.226518720820756 ], [ 106.915053410157796, -6.226512982482284 ], [ 106.915053427427395, -6.226508772800553 ], [ 106.915053432728513, -6.226507243901182 ], [ 106.915053522158814, -6.226501505981596 ], [ 106.915053677545373, -6.226495768726686 ], [ 106.915053899798082, -6.226490033941608 ], [ 106.915054188016697, -6.226484302533552 ], [ 106.915054543108198, -6.226478575403455 ], [ 106.915054964165478, -6.226472851650517 ], [ 106.915055452102024, -6.22646713398372 ], [ 106.915056005107658, -6.226461421505619 ], [ 106.915056624999096, -6.226455716921856 ], [ 106.915057311773168, -6.226450019328415 ], [ 106.915058063625963, -6.226444329635966 ], [ 106.915058881467729, -6.226438649649464 ], [ 106.915059764394911, -6.226432979372134 ], [ 106.915060714217717, -6.226427319701535 ], [ 106.915061729132475, -6.226421671548439 ], [ 106.915062809142498, -6.226416035816877 ], [ 106.915063954247856, -6.226410412506866 ], [ 106.915065165355074, -6.22640480251926 ], [ 106.915066440663907, -6.226399207668792 ], [ 106.915067781077809, -6.226393627952304 ], [ 106.91506851500796, -6.22639072123033 ], [ 106.915069185696581, -6.226388064277069 ], [ 106.915070654520264, -6.226382516643141 ], [ 106.915072188458737, -6.226376986855466 ], [ 106.915073785705374, -6.226371474920571 ], [ 106.915075447169826, -6.226365982643505 ], [ 106.915077171041972, -6.226360509126561 ], [ 106.915078959135556, -6.226355056171525 ], [ 106.915080810550108, -6.22634962468583 ], [ 106.915082724385542, -6.226344215576711 ], [ 106.915084265840832, -6.226340012117284 ], [ 106.915084700638417, -6.226338827940228 ], [ 106.915086739318951, -6.22633346448853 ], [ 106.915088840423579, -6.226328124317694 ], [ 106.915091003055366, -6.226322809239144 ], [ 106.915093227214257, -6.226317519252877 ], [ 106.915095512003575, -6.226312256170433 ], [ 106.915097858323449, -6.226307019084321 ], [ 106.915100264376647, -6.226301810713623 ], [ 106.915102731060131, -6.22629662924668 ], [ 106.91510525838379, -6.226291477395907 ], [ 106.91510784454394, -6.226286356071951 ], [ 106.915110489537312, -6.226281264370685 ], [ 106.915113193367063, -6.226276203196204 ], [ 106.915115956039912, -6.226271174356875 ], [ 106.91511877665225, -6.226266177855804 ], [ 106.9151216552075, -6.226261214597205 ], [ 106.915124590802165, -6.226256284584323 ], [ 106.915127584342855, -6.226251388717945 ], [ 106.915130633125841, -6.226246528816286 ], [ 106.91513373895468, -6.226241703968573 ], [ 106.915136900029168, -6.226236915989539 ], [ 106.915140116349122, -6.226232164879302 ], [ 106.915143387014453, -6.226227451545152 ], [ 106.91514671292866, -6.226222775983948 ], [ 106.915150092291213, -6.22621814001027 ], [ 106.915153525099043, -6.226213542720222 ], [ 106.915157011358517, -6.226208985921883 ], [ 106.915160550169517, -6.226204470522744 ], [ 106.915164140625208, -6.22619999562185 ], [ 106.915166095256623, -6.226197617001018 ], [ 106.915167783635809, -6.226195563024235 ], [ 106.915171477397649, -6.226191173640573 ], [ 106.915175221003835, -6.226186826570039 ], [ 106.91517901536433, -6.226182523617585 ], [ 106.915182859575822, -6.226178264786373 ], [ 106.915186752738208, -6.22617405098396 ], [ 106.915190693947721, -6.226169882213524 ], [ 106.915194683211311, -6.226165760283275 ], [ 106.915198720525368, -6.226161684289201 ], [ 106.915202804993143, -6.226157656042736 ], [ 106.915206934804232, -6.226153674646363 ], [ 106.915211111772521, -6.226149741901714 ], [ 106.915215333187163, -6.226145857818642 ], [ 106.915219599955279, -6.226142023297946 ], [ 106.91522391026966, -6.22613823834627 ], [ 106.91522826413366, -6.226134503867626 ], [ 106.915232915550703, -6.226130605566165 ], [ 106.915237455561325, -6.226126131739566 ], [ 106.915270351777551, -6.226088180933775 ], [ 106.915332928624935, -6.226015989777109 ], [ 106.915384369463169, -6.225955330498039 ], [ 106.915438958360838, -6.225895021442589 ], [ 106.915607781951095, -6.226046174611536 ], [ 106.915627990499956, -6.226064267889964 ], [ 106.915648199046913, -6.226082360263133 ], [ 106.915659508403991, -6.226092486123544 ], [ 106.915790421139249, -6.226202193281834 ], [ 106.916034518217799, -6.226406751008446 ], [ 106.916142068522646, -6.226496879900224 ], [ 106.916189079293318, -6.226535071310643 ], [ 106.916209651489226, -6.226551783536138 ], [ 106.91629265433545, -6.226619214803138 ], [ 106.916326385958357, -6.226641990227914 ], [ 106.916351018988237, -6.226657126270228 ], [ 106.916366037458133, -6.226661361810879 ], [ 106.916377172263282, -6.226658974258283 ], [ 106.916405612006557, -6.226642573176828 ], [ 106.916425516495039, -6.226619162655157 ], [ 106.916492909873426, -6.226522879707067 ], [ 106.916494081337873, -6.2265212905177 ], [ 106.916498296198895, -6.226515851351599 ], [ 106.916529844250633, -6.226475137851238 ], [ 106.916578457670269, -6.226413149741354 ], [ 106.916579263575855, -6.226412154987004 ], [ 106.916659893142352, -6.226316213639147 ], [ 106.916666515941969, -6.226308333625292 ], [ 106.916706685625812, -6.226261088134621 ], [ 106.916717005359018, -6.226248950720839 ], [ 106.916778445085441, -6.226164467451007 ], [ 106.916807398666279, -6.226121358392486 ], [ 106.916857042557993, -6.226038604163266 ], [ 106.916877283549383, -6.226004606897304 ], [ 106.916882262286265, -6.225996052951155 ], [ 106.916914528435257, -6.225940613131238 ], [ 106.916923670629885, -6.2259249050763 ], [ 106.916965242172935, -6.225828262040105 ], [ 106.916986252744238, -6.225777280668781 ], [ 106.917020241781003, -6.225688458749999 ], [ 106.917035579908557, -6.225649563556386 ], [ 106.917060209715757, -6.225587105616039 ], [ 106.917125725953412, -6.225420965793866 ], [ 106.917204507770791, -6.22544285694195 ], [ 106.917448943942304, -6.225542925529053 ], [ 106.917504650081042, -6.225568773737354 ], [ 106.917505629203433, -6.225569205064823 ], [ 106.91770736807581, -6.225653294490567 ], [ 106.917749071305522, -6.225670676676748 ], [ 106.917989453298972, -6.225770872696911 ], [ 106.918049523925887, -6.225794667069603 ], [ 106.918050320980726, -6.225794968863371 ], [ 106.918051479734999, -6.225795356138649 ], [ 106.91811277613381, -6.225814353274263 ], [ 106.918178853650588, -6.225833333023529 ], [ 106.918181290614029, -6.225833912752101 ], [ 106.918249665446083, -6.225846858140136 ], [ 106.918324029327849, -6.225859783556507 ], [ 106.918405370332152, -6.225873843592307 ], [ 106.918407025438796, -6.225874077169221 ], [ 106.918523008009728, -6.225886812386309 ], [ 106.918525603363122, -6.225886972022841 ], [ 106.918596039700077, -6.225887910306722 ], [ 106.918607529076297, -6.225888135254194 ], [ 106.918661733156412, -6.225889194926306 ], [ 106.918905500152903, -6.225893959411163 ], [ 106.919042923216296, -6.225897046377642 ], [ 106.919043629755166, -6.22589705284966 ], [ 106.919045268452194, -6.225896997163859 ], [ 106.919084701244685, -6.225894462358109 ], [ 106.919087767177004, -6.225894088654661 ], [ 106.919088588751663, -6.225893927445055 ], [ 106.919117251907565, -6.225887842420936 ], [ 106.919121695704845, -6.225886492675668 ], [ 106.919125844088796, -6.225884402621555 ], [ 106.919147310419049, -6.225871167721548 ], [ 106.91914951120981, -6.22586965615728 ], [ 106.919150984313134, -6.225868534204971 ], [ 106.91916204203963, -6.225860110035481 ], [ 106.919176110837441, -6.225849391094347 ], [ 106.91920285822647, -6.225829014285837 ], [ 106.919210264495391, -6.225823680134424 ], [ 106.919233209592321, -6.225807152453704 ], [ 106.919255520394955, -6.2257983220925 ], [ 106.919277079787776, -6.225793549466762 ], [ 106.919303386343344, -6.225795333473286 ], [ 106.919316361173784, -6.225738131081517 ], [ 106.919356502393484, -6.225535607429501 ], [ 106.919368582806712, -6.225457264411135 ], [ 106.919415062067642, -6.225466514557374 ], [ 106.919453490996986, -6.225469683896766 ], [ 106.919468051896999, -6.225468840734535 ], [ 106.919479566876362, -6.225466417388808 ], [ 106.919487972735439, -6.225462425843188 ], [ 106.9194932433264, -6.225456880659087 ], [ 106.919503648354578, -6.22543317733063 ], [ 106.919513417058155, -6.225399445948051 ], [ 106.919520679933839, -6.225361844980665 ], [ 106.919522432495597, -6.225335427292028 ], [ 106.919528926761643, -6.224929694522075 ], [ 106.91957535854246, -6.224929616073331 ], [ 106.919596426443022, -6.224929580138667 ], [ 106.919597025704746, -6.224884373492705 ], [ 106.919600308843329, -6.224556697430176 ], [ 106.919600310782158, -6.224556484953637 ], [ 106.919604321076775, -6.22374355936553 ], [ 106.91959439119185, -6.223698559171197 ], [ 106.919583632805811, -6.223662012850103 ], [ 106.919573249743181, -6.223638013521948 ], [ 106.919568231563446, -6.223630710159616 ], [ 106.919563353199962, -6.223626580673658 ], [ 106.919558195519727, -6.223621664709865 ], [ 106.919554519104921, -6.22361314855686 ], [ 106.919552312109076, -6.223601004229895 ], [ 106.919551559794471, -6.223585154027755 ], [ 106.919554186691997, -6.223543490507727 ], [ 106.919563115298871, -6.223477196489839 ], [ 106.919567464618908, -6.223134038806355 ], [ 106.919564082788625, -6.222764432814249 ], [ 106.919573335800237, -6.222378340264699 ], [ 106.919576047554543, -6.222376971505841 ], [ 106.919590515343955, -6.222369666014961 ], [ 106.919678023987018, -6.222375089079215 ], [ 106.91990972372939, -6.22239362298831 ], [ 106.919916469783303, -6.222394334417817 ], [ 106.919923239754269, -6.222393919220083 ], [ 106.919929848470119, -6.222392388013615 ], [ 106.919936112687225, -6.22238978486296 ], [ 106.919941860098604, -6.222386180012092 ], [ 106.919946932057528, -6.222381673491792 ], [ 106.919951189881516, -6.222376389671506 ], [ 106.919954515743569, -6.222370473639712 ], [ 106.920011597240361, -6.22220738066876 ], [ 106.92009466628221, -6.221977430785798 ], [ 106.920149532690843, -6.22182610493152 ], [ 106.92016481356147, -6.221783959623544 ], [ 106.92021607865172, -6.221642564218229 ], [ 106.92022492587509, -6.22161632507346 ], [ 106.920240550180338, -6.221569984280806 ], [ 106.920243187899999, -6.221562161239142 ], [ 106.920489319106977, -6.221559532103558 ], [ 106.921049056340763, -6.221557677995718 ], [ 106.92107811902261, -6.221557442984961 ], [ 106.921188049299332, -6.221556554851194 ], [ 106.921188657348708, -6.221556559872107 ], [ 106.921285477248873, -6.221558599953904 ], [ 106.921288842926003, -6.221558924043574 ], [ 106.921289574331055, -6.22155906242609 ], [ 106.921312299975483, -6.221563763470891 ], [ 106.92131425074794, -6.221564314218599 ], [ 106.922001774359728, -6.221554213281078 ], [ 106.922201788107714, -6.221547384270239 ], [ 106.922527691825167, -6.221532247298529 ], [ 106.923103520570137, -6.22152584436916 ], [ 106.923238976871502, -6.221527115932455 ], [ 106.923320842433398, -6.221527883750557 ], [ 106.923338952964158, -6.221528053768889 ], [ 106.923420149034996, -6.221528815872705 ], [ 106.923434126080124, -6.221528946695024 ], [ 106.923839975467303, -6.221539985053814 ], [ 106.924294490949777, -6.221530487626397 ] ] ] } },
{ "type": "Feature", "properties": { "OBJECTID": 247, "toponimi": "Sal. Phb Pondok Bambu", "kewenangan": "Pemprov DKI", "jenis": "Saluran Drainase Tersier", "panjang": "1722", "lebar": "4", "kedalaman": "1.8", "kota": "Jakarta Timur", "kecamatan": "Duren Sawit", "lebar_min": 4.0, "lebar_max": 4.0, "kedalaman_": 1.8, "kedalaman1": 1.8, "Shape_Leng": 1.6426920492799999 }, "geometry": { "type": "MultiLineString", "coordinates": [ [ [ 106.901469801678459, -6.236574884289447 ], [ 106.901470097755535, -6.236571048786366 ], [ 106.901470742543012, -6.236562689543849 ], [ 106.90147815032536, -6.236466670846579 ], [ 106.901485726463719, -6.236368479810873 ], [ 106.901491836070491, -6.236289298975924 ], [ 106.901494866681503, -6.236250015147473 ], [ 106.901497445847241, -6.236216581794512 ], [ 106.901499220139812, -6.236200737666822 ], [ 106.901503291290922, -6.236164381287328 ], [ 106.901505378060463, -6.236145742256328 ], [ 106.901518985880941, -6.236024211825399 ], [ 106.901533453734544, -6.235923462535797 ], [ 106.901535637742782, -6.235911498379244 ], [ 106.901544513702916, -6.235853080053227 ], [ 106.90154573169778, -6.235851346952614 ], [ 106.901546667195603, -6.235849445798201 ], [ 106.901547295968186, -6.235847422788443 ], [ 106.901547602832281, -6.235845326801399 ], [ 106.901553745657168, -6.235794415422498 ], [ 106.901559274243056, -6.235739782130453 ], [ 106.901582182503944, -6.23551340363659 ], [ 106.901598609486939, -6.235351072106075 ], [ 106.901608091274099, -6.235274735267665 ], [ 106.901622878098308, -6.235155691480271 ], [ 106.901652066308415, -6.234920710097509 ], [ 106.901654256974354, -6.234903071570186 ], [ 106.901659499666309, -6.234860864833169 ], [ 106.901660201185663, -6.234855210557122 ], [ 106.901660533976241, -6.234853288974636 ], [ 106.901660589289364, -6.234851338556937 ], [ 106.901660365467961, -6.234849400900305 ], [ 106.901659868072997, -6.234847514862372 ], [ 106.901715446599937, -6.234561907086946 ], [ 106.901721145798561, -6.234527540262194 ], [ 106.901839685261805, -6.233481893350318 ], [ 106.901878902635687, -6.233109584811693 ], [ 106.901892847232403, -6.232977195442776 ], [ 106.901867549179372, -6.232974873579269 ], [ 106.901865439726464, -6.232974679567858 ], [ 106.901860550209051, -6.232974230674885 ], [ 106.901843765535716, -6.232972343724773 ], [ 106.901812269645632, -6.23296880374638 ], [ 106.901671852340399, -6.232953018711906 ], [ 106.901634615080255, -6.232948818620344 ], [ 106.90162734533682, -6.232948001287336 ], [ 106.901623918813684, -6.232947618541164 ], [ 106.901568579302918, -6.23294145305902 ], [ 106.901256485423815, -6.232908076978397 ], [ 106.901251226946584, -6.232907535380128 ], [ 106.900898149895752, -6.232872717413434 ], [ 106.900898011614089, -6.232872704350064 ], [ 106.900673175513575, -6.23285217474252 ], [ 106.900598843216898, -6.232845387774635 ], [ 106.900243137237325, -6.232812907873483 ], [ 106.900235025710117, -6.2328121667893 ], [ 106.900218243208045, -6.232810633293071 ], [ 106.900197916053529, -6.232808780755522 ], [ 106.900180723243437, -6.232807213475826 ], [ 106.900179008754819, -6.232807057815476 ], [ 106.900167993043652, -6.232806720497243 ], [ 106.900096813646016, -6.232937413047018 ], [ 106.900085976846981, -6.232939090400587 ], [ 106.900081627149675, -6.23293976700161 ], [ 106.900073489271222, -6.232941495204077 ], [ 106.900065219149482, -6.232943883901854 ], [ 106.900049487299711, -6.232950353637277 ], [ 106.900034852086122, -6.232959025509953 ], [ 106.900021618232074, -6.232969716690544 ], [ 106.900020087827102, -6.232971254716012 ], [ 106.900019271856621, -6.232972226890213 ], [ 106.900011379691421, -6.232982981998057 ], [ 106.900002455416541, -6.232992895459311 ], [ 106.899994482464649, -6.233000282953959 ], [ 106.899977515795186, -6.233012598757328 ], [ 106.899958831402685, -6.233022103465578 ], [ 106.899938890136994, -6.233028564862868 ], [ 106.899908682116603, -6.233033675414434 ], [ 106.899853259359475, -6.233043052137186 ], [ 106.89981342503998, -6.233049791367984 ], [ 106.899810703562579, -6.233050251435563 ], [ 106.899779093264556, -6.233055599397057 ], [ 106.899625265732666, -6.23308162415618 ], [ 106.899507838338437, -6.233099909410163 ], [ 106.899389911110859, -6.233114627817792 ], [ 106.89927159241789, -6.233125764521381 ], [ 106.89915299157677, -6.233133317317844 ], [ 106.899055453028183, -6.233137108952887 ], [ 106.89899347198039, -6.233139518440765 ], [ 106.898984451803045, -6.233140109691401 ], [ 106.898975260308774, -6.233142053242292 ], [ 106.898966447582254, -6.233145309137974 ], [ 106.898958198597143, -6.233149809806177 ], [ 106.89895069009448, -6.23315545967597 ], [ 106.898944078851201, -6.233162138836687 ], [ 106.898937995961845, -6.233170523102708 ], [ 106.898933328346175, -6.233179772049109 ], [ 106.898928753277872, -6.23318862736301 ], [ 106.898927585059909, -6.233190888294621 ], [ 106.898926491317255, -6.233193006104478 ], [ 106.898912671008787, -6.233219757736655 ], [ 106.898872249981565, -6.233297998088946 ], [ 106.898861229804893, -6.233319280461386 ], [ 106.89882286805701, -6.233391555139815 ], [ 106.898789501573873, -6.233452232554625 ], [ 106.898759396692668, -6.233505371288233 ], [ 106.898753310764178, -6.233515926395587 ], [ 106.89872060382335, -6.233570827622024 ], [ 106.898685603156665, -6.23362429320542 ], [ 106.898636956741342, -6.233691256965742 ], [ 106.898626746579524, -6.233704388346289 ], [ 106.898615761402837, -6.233717571341803 ], [ 106.898605609265459, -6.233729754074407 ], [ 106.898575502636504, -6.233767846180695 ], [ 106.898541600365064, -6.233818484188973 ], [ 106.898512272566251, -6.233871905829456 ], [ 106.898487745439894, -6.233927698906047 ], [ 106.89846820897229, -6.233985430557522 ], [ 106.898458882089983, -6.234001986336254 ], [ 106.898416603513965, -6.234077252443552 ], [ 106.898385917817436, -6.234132454699188 ], [ 106.898355387420409, -6.23418737882563 ], [ 106.898326179313358, -6.234239923927844 ], [ 106.898302548541963, -6.234282434728872 ], [ 106.898290764575606, -6.234303633959845 ], [ 106.89825480313948, -6.234368327852819 ], [ 106.898238870942322, -6.234396988490816 ], [ 106.898209134077405, -6.234450484840578 ], [ 106.898202717388656, -6.234462027551761 ], [ 106.8981761762969, -6.23450977564679 ], [ 106.898109892661921, -6.234629018604472 ], [ 106.898096605049048, -6.23465292209785 ], [ 106.89807468075611, -6.234692362635087 ], [ 106.89806694715385, -6.234706275309866 ], [ 106.898065498284481, -6.234708882632451 ], [ 106.898062676049904, -6.234712984013854 ], [ 106.89805938448572, -6.234716719102077 ], [ 106.897973387927635, -6.234712514465158 ], [ 106.897929528775236, -6.23471209015422 ], [ 106.897742133967185, -6.234708778652727 ], [ 106.897363374976109, -6.23470208565345 ], [ 106.897289062604855, -6.234702199487591 ], [ 106.897214913958166, -6.234707142620563 ], [ 106.897141243372715, -6.234716893126237 ], [ 106.897040471706774, -6.234733508641662 ], [ 106.896964774359944, -6.234747728335808 ], [ 106.896952125818345, -6.234750114674718 ], [ 106.89687626531564, -6.234763436232703 ], [ 106.89682938937446, -6.234770811829485 ], [ 106.896691641207326, -6.234788725804232 ], [ 106.896516920080373, -6.234807914726542 ], [ 106.896378664425157, -6.234821895646633 ], [ 106.896240140540385, -6.234832894748849 ], [ 106.896070654939606, -6.234843483526236 ], [ 106.895989817387857, -6.234847109725847 ], [ 106.895908900732806, -6.234846574453407 ], [ 106.895892069286617, -6.2348457787872 ], [ 106.895891795461509, -6.234845760785374 ], [ 106.89589129210168, -6.23484573004725 ], [ 106.895883546251866, -6.234845186498285 ], [ 106.89588349293318, -6.234845183073556 ], [ 106.895882886526948, -6.234845139144113 ], [ 106.895882498846078, -6.234845117031234 ], [ 106.895870548014116, -6.23484404431877 ], [ 106.895847454479281, -6.234841255856385 ], [ 106.895816401904952, -6.23483743095082 ], [ 106.895767621094933, -6.234833672529578 ], [ 106.895718706398725, -6.234832634230907 ], [ 106.895610033454446, -6.234835157093918 ], [ 106.895523249331035, -6.234838612030863 ], [ 106.895457308678132, -6.234841237031463 ], [ 106.895380655529635, -6.234844702522394 ], [ 106.895237783501727, -6.234854333676275 ], [ 106.895075393285396, -6.234869288925584 ], [ 106.895071935133913, -6.234870168429233 ], [ 106.895063198672119, -6.234871030748114 ], [ 106.895061491662972, -6.23487119963128 ], [ 106.895036027398561, -6.234873712480615 ], [ 106.894788118864042, -6.234898184705555 ], [ 106.894388135682604, -6.234930442038737 ], [ 106.894285525400221, -6.234937070233646 ], [ 106.894261720136626, -6.234938629547261 ], [ 106.89408721048261, -6.234948120963922 ], [ 106.893980939208618, -6.234952237001147 ], [ 106.893778434193308, -6.234956597586429 ], [ 106.893714447975697, -6.234957026432715 ], [ 106.893543880609627, -6.234957307513269 ], [ 106.893266136012102, -6.234957764739245 ], [ 106.892912345903738, -6.234958347600315 ], [ 106.892911550826213, -6.234958348647925 ], [ 106.892902702887824, -6.234958363250469 ], [ 106.892888579436061, -6.234958386856354 ], [ 106.892888152791016, -6.234958333236365 ], [ 106.892887733237643, -6.234958241617046 ], [ 106.892887039391795, -6.234958001800042 ], [ 106.892886390344231, -6.234957656941964 ], [ 106.892885802390211, -6.234957216025723 ], [ 106.892885290024481, -6.234956689848905 ], [ 106.892884864131162, -6.234956090126236 ], [ 106.892884537414176, -6.234955432182455 ], [ 106.892884315349562, -6.234954731368216 ], [ 106.892884016792109, -6.234930437322022 ], [ 106.892883948522766, -6.234924250544182 ], [ 106.892883943398758, -6.234924081488598 ], [ 106.892883361815379, -6.234900226966394 ], [ 106.892882818360803, -6.234886750918571 ], [ 106.892877179915658, -6.234780282584893 ], [ 106.892878104233731, -6.234773743244249 ], [ 106.892875515120778, -6.23476728342921 ], [ 106.892869704291044, -6.234761626307403 ], [ 106.89286080111853, -6.234756820237486 ], [ 106.892834685585186, -6.234750066087791 ], [ 106.892797689840108, -6.234747020914386 ], [ 106.89276875685664, -6.234746219786116 ], [ 106.892702059194875, -6.234744374384743 ], [ 106.892527001600342, -6.234757561553627 ], [ 106.892329296046995, -6.234788174093524 ], [ 106.892279037539879, -6.234772207532326 ], [ 106.892159042469856, -6.234757305981278 ], [ 106.892043340200075, -6.234718536886887 ] ] ] } },
{ "type": "Feature", "properties": { "OBJECTID": 248, "toponimi": "Sal. Phb Cipinang Muara 2", "kewenangan": "Pemprov DKI", "jenis": "Saluran Drainase Tersier", "panjang": "931", "lebar": "2", "kedalaman": "1.5 - 2", "kota": "Jakarta Timur", "kecamatan": "Duren Sawit", "lebar_min": 2.0, "lebar_max": 2.0, "kedalaman_": 1.5, "kedalaman1": 2.0, "Shape_Leng": 0.63567713487 }, "geometry": { "type": "MultiLineString", "coordinates": [ [ [ 106.899180906071322, -6.223294069348418 ], [ 106.898890304565853, -6.223249184500615 ], [ 106.898543013292183, -6.223194456569988 ], [ 106.89804864122182, -6.223120879703257 ], [ 106.897824187984469, -6.223123839306265 ], [ 106.897433885059499, -6.223128102810486 ], [ 106.89698154393551, -6.223121844164162 ], [ 106.896747759948653, -6.223122684084305 ], [ 106.896735519643514, -6.223109092761828 ], [ 106.896717102263509, -6.223086941557606 ], [ 106.89669847960478, -6.223056173756273 ], [ 106.896558938131577, -6.223060957921048 ], [ 106.896116248667852, -6.223092223529524 ], [ 106.895463567905153, -6.223130596987863 ], [ 106.895161250398957, -6.22315215464238 ], [ 106.895134155594235, -6.223153572844554 ], [ 106.894596523309033, -6.223187596581663 ], [ 106.894312734022805, -6.223208861246898 ], [ 106.894302042077754, -6.2232085659816 ], [ 106.894028944481647, -6.223215949775527 ], [ 106.893941953355196, -6.223187596119521 ], [ 106.893770823753215, -6.223129471683825 ], [ 106.893723763404466, -6.223113876818641 ], [ 106.893686685274886, -6.223099700000857 ], [ 106.89363401790375, -6.223065682610158 ], [ 106.893612445531403, -6.223061691004107 ] ] ] } },
{ "type": "Feature", "properties": { "OBJECTID": 249, "toponimi": "Sal. Phb Cipinang Muara 3", "kewenangan": "Pemprov DKI", "jenis": "Saluran Drainase Tersier", "panjang": "392", "lebar": "1.3", "kedalaman": "1.45", "kota": "Jakarta Timur", "kecamatan": "Duren Sawit", "lebar_min": 1.3, "lebar_max": 1.3, "kedalaman_": 1.5, "kedalaman1": 1.5, "Shape_Leng": 0.38198443105000002 }, "geometry": { "type": "MultiLineString", "coordinates": [ [ [ 106.899488004804653, -6.220218431134724 ], [ 106.899483917366908, -6.220327594040032 ], [ 106.899471669271264, -6.220687463433211 ], [ 106.899471634721436, -6.220690421890586 ], [ 106.899471830696513, -6.220702979635262 ], [ 106.89947157842775, -6.220706194746118 ], [ 106.899470810883585, -6.220709327625373 ], [ 106.899469549451752, -6.220712295919792 ], [ 106.899468431371758, -6.220714174214672 ], [ 106.899466252852122, -6.220716873662244 ], [ 106.899463639164011, -6.220719155155599 ], [ 106.899460669559062, -6.220720947887283 ], [ 106.899457435095243, -6.220722198185681 ], [ 106.899455488854301, -6.220722657252842 ], [ 106.899453506667186, -6.220722918443541 ], [ 106.899451711692421, -6.220722981859311 ], [ 106.899449917943429, -6.220722883430354 ], [ 106.899436647258355, -6.220722754848409 ], [ 106.899430755502479, -6.220722698280811 ], [ 106.899309416559163, -6.220721525265795 ], [ 106.899229701191359, -6.220720754075966 ], [ 106.899094743698072, -6.220719449153937 ], [ 106.899093069504488, -6.220719433474347 ], [ 106.899069156599765, -6.220720004975685 ], [ 106.899045473230402, -6.220723359486116 ], [ 106.899022341769893, -6.220729450639982 ], [ 106.898962326025099, -6.220744110901468 ], [ 106.898880983509386, -6.220750394156699 ], [ 106.898880174286035, -6.220750474821772 ], [ 106.898835919944929, -6.220755908654191 ], [ 106.898797510779019, -6.220756728456773 ], [ 106.898755399294501, -6.220752044526037 ], [ 106.898694496373579, -6.220742053957183 ], [ 106.898636333468588, -6.220727722717422 ], [ 106.898635714987449, -6.220727582087097 ], [ 106.898570046269825, -6.220713823918604 ], [ 106.898569418832068, -6.22071370501971 ], [ 106.898568487765758, -6.220713569129468 ], [ 106.898545171737936, -6.22071078140271 ], [ 106.898544220964396, -6.220710692598312 ], [ 106.898513376255281, -6.220708651624819 ], [ 106.898512476263704, -6.220708615077773 ], [ 106.898457793024022, -6.220707732093119 ], [ 106.898455083265745, -6.220707917235522 ], [ 106.898417095719211, -6.220713437004249 ], [ 106.898416490749696, -6.220713536825422 ], [ 106.898414786400934, -6.220713929921814 ], [ 106.898401792244698, -6.220717597693414 ], [ 106.89837951886831, -6.220723884647046 ], [ 106.898367143867006, -6.220727377502505 ], [ 106.898365804666412, -6.220727810876541 ], [ 106.898323547274686, -6.220743394560405 ], [ 106.898320704329791, -6.220744733859117 ], [ 106.898319871373261, -6.220745250402475 ], [ 106.898303414588298, -6.220756076008979 ], [ 106.898301673738246, -6.220757375181144 ], [ 106.898300274474877, -6.220758694824887 ], [ 106.898291164652719, -6.220768236371433 ], [ 106.898162454522065, -6.220803917787814 ], [ 106.898094740954718, -6.220818534198375 ], [ 106.897935232665958, -6.220827394723782 ], [ 106.897716595372074, -6.220827394644391 ], [ 106.89761430534719, -6.220818216287213 ], [ 106.897506432230458, -6.220807886205618 ], [ 106.897387262851709, -6.220791480193786 ], [ 106.897237343230231, -6.220783003589681 ], [ 106.897027891168236, -6.220783918664806 ], [ 106.896777823049334, -6.220804905804455 ], [ 106.896573388077528, -6.220831817433068 ] ] ] } },
{ "type": "Feature", "properties": { "OBJECTID": 250, "toponimi": "Sal. Phb Pertanian Klender", "kewenangan": "Pemprov DKI", "jenis": "Saluran Drainase Tersier", "panjang": "591", "lebar": "2.7", "kedalaman": "1.5", "kota": "Jakarta Timur", "kecamatan": "Duren Sawit", "lebar_min": 2.7, "lebar_max": 2.7, "kedalaman_": 1.5, "kedalaman1": 1.5, "Shape_Leng": 0.59038288516000004 }, "geometry": { "type": "MultiLineString", "coordinates": [ [ [ 106.900184595421337, -6.214968189755075 ], [ 106.89973059918276, -6.214686345798569 ], [ 106.899592671939388, -6.214552878259962 ], [ 106.899558476817447, -6.214349664512703 ], [ 106.899573471861302, -6.213865189842898 ], [ 106.899496679097865, -6.21378173909068 ], [ 106.899387714694043, -6.213725914040602 ], [ 106.899101897195578, -6.213680292649189 ], [ 106.898866281499039, -6.213635686982519 ], [ 106.898813671111355, -6.213629895046481 ], [ 106.897896864435168, -6.213606872513257 ], [ 106.897230957854944, -6.213557830354262 ], [ 106.896404933957697, -6.213520125345665 ], [ 106.89578514914173, -6.213533748183233 ] ] ] } },
{ "type": "Feature", "properties": { "OBJECTID": 251, "toponimi": "Sal. Phb Bulak", "kewenangan": "Pemprov DKI", "jenis": "Saluran Drainase Tersier", "panjang": "1432", "lebar": "1.6", "kedalaman": "1.65", "kota": "Jakarta Timur", "kecamatan": "Duren Sawit", "lebar_min": 1.6, "lebar_max": 1.6, "kedalaman_": 1.7, "kedalaman1": 1.7, "Shape_Leng": 1.4536584709 }, "geometry": { "type": "MultiLineString", "coordinates": [ [ [ 106.902901794498121, -6.219268667929463 ], [ 106.902954482156787, -6.218963472966677 ], [ 106.902980106354619, -6.218710765552053 ], [ 106.903021351256356, -6.218613732679191 ], [ 106.903065046684034, -6.218599940045788 ], [ 106.903103734503446, -6.218589753051278 ], [ 106.903135237004236, -6.218575286449017 ], [ 106.903149481293383, -6.218547964644843 ], [ 106.903175642308568, -6.218444526969355 ], [ 106.903216384061295, -6.218407062077383 ], [ 106.903260765832655, -6.21838465508437 ], [ 106.903323750921075, -6.218350698571968 ], [ 106.90334590908256, -6.218330524371869 ] ], [ [ 106.90334590908256, -6.218330524371869 ], [ 106.903121841069705, -6.218328800806696 ], [ 106.902998061568397, -6.218299439127756 ], [ 106.902764545569838, -6.218184290510999 ], [ 106.902678325551648, -6.218092247271419 ], [ 106.902368575924399, -6.218089166460641 ] ], [ [ 106.90334590908256, -6.218330524371869 ], [ 106.903410380470334, -6.218310914722958 ], [ 106.903440398304411, -6.218282818212355 ], [ 106.903455362494938, -6.218256210791719 ], [ 106.90346308883943, -6.21821097083066 ], [ 106.903401945142534, -6.218158801947339 ], [ 106.903484036304221, -6.217854219007714 ], [ 106.903678113014749, -6.21698300159248 ], [ 106.90374695735791, -6.216584453664701 ], [ 106.903845749038297, -6.215838810272289 ], [ 106.903937152542525, -6.215730832155097 ], [ 106.903905134928067, -6.215601769347539 ], [ 106.903896173386102, -6.215502764604753 ], [ 106.903918589368757, -6.215354846221921 ], [ 106.903993318601508, -6.214997183797871 ], [ 106.904100941632194, -6.214613566391839 ], [ 106.904194346220464, -6.214264448616231 ], [ 106.904301474504251, -6.213743043046584 ], [ 106.904338294612032, -6.213612297470923 ], [ 106.9043611925064, -6.213486603705396 ], [ 106.904864090614794, -6.213507067449243 ], [ 106.905449945771821, -6.213526218238342 ], [ 106.906169545949922, -6.213600572688465 ], [ 106.906673381051064, -6.213655787939538 ], [ 106.907898445980635, -6.213810951045847 ], [ 106.908587874690625, -6.213892506469697 ], [ 106.910097751323178, -6.214068154270307 ] ] ] } },
{ "type": "Feature", "properties": { "OBJECTID": 252, "toponimi": "Sal. Phb Bambu Duri", "kewenangan": "Pemprov DKI", "jenis": "Saluran Drainase Tersier", "panjang": "1489", "lebar": "1.5", "kedalaman": "1.7", "kota": "Jakarta Timur", "kecamatan": "Duren Sawit", "lebar_min": 1.5, "lebar_max": 1.5, "kedalaman_": 1.7, "kedalaman1": 1.7, "Shape_Leng": 1.50781613079 }, "geometry": { "type": "MultiLineString", "coordinates": [ [ [ 106.905292035655975, -6.239057925207452 ], [ 106.905293395405081, -6.238928372570467 ], [ 106.90529327111804, -6.238923230314542 ], [ 106.905293108596027, -6.238916507773408 ], [ 106.905292556144261, -6.238893635220258 ], [ 106.905293181581229, -6.238860681849431 ], [ 106.905294099130586, -6.238812300209169 ], [ 106.905294505195883, -6.238739880440786 ], [ 106.905295090436809, -6.238712556344073 ], [ 106.905295497001163, -6.238693545487785 ], [ 106.905295957765887, -6.238672030892643 ], [ 106.905296292531247, -6.238656404463952 ], [ 106.905296570859562, -6.238643412881574 ], [ 106.905297638477762, -6.238593553345865 ], [ 106.905297973938104, -6.238577869050217 ], [ 106.905298261563885, -6.238564449779446 ], [ 106.905298737708591, -6.238542190123455 ], [ 106.905299317470423, -6.238515099312749 ], [ 106.905303736751549, -6.238424880740143 ], [ 106.905308754817412, -6.238308583916596 ], [ 106.905310528621257, -6.238272881445236 ], [ 106.905312869641435, -6.238237378543665 ], [ 106.905320685260236, -6.238130921220201 ], [ 106.905321851711903, -6.238113171592384 ], [ 106.905322933534549, -6.238093754146337 ], [ 106.905324805060161, -6.238049336388682 ], [ 106.90532905244784, -6.237933787358748 ], [ 106.905330188441496, -6.237907105012265 ], [ 106.905331118476781, -6.237889188071126 ], [ 106.905335605775093, -6.237816793321462 ], [ 106.905338819914803, -6.237762122365763 ], [ 106.905341684717655, -6.23770428730587 ], [ 106.905342063669153, -6.237696639686643 ], [ 106.905342713763162, -6.237683514756244 ], [ 106.905343833716941, -6.23766089563931 ], [ 106.905344889711685, -6.237639579608611 ], [ 106.905345841286561, -6.237620371488457 ], [ 106.90534916836009, -6.237553191451438 ], [ 106.905350928783861, -6.237510529921279 ], [ 106.905351163731879, -6.237502786080792 ], [ 106.905351729008927, -6.237484188743212 ], [ 106.905352680415234, -6.237441670279793 ], [ 106.90535297592433, -6.237433433468059 ], [ 106.905353351071156, -6.237419979523782 ], [ 106.905354230974353, -6.237388432062654 ], [ 106.905354664552178, -6.237372894785766 ], [ 106.905356040473023, -6.23732358565599 ], [ 106.90535638039627, -6.237311385870919 ], [ 106.90535774992334, -6.237262307318007 ], [ 106.905358245846131, -6.23724451942982 ], [ 106.90536074249006, -6.237181557462393 ], [ 106.905362977821937, -6.237119289909629 ], [ 106.905369016943936, -6.236935711087691 ], [ 106.9053708096056, -6.236881208921782 ], [ 106.905372433981498, -6.236837148286751 ], [ 106.905374585071726, -6.236792329891892 ], [ 106.905383010199301, -6.236630972346793 ], [ 106.905386588571588, -6.236559066405396 ], [ 106.905386639272933, -6.236557844739025 ], [ 106.905388854529122, -6.236504774095037 ], [ 106.90539128545737, -6.236412101667447 ], [ 106.90539190096807, -6.236388648052601 ], [ 106.905393782334656, -6.236316924554283 ], [ 106.905394086491668, -6.236305327050798 ], [ 106.90539491804941, -6.236273647761191 ], [ 106.905396262606928, -6.23622240209306 ], [ 106.905396263383011, -6.236222366829045 ], [ 106.905397148467188, -6.236199754890765 ], [ 106.905399498989695, -6.236145609648334 ], [ 106.905404114909189, -6.236039265164405 ], [ 106.905408557772702, -6.235926779534443 ], [ 106.905408604981275, -6.235925591333607 ], [ 106.905411780821339, -6.235833281481776 ], [ 106.905417623118808, -6.235663473310745 ], [ 106.905419816913479, -6.23559969962398 ], [ 106.905423649040188, -6.235490217922674 ], [ 106.905425717059146, -6.235431144371585 ], [ 106.905430171623422, -6.235303875228827 ], [ 106.905431147599728, -6.235272152922849 ], [ 106.905432093634104, -6.235241396338592 ], [ 106.905433933627407, -6.235162207567569 ], [ 106.905436056473221, -6.235100800252299 ], [ 106.905436589822472, -6.235085365685805 ], [ 106.905438106507162, -6.235041497116688 ], [ 106.905438652938173, -6.235025681863094 ], [ 106.905440134407499, -6.234982819720772 ], [ 106.905440638151134, -6.23496619180639 ], [ 106.905440721569747, -6.234964522476139 ], [ 106.905442842688288, -6.234922153485627 ], [ 106.905444839043824, -6.234882514522402 ], [ 106.905445051476789, -6.234878291455459 ], [ 106.905447564762255, -6.234816917989718 ], [ 106.905448016999671, -6.234808295450925 ], [ 106.90545017683813, -6.234764137946437 ], [ 106.905451248740903, -6.234742216090194 ], [ 106.905455632401171, -6.234652603419845 ], [ 106.90545650662024, -6.234634735504445 ], [ 106.905457042549301, -6.234623768247531 ], [ 106.905458559618978, -6.234592766387093 ], [ 106.905459054332937, -6.234582645547238 ], [ 106.905460362182879, -6.234559509492147 ], [ 106.905463300648691, -6.234507541988302 ], [ 106.905464462914338, -6.234483120783192 ], [ 106.905464589710817, -6.234480453133811 ], [ 106.905466882863962, -6.234426422924509 ], [ 106.905467994013208, -6.234408864270056 ], [ 106.905468833404669, -6.234389357288426 ], [ 106.905469386032564, -6.234376508471361 ], [ 106.905470257073333, -6.234356258178339 ], [ 106.905472623513049, -6.234301254857635 ], [ 106.905473610424394, -6.234278313447305 ], [ 106.905474003847914, -6.234269165820304 ], [ 106.905475384059358, -6.234232287593455 ], [ 106.905477112963013, -6.234186884848606 ], [ 106.905478970623662, -6.234132349899721 ], [ 106.905479892512972, -6.234114671680005 ], [ 106.905480244797644, -6.234110395667791 ], [ 106.905480804512379, -6.234094253974477 ], [ 106.905481223523225, -6.234082183194536 ], [ 106.905481915824595, -6.23406222467846 ], [ 106.905483776693501, -6.234008577576182 ], [ 106.905484505001795, -6.233987580985803 ], [ 106.905485041809101, -6.23397210120033 ], [ 106.905485601511899, -6.233955955890459 ], [ 106.90548560886333, -6.233951985818031 ], [ 106.90548604438311, -6.233935227955302 ], [ 106.905489731811841, -6.233847209076266 ], [ 106.905490269283547, -6.233838670313844 ], [ 106.905491278131379, -6.233812043580174 ], [ 106.90549198094125, -6.233793493664652 ], [ 106.905492428836311, -6.233781665087736 ], [ 106.90549287842083, -6.233769803956015 ], [ 106.905493939149338, -6.233741781054152 ], [ 106.905494596599581, -6.233724431086458 ], [ 106.905496451329711, -6.233666077996671 ], [ 106.905504192237288, -6.233422494790656 ], [ 106.905504606816876, -6.23340944575527 ], [ 106.90541165221849, -6.233409534042491 ], [ 106.905344294139525, -6.233405778544919 ], [ 106.905330463551309, -6.233405298715914 ], [ 106.905300230712683, -6.233404249801755 ], [ 106.905272279475923, -6.23340327943565 ], [ 106.905260480192652, -6.233402870017978 ], [ 106.905234454543688, -6.233401967732801 ], [ 106.905226701605031, -6.233401698295662 ], [ 106.905218941438591, -6.233401428884597 ], [ 106.905184976707247, -6.233400250599348 ], [ 106.905153230324203, -6.233399148378388 ], [ 106.905121483040602, -6.233398047062927 ], [ 106.905120049920995, -6.233397997090465 ], [ 106.905119169809922, -6.233397966818432 ], [ 106.905114650875802, -6.233397809557428 ], [ 106.905110533146001, -6.233397667120657 ], [ 106.9050962624991, -6.233397171697272 ], [ 106.905050774079015, -6.233395592930862 ], [ 106.905035186880767, -6.233395052536661 ], [ 106.90502673183893, -6.233394758509988 ], [ 106.905016890668335, -6.233394417053047 ], [ 106.905011294637944, -6.233394222997735 ], [ 106.904991553560265, -6.23339353758287 ], [ 106.904957987615873, -6.233392205947128 ], [ 106.904895976293474, -6.233389423805664 ], [ 106.904838500333142, -6.233386844971564 ], [ 106.904832767648443, -6.233386588118893 ], [ 106.904779033657064, -6.233384177486525 ], [ 106.904579360143671, -6.23337521933575 ], [ 106.904562365403507, -6.233374457075536 ], [ 106.904551247024898, -6.233373957480409 ], [ 106.904550354552029, -6.233211487094889 ], [ 106.90455304886548, -6.233157423766668 ], [ 106.904557622013172, -6.23306567752263 ], [ 106.904559592639345, -6.233026140802353 ], [ 106.904560438491302, -6.233009162648508 ], [ 106.904562083339087, -6.232977995760721 ], [ 106.904563263940886, -6.232955634997698 ], [ 106.904564443636076, -6.232933273333845 ], [ 106.904569967640498, -6.232885957272903 ], [ 106.904570819683471, -6.23285141179193 ], [ 106.904571381664468, -6.23280032624498 ], [ 106.904574142345538, -6.232750632352434 ], [ 106.904578852726303, -6.232692664023548 ], [ 106.904581865823914, -6.232655586395719 ], [ 106.904581426079034, -6.232608574874824 ], [ 106.904569406350163, -6.232600149284806 ], [ 106.904556980832027, -6.23259143945436 ], [ 106.904387632933037, -6.232563345003297 ], [ 106.904229691023673, -6.232516549791918 ], [ 106.904267899175181, -6.232372880635086 ], [ 106.904265216837601, -6.232026979805849 ], [ 106.904256310954636, -6.231943763001515 ], [ 106.904213137836706, -6.231903730207818 ], [ 106.904193738399698, -6.231888534885575 ], [ 106.904167664464353, -6.231887754756916 ], [ 106.904001254329003, -6.231883543933169 ], [ 106.903714358337382, -6.231879600842784 ], [ 106.903619931600204, -6.231867514464781 ], [ 106.903604132455413, -6.231868070589222 ], [ 106.903367205878126, -6.231865908860402 ], [ 106.903220066637246, -6.231864565747459 ], [ 106.903214209111098, -6.231864511848564 ], [ 106.90321002727228, -6.231790435893942 ], [ 106.903210580811745, -6.231775062717589 ], [ 106.903211460338653, -6.231750618094545 ], [ 106.903212891716095, -6.231710832850149 ], [ 106.903212999215938, -6.231705815423801 ], [ 106.903213674663476, -6.231674382583396 ], [ 106.903214055178367, -6.231630557845969 ], [ 106.903214249017594, -6.231578055906344 ], [ 106.903214084993337, -6.231543077370907 ], [ 106.903213650701915, -6.231522853465908 ], [ 106.903211875224045, -6.231477951549802 ], [ 106.903210161057743, -6.231442038310362 ], [ 106.903208703360079, -6.231415114851308 ], [ 106.903206786348917, -6.231386592733291 ], [ 106.903200583488712, -6.231307018800015 ], [ 106.903199408425195, -6.231289325526419 ], [ 106.90319853484155, -6.231272054299321 ], [ 106.903197732125946, -6.231247372535832 ], [ 106.903197711912213, -6.231246777688739 ], [ 106.903195764499145, -6.231160184974439 ], [ 106.903195390682654, -6.23114621022347 ], [ 106.903192209287425, -6.231027579460462 ], [ 106.903190664583747, -6.23097450695652 ], [ 106.903189654543041, -6.230947950767252 ], [ 106.90318757654002, -6.230910353533833 ], [ 106.903185735772212, -6.230883429647743 ], [ 106.903184315674039, -6.230865431660622 ], [ 106.903181991220194, -6.230840424475498 ], [ 106.903181735640189, -6.230838699406461 ], [ 106.90317500380219, -6.230808381875432 ], [ 106.903164364881533, -6.230779207707985 ], [ 106.903150001379316, -6.23075167713522 ], [ 106.903132161658974, -6.230726264834744 ], [ 106.903116409752542, -6.230708582575866 ], [ 106.903115880274441, -6.230708071842829 ], [ 106.903113687295061, -6.230706007482262 ], [ 106.903113146117335, -6.23070550944928 ], [ 106.903110906339592, -6.230703495889076 ], [ 106.903110353462353, -6.230703010556198 ], [ 106.903108066896095, -6.230701050508737 ], [ 106.903107616496115, -6.230700671493843 ], [ 106.90310517167471, -6.230698671331433 ], [ 106.903104598111881, -6.230698212293067 ], [ 106.903102222489153, -6.230696360158876 ], [ 106.903101638133535, -6.230695914721509 ], [ 106.903099220246148, -6.230694117891963 ], [ 106.90309862509767, -6.230693686055542 ], [ 106.903098087957375, -6.230693305545319 ], [ 106.903096166758957, -6.230691946332414 ], [ 106.903095561724442, -6.2306915289978 ], [ 106.903093063838085, -6.230689846377792 ], [ 106.90309244891408, -6.23068944264083 ], [ 106.903089912390058, -6.230687818928958 ], [ 106.903089288483457, -6.230687429690595 ], [ 106.903086715131906, -6.230685865784423 ], [ 106.903086082242581, -6.230685491044553 ], [ 106.90308343765976, -6.230683967177378 ], [ 106.903082832001871, -6.230683627600475 ], [ 106.903080188615775, -6.230682185100955 ], [ 106.903079539571465, -6.230681840255791 ], [ 106.903076862978125, -6.230680459357254 ], [ 106.903076205857943, -6.230680129911563 ], [ 106.903073497867737, -6.230678811511491 ], [ 106.903072833575123, -6.230678497461878 ], [ 106.903070095998331, -6.230677242457953 ], [ 106.903069424533285, -6.230676943804519 ], [ 106.903066658276515, -6.230675753097552 ], [ 106.903065979638981, -6.230675469840313 ], [ 106.903063187412826, -6.230674343420538 ], [ 106.903062502509655, -6.230674076460287 ], [ 106.903059684317128, -6.230673015231858 ], [ 106.903059125225354, -6.230672811106944 ], [ 106.903056150799728, -6.230671769429147 ], [ 106.903055454265385, -6.23067153415556 ], [ 106.903052590471248, -6.230670605095175 ], [ 106.903051888577906, -6.230670387019418 ], [ 106.903049003341508, -6.230669524942336 ], [ 106.903048296085885, -6.230669323160391 ], [ 106.903045392117505, -6.23066852805673 ], [ 106.903044680403326, -6.230668342565266 ], [ 106.903041758609703, -6.230667615336004 ], [ 106.903041043340124, -6.230667446131749 ], [ 106.903038104628223, -6.230666787677674 ], [ 106.90303738580343, -6.230666634760712 ], [ 106.903034432883317, -6.230666045071998 ], [ 106.903033710506506, -6.230665909346378 ], [ 106.903030698171918, -6.230665379544989 ], [ 106.903030019253293, -6.230665268978259 ], [ 106.903027042434587, -6.230664816804147 ], [ 106.903026314757511, -6.230664714550573 ], [ 106.903023328251436, -6.230664332029675 ], [ 106.903022597925784, -6.230664246964221 ], [ 106.903019602635823, -6.230663934093339 ], [ 106.903018871468532, -6.230663866209482 ], [ 106.903015870101868, -6.23066362207472 ], [ 106.903015136286157, -6.230663571378895 ], [ 106.903012130656151, -6.23066339778189 ], [ 106.903011395995591, -6.230663363363574 ], [ 106.903008387005812, -6.230663260301129 ], [ 106.903007652407169, -6.230663243061117 ], [ 106.903004640957718, -6.230663209625837 ], [ 106.903004040135642, -6.230663209081617 ], [ 106.903000895225759, -6.230663246650337 ], [ 106.903000160750835, -6.230663263766933 ], [ 106.90299715161342, -6.23066337046402 ], [ 106.90299641720047, -6.230663404758952 ], [ 106.902993411024354, -6.23066358106368 ], [ 106.902992677576748, -6.230663632533654 ], [ 106.902992664931361, -6.230663633483419 ], [ 106.902941682046915, -6.230661654771021 ], [ 106.902717925642506, -6.230650592684384 ], [ 106.902578120127274, -6.230643681390521 ], [ 106.902500617668451, -6.230639849902746 ], [ 106.902445476935, -6.23063712395615 ], [ 106.902152424071332, -6.230622637208323 ], [ 106.902099880420295, -6.230620039285152 ], [ 106.902054109629333, -6.230617776773538 ], [ 106.902050737705565, -6.230617497804245 ], [ 106.902047114321988, -6.230617138369687 ], [ 106.902043497947901, -6.230616718332868 ], [ 106.902039888583587, -6.230616237693787 ], [ 106.902036287135658, -6.230615697353155 ], [ 106.902032695414164, -6.230615098208744 ], [ 106.902029114316434, -6.230614438448951 ], [ 106.902025544752206, -6.230613719878845 ], [ 106.902021987621666, -6.23061294159101 ], [ 106.902021489375585, -6.230612824042306 ], [ 106.902019651016346, -6.230612389455185 ], [ 106.902018443831651, -6.230612104486211 ], [ 106.902014914285658, -6.230611208561288 ], [ 106.902011400790656, -6.230610253809775 ], [ 106.9020079024463, -6.230609241138899 ], [ 106.902004421963127, -6.230608170538986 ], [ 106.90200096024455, -6.23060704200688 ], [ 106.901997517294049, -6.230605856446465 ], [ 106.901990542707196, -6.230603696308849 ], [ 106.901983955767165, -6.230600546553992 ], [ 106.901978776476199, -6.230597149414083 ], [ 106.901974054857561, -6.230593140332761 ], [ 106.901968385642817, -6.230586668190146 ], [ 106.901963903178981, -6.230579322894092 ], [ 106.90196073924875, -6.230571320057467 ], [ 106.901958986849948, -6.230562893515698 ], [ 106.901958697472949, -6.230554291720035 ], [ 106.901959879253781, -6.230545766894731 ], [ 106.901959909473888, -6.230545628453184 ], [ 106.901961632924881, -6.230537989534335 ], [ 106.901963736758773, -6.230528347489962 ], [ 106.901969598469393, -6.230482653997366 ], [ 106.901864908517268, -6.230480412282848 ], [ 106.901863925445795, -6.230480391416528 ], [ 106.901830264261775, -6.230479671061453 ], [ 106.901795202559896, -6.230478920493536 ], [ 106.901738693979155, -6.230477710208394 ], [ 106.901433831339233, -6.23047118221921 ], [ 106.901352750040061, -6.230471086683044 ], [ 106.900811139112093, -6.230470446979645 ], [ 106.90069892797402, -6.230475604457822 ], [ 106.900693572736031, -6.230325411656204 ], [ 106.900709732618736, -6.23008668525399 ] ] ] } },
{ "type": "Feature", "properties": { "OBJECTID": 253, "toponimi": "Sal. Phb Buluh Perindu", "kewenangan": "Pemprov DKI", "jenis": "Saluran Drainase Tersier", "panjang": "911", "lebar": "2.6", "kedalaman": "1.6", "kota": "Jakarta Timur", "kecamatan": "Duren Sawit", "lebar_min": 2.6, "lebar_max": 2.6, "kedalaman_": 1.6, "kedalaman1": 1.6, "Shape_Leng": 0.93468209698000004 }, "geometry": { "type": "MultiLineString", "coordinates": [ [ [ 106.909238306104953, -6.237176980373426 ], [ 106.909223541132434, -6.237176723767826 ], [ 106.909180837378997, -6.237175983442993 ], [ 106.909160605908625, -6.237175632726255 ], [ 106.909110764981264, -6.237174768175476 ], [ 106.908770248980545, -6.237168862163291 ], [ 106.908759201227753, -6.237168670735202 ], [ 106.90873525466445, -6.237169344280976 ], [ 106.908730409700979, -6.237169480276592 ], [ 106.908732617034161, -6.236940515630242 ], [ 106.908732643258134, -6.236939273259516 ], [ 106.90873266915888, -6.236923957190601 ], [ 106.908732752870407, -6.236873676367196 ], [ 106.908721029265067, -6.23648563878936 ], [ 106.908727197185186, -6.236469587109433 ], [ 106.90873128289364, -6.236452882053423 ], [ 106.908733218703759, -6.236435794201654 ], [ 106.9087331871944, -6.236421839961359 ], [ 106.908732735749325, -6.236224874897886 ], [ 106.908732545074187, -6.236141447824547 ], [ 106.908732187880403, -6.235985264141124 ], [ 106.908732046080075, -6.235923337120337 ], [ 106.908732737129128, -6.235893081496487 ], [ 106.908734009236767, -6.23583738062303 ], [ 106.908734691650395, -6.235807484874475 ], [ 106.908738686488178, -6.23563253194374 ], [ 106.908740631584806, -6.235547324131918 ], [ 106.908745736288125, -6.235323761108523 ], [ 106.908749986192745, -6.235137634004655 ], [ 106.908751082770905, -6.235088102651166 ], [ 106.908758232764299, -6.234765293916579 ], [ 106.908765203200346, -6.234450530787432 ], [ 106.90876533857022, -6.234439496284625 ], [ 106.908767452031924, -6.234265925348461 ], [ 106.908772696066066, -6.233835263417373 ], [ 106.908772877867833, -6.233820328325809 ], [ 106.908772930841579, -6.233815989210115 ], [ 106.908773179544468, -6.233795569418581 ], [ 106.908774105367442, -6.233719546744956 ], [ 106.908774618336267, -6.233697501273316 ], [ 106.908775441719442, -6.233662106994011 ], [ 106.908778259134081, -6.233541021917985 ], [ 106.908778898063076, -6.233513582849739 ], [ 106.908780442454756, -6.23344721224496 ], [ 106.908781863244215, -6.233386136677976 ], [ 106.908782178394432, -6.233372597985607 ], [ 106.908782208906018, -6.233371291406011 ], [ 106.90878288055093, -6.233368390330422 ], [ 106.908783971887459, -6.233365619738109 ], [ 106.908785458740638, -6.233363040293445 ], [ 106.908787309691363, -6.23336070816635 ], [ 106.908789483362654, -6.233358674137849 ], [ 106.908791932030283, -6.233356982683292 ], [ 106.908794621470136, -6.23335566376291 ], [ 106.908796057064222, -6.233355149538705 ], [ 106.908752903143309, -6.233354262438244 ], [ 106.908737428989127, -6.233353743444271 ], [ 106.908725253487262, -6.233353476511418 ], [ 106.908617815394877, -6.233351116981014 ], [ 106.908420515290672, -6.23334678357342 ], [ 106.908376700288969, -6.233341226285786 ], [ 106.908352497318035, -6.233338155779372 ], [ 106.908302364016706, -6.23333179679181 ], [ 106.908402957179391, -6.231935490413906 ], [ 106.908405198760235, -6.231935497670486 ], [ 106.908406449492148, -6.231935581748161 ], [ 106.908408529824598, -6.231935720687338 ], [ 106.908428255027459, -6.231937038034182 ], [ 106.9084295111834, -6.231937122996263 ], [ 106.908437802691992, -6.231937677052328 ], [ 106.908594082514867, -6.231948127275929 ], [ 106.908656518712149, -6.231952302562933 ], [ 106.908683190705219, -6.231954083886465 ], [ 106.908689619357119, -6.231954425882537 ], [ 106.908695977286342, -6.231954698516442 ], [ 106.908702336790299, -6.231954906951296 ], [ 106.908708698772713, -6.23195505118378 ], [ 106.90871506142652, -6.231955131220482 ], [ 106.908721438300532, -6.231955146108177 ], [ 106.908727787838188, -6.231955096901469 ], [ 106.908734150695977, -6.231954983453162 ], [ 106.908739530430708, -6.231954834686377 ], [ 106.908740326318366, -6.231954811010032 ], [ 106.908740700318361, -6.231954798806463 ], [ 106.908746301176066, -6.231954585949858 ], [ 106.908746664324624, -6.231954571073247 ], [ 106.908749391517887, -6.231954449991897 ], [ 106.908752316139257, -6.231953958406247 ], [ 106.908752401007121, -6.231953941824622 ], [ 106.908756692888318, -6.231953028484779 ], [ 106.908758403453007, -6.23195260096698 ], [ 106.908759903582904, -6.231952195006025 ], [ 106.90876159584279, -6.231951702457122 ], [ 106.90876307950731, -6.231951240499632 ], [ 106.908764752562035, -6.231950683826912 ], [ 106.908766089824255, -6.23195021154997 ], [ 106.908767867283544, -6.231949544195263 ], [ 106.908769310786667, -6.231948969366853 ], [ 106.908770936402959, -6.231948286287582 ], [ 106.908772357122899, -6.231947657293783 ], [ 106.908773955412755, -6.231946912832488 ], [ 106.908775351542843, -6.231946229679862 ], [ 106.908776919798854, -6.231945424750494 ], [ 106.908778288631737, -6.231944688352937 ], [ 106.908780090126555, -6.231943671916746 ], [ 106.908781164785765, -6.231943036038626 ], [ 106.908782667563258, -6.231942112905153 ], [ 106.908783975493932, -6.231941274561357 ], [ 106.908785441929751, -6.231940295503326 ], [ 106.908786717155365, -6.231939407550696 ], [ 106.908788145442571, -6.231938372574672 ], [ 106.908789386162809, -6.231937436828002 ], [ 106.908790773597417, -6.231936347752095 ], [ 106.908791953686858, -6.231935385100998 ], [ 106.908793321890144, -6.231934224668359 ], [ 106.908794487285348, -6.231933196068865 ], [ 106.908795787616697, -6.231932005141478 ], [ 106.908796913102023, -6.231930933288261 ], [ 106.9087981671764, -6.23192969280114 ], [ 106.908799250948121, -6.231928578604744 ], [ 106.908800456064768, -6.231927291280005 ], [ 106.908801491824832, -6.231926141996348 ], [ 106.908802635393926, -6.231924824154019 ], [ 106.908803395569421, -6.231923919079279 ], [ 106.908804713268921, -6.231922284160789 ], [ 106.908810185486885, -6.231914478878266 ], [ 106.908812081223203, -6.231911290378362 ], [ 106.908812593718608, -6.231910350939274 ], [ 106.908818521164235, -6.231897011631781 ], [ 106.908822127344578, -6.231882866106393 ], [ 106.908822136242009, -6.231882828100663 ], [ 106.9088322126332, -6.231843283813652 ], [ 106.908832340919716, -6.231842781556534 ], [ 106.908832350724012, -6.231842744451702 ], [ 106.908840415827768, -6.23181141333827 ], [ 106.908840423857654, -6.231811385281089 ], [ 106.908840433655442, -6.231811346368056 ], [ 106.908840440785113, -6.231811319218313 ], [ 106.908844472845502, -6.231796017576069 ], [ 106.908844500480726, -6.231795914405055 ], [ 106.908844533458193, -6.231795789515615 ], [ 106.908844594064348, -6.231795559646979 ], [ 106.908844672507968, -6.231795265520446 ], [ 106.908845851846294, -6.231790846379833 ], [ 106.908846974156333, -6.231786647149434 ], [ 106.908848708969828, -6.231780181757872 ], [ 106.908852945073193, -6.231764590055124 ], [ 106.908857239961151, -6.231749014413964 ], [ 106.908861593636942, -6.231733455738394 ], [ 106.908866007000938, -6.231717913121241 ], [ 106.908870501471753, -6.23170231325017 ], [ 106.908870820928428, -6.231701209053997 ], [ 106.908871130255434, -6.231699802010658 ], [ 106.908871189038223, -6.231699567627894 ], [ 106.908872107673844, -6.231695260639255 ], [ 106.908873023214539, -6.231690597434254 ], [ 106.908873853003556, -6.231685956238826 ], [ 106.908874612911205, -6.231681228499899 ], [ 106.908875287977054, -6.231676524575461 ], [ 106.908875881687578, -6.231671809191917 ], [ 106.908876394955968, -6.231667085058293 ], [ 106.908876733029757, -6.23166338322675 ], [ 106.908877454113096, -6.231660661894701 ], [ 106.908877427235495, -6.231653227324041 ], [ 106.908877447624633, -6.231652869214377 ], [ 106.908877636453738, -6.231648120939677 ], [ 106.908877743960261, -6.231643370247022 ], [ 106.908877770124604, -6.231638611711607 ], [ 106.908877714121616, -6.231633867035708 ], [ 106.908877577689623, -6.231629117226143 ], [ 106.908877359951575, -6.231624369519177 ], [ 106.908877320663493, -6.231623748523497 ], [ 106.908877256936321, -6.23160612091507 ], [ 106.908875053712308, -6.23160072851792 ], [ 106.908874350074242, -6.231596029584898 ], [ 106.908873557755044, -6.231591292095261 ], [ 106.908872701704226, -6.231586669660991 ], [ 106.908871757888789, -6.231582012283405 ], [ 106.908870734629602, -6.231577372371812 ], [ 106.908869631926692, -6.231572749926381 ], [ 106.908868450693433, -6.231568147656073 ], [ 106.908867190026115, -6.231563565564207 ], [ 106.908865851741666, -6.231559006356679 ], [ 106.908864434939787, -6.231554470940672 ], [ 106.908862941430954, -6.231549960213968 ], [ 106.908861488956234, -6.231545803757977 ], [ 106.908861263532586, -6.231545178011422 ], [ 106.90885972340773, -6.231541018256202 ], [ 106.908857999810081, -6.231536590638359 ], [ 106.908856201328504, -6.231532192223771 ], [ 106.90885432707276, -6.231527826632179 ], [ 106.908852378846362, -6.231523492952988 ], [ 106.908850356655961, -6.231519192994282 ], [ 106.908848260508123, -6.231514928564498 ], [ 106.90884673184712, -6.23151194052133 ], [ 106.908837062676128, -6.23149043370366 ], [ 106.908834241971832, -6.231484181000505 ], [ 106.9088315537536, -6.23147808784894 ], [ 106.908828917855374, -6.231471971904682 ], [ 106.908826333376723, -6.231465834075089 ], [ 106.908823801224713, -6.231459675260973 ], [ 106.908821320492294, -6.231453494561593 ], [ 106.908818893909825, -6.231447297391759 ], [ 106.90881638555183, -6.231440722591273 ], [ 106.908813937664618, -6.2314341303933 ], [ 106.908811547518368, -6.231427515382967 ], [ 106.908809216929569, -6.231420880266204 ], [ 106.908807223489859, -6.23141503594753 ], [ 106.90880575019942, -6.231409869652285 ], [ 106.908804104978501, -6.231403879412008 ], [ 106.908802520231617, -6.231397872678461 ], [ 106.908800993254786, -6.23139185126968 ], [ 106.90879952675877, -6.231385815175853 ], [ 106.9087981189396, -6.231379765307654 ], [ 106.908796771604287, -6.231373701658514 ], [ 106.908795482945948, -6.231367624234955 ], [ 106.908794254774733, -6.231361533934588 ], [ 106.908793100927085, -6.231355509366701 ], [ 106.908792005759679, -6.231349471928531 ], [ 106.908790968375556, -6.231343423431637 ], [ 106.908789990588105, -6.231337365677716 ], [ 106.908789071494041, -6.231331298669918 ], [ 106.908788211096365, -6.231325223312519 ], [ 106.908787410298714, -6.231319139602175 ], [ 106.908786668200861, -6.231313048446279 ], [ 106.908785985706317, -6.231306949841526 ], [ 106.908785362821419, -6.231300845596238 ], [ 106.908785092021617, -6.231297914479978 ], [ 106.90878479956281, -6.231294740230933 ], [ 106.908784269413928, -6.231288296600826 ], [ 106.90878380612223, -6.231281852728691 ], [ 106.908783408767974, -6.231275404097197 ], [ 106.908783077357583, -6.231268952514645 ], [ 106.908782811891101, -6.231262497980902 ], [ 106.908782612368569, -6.231256040496035 ], [ 106.90878247969674, -6.231249580960996 ], [ 106.908782412075041, -6.231243121190407 ], [ 106.908782410815306, -6.231236274211563 ], [ 106.908780634286032, -6.231055487912557 ], [ 106.908780088180848, -6.23099988855034 ], [ 106.908779363798942, -6.230926211735479 ], [ 106.908779043647527, -6.230893629824196 ], [ 106.908778962286448, -6.230885368170338 ], [ 106.908778898257168, -6.230878902057769 ], [ 106.908778668123958, -6.23085547685858 ], [ 106.908778547989897, -6.230843237168975 ], [ 106.908778186881293, -6.230806572350494 ], [ 106.908778161324619, -6.230804001094707 ], [ 106.908777641350028, -6.230751129400264 ], [ 106.908777321313281, -6.23071857822871 ], [ 106.90877623696889, -6.230608298975089 ], [ 106.908774273274517, -6.230231720176389 ] ] ] } },
{ "type": "Feature", "properties": { "OBJECTID": 254, "toponimi": "Sal. Phb Naga Raya", "kewenangan": "Pemprov DKI", "jenis": "Saluran Drainase Tersier", "panjang": "2039", "lebar": "1.2", "kedalaman": "1.5", "kota": "Jakarta Timur", "kecamatan": "Duren Sawit", "lebar_min": 1.2, "lebar_max": 1.2, "kedalaman_": 1.5, "kedalaman1": 1.5, "Shape_Leng": 1.32341246407 }, "geometry": { "type": "MultiLineString", "coordinates": [ [ [ 106.91494104679083, -6.227139032262538 ], [ 106.914866157157888, -6.227106750024452 ], [ 106.914847903611033, -6.227097607725946 ], [ 106.914845333975862, -6.227096320531924 ], [ 106.914836527162336, -6.227091909607958 ], [ 106.914819608667955, -6.227083436038503 ], [ 106.914685736064712, -6.227016384392308 ], [ 106.914594586022901, -6.226970731191831 ], [ 106.914593759570721, -6.226970295688529 ], [ 106.914285489234118, -6.226799585507722 ], [ 106.914125360381107, -6.226707223827638 ], [ 106.913988781096535, -6.226628445276039 ], [ 106.913859628858958, -6.226554277918182 ], [ 106.913835074607206, -6.226540176677634 ], [ 106.913640492108968, -6.226428434991623 ], [ 106.91363885034319, -6.226427395772767 ], [ 106.913336823498938, -6.226217496251955 ], [ 106.913335447365881, -6.226216459685153 ], [ 106.913329580050643, -6.226211679130727 ], [ 106.913323692466392, -6.226206790154298 ], [ 106.913317819043172, -6.226201819754762 ], [ 106.913312006908242, -6.226196808447157 ], [ 106.913306242460692, -6.226191742718892 ], [ 106.91330052570693, -6.226186624378064 ], [ 106.913294856643859, -6.226181452520676 ], [ 106.913289236178031, -6.226176228047539 ], [ 106.913283664309603, -6.226170950958616 ], [ 106.91327814284854, -6.22616562215151 ], [ 106.913272669988274, -6.226160241632754 ], [ 106.913267248445507, -6.226154811200838 ], [ 106.913261876410033, -6.226149329958051 ], [ 106.913256557499011, -6.226143798795508 ], [ 106.913251289005359, -6.226138218627215 ], [ 106.913246073639328, -6.226132589443166 ], [ 106.913240910497805, -6.226126911246807 ], [ 106.913235799587014, -6.226121185846216 ], [ 106.913230743614193, -6.226115412327588 ], [ 106.913225721724231, -6.226109569971577 ], [ 106.913220793791581, -6.226103726370686 ], [ 106.913215899938535, -6.226097813028279 ], [ 106.913211061943258, -6.226091856085045 ], [ 106.913206279796015, -6.226085852828722 ], [ 106.913201554409966, -6.226079805968295 ], [ 106.913196884881657, -6.226073715507215 ], [ 106.913192272111431, -6.226067580537888 ], [ 106.913187717915875, -6.226061403766312 ], [ 106.913183220488165, -6.226055185198824 ], [ 106.913178780728245, -6.226048923928167 ], [ 106.913174400449947, -6.226042621756058 ], [ 106.913170078749644, -6.226036278685706 ], [ 106.913165815630478, -6.226029895621194 ], [ 106.913161612906194, -6.226023474364357 ], [ 106.913158565443013, -6.226018721557605 ], [ 106.913047611527446, -6.225897209238886 ], [ 106.912821270894966, -6.22566402933611 ], [ 106.912661557515179, -6.225536285140898 ], [ 106.912656537902251, -6.225532566566657 ], [ 106.912651123882341, -6.225528462454421 ], [ 106.912645755726544, -6.225524299407635 ], [ 106.912640432531319, -6.225520077429305 ], [ 106.912635157006918, -6.225515796509795 ], [ 106.912629948191849, -6.225511474662695 ], [ 106.912624749887925, -6.22550706146034 ], [ 106.912619618299658, -6.225502609138597 ], [ 106.91261453709599, -6.225498098769908 ], [ 106.912609505386683, -6.225493533974003 ], [ 106.912604524068485, -6.225488912939451 ], [ 106.912599594054754, -6.225484238375277 ], [ 106.912594716242438, -6.225479508469921 ], [ 106.912589890641328, -6.225474725935855 ], [ 106.912585118151583, -6.225469889865671 ], [ 106.912580399679982, -6.225465001160093 ], [ 106.912575735229865, -6.22546006072341 ], [ 106.912571125707771, -6.225455069456295 ], [ 106.912566571113857, -6.225450027358833 ], [ 106.912562072354845, -6.225444935331918 ], [ 106.912557630334149, -6.225439793372229 ], [ 106.912553271373284, -6.225434634837121 ], [ 106.912548917430826, -6.22542936507595 ], [ 106.912544647454979, -6.225424079640122 ], [ 106.912540436937775, -6.225418746974132 ], [ 106.912536284978856, -6.225413367985274 ], [ 106.91253219158142, -6.225407943577698 ], [ 106.91252815945937, -6.225402474645716 ], [ 106.912524187709238, -6.225396961192551 ], [ 106.91252027723759, -6.225391404119136 ], [ 106.912516427144212, -6.225385804332722 ], [ 106.912512640142936, -6.225380162727727 ], [ 106.912508915330321, -6.22537447930737 ], [ 106.912505253612892, -6.225368754972518 ], [ 106.912501719525949, -6.225363097080692 ], [ 106.912501355948763, -6.225362492631611 ], [ 106.912500448941046, -6.225360767223357 ], [ 106.912497251406535, -6.225353987895819 ], [ 106.912494056267803, -6.225347371302914 ], [ 106.912490761581566, -6.225340708960075 ], [ 106.912487444694733, -6.22533415338483 ], [ 106.912484028266874, -6.225327553867931 ], [ 106.912480568715011, -6.22532102141284 ], [ 106.912477091486409, -6.225314597517187 ], [ 106.912473512919689, -6.225308132398819 ], [ 106.91246987483882, -6.225301699140498 ], [ 106.912466201804563, -6.225295343763896 ], [ 106.912462421071695, -6.225288937242159 ], [ 106.912458606295274, -6.225282610407076 ], [ 106.912454732914838, -6.225276317237078 ], [ 106.912450845465187, -6.22527013080525 ], [ 106.912446856703497, -6.225263910383533 ], [ 106.912442812071063, -6.225257729945901 ], [ 106.912438709751271, -6.22525158678654 ], [ 106.912434519769405, -6.22524543671175 ], [ 106.912430349300308, -6.225239435747445 ], [ 106.912426078451873, -6.225233408927073 ], [ 106.912421751732893, -6.225227422090814 ], [ 106.912417417259121, -6.225221539257387 ], [ 106.912412946113733, -6.22521558820527 ], [ 106.91240845540635, -6.225209724020424 ], [ 106.912403876153206, -6.22520385834807 ], [ 106.912399278244777, -6.225198080443792 ], [ 106.91239602659013, -6.225194071562993 ], [ 106.912387744189147, -6.225187260931181 ], [ 106.912377596314514, -6.225179007739226 ], [ 106.912367502235099, -6.225170889971384 ], [ 106.912357333276589, -6.225162802310876 ], [ 106.912351746558045, -6.225158409498036 ], [ 106.912311993798411, -6.225108750473717 ], [ 106.912305937239651, -6.225095108311717 ], [ 106.912294733722291, -6.225087497257161 ], [ 106.912269656329357, -6.225076357020198 ], [ 106.912238324911854, -6.225065418457494 ], [ 106.91219942508279, -6.225053229777361 ], [ 106.912198359472399, -6.225052865657281 ], [ 106.912142346069899, -6.225031697678966 ], [ 106.912141143562366, -6.225031202956006 ], [ 106.912062736614899, -6.224996291051002 ], [ 106.911944691882169, -6.224945489786986 ], [ 106.911881596740628, -6.224920736333572 ], [ 106.911881103624182, -6.224920536498854 ], [ 106.911810885578049, -6.224891060347259 ], [ 106.911723556696217, -6.224858354221756 ], [ 106.911667496444267, -6.224842211502957 ], [ 106.911608214885504, -6.224828200627503 ], [ 106.91151876491837, -6.224807058728567 ], [ 106.911435305219797, -6.224789478185929 ], [ 106.911434406412809, -6.224789269874351 ], [ 106.91131357778734, -6.224758608967539 ], [ 106.911311385315628, -6.224757931576149 ], [ 106.911125581806857, -6.224689118346099 ], [ 106.910947190877238, -6.22461917787403 ], [ 106.910748940580376, -6.224544703576701 ], [ 106.910677283078428, -6.224519895049188 ], [ 106.910676389228485, -6.224519558331712 ], [ 106.910632101689245, -6.224501777078522 ], [ 106.9106303134961, -6.224500967121593 ], [ 106.910574035145885, -6.224472464690205 ], [ 106.910572912636653, -6.22447185575281 ], [ 106.910534803716601, -6.224449506159116 ], [ 106.910532189817616, -6.224447715496588 ], [ 106.91050648905312, -6.224427320021852 ], [ 106.910506066794625, -6.224426977076557 ], [ 106.910504027011086, -6.224425049620486 ], [ 106.910468527759249, -6.224387069012527 ], [ 106.910426840845204, -6.224345651592047 ], [ 106.910425999233226, -6.224344769494433 ], [ 106.910383997637837, -6.224298274707586 ], [ 106.910383503198929, -6.224297708703165 ], [ 106.910382464828473, -6.224296381581255 ], [ 106.910333389896238, -6.224228622829488 ], [ 106.910287936480287, -6.224169219594401 ], [ 106.910287562430852, -6.224168716443294 ], [ 106.910261966306408, -6.224133267704431 ], [ 106.910243090926286, -6.224111514821736 ], [ 106.910222102750637, -6.224091380743658 ], [ 106.910207449938113, -6.224079803936791 ], [ 106.910182905415624, -6.22406659480195 ], [ 106.910147413955087, -6.224053261628935 ], [ 106.910118936376634, -6.224046988744371 ], [ 106.910066590107803, -6.224041018309143 ], [ 106.909981606696007, -6.224040036504948 ], [ 106.909973927749036, -6.224039947655351 ], [ 106.909855645130037, -6.224047508285572 ], [ 106.909838028992226, -6.22404845354553 ], [ 106.909813054582344, -6.224049794310932 ], [ 106.909770463126591, -6.224052079432154 ], [ 106.909724614345535, -6.224058533526525 ], [ 106.909697709014296, -6.224062321520701 ], [ 106.90967080367902, -6.224066108609522 ], [ 106.909667014628411, -6.224066642191633 ], [ 106.909549709466432, -6.224085688913668 ], [ 106.909548477724712, -6.22408585430458 ], [ 106.909436449245888, -6.224097760078259 ], [ 106.909351883951345, -6.224105241135407 ], [ 106.909297631789286, -6.224111155083514 ], [ 106.909295912914473, -6.224111276125067 ], [ 106.909276163452788, -6.224111912637264 ], [ 106.909246550099866, -6.224112866912949 ], [ 106.909245718999031, -6.22411289342625 ], [ 106.909245073959298, -6.22411290480051 ], [ 106.909017028197212, -6.22411372953623 ], [ 106.909015717135432, -6.224113696303942 ], [ 106.908898953454312, -6.22410732580889 ], [ 106.908892317931858, -6.224106963739559 ], [ 106.908844949839391, -6.224104262599733 ], [ 106.908842392852279, -6.224103969865983 ], [ 106.908841884763405, -6.224103876769468 ], [ 106.908806471451655, -6.224096922763146 ], [ 106.908806003118329, -6.22409683042697 ], [ 106.90880369354214, -6.22409624838056 ], [ 106.90878071966965, -6.224089154458503 ], [ 106.90877973007332, -6.224088823508271 ], [ 106.908776481294169, -6.224087354288593 ], [ 106.908750450061419, -6.224073003109654 ], [ 106.908747054488259, -6.224070663742185 ], [ 106.908745942345178, -6.224069672315083 ], [ 106.908742020430466, -6.224065937968096 ], [ 106.908735615361906, -6.224059839255313 ], [ 106.908728584746342, -6.2240531451735 ], [ 106.908711227148615, -6.224036618030969 ], [ 106.908702967770736, -6.224028412163489 ], [ 106.908672190742223, -6.223997837229883 ], [ 106.908631886727491, -6.223957794319254 ], [ 106.908631241946779, -6.223957126689309 ], [ 106.908580736184206, -6.223902646420026 ], [ 106.908532573149571, -6.22384916939595 ], [ 106.90848650707396, -6.22380895291036 ], [ 106.90844453230406, -6.223775595738684 ], [ 106.90839449940998, -6.223742477450124 ], [ 106.908355092858187, -6.223721532844857 ], [ 106.908300736164648, -6.223691729349267 ], [ 106.908244215105768, -6.223663525844903 ], [ 106.908178718577048, -6.223632468786662 ], [ 106.908125931873528, -6.223609851958503 ], [ 106.908104048137716, -6.223600399699151 ], [ 106.908070452477901, -6.223585888658408 ], [ 106.90802077409586, -6.223567628442131 ], [ 106.908019463953849, -6.223567098835417 ], [ 106.907967748198431, -6.223544320797902 ], [ 106.907965948881724, -6.223543431306282 ], [ 106.907914049452572, -6.223514819564662 ], [ 106.90791324726878, -6.223514346890512 ], [ 106.907859710932129, -6.223481279167833 ], [ 106.907833734407319, -6.223464299418426 ], [ 106.90780194596158, -6.223442597594771 ], [ 106.907760722454611, -6.22341611536128 ], [ 106.90775379210217, -6.223411663144256 ], [ 106.907710781330223, -6.223386878994087 ], [ 106.907652292741531, -6.22336123126347 ], [ 106.907616090632658, -6.22332519951371 ], [ 106.90761997682884, -6.2233125267234 ], [ 106.907632436569699, -6.22326217490907 ], [ 106.907641201690865, -6.223211235196841 ], [ 106.907646316942433, -6.223159339443328 ], [ 106.907648650462221, -6.223124990280042 ], [ 106.907646017033443, -6.223091989945059 ], [ 106.907638626892449, -6.223060012190925 ], [ 106.907634792297173, -6.223050926863735 ], [ 106.907629496100157, -6.223042402858436 ], [ 106.907622931152829, -6.223034804747349 ], [ 106.907615263496837, -6.223028328127118 ], [ 106.907606683426394, -6.223023129629024 ], [ 106.907597394670745, -6.223019333287234 ], [ 106.90758762795825, -6.223017034106054 ], [ 106.907576589060895, -6.223016211447608 ], [ 106.907466284734355, -6.22301517058358 ], [ 106.90727338759369, -6.223022157483931 ], [ 106.907128779227079, -6.223028624514103 ], [ 106.906985194233897, -6.223041035190232 ], [ 106.906790058050646, -6.223070273465639 ], [ 106.906788702517758, -6.223070434776002 ], [ 106.906723873636992, -6.223076169641946 ], [ 106.906722639761739, -6.223076244620248 ], [ 106.906657594772227, -6.223078423402689 ], [ 106.906656920825057, -6.223078435781905 ], [ 106.906656358845424, -6.223078430578277 ], [ 106.906591291966677, -6.223077045342198 ], [ 106.906588514756166, -6.223076813967793 ], [ 106.906547387761833, -6.22307081528526 ], [ 106.906546804686315, -6.223070722456853 ], [ 106.906545350813502, -6.223070421206009 ], [ 106.906504948431902, -6.223060671370568 ], [ 106.906502955988458, -6.223060091783341 ], [ 106.906470901948097, -6.223049155414113 ], [ 106.906470762642215, -6.223049107998112 ], [ 106.90646343729864, -6.223046609207341 ], [ 106.906459682600101, -6.22304489406399 ], [ 106.906458193023894, -6.223043961857428 ], [ 106.906438088314275, -6.223030263612134 ], [ 106.906434258111659, -6.223027653650062 ], [ 106.906410066885272, -6.223011170060973 ], [ 106.906360572315108, -6.222981977125556 ], [ 106.906310125335494, -6.222956500894468 ], [ 106.906263663475656, -6.222941269460114 ], [ 106.906215343972747, -6.222931021976961 ], [ 106.906166213141418, -6.222926034948424 ], [ 106.906115795077397, -6.222926371573863 ], [ 106.905854994696611, -6.222932164611917 ], [ 106.905597272552882, -6.222936493471313 ], [ 106.905595957910307, -6.222936469283822 ], [ 106.905535282697755, -6.222933550926085 ], [ 106.905474412296741, -6.222930622416025 ], [ 106.905427218675356, -6.222927940193054 ], [ 106.905372474979686, -6.222924829528939 ], [ 106.905318892491422, -6.222914264613126 ], [ 106.905251430905835, -6.222900963236063 ], [ 106.904912879098106, -6.222844540874254 ], [ 106.904721363369376, -6.222818239798482 ] ] ] } },
{ "type": "Feature", "properties": { "OBJECTID": 255, "toponimi": "Sal. Phb Melur", "kewenangan": "Pemprov DKI", "jenis": "Saluran Drainase Tersier", "panjang": "2954", "lebar": "2.6", "kedalaman": "1.45", "kota": "Jakarta Timur", "kecamatan": "Duren Sawit", "lebar_min": 2.6, "lebar_max": 2.6, "kedalaman_": 1.5, "kedalaman1": 1.5, "Shape_Leng": 3.8035624648500002 }, "geometry": { "type": "MultiLineString", "coordinates": [ [ [ 106.905441224244242, -6.22904684432182 ], [ 106.905446632435485, -6.228953399849371 ], [ 106.905451987027817, -6.228860875073625 ], [ 106.905452798391593, -6.22884685808588 ], [ 106.905459542670386, -6.228730321759062 ], [ 106.905461397541671, -6.228698265362856 ], [ 106.905461594109326, -6.228694149040702 ], [ 106.905464917590663, -6.228624394047269 ], [ 106.905473986588959, -6.228539932472892 ], [ 106.905474796373895, -6.228534745250921 ], [ 106.905481307415968, -6.228493062914001 ], [ 106.905486851013151, -6.228460950699762 ], [ 106.905488231598326, -6.22845295227574 ], [ 106.905492394610093, -6.228428838485669 ], [ 106.905492614092523, -6.228427818735343 ], [ 106.905500378347952, -6.228391669684848 ], [ 106.905505133054177, -6.228369535616499 ], [ 106.9055141768429, -6.228340205433896 ], [ 106.905514498078404, -6.22833909128623 ], [ 106.905525592079968, -6.228297795639328 ], [ 106.905559766736403, -6.228193951905102 ], [ 106.905591773992228, -6.228107158901834 ], [ 106.905608449858349, -6.228062147903874 ], [ 106.905612061169805, -6.228052403679674 ], [ 106.90561239560482, -6.228051442282853 ], [ 106.90561293092405, -6.228049815622855 ], [ 106.905636736089292, -6.227977478588372 ], [ 106.905648897228531, -6.227945988927956 ], [ 106.905665106999962, -6.227904013883599 ], [ 106.905683767622719, -6.227855694729394 ], [ 106.9057127723501, -6.227782364260284 ], [ 106.905717348322398, -6.227770795628992 ], [ 106.905733764265506, -6.227737638750055 ], [ 106.905739642862898, -6.227725765241487 ], [ 106.90576574537134, -6.227671158992894 ], [ 106.905808570844272, -6.227597881672911 ], [ 106.905808916554093, -6.227597290929743 ], [ 106.90584676447294, -6.227530453643387 ], [ 106.90586341925669, -6.227503150160246 ], [ 106.905891719719875, -6.227456754537199 ], [ 106.905916577151444, -6.22742016672301 ], [ 106.905960910530951, -6.227354912652017 ], [ 106.905982060096989, -6.227328853292303 ], [ 106.905646619088856, -6.227069852843597 ], [ 106.905622887605617, -6.227051387557974 ], [ 106.905645641727503, -6.22702231074935 ], [ 106.905656310557745, -6.227008676775113 ], [ 106.905939465674791, -6.226646844606281 ], [ 106.906394203729334, -6.226083848790656 ], [ 106.906306001166911, -6.225905403268731 ], [ 106.906285078907132, -6.225888261451173 ], [ 106.906222488843099, -6.225836982726367 ], [ 106.906028497042826, -6.225678047043797 ], [ 106.905786562468833, -6.225479832549746 ], [ 106.905785571226787, -6.22547904591717 ], [ 106.905316778187043, -6.225118752635055 ], [ 106.905315263569307, -6.225117642402615 ], [ 106.905162128135174, -6.225010505710782 ], [ 106.905117678760803, -6.224979407560033 ], [ 106.904905347338058, -6.224830855424586 ], [ 106.904895412803725, -6.224825621085641 ], [ 106.904894050534807, -6.224825168510563 ], [ 106.904673778022755, -6.224687250384111 ], [ 106.904625115470779, -6.224288202318036 ] ], [ [ 106.904863052633033, -6.229036361501741 ], [ 106.904977708133003, -6.229035000812021 ], [ 106.905378026000079, -6.229044236348197 ], [ 106.905389846375073, -6.22904450919245 ], [ 106.905390556602839, -6.229044533750879 ], [ 106.905441224244242, -6.22904684432182 ] ], [ [ 106.909237590317673, -6.226375709204063 ], [ 106.909171116978001, -6.226457760887137 ], [ 106.909051779188573, -6.226605065082492 ], [ 106.909028868836501, -6.226633344194306 ], [ 106.90897343191341, -6.226701773184066 ], [ 106.908912666797036, -6.226775854183699 ], [ 106.908883377548335, -6.226818051055187 ], [ 106.908861834046903, -6.226849554776233 ], [ 106.908855668742632, -6.226858569566738 ], [ 106.908843499137987, -6.226880902228829 ], [ 106.908825115040557, -6.226914640381734 ], [ 106.908793074419506, -6.226976522905394 ], [ 106.908765340044212, -6.22704523231511 ], [ 106.90874584456563, -6.227100204390092 ], [ 106.908726863238186, -6.227161699719375 ], [ 106.908722861575214, -6.227174664064712 ], [ 106.908718860808975, -6.227187626598468 ], [ 106.908666779351691, -6.227356358598509 ], [ 106.908632990661658, -6.227483575441627 ], [ 106.908627853888717, -6.227503700091477 ], [ 106.908623498418862, -6.227520765951851 ], [ 106.908618414663977, -6.227557318472223 ], [ 106.90861825175493, -6.22755849081548 ], [ 106.90861287536103, -6.227640837731055 ], [ 106.908600831217811, -6.227811954661304 ], [ 106.908598274572128, -6.227848276528118 ], [ 106.908593773168178, -6.227912230252321 ], [ 106.908587223054326, -6.228007302539862 ], [ 106.908584978150998, -6.228039883792819 ], [ 106.908581543393723, -6.228089730117372 ], [ 106.908580113409712, -6.228134809843091 ], [ 106.908578963294218, -6.228171077798624 ], [ 106.908572546054771, -6.228373451886014 ], [ 106.908572512617297, -6.228374199723455 ], [ 106.908568190530502, -6.228447021421869 ], [ 106.908567877970299, -6.228452285499848 ], [ 106.908565734377447, -6.228488399731001 ], [ 106.908564730266974, -6.22850531061553 ], [ 106.90856318200909, -6.228531404920109 ], [ 106.908552228961156, -6.228715925267629 ], [ 106.908549575816878, -6.228758043869104 ], [ 106.908547300356986, -6.228794168523131 ], [ 106.908528951446911, -6.229085475432847 ], [ 106.908528686544301, -6.229089676080274 ], [ 106.908474462272892, -6.229088202343641 ], [ 106.90843230068991, -6.229087056555874 ], [ 106.908423799884218, -6.229086826018333 ], [ 106.90811457124974, -6.229078424225838 ], [ 106.90798843590639, -6.229064420725327 ], [ 106.907622629306459, -6.229060788248681 ], [ 106.907559391295834, -6.229060159828643 ], [ 106.907060733347379, -6.229055207257658 ], [ 106.906534882814569, -6.229055183276128 ], [ 106.906471637989526, -6.229055180408855 ], [ 106.905623186223735, -6.229055140604087 ], [ 106.905441224244242, -6.22904684432182 ] ], [ [ 106.904625115470779, -6.224288202318036 ], [ 106.90465240184534, -6.224267265402251 ], [ 106.904712871160328, -6.224212987283743 ], [ 106.904767129241975, -6.224152491246435 ], [ 106.904814538976026, -6.224086483911015 ], [ 106.904854547512684, -6.224015738499373 ], [ 106.904886686220522, -6.223941082177086 ], [ 106.904912006815451, -6.223858521210397 ], [ 106.904941622316372, -6.223777404921837 ], [ 106.904975452207538, -6.22369795511444 ], [ 106.90500441930476, -6.223628457469298 ], [ 106.905037087607639, -6.223560623635834 ], [ 106.905073362054438, -6.223494650153786 ], [ 106.905113135822333, -6.223430729084269 ], [ 106.905153558868435, -6.223366972031963 ], [ 106.905194335071315, -6.223303439738296 ], [ 106.905235462637151, -6.223240135826071 ], [ 106.905276941568943, -6.223177061199474 ], [ 106.905318769162804, -6.223114217676358 ], [ 106.905360974419182, -6.223045362114235 ], [ 106.905401385122573, -6.222975436205739 ], [ 106.905416732854775, -6.222947218886777 ], [ 106.905439975249195, -6.222904488868312 ], [ 106.905476718762316, -6.222832565402824 ], [ 106.905517877659818, -6.222760172128215 ], [ 106.905559243874393, -6.222687898355066 ], [ 106.905600817399105, -6.22261574227513 ], [ 106.905642597340503, -6.222543706603973 ], [ 106.905684582791793, -6.222471790440778 ], [ 106.905732927151035, -6.222398445401026 ], [ 106.905781953450656, -6.222325554486551 ], [ 106.905831657198974, -6.222253124946405 ], [ 106.905882033898166, -6.222181162221486 ], [ 106.90593307905678, -6.222109673560953 ], [ 106.905987011987506, -6.222047789926943 ], [ 106.906038216331424, -6.221983625971978 ], [ 106.906086594045732, -6.221917302300119 ], [ 106.906132056141573, -6.221848944907751 ], [ 106.906174516340783, -6.221778679781287 ], [ 106.9062143845848, -6.221697918894763 ], [ 106.906254252819267, -6.221617158008732 ], [ 106.906294121047864, -6.22153639802733 ], [ 106.906333989263743, -6.221455637142286 ], [ 106.906373857470356, -6.221374876257701 ], [ 106.906423508126906, -6.22132084418921 ], [ 106.906477042222306, -6.221270663266391 ], [ 106.906510079202931, -6.221244026706962 ] ], [ [ 106.904625115470779, -6.224288202318036 ], [ 106.904597884654308, -6.223904508645725 ], [ 106.904634047943148, -6.223591479344713 ], [ 106.90470248589601, -6.223080260621256 ], [ 106.904724910175787, -6.222769015030176 ], [ 106.904760110198268, -6.222586603935548 ], [ 106.904870115000634, -6.222068058302821 ], [ 106.904953303822097, -6.221670176496944 ], [ 106.905023490909187, -6.221246505100438 ], [ 106.905101432912787, -6.220984997287669 ], [ 106.905037731769951, -6.220820165799227 ], [ 106.904932853659943, -6.220372725984591 ], [ 106.904932703766093, -6.220331102039532 ], [ 106.904966691365146, -6.220210413300844 ], [ 106.905109360700862, -6.2200003423929 ], [ 106.90529218952851, -6.219790127537773 ], [ 106.905584844054914, -6.219410148903937 ], [ 106.905804568834938, -6.219090716372015 ], [ 106.905935800812642, -6.218890734308692 ], [ 106.906119530200172, -6.218532678680115 ], [ 106.906143906568275, -6.218531155879766 ], [ 106.906257320134856, -6.218560887775556 ], [ 106.906514353681004, -6.218644644116287 ], [ 106.907187778517624, -6.218836621960905 ] ], [ [ 106.906510079202931, -6.221244026706962 ], [ 106.906534160801328, -6.221224610327457 ], [ 106.906594548575484, -6.221182942378972 ], [ 106.906657869382315, -6.221145890282813 ], [ 106.906667550539041, -6.221067072859257 ], [ 106.906680800477872, -6.220988776894642 ], [ 106.906697591773366, -6.220911164327991 ], [ 106.906717888862218, -6.220834395319173 ], [ 106.906741651657583, -6.22075862823602 ], [ 106.906768829227758, -6.220684020581434 ], [ 106.90679936610762, -6.220610725353908 ], [ 106.906846903740927, -6.220553767902207 ], [ 106.906884710573621, -6.220489926255707 ], [ 106.906911811383026, -6.220420848553054 ], [ 106.906927504283502, -6.220348318469214 ], [ 106.906963554843614, -6.220270717751962 ], [ 106.9070049872971, -6.22019585611239 ], [ 106.907051594285477, -6.220124106800863 ], [ 106.907103144905989, -6.220055827782283 ], [ 106.907159381086984, -6.219991359036728 ], [ 106.907220023005848, -6.219931021635941 ], [ 106.907268701230478, -6.219862177051584 ], [ 106.907315341598178, -6.219791933899074 ], [ 106.907359905479495, -6.219720352895113 ], [ 106.907402353347933, -6.219647496567852 ], [ 106.907442649284846, -6.219573425624291 ], [ 106.907480759194286, -6.219498205285189 ] ], [ [ 106.907187778517624, -6.218836621960905 ], [ 106.907181016415137, -6.21885576695691 ], [ 106.907153136330393, -6.218925946879868 ], [ 106.907121885646148, -6.218994689646905 ], [ 106.907087336960885, -6.219061834059981 ], [ 106.907048839438275, -6.21912778751943 ], [ 106.907003391250342, -6.21918915047377 ], [ 106.906951532751492, -6.219245194048797 ], [ 106.906893882212728, -6.219295249665703 ], [ 106.906831125025434, -6.219338721737875 ], [ 106.906770387019094, -6.219399223986922 ], [ 106.906733799415548, -6.219459675232086 ], [ 106.906700767899679, -6.219522144323259 ], [ 106.906671401935228, -6.219586420203063 ], [ 106.906645801035182, -6.219652288233156 ], [ 106.906628669403986, -6.2197284789157 ], [ 106.906623887291971, -6.21980642696152 ], [ 106.906631576730334, -6.219884142837679 ], [ 106.906639667511996, -6.219965673606878 ], [ 106.906647611085432, -6.220047218468368 ], [ 106.906655407450302, -6.220128777422116 ], [ 106.906662500521463, -6.220200699958496 ], [ 106.906655741720641, -6.220272654411969 ], [ 106.906635378992718, -6.220341994397541 ], [ 106.906604191015475, -6.220411870731766 ], [ 106.906575647923148, -6.220482870397332 ], [ 106.906561266818997, -6.220558911921911 ], [ 106.906553695078799, -6.220635931550424 ], [ 106.906552991944565, -6.22071331968333 ], [ 106.906550891753781, -6.220793884555425 ], [ 106.906548792466381, -6.220874448520181 ], [ 106.906546692281864, -6.220955013392222 ], [ 106.906544592100531, -6.221035578264234 ], [ 106.906530087350433, -6.221123184091907 ], [ 106.906515582603106, -6.22121079082453 ], [ 106.906510079202931, -6.221244026706962 ] ], [ [ 106.907187778517624, -6.218836621960905 ], [ 106.907208007575676, -6.218779346307129 ], [ 106.90723843389668, -6.218704230578189 ], [ 106.907272235395951, -6.218630572784604 ], [ 106.907311833623879, -6.218553433048387 ], [ 106.90735710717955, -6.218479486110136 ], [ 106.907407800978433, -6.218409148790381 ], [ 106.907463627344228, -6.218342819040484 ], [ 106.907505871034559, -6.218279757937926 ], [ 106.90754457139019, -6.218214459242581 ], [ 106.907579608966543, -6.218147121390912 ], [ 106.907610878804334, -6.218077950904419 ], [ 106.90765118644326, -6.218029204678102 ], [ 106.907694922900518, -6.217983514695411 ], [ 106.907741858665133, -6.217941123187314 ], [ 106.908067089337635, -6.217447636518611 ], [ 106.908101799760729, -6.217416883727467 ], [ 106.908120610585158, -6.217374481648515 ], [ 106.908149362139525, -6.217303992991111 ], [ 106.908182242797935, -6.217235336565844 ], [ 106.908219136880632, -6.217168753289033 ], [ 106.908259915136355, -6.217104478701192 ], [ 106.908304432019747, -6.217042739360124 ], [ 106.908354974642691, -6.216980402327618 ], [ 106.908405517254423, -6.216918065293833 ], [ 106.908456060758553, -6.216855728255406 ], [ 106.908506603348101, -6.216793391218944 ], [ 106.908557145926423, -6.216731054181119 ], [ 106.908644644157533, -6.216728971525047 ], [ 106.908731207254974, -6.216741908045771 ], [ 106.908784645080218, -6.216712052307633 ], [ 106.908812654319377, -6.216657217748715 ], [ 106.908845323970411, -6.216587451807591 ], [ 106.908879039822651, -6.216518186593662 ], [ 106.908913795606992, -6.216449437499559 ], [ 106.908949582347034, -6.216381220832026 ], [ 106.908986392867064, -6.216313551082971 ], [ 106.909031564027927, -6.21623887214764 ], [ 106.909076763243746, -6.216164209385214 ], [ 106.909121989614263, -6.21608956370299 ], [ 106.909167244042834, -6.216014935097699 ], [ 106.909212526529615, -6.215940323569369 ], [ 106.909257836167825, -6.215865728217142 ], [ 106.909303173864089, -6.215791149941817 ], [ 106.909348538715093, -6.215716588746686 ], [ 106.90938923435759, -6.215649259383221 ], [ 106.909429904639438, -6.21558191474111 ], [ 106.909470550463993, -6.215514554816973 ], [ 106.90951117093131, -6.215447180518095 ], [ 106.90955176603461, -6.215379790036411 ], [ 106.909592336683957, -6.215312385176797 ], [ 106.90962916694734, -6.215238201997083 ], [ 106.909666543882778, -6.21516429350696 ], [ 106.909704464792839, -6.215090663332727 ], [ 106.909742929693607, -6.215017315994846 ], [ 106.909781934077458, -6.214944254221951 ], [ 106.909821477060149, -6.21487148344186 ], [ 106.909861556847616, -6.214799007277686 ], [ 106.909898124243014, -6.214719841480609 ], [ 106.909932973177987, -6.214639903435703 ], [ 106.909966085714714, -6.214559229373018 ], [ 106.909997447539197, -6.214477858222064 ], [ 106.910027044327805, -6.214395826200093 ], [ 106.910054860869352, -6.214313174047714 ], [ 106.910097751323178, -6.214068154270307 ] ] ] } },
{ "type": "Feature", "properties": { "OBJECTID": 256, "toponimi": "Sal. Phb Tegal Amba", "kewenangan": "Pemprov DKI", "jenis": "Saluran Drainase Tersier", "panjang": "1368", "lebar": "7", "kedalaman": "2.5", "kota": "Jakarta Timur", "kecamatan": "Duren Sawit", "lebar_min": 7.0, "lebar_max": 7.0, "kedalaman_": 2.5, "kedalaman1": 2.5, "Shape_Leng": 1.6629620389299999 }, "geometry": { "type": "MultiLineString", "coordinates": [ [ [ 106.901825144768765, -6.230082664161158 ], [ 106.901833059844279, -6.229604568152378 ], [ 106.901633400622316, -6.229588464818081 ], [ 106.90166386976334, -6.229264463194395 ], [ 106.901689609986775, -6.229212479393363 ], [ 106.901860627293033, -6.22888997552172 ], [ 106.901903428479898, -6.228826826531985 ], [ 106.901946229657824, -6.228763677541798 ], [ 106.901989030826812, -6.22870052855111 ], [ 106.90203181246477, -6.22863195753584 ], [ 106.902074594093378, -6.228563386520247 ], [ 106.902117376619131, -6.22849481640541 ], [ 106.902160158228796, -6.228426245389388 ], [ 106.902202939828868, -6.228357674373056 ], [ 106.90224033744191, -6.228287567659262 ], [ 106.902277735046951, -6.228217460945678 ], [ 106.902315131740707, -6.228147354235514 ], [ 106.902352529329946, -6.228077247522272 ], [ 106.902395783656516, -6.228007239939808 ], [ 106.90243903887351, -6.227937231449734 ], [ 106.902482293180668, -6.227867223866792 ], [ 106.902525548378236, -6.227797215376241 ], [ 106.902568802665954, -6.227727207792819 ], [ 106.902599668892435, -6.227668886514842 ], [ 106.902630534210076, -6.227610565240322 ], [ 106.902661400425814, -6.227552243962707 ], [ 106.902705803776911, -6.227491481527621 ], [ 106.902750207118686, -6.22743071909181 ], [ 106.902794610451267, -6.22736995665529 ], [ 106.902824926877926, -6.227317533218487 ], [ 106.902835165412824, -6.227305061737781 ] ], [ [ 106.903259428830154, -6.227411505875617 ], [ 106.902697916217548, -6.22840964011965 ], [ 106.902508910919678, -6.228896893375825 ] ], [ [ 106.903259428830154, -6.227411505875617 ], [ 106.90409888770732, -6.227705893544264 ], [ 106.904635074132429, -6.227906098817237 ], [ 106.904709435100386, -6.227935104377726 ], [ 106.904950166555324, -6.228004294658929 ], [ 106.904946266798333, -6.22801723512961 ], [ 106.904943503573293, -6.228026403070257 ], [ 106.904930963258565, -6.228068008632473 ], [ 106.904929036591355, -6.228074401480705 ], [ 106.904922912857117, -6.228094719569997 ], [ 106.904920993872139, -6.228102240748486 ], [ 106.904909701840737, -6.228156033133211 ], [ 106.904881779532602, -6.228289048741919 ], [ 106.904873050919718, -6.228330628788422 ], [ 106.904852576705764, -6.228476611705386 ], [ 106.904837317900729, -6.22862323309644 ], [ 106.904834429562271, -6.228665606679188 ], [ 106.904831341264867, -6.228710906758494 ], [ 106.90482953953564, -6.22898296146678 ], [ 106.904852830438315, -6.229015521081347 ], [ 106.904856483888153, -6.229022969697613 ], [ 106.904860989265515, -6.229032155693271 ], [ 106.904863052633033, -6.229036361501741 ] ], [ [ 106.903259428830154, -6.227411505875617 ], [ 106.903120648269805, -6.227350774910812 ], [ 106.902968433086329, -6.227320189167616 ], [ 106.902835165412824, -6.227305061737781 ] ], [ [ 106.903259428830154, -6.227411505875617 ], [ 106.903627281799913, -6.226803040361442 ], [ 106.904109160989606, -6.225996089469533 ], [ 106.904526936665917, -6.225311372717004 ], [ 106.904687932058835, -6.225012246052135 ], [ 106.904687156282108, -6.224796952129204 ], [ 106.904673778022755, -6.224687250384111 ] ], [ [ 106.902835165412824, -6.227305061737781 ], [ 106.902863347015654, -6.227270733202412 ], [ 106.902908852587188, -6.227230797133397 ], [ 106.902926915737581, -6.227157740341596 ], [ 106.902953067715984, -6.227087177816174 ], [ 106.902986978351834, -6.227020003127905 ], [ 106.903029391908973, -6.226953149481544 ], [ 106.903071401584185, -6.226886040517447 ], [ 106.903113007393785, -6.226818680756268 ], [ 106.903154206627889, -6.226751070207882 ], [ 106.903194997495604, -6.22668321339952 ], [ 106.90323538000375, -6.226615112139373 ], [ 106.903275352352082, -6.226546768242409 ], [ 106.903314911840084, -6.226478184430725 ], [ 106.903361477294268, -6.226401678644081 ], [ 106.903407345538298, -6.226324751333195 ], [ 106.903452512987641, -6.226247410648342 ], [ 106.903496976952127, -6.226169662024156 ], [ 106.903540732036888, -6.226091512713279 ], [ 106.903583774645057, -6.226012967249493 ], [ 106.90362610300231, -6.225934034680555 ], [ 106.904185573999669, -6.225000828450242 ], [ 106.904625115470779, -6.224288202318036 ] ] ] } },
{ "type": "Feature", "properties": { "OBJECTID": 257, "toponimi": "Sal. Phb Pondok Kopi", "kewenangan": "Pemprov DKI", "jenis": "Saluran Drainase Tersier", "panjang": "2231", "lebar": "2.8", "kedalaman": "1.5", "kota": "Jakarta Timur", "kecamatan": "Duren Sawit", "lebar_min": 2.8, "lebar_max": 2.8, "kedalaman_": 1.5, "kedalaman1": 1.5, "Shape_Leng": 1.78156283369 }, "geometry": { "type": "MultiLineString", "coordinates": [ [ [ 106.944029455066001, -6.236857742037427 ], [ 106.943979893028953, -6.236797071310724 ], [ 106.943746796263426, -6.236545395582432 ], [ 106.943736157156039, -6.236530994349117 ], [ 106.943728173696613, -6.236514964956415 ], [ 106.9437230898058, -6.236497792917128 ], [ 106.943720430988222, -6.2364872797607 ], [ 106.943720273129131, -6.236487102232906 ], [ 106.943719884395549, -6.236485075742717 ], [ 106.943706287444215, -6.236422155372081 ], [ 106.943696283865577, -6.236358563549405 ], [ 106.943689905132217, -6.236294505392776 ], [ 106.943695584979707, -6.236060451289711 ], [ 106.943695591427527, -6.23595870334339 ], [ 106.943695771486006, -6.235955342092798 ], [ 106.943695477910993, -6.235875647462263 ], [ 106.94369898440759, -6.235788852379369 ], [ 106.943702355081697, -6.235705408438686 ], [ 106.943702836123364, -6.235693496789423 ], [ 106.943703751048901, -6.235670851723676 ], [ 106.943706416287839, -6.235604869702853 ], [ 106.943714010462116, -6.235416868551911 ], [ 106.94371504875032, -6.235391167130684 ], [ 106.943716995649211, -6.235373972769402 ], [ 106.943734014511932, -6.235223640157199 ], [ 106.943734949210238, -6.235210286583516 ], [ 106.94373531172792, -6.235203970020082 ], [ 106.94373598600032, -6.235188593098973 ], [ 106.94373593361766, -6.235132428011988 ], [ 106.943731925444638, -6.235076405899816 ], [ 106.943723981484453, -6.235020806059051 ], [ 106.943713548268036, -6.234940626249308 ], [ 106.943709615228471, -6.234859865529907 ], [ 106.943710380542555, -6.234846393237984 ], [ 106.943711919676076, -6.234819304868874 ], [ 106.943713400273765, -6.234793249212159 ], [ 106.943712853800633, -6.234781264503172 ], [ 106.943715927864645, -6.23474875935894 ], [ 106.943719158820869, -6.234691884185682 ], [ 106.943719942823179, -6.234678089056677 ], [ 106.943728671896864, -6.234524445422294 ], [ 106.943729996304526, -6.234137310378077 ], [ 106.943729315887154, -6.234108334270667 ], [ 106.943730139491009, -6.234095478368663 ], [ 106.94373033509882, -6.234038195785774 ], [ 106.943727727483903, -6.23399864595575 ], [ 106.943729487991973, -6.233959049276756 ], [ 106.943735593999762, -6.233919886820361 ], [ 106.943739049785677, -6.233905166876398 ], [ 106.943751413469158, -6.233855269416885 ], [ 106.943766190956069, -6.233806033003464 ], [ 106.943779557436812, -6.233767651144928 ], [ 106.943794469266052, -6.233729626136689 ], [ 106.943798945524804, -6.233715519938611 ], [ 106.943807149625158, -6.233689668228264 ], [ 106.943844700386606, -6.233571341440999 ], [ 106.943857821050017, -6.233529997713486 ], [ 106.943861437156485, -6.233510236751715 ], [ 106.943927093851201, -6.233151434442994 ], [ 106.943930446916241, -6.233133110182785 ], [ 106.94393220580578, -6.23312349569276 ], [ 106.943933950628065, -6.23310883449852 ], [ 106.943934498099267, -6.23309901200941 ], [ 106.943934141687251, -6.233079754823096 ], [ 106.94393337599891, -6.233070555589503 ], [ 106.943931484289138, -6.233061521440494 ], [ 106.943931469630598, -6.233061466343679 ], [ 106.943930491787157, -6.233057462923032 ], [ 106.943930225107621, -6.233055212666335 ], [ 106.943930152316653, -6.233053355887627 ], [ 106.943930492435342, -6.233049051961861 ], [ 106.943931533167984, -6.233044862987112 ], [ 106.943932434769792, -6.233041656391619 ], [ 106.943934262050234, -6.233035157221119 ], [ 106.943942459385283, -6.233005998294778 ], [ 106.94395912604304, -6.232946711134819 ], [ 106.943989483470034, -6.232838727715071 ], [ 106.944062124112307, -6.232571235834095 ], [ 106.944123177502803, -6.232327731206897 ], [ 106.944183885451267, -6.232066481943381 ], [ 106.944192453702698, -6.232029609574353 ], [ 106.944248155330413, -6.231789904794348 ], [ 106.944283115799124, -6.231639454534115 ], [ 106.944327094946942, -6.231402709659986 ], [ 106.94432870015423, -6.23139846887849 ], [ 106.944333246624055, -6.231390675842983 ], [ 106.944339021363263, -6.231383742609603 ], [ 106.944345862462157, -6.231377863255381 ], [ 106.944350296760007, -6.231375184292931 ], [ 106.94435358349466, -6.231373198495727 ], [ 106.944358374827061, -6.231371300273786 ], [ 106.944371289102349, -6.231366173348497 ], [ 106.944359448214087, -6.231363957635734 ], [ 106.94432683129601, -6.231357853097478 ], [ 106.944229631487431, -6.231339660932336 ], [ 106.94438817817327, -6.23098306760436 ], [ 106.944396115857231, -6.230951119553203 ], [ 106.944397709792753, -6.230946762183058 ], [ 106.944401586390342, -6.230936161637276 ], [ 106.944429376444674, -6.230860176112998 ], [ 106.944446407902319, -6.230813607582044 ], [ 106.944450783609909, -6.230801642698762 ], [ 106.944531663540161, -6.230580492431229 ], [ 106.944531676955478, -6.230580455313135 ], [ 106.944575250640526, -6.230461308943777 ], [ 106.944605770562021, -6.230377859856975 ], [ 106.944682019135001, -6.230098529881404 ], [ 106.944696176142116, -6.23006752991765 ], [ 106.944701059431424, -6.230057239387936 ], [ 106.944964166210454, -6.229510691744969 ], [ 106.944970359002653, -6.229454871631386 ], [ 106.944976023256729, -6.229416468473929 ], [ 106.945000589574761, -6.22924992813917 ], [ 106.945005619183107, -6.229215829087998 ], [ 106.945049811193769, -6.228916231449425 ], [ 106.945054502342586, -6.228884432804283 ], [ 106.94509713064744, -6.228595437134376 ], [ 106.945099068097235, -6.22858230228357 ], [ 106.945099515584147, -6.228568880898607 ], [ 106.945098437251914, -6.228555494975462 ], [ 106.945097516608797, -6.228549847669862 ], [ 106.945095080406574, -6.228541378794308 ], [ 106.945091455953772, -6.228533347369726 ], [ 106.945086717942715, -6.228525918573293 ], [ 106.945084458710198, -6.22852306358087 ], [ 106.945080524188313, -6.228516700482058 ], [ 106.945077622167332, -6.228509803766515 ], [ 106.945075824635822, -6.228502540429393 ], [ 106.945075172894818, -6.228495085716326 ], [ 106.945075690033036, -6.228487576063052 ], [ 106.945077371465558, -6.228480238418551 ], [ 106.945078470772529, -6.228472820646328 ], [ 106.94508517850025, -6.228427538776526 ], [ 106.945090333798504, -6.228392732248573 ], [ 106.945091115742443, -6.228387455679795 ], [ 106.945133455735899, -6.228101614626474 ], [ 106.945140518971414, -6.228050074088183 ], [ 106.945144211593302, -6.228023127879786 ], [ 106.945201595520246, -6.227604388383327 ], [ 106.945229933868717, -6.227442281495594 ], [ 106.945253592237066, -6.227279425178341 ], [ 106.945263488197355, -6.227188966644721 ], [ 106.945311812067956, -6.226851902797867 ], [ 106.945345834751279, -6.226600401690619 ], [ 106.945383290413432, -6.226373641614258 ], [ 106.945396356037918, -6.226286460561666 ], [ 106.945396378188036, -6.226286342041308 ], [ 106.945412309112569, -6.226199768838978 ], [ 106.945412478418973, -6.226198393964662 ], [ 106.945414687077729, -6.226180396707009 ], [ 106.945416916803552, -6.226162232111041 ], [ 106.945428466273668, -6.226068138384972 ], [ 106.945440131528485, -6.225973101244072 ], [ 106.945445189179679, -6.225931893067729 ], [ 106.945448188174908, -6.225907462852871 ], [ 106.945451516961697, -6.225880340785205 ], [ 106.945502261160016, -6.225466931176459 ], [ 106.945504926126659, -6.225452631863733 ], [ 106.945511371496693, -6.225418052042792 ], [ 106.945517040756698, -6.22538763399773 ], [ 106.945531821252757, -6.225308335912299 ], [ 106.945546600847749, -6.225229038735025 ], [ 106.945561401728469, -6.225149633890759 ], [ 106.945577627618448, -6.225068090090309 ], [ 106.945593832220496, -6.224986653958447 ], [ 106.945604776639925, -6.224931657174628 ], [ 106.945604869880924, -6.224931216528463 ], [ 106.945605843255919, -6.22492689399795 ], [ 106.945606912863369, -6.224922452674157 ], [ 106.94560804849236, -6.224918030093283 ], [ 106.945609250132605, -6.224913623543103 ], [ 106.945610517794265, -6.224909235735928 ], [ 106.94561185148379, -6.224904868479906 ], [ 106.94561325029467, -6.224900520874316 ], [ 106.945614714233443, -6.224896194727356 ], [ 106.945615284283292, -6.224894713499 ], [ 106.945672181168831, -6.224811229639076 ], [ 106.945839382959733, -6.224834043326669 ], [ 106.945882251810403, -6.224840132698943 ], [ 106.945893734375915, -6.224826289101255 ], [ 106.945914779138789, -6.224800914470268 ], [ 106.945924565613325, -6.224782816950896 ], [ 106.945931105183476, -6.2247667150229 ], [ 106.945932515461095, -6.22476376513185 ], [ 106.945954386625687, -6.224724332133301 ], [ 106.945956053862588, -6.224721730282008 ], [ 106.94598240118826, -6.224685361993783 ], [ 106.945983517987159, -6.224683923955278 ], [ 106.945984396134037, -6.224682938852525 ], [ 106.945984752433432, -6.224682539729837 ], [ 106.946004214670211, -6.224662165245463 ], [ 106.946006307951833, -6.224660194701562 ], [ 106.946007242954181, -6.224659438129382 ], [ 106.946029536474185, -6.224642213980796 ], [ 106.946032700757499, -6.224640108392071 ], [ 106.946057561773458, -6.224626285990228 ], [ 106.946061262373249, -6.224624579849662 ], [ 106.946087758721262, -6.224614705097776 ], [ 106.946135422737612, -6.224597384695145 ], [ 106.94614809906966, -6.224590742463546 ], [ 106.946161250604277, -6.224583850753081 ], [ 106.946178632995014, -6.224574742835492 ], [ 106.946218431138888, -6.224546523432369 ], [ 106.946254102595631, -6.224513233615823 ], [ 106.946284561113288, -6.224476019284782 ], [ 106.946320055443053, -6.224411064517602 ], [ 106.946334380116483, -6.224378042368885 ], [ 106.946339946944875, -6.224365210582606 ], [ 106.946349757423448, -6.224342596032425 ], [ 106.946350484508159, -6.224340824909397 ], [ 106.946360917105338, -6.224310260021165 ], [ 106.946366116451131, -6.224295035502798 ], [ 106.946367129147319, -6.224292069899477 ], [ 106.94636876048834, -6.224286099460762 ], [ 106.946377082150164, -6.224255654466099 ], [ 106.946381037500188, -6.224241183139043 ], [ 106.946415711581764, -6.224094301719804 ], [ 106.946417756896921, -6.224086911203972 ], [ 106.946419733480639, -6.224079501955234 ], [ 106.946421639522498, -6.224072073076102 ], [ 106.946423475936015, -6.224064627275674 ], [ 106.946425242721034, -6.224057164553832 ], [ 106.94642693807431, -6.224049685821369 ], [ 106.946428563802456, -6.224042191071657 ], [ 106.946430118102086, -6.224034681215353 ], [ 106.946431602779981, -6.224027156245964 ], [ 106.946433016039336, -6.224019618882327 ], [ 106.946434358770119, -6.224012065504701 ], [ 106.946435630102428, -6.224004505157467 ], [ 106.946436830009375, -6.223996930607817 ], [ 106.946437958504475, -6.223989345472133 ], [ 106.946439015584389, -6.223981748846362 ], [ 106.946440001258921, -6.223974143442749 ], [ 106.946440915524931, -6.223966528357261 ], [ 106.946441757488927, -6.223958906305421 ], [ 106.946442528047683, -6.223951275475753 ], [ 106.946443227211162, -6.223943638580566 ], [ 106.946443854072626, -6.22393599471906 ], [ 106.946444408638769, -6.223928345699511 ], [ 106.946444891812874, -6.22392069151844 ], [ 106.946445302698422, -6.223913033987519 ], [ 106.946445641288562, -6.223905371298522 ], [ 106.946445908500124, -6.223897707064439 ], [ 106.946446102522827, -6.223890040387904 ], [ 106.946446225166923, -6.223882372166297 ], [ 106.946446275529098, -6.22387470240303 ], [ 106.946446253705759, -6.223867057316942 ], [ 106.946446159430621, -6.223859364580027 ], [ 106.946445992973267, -6.223851697424351 ], [ 106.946445754243967, -6.223844031439324 ], [ 106.946445444152715, -6.223836368429726 ], [ 106.946445061799508, -6.223828709303016 ], [ 106.946444607180823, -6.223821053155063 ], [ 106.946444080306733, -6.223813402698162 ], [ 106.94644348207423, -6.223805756120847 ], [ 106.946442811589506, -6.223798116138727 ], [ 106.946442068852846, -6.223790482751753 ], [ 106.946441253867533, -6.223782856864016 ], [ 106.946440368443646, -6.223775239373005 ], [ 106.946439410774431, -6.223767630285377 ], [ 106.946438381766583, -6.22376003050185 ], [ 106.946437281423584, -6.223752440926621 ], [ 106.946436109745264, -6.223744861559553 ], [ 106.94643486583486, -6.223737294212254 ], [ 106.946433549665855, -6.223729731651927 ], [ 106.946432165835276, -6.223722195560274 ], [ 106.946430709752534, -6.223714666063788 ], [ 106.946429182348012, -6.223707150391892 ], [ 106.946427584528308, -6.223699649445392 ], [ 106.946426154216041, -6.223693230102752 ], [ 106.946425916296832, -6.223692164128383 ], [ 106.946424636767205, -6.223686700779753 ], [ 106.946424177656723, -6.223684695344961 ], [ 106.946422509881856, -6.223677824822067 ], [ 106.946421378640991, -6.223671658432004 ], [ 106.946416081125847, -6.223642794313903 ], [ 106.946416042425753, -6.223642589223289 ], [ 106.946415924451912, -6.223641955876095 ], [ 106.94635262428973, -6.223297005802573 ], [ 106.946350704177348, -6.223283188111818 ], [ 106.94633849031861, -6.223195308291564 ], [ 106.9463170703755, -6.223041188317526 ], [ 106.946307301421612, -6.222981571048431 ], [ 106.946303057684787, -6.222958195517731 ], [ 106.946280334952974, -6.222833024565642 ], [ 106.94628018985145, -6.222832139071184 ], [ 106.946279649597756, -6.2228284604244 ], [ 106.946279083159425, -6.222825031408898 ], [ 106.946278456230388, -6.222821613465795 ], [ 106.946277767907375, -6.222818206598268 ], [ 106.946277018200306, -6.222814813518696 ], [ 106.946276208916146, -6.2228114342204 ], [ 106.946275339154809, -6.222808069610842 ], [ 106.946274408919365, -6.222804720594087 ], [ 106.946273419123472, -6.222801389879075 ], [ 106.946272369763619, -6.222798076561815 ], [ 106.946271261753481, -6.222794783351113 ], [ 106.946270094189487, -6.222791510250471 ], [ 106.946268868881816, -6.222788258157173 ], [ 106.946267585837177, -6.222785028879527 ], [ 106.946266245055455, -6.222781822417405 ], [ 106.946264847450294, -6.222778641479968 ], [ 106.946263393018157, -6.222775485162982 ], [ 106.946261881769232, -6.222772356178758 ], [ 106.946260315510074, -6.222769254520601 ], [ 106.946258693340965, -6.222766181096087 ], [ 106.946257017075141, -6.22276313770657 ], [ 106.946255286712827, -6.222760124352131 ], [ 106.946253502260404, -6.222757142841032 ], [ 106.94625166552504, -6.222754193166478 ], [ 106.946249775613069, -6.222751278044192 ], [ 106.9462487363799, -6.222749734035866 ], [ 106.946240526335529, -6.222740552305672 ], [ 106.946237163391061, -6.222736790939937 ], [ 106.946237114402294, -6.222736735969683 ], [ 106.946235396101144, -6.222734790326511 ], [ 106.946235045918897, -6.222734396520546 ], [ 106.945961130644022, -6.222382331490785 ] ] ] } },
{ "type": "Feature", "properties": { "OBJECTID": 258, "toponimi": "Sal. Phb Laut Banda", "kewenangan": "Pemprov DKI", "jenis": "Saluran Drainase Tersier", "panjang": "1715", "lebar": "2", "kedalaman": "3.5", "kota": "Jakarta Timur", "kecamatan": "Duren Sawit", "lebar_min": 2.0, "lebar_max": 2.0, "kedalaman_": 3.5, "kedalaman1": 3.5, "Shape_Leng": 0.40949728864000001 }, "geometry": { "type": "MultiLineString", "coordinates": [ [ [ 106.910069017526141, -6.233434174035906 ], [ 106.910070948348107, -6.23338899850383 ], [ 106.910084807073417, -6.23306467476407 ], [ 106.910090386307118, -6.23288044706479 ], [ 106.910091573215354, -6.23282144013248 ], [ 106.910092528901941, -6.232773939094564 ], [ 106.910098425947453, -6.232480767980443 ], [ 106.910098481891552, -6.232478001139364 ], [ 106.910100289057951, -6.232340206958549 ], [ 106.910100949143484, -6.232289911420727 ], [ 106.910103089940762, -6.232126708163823 ], [ 106.91010372522048, -6.232078295114747 ], [ 106.910104062049371, -6.23203928881344 ], [ 106.910105520430676, -6.231870257292219 ], [ 106.910105842584073, -6.231832937246739 ], [ 106.910106607696576, -6.231744238397274 ], [ 106.91010709542995, -6.231687753807821 ], [ 106.910110160917228, -6.231518409059013 ], [ 106.910111943182883, -6.23131601666992 ], [ 106.910111784752914, -6.23127221936763 ], [ 106.91011079406654, -6.231259352662717 ], [ 106.910105777812149, -6.231238594825474 ], [ 106.910096583574017, -6.231198531763683 ], [ 106.910083481081728, -6.231169021400444 ], [ 106.910068379330028, -6.231141551667371 ], [ 106.91005446942404, -6.231121365810094 ], [ 106.910043693228403, -6.231111786706863 ], [ 106.910032651458437, -6.231101971683117 ], [ 106.909999719603505, -6.231075803381168 ], [ 106.909997465591047, -6.231074355895841 ], [ 106.909985374400435, -6.231061162320331 ], [ 106.909971406713325, -6.23104997909387 ], [ 106.909786493785006, -6.230950790344009 ], [ 106.909742371677652, -6.230929703073765 ], [ 106.909696637867086, -6.230912394571885 ], [ 106.909649613533276, -6.230898987540983 ], [ 106.909615051744552, -6.230891787436683 ], [ 106.909559289112892, -6.230884686706434 ], [ 106.909557767204674, -6.230884565639355 ], [ 106.909532042682883, -6.230883186868281 ], [ 106.909509811409038, -6.230882910239472 ], [ 106.909425091974484, -6.230883035282137 ], [ 106.909416010182781, -6.230883049180128 ], [ 106.909291657729156, -6.230883232720643 ], [ 106.909204544963771, -6.230883361872766 ], [ 106.909108898809606, -6.230883502917737 ], [ 106.909097958719798, -6.230883565127991 ], [ 106.909090394887428, -6.230883607881827 ], [ 106.90900185142857, -6.230884108352979 ], [ 106.908986534940354, -6.230884195445504 ], [ 106.9088672898299, -6.230884869422295 ], [ 106.908849799593739, -6.230884967996167 ], [ 106.908845992381302, -6.230884989914946 ], [ 106.908817731903071, -6.230885149173578 ], [ 106.908816609106481, -6.230885214718805 ], [ 106.908815485878364, -6.230885160920331 ], [ 106.908815452446575, -6.230885160137185 ], [ 106.908806065420961, -6.230885214911351 ], [ 106.908778962286448, -6.230885368170338 ] ] ] } },
{ "type": "Feature", "properties": { "OBJECTID": 259, "toponimi": "Sal. Phb Bambu Ori", "kewenangan": "Pemprov DKI", "jenis": "Saluran Drainase Tersier", "panjang": "373", "lebar": "1.4", "kedalaman": "1.4", "kota": "Jakarta Timur", "kecamatan": "Duren Sawit", "lebar_min": 1.4, "lebar_max": 1.4, "kedalaman_": 1.4, "kedalaman1": 1.4, "Shape_Leng": 0.38813391404999997 }, "geometry": { "type": "MultiLineString", "coordinates": [ [ [ 106.909262960109814, -6.240601452286205 ], [ 106.909200258203555, -6.240484758412292 ], [ 106.909202346702472, -6.240414034279063 ], [ 106.909208143009764, -6.24021775276863 ], [ 106.909210136572781, -6.240150251300389 ], [ 106.909212011054564, -6.240086791726938 ], [ 106.909212177610243, -6.240081138499661 ], [ 106.909212373038542, -6.240075474318079 ], [ 106.909215676779212, -6.239979552184489 ], [ 106.909218570084434, -6.23989553893664 ], [ 106.909227809343051, -6.239627294244102 ], [ 106.909228742981668, -6.239600182316591 ], [ 106.909230291064631, -6.23955512026832 ], [ 106.909231822651051, -6.239504752842477 ], [ 106.909236441534929, -6.239228045061537 ], [ 106.909236480800601, -6.239218426779678 ], [ 106.909236524246978, -6.239207966737174 ], [ 106.909236522345751, -6.239126582347151 ], [ 106.909236485870068, -6.239115758229807 ], [ 106.909236402802009, -6.239098552928778 ], [ 106.909236288681853, -6.239080756438965 ], [ 106.909234967230759, -6.238867223702 ], [ 106.909253027175694, -6.237806157530467 ], [ 106.909253445105108, -6.237781587174324 ], [ 106.909253731195591, -6.237764774735425 ], [ 106.909254186429621, -6.237738029810282 ], [ 106.909261939548429, -6.237282514338905 ], [ 106.909262309785603, -6.23726074153514 ], [ 106.909262578788201, -6.237244948113132 ], [ 106.909263361793293, -6.237198924129746 ], [ 106.909263392784155, -6.23719625321596 ], [ 106.9092630336811, -6.237176416990548 ], [ 106.909238306104953, -6.237176980373426 ] ] ] } },
{ "type": "Feature", "properties": { "OBJECTID": 260, "toponimi": "Sal. Phb Pacul Mas", "kewenangan": "Pemprov DKI", "jenis": "Saluran Drainase Tersier", "panjang": "582", "lebar": "1.4", "kedalaman": "1.6", "kota": "Jakarta Timur", "kecamatan": "Duren Sawit", "lebar_min": 1.4, "lebar_max": 1.4, "kedalaman_": 1.6, "kedalaman1": 1.6, "Shape_Leng": 0.0891649082 }, "geometry": { "type": "MultiLineString", "coordinates": [ [ [ 106.896573388077528, -6.220831817433068 ], [ 106.896530212306445, -6.220787837899774 ], [ 106.89651626541476, -6.220754844464538 ], [ 106.896512554536699, -6.220705118470053 ], [ 106.89629640457612, -6.220723820888369 ], [ 106.89629722413666, -6.22074149202889 ], [ 106.896152679888104, -6.22074731282883 ], [ 106.896082052523454, -6.220751606065321 ], [ 106.896060373937601, -6.220756985752552 ], [ 106.895958722527581, -6.220763410188043 ], [ 106.895933494198061, -6.220763753003093 ], [ 106.89592811638579, -6.220762449807379 ] ] ] } },
{ "type": "Feature", "properties": { "OBJECTID": 1047, "toponimi": "Sal. Phb Sentra Primer (Kec. Cakung)", "kewenangan": "Pemprov DKI", "jenis": "Saluran Drainase Tersier", "panjang": "3420", "lebar": "8 - 10", "kedalaman": "1.5", "kota": "Jakarta Timur", "kecamatan": "Cakung", "lebar_min": 8.0, "lebar_max": 10.0, "kedalaman_": 1.5, "kedalaman1": 1.5, "Shape_Leng": 1.27149681048 }, "geometry": { "type": "MultiLineString", "coordinates": [ [ [ 106.945961130644022, -6.222382331490785 ], [ 106.945925682681747, -6.222300548695347 ], [ 106.945890562163413, -6.222218623645861 ], [ 106.945855769102209, -6.222136559958758 ], [ 106.945821305301493, -6.222054356723382 ], [ 106.945787170768, -6.221972015748068 ], [ 106.945753365508125, -6.221889538841129 ], [ 106.945719890432088, -6.221806927807517 ], [ 106.945710409541533, -6.221788000800967 ], [ 106.945667007530645, -6.221720907444015 ], [ 106.945614862546691, -6.221660366746982 ], [ 106.945554951780451, -6.221607513384085 ], [ 106.945497723666307, -6.221546635174426 ], [ 106.945440495568945, -6.221485757858451 ], [ 106.945383268385029, -6.221424879624585 ], [ 106.945326040314555, -6.221364002287682 ], [ 106.945268812254099, -6.22130312403625 ], [ 106.945211584210398, -6.221242246678417 ], [ 106.945179732504229, -6.221197881674622 ], [ 106.945161601373371, -6.221146355290216 ], [ 106.945150335273013, -6.221068217295189 ], [ 106.945139069176179, -6.220990078394601 ], [ 106.945127803089576, -6.220911940396615 ], [ 106.945116537009724, -6.2208338023971 ], [ 106.945108184609779, -6.220756414024156 ], [ 106.945108176848549, -6.220752092396088 ], [ 106.945106128114517, -6.220695911171677 ], [ 106.945104078479389, -6.220639729950372 ], [ 106.945103644679605, -6.220585886237187 ], [ 106.945105609860136, -6.22050043586931 ], [ 106.945107883323914, -6.220446489062556 ], [ 106.94511103532534, -6.220384784449554 ], [ 106.945112731177048, -6.220355568144959 ], [ 106.94511831957, -6.220324025690799 ], [ 106.945129684681632, -6.220268668441037 ], [ 106.945141048885802, -6.220213310290853 ], [ 106.945153727334187, -6.22015198106451 ], [ 106.945166404878236, -6.220090651841972 ], [ 106.945177786411236, -6.220033127376317 ], [ 106.945189167043424, -6.219975603818448 ], [ 106.945199144612218, -6.219912181574744 ], [ 106.945208394377374, -6.21985205569249 ], [ 106.945220226662002, -6.219771662761787 ], [ 106.945232058949983, -6.219691270735775 ], [ 106.945241251547841, -6.219621248652853 ], [ 106.945250444149465, -6.219551227474471 ], [ 106.945258825268382, -6.219485823873399 ], [ 106.945267205484157, -6.2194204202761 ], [ 106.945276665537889, -6.219350653073678 ], [ 106.945286125591977, -6.219280885871762 ], [ 106.94529436505259, -6.219217743074411 ], [ 106.94530260361357, -6.219154601184845 ], [ 106.945313198745637, -6.219071905520447 ], [ 106.945323792975117, -6.218989209859986 ], [ 106.945332161050501, -6.21891706344127 ], [ 106.945340528223241, -6.218844917026261 ], [ 106.945349186069407, -6.218770248876614 ], [ 106.945357843916426, -6.218695580727339 ], [ 106.945365675142341, -6.218628047259195 ], [ 106.945373506365499, -6.2185605128873 ], [ 106.945382188687148, -6.218491763871617 ], [ 106.945390870105655, -6.218423014859672 ], [ 106.945399552428299, -6.218354265844825 ], [ 106.945406346893449, -6.218302320377515 ], [ 106.945410698841272, -6.218269044174665 ] ] ] } },
{ "type": "Feature", "properties": { "OBJECTID": 1088, "toponimi": "Sal. Phb Laut Banda", "kewenangan": "Pemprov DKI", "jenis": "Saluran Drainase Tersier", "panjang": "1715", "lebar": "2", "kedalaman": "3.5", "kota": "Jakarta Timur", "kecamatan": "Duren Sawit", "lebar_min": 2.0, "lebar_max": 2.0, "kedalaman_": 3.5, "kedalaman1": 3.5, "Shape_Leng": 0.41382973428999997 }, "geometry": { "type": "MultiLineString", "coordinates": [ [ [ 106.912308457956385, -6.242472541899436 ], [ 106.912231950393192, -6.242489308448122 ], [ 106.912307511018625, -6.24135352054153 ], [ 106.912309896807798, -6.241342461613364 ], [ 106.912315958146024, -6.241332177734387 ], [ 106.912325013455344, -6.241323821432049 ], [ 106.912336903017888, -6.241317448438163 ], [ 106.91243806488113, -6.241279676252393 ], [ 106.912461541361012, -6.241268932197094 ], [ 106.912473032516075, -6.241261076069032 ], [ 106.912478728972047, -6.241257056414271 ], [ 106.912488253353118, -6.241253973997168 ], [ 106.912532829328995, -6.241246968713452 ], [ 106.912552616184584, -6.241242528985845 ], [ 106.912567831012467, -6.241237257794554 ], [ 106.912580782240241, -6.241230651291104 ], [ 106.912592348222319, -6.241222003776815 ], [ 106.91260337028298, -6.241210613303865 ], [ 106.912613789918552, -6.241196541565608 ], [ 106.912623520807031, -6.241179902795959 ], [ 106.912640610625843, -6.241139330322964 ], [ 106.912653085334796, -6.241092526183682 ], [ 106.912715135695478, -6.240749004036939 ], [ 106.912684777318034, -6.240744318825674 ], [ 106.91266459625588, -6.240741204181565 ], [ 106.912652149381444, -6.240716730333898 ], [ 106.912641804329326, -6.240666928728116 ], [ 106.912645135074115, -6.240665804550391 ], [ 106.912647374822086, -6.2406650486997 ], [ 106.912654128564014, -6.240662079418556 ], [ 106.912660424659293, -6.240658232082641 ], [ 106.912666149517847, -6.240653575818499 ], [ 106.912672246435775, -6.240646876680361 ], [ 106.912677162791212, -6.240639267756774 ], [ 106.912680763805355, -6.240630954774656 ], [ 106.912682953618258, -6.240622162306138 ], [ 106.912683671661853, -6.240613130165304 ], [ 106.912694059648572, -6.240055588645324 ], [ 106.91269691667307, -6.239965216036821 ], [ 106.912697044483878, -6.239934195823717 ], [ 106.912697049647349, -6.239933875743384 ], [ 106.91269933297886, -6.239851480537244 ], [ 106.912701615410015, -6.239769085334352 ], [ 106.912703898751275, -6.239686691032258 ], [ 106.9126984813973, -6.239501869748124 ], [ 106.912698068947307, -6.239487794867502 ], [ 106.912695291500455, -6.239466845445478 ], [ 106.912696120742083, -6.23944637205715 ], [ 106.912700461996806, -6.239428669725029 ], [ 106.912708198325561, -6.239413880822025 ], [ 106.912719020253732, -6.239402371740049 ], [ 106.912732949705557, -6.239393959765305 ], [ 106.91274991005217, -6.239388691286385 ], [ 106.912769842622495, -6.239386581886273 ], [ 106.912959655044702, -6.239386819150215 ] ] ] } },
{ "type": "Feature", "properties": { "OBJECTID": 1089, "toponimi": "Sal. Phb Laut Banda", "kewenangan": "Pemprov DKI", "jenis": "Saluran Drainase Tersier", "panjang": "1715", "lebar": "2", "kedalaman": "3.5", "kota": "Jakarta Timur", "kecamatan": "Duren Sawit", "lebar_min": 2.0, "lebar_max": 2.0, "kedalaman_": 3.5, "kedalaman1": 3.5, "Shape_Leng": 0.82413241079 }, "geometry": { "type": "MultiLineString", "coordinates": [ [ [ 106.914296115065611, -6.239450438632271 ], [ 106.914290514690947, -6.239456027513393 ], [ 106.914284086775538, -6.23946063842411 ], [ 106.914276998931683, -6.239464150505973 ], [ 106.914269437849256, -6.239466471763389 ], [ 106.914213131689337, -6.239465435974354 ], [ 106.913200321679341, -6.239446799031504 ], [ 106.913039666150212, -6.239443843011474 ], [ 106.913007541005825, -6.239443251779823 ], [ 106.913000829366567, -6.239443127883899 ], [ 106.912999695680398, -6.239442686266814 ], [ 106.912996935748552, -6.23944151188438 ], [ 106.912988428011587, -6.239436920885089 ], [ 106.912980656929648, -6.239431168116978 ], [ 106.91297378013563, -6.239424370543974 ], [ 106.9129674811564, -6.239415961523255 ], [ 106.912962552338939, -6.239406682274133 ], [ 106.912959110133002, -6.239396753885361 ], [ 106.912960019464663, -6.239380179714986 ], [ 106.912960298286748, -6.239375099308241 ], [ 106.912961858457507, -6.239346657895363 ], [ 106.912961890089335, -6.239346162318041 ], [ 106.912961925141218, -6.239344617035137 ], [ 106.9129619277074, -6.239344577244145 ], [ 106.912961913456513, -6.239343886541765 ], [ 106.912961896898324, -6.239343307055518 ], [ 106.912961891452838, -6.239343051206912 ], [ 106.912961892005356, -6.239342954463186 ], [ 106.912961913333078, -6.239342109025518 ], [ 106.912965319068945, -6.239284198977352 ], [ 106.912969783515578, -6.239208302871756 ], [ 106.912970272821923, -6.239199975879196 ], [ 106.912975184059391, -6.239116485279705 ], [ 106.91297522299125, -6.23911551139183 ], [ 106.912975930197774, -6.239084561408542 ], [ 106.912976857297252, -6.23904399160333 ], [ 106.91297758242203, -6.239012252250697 ], [ 106.912978507022302, -6.238971740318746 ], [ 106.912979192422881, -6.238941752407371 ], [ 106.912980160127859, -6.238899423924631 ], [ 106.912982248140366, -6.2388356653353 ], [ 106.91298277518311, -6.23881955817989 ], [ 106.912985387766881, -6.238739757541347 ], [ 106.912988001266925, -6.238659959611952 ], [ 106.912988475464246, -6.238645473750863 ], [ 106.912989349872831, -6.238618771660025 ], [ 106.912990613859861, -6.238580159877574 ], [ 106.912990842423071, -6.23857317917526 ], [ 106.912991188973024, -6.238562608654289 ], [ 106.912993227362435, -6.238500361044034 ], [ 106.912995839961042, -6.238420561309646 ], [ 106.912998328236341, -6.238344596435837 ], [ 106.912998453462791, -6.238340760667858 ], [ 106.912998612864513, -6.238335885027966 ], [ 106.913000584578754, -6.238275679182051 ], [ 106.913000618160765, -6.238273977490198 ], [ 106.913000601534563, -6.238272382667884 ], [ 106.913000535331349, -6.238270819670146 ], [ 106.913000421217333, -6.238269249613384 ], [ 106.913000259241429, -6.238267686059361 ], [ 106.913000049400594, -6.23826612810393 ], [ 106.912999791707875, -6.238264579363594 ], [ 106.912999485236682, -6.238263033512753 ], [ 106.91299912449098, -6.238261469776546 ], [ 106.912998729645565, -6.238259970357287 ], [ 106.912998318037282, -6.238258582206728 ], [ 106.912998088898263, -6.238257931162291 ], [ 106.912998107421714, -6.238249835528316 ], [ 106.913000454238457, -6.238242731404149 ], [ 106.913003576460028, -6.238235932771566 ], [ 106.913008924978755, -6.238227412729607 ], [ 106.913015484719438, -6.238219787896462 ], [ 106.913023108126936, -6.238213228783982 ], [ 106.912915930735551, -6.238211213058592 ], [ 106.912919943991298, -6.238138945953719 ], [ 106.91292100437451, -6.238102983101626 ], [ 106.912921064850153, -6.238100973908296 ], [ 106.912922544483791, -6.23805081833171 ], [ 106.91292271984868, -6.238044863104112 ], [ 106.912924510065949, -6.23798418324728 ], [ 106.912926477283293, -6.237917500238053 ], [ 106.91292847693289, -6.237827870328149 ], [ 106.912929928812233, -6.237762834704388 ], [ 106.912930476763478, -6.237738289240406 ], [ 106.912931744359611, -6.237681482759911 ], [ 106.912932475694561, -6.237648708155858 ], [ 106.912934474629495, -6.237559127071192 ], [ 106.912936474472033, -6.237469545983257 ], [ 106.912938478847622, -6.237379718955713 ], [ 106.912940472361925, -6.237290383813573 ], [ 106.912942256167085, -6.237210488535166 ], [ 106.9129424722164, -6.237200802725343 ], [ 106.912942605869262, -6.237194805155118 ], [ 106.912944471171102, -6.237111221640226 ], [ 106.912945834347369, -6.237050122009848 ], [ 106.91294628977505, -6.237029708749339 ], [ 106.912946470133306, -6.237021641459255 ], [ 106.912948469999463, -6.2369320603707 ], [ 106.912950468966244, -6.236842479285372 ], [ 106.9129524679403, -6.236752899104141 ], [ 106.912953286416737, -6.236716245471777 ], [ 106.912954215216899, -6.236674635005929 ], [ 106.912954467815155, -6.236663317111212 ], [ 106.912956466793887, -6.236573736025658 ], [ 106.912958465776484, -6.236484154939985 ], [ 106.912960465666529, -6.236394573850978 ], [ 106.912962464265007, -6.236305133810577 ], [ 106.912965746808936, -6.236223440202925 ], [ 106.912968778438525, -6.236148046570276 ], [ 106.91296903711013, -6.23614164259234 ], [ 106.912972324729921, -6.236059852224702 ], [ 106.912974423214933, -6.23600767819408 ], [ 106.91297489801245, -6.235979895310913 ], [ 106.912985560910798, -6.235355577498317 ], [ 106.912987812414656, -6.235223735619593 ], [ 106.912988272997111, -6.235196763791067 ], [ 106.912988403844949, -6.235190240028133 ], [ 106.912988777508829, -6.235174682234756 ], [ 106.912989211696015, -6.235159121509219 ], [ 106.912989516655443, -6.235148537576793 ], [ 106.912991792474827, -6.235069758013767 ], [ 106.912994068293855, -6.234990977546584 ], [ 106.912996343218836, -6.234912198890972 ], [ 106.912996493340955, -6.234907004127076 ], [ 106.912998619046903, -6.234833419327857 ], [ 106.913000894881264, -6.234754640668867 ], [ 106.913003169409691, -6.234675999442157 ], [ 106.913004263937324, -6.234651433911035 ], [ 106.91300675675393, -6.234595624756174 ], [ 106.913015905296433, -6.234213202100377 ], [ 106.91302231329189, -6.233945356050438 ], [ 106.913024739942301, -6.233788524322815 ], [ 106.913026561359104, -6.233670856219289 ], [ 106.913027027663247, -6.233640720823469 ], [ 106.913027075304072, -6.233637661983362 ], [ 106.913025859055708, -6.233510231273629 ] ] ] } },
{ "type": "Feature", "properties": { "OBJECTID": 1090, "toponimi": "Sal. Phb Laut Banda", "kewenangan": "Pemprov DKI", "jenis": "Saluran Drainase Tersier", "panjang": "1715", "lebar": "2", "kedalaman": "3.5", "kota": "Jakarta Timur", "kecamatan": "Duren Sawit", "lebar_min": 2.0, "lebar_max": 2.0, "kedalaman_": 3.5, "kedalaman1": 3.5, "Shape_Leng": 0.52515026524999997 }, "geometry": { "type": "MultiLineString", "coordinates": [ [ [ 106.913500618034121, -6.233528956687471 ], [ 106.913504584530457, -6.233531499163275 ], [ 106.91345300359157, -6.23352829321718 ], [ 106.913430249529284, -6.233526879484232 ], [ 106.913428891210515, -6.233526775919573 ], [ 106.913287417435939, -6.233520513018346 ], [ 106.913008561108668, -6.233509551763185 ], [ 106.91300793044249, -6.233509543202534 ], [ 106.913007709077618, -6.233509540389434 ], [ 106.91287227272251, -6.233508106112735 ], [ 106.912865022873319, -6.233508035680705 ], [ 106.912783311152651, -6.233507234593623 ], [ 106.91269432788846, -6.233506361329813 ], [ 106.912605345523431, -6.233505488047672 ], [ 106.912516363154282, -6.233504614750337 ], [ 106.912479860900689, -6.233504256249422 ], [ 106.912427456662954, -6.233503738450204 ], [ 106.912347514691007, -6.233501644298549 ], [ 106.912288517571156, -6.233500096189935 ], [ 106.912216262293697, -6.233498200163718 ], [ 106.912187336142296, -6.233497439848504 ], [ 106.912141417366115, -6.233496235766543 ], [ 106.91210724867841, -6.233495339858676 ], [ 106.912027160301449, -6.233493238051433 ], [ 106.911947060169751, -6.233491134466308 ], [ 106.911858713574162, -6.233488944146628 ], [ 106.911770377813184, -6.233486752868518 ], [ 106.911746963591767, -6.233486172349986 ], [ 106.911682040241516, -6.233484561581938 ], [ 106.911673896360554, -6.233484359660437 ], [ 106.911593705376461, -6.233482370270474 ], [ 106.911523900931385, -6.233480637948212 ], [ 106.911300862880026, -6.233476417061432 ], [ 106.911166240935131, -6.233473869117407 ], [ 106.911146771202283, -6.233473499398337 ], [ 106.91111781237322, -6.233472950708274 ], [ 106.911109667341123, -6.233472680972433 ], [ 106.9110961693994, -6.233472235352041 ], [ 106.910841714364096, -6.233463802816685 ], [ 106.910584729223999, -6.233455286201032 ], [ 106.910352109581439, -6.233447576241494 ], [ 106.910293864531909, -6.23344564544537 ], [ 106.91024629835546, -6.233442861321476 ], [ 106.910178907966426, -6.233442620021221 ], [ 106.910069017526141, -6.233434174035906 ], [ 106.909947113847466, -6.233426358336156 ], [ 106.909864430735283, -6.233421056837384 ], [ 106.909621622271061, -6.233406078994046 ], [ 106.909532303163232, -6.233400569120274 ], [ 106.909160236877469, -6.233377616519833 ], [ 106.908816060291699, -6.233356383571969 ], [ 106.908807949653635, -6.233355883121641 ], [ 106.908796057064222, -6.233355149538705 ] ] ] } },
{ "type": "Feature", "properties": { "OBJECTID": 1091, "toponimi": "Sal. Phb Pacul Mas", "kewenangan": "Pemprov DKI", "jenis": "Saluran Drainase Tersier", "panjang": "582", "lebar": "1.4", "kedalaman": "1.6", "kota": "Jakarta Timur", "kecamatan": "Duren Sawit", "lebar_min": 1.4, "lebar_max": 1.4, "kedalaman_": 1.6, "kedalaman1": 1.6, "Shape_Leng": 0.36892543135 }, "geometry": { "type": "MultiLineString", "coordinates": [ [ [ 106.896573388077528, -6.220831817433068 ], [ 106.896616907225962, -6.220888912954343 ], [ 106.896640329188003, -6.220934590860524 ], [ 106.89668748430978, -6.221049737925305 ], [ 106.896696866219088, -6.221067686622572 ], [ 106.896749577056383, -6.221168531967138 ], [ 106.89682535665176, -6.221303968115377 ], [ 106.896890418491637, -6.221418534560724 ], [ 106.896934062749608, -6.221496883136326 ], [ 106.896996627777881, -6.221574769535592 ], [ 106.897026699363551, -6.221605827126282 ], [ 106.897043474179497, -6.221666520370809 ], [ 106.896901998882441, -6.221679652129025 ], [ 106.896745156374763, -6.221694811873673 ], [ 106.896560704645694, -6.221705731773231 ], [ 106.896429098436514, -6.221722773624299 ], [ 106.89619065909325, -6.221739409744665 ], [ 106.896085417564578, -6.221742943061047 ], [ 106.895966770800797, -6.221746131185047 ], [ 106.895935635406204, -6.221748214892084 ], [ 106.895841832486767, -6.221753680827004 ], [ 106.895727512947389, -6.221754485426349 ], [ 106.895589154725457, -6.221757349118016 ], [ 106.895512688035367, -6.221760384829233 ], [ 106.895383805030903, -6.221767160116263 ], [ 106.895334541811977, -6.221770887477062 ], [ 106.895248701602114, -6.221776213521869 ], [ 106.895148406584184, -6.221786817346351 ], [ 106.895051135599928, -6.22180072758452 ], [ 106.894958171527804, -6.221813389106775 ], [ 106.894909532915591, -6.221819728052765 ], [ 106.894890167404782, -6.221743979211249 ], [ 106.894864436182672, -6.221651994266526 ] ] ] } },
{ "type": "Feature", "properties": { "OBJECTID": 1092, "toponimi": "Sal. Phb Pacul Mas", "kewenangan": "Pemprov DKI", "jenis": "Saluran Drainase Tersier", "panjang": "582", "lebar": "1.4", "kedalaman": "1.6", "kota": "Jakarta Timur", "kecamatan": "Duren Sawit", "lebar_min": 1.4, "lebar_max": 1.4, "kedalaman_": 1.6, "kedalaman1": 1.6, "Shape_Leng": 0.11167857543 }, "geometry": { "type": "MultiLineString", "coordinates": [ [ [ 106.896696866219088, -6.221067686622572 ], [ 106.896651754506834, -6.221086006420127 ], [ 106.89658612665022, -6.221111126672675 ], [ 106.896518372225145, -6.221128497959266 ], [ 106.896434291650948, -6.221141241717269 ], [ 106.896211382452165, -6.221170991672524 ], [ 106.896016312092485, -6.22119597353637 ], [ 106.895883236643058, -6.221207148117787 ], [ 106.895782336584901, -6.221212244382351 ], [ 106.895771626405264, -6.221193740766959 ], [ 106.895750031689062, -6.221190458697448 ] ] ] } },
{ "type": "Feature", "properties": { "OBJECTID": 1093, "toponimi": "Sal. Phb Naga Raya", "kewenangan": "Pemprov DKI", "jenis": "Saluran Drainase Tersier", "panjang": "2039", "lebar": "1.2", "kedalaman": "1.5", "kota": "Jakarta Timur", "kecamatan": "Duren Sawit", "lebar_min": 1.2, "lebar_max": 1.2, "kedalaman_": 1.5, "kedalaman1": 1.5, "Shape_Leng": 0.35485500854000002 }, "geometry": { "type": "MultiLineString", "coordinates": [ [ [ 106.91491938398994, -6.227178882562867 ], [ 106.914914867022631, -6.227186725990974 ], [ 106.914910278599535, -6.227194547075252 ], [ 106.914905625896026, -6.227202331323522 ], [ 106.914900908905423, -6.227210076927655 ], [ 106.914896130334967, -6.227217782973599 ], [ 106.914891288380915, -6.227225450372209 ], [ 106.914886383943426, -6.227233078215821 ], [ 106.914881417016176, -6.22724066469639 ], [ 106.914876388508816, -6.227248211618798 ], [ 106.914871298411811, -6.227255716270751 ], [ 106.914869259130882, -6.227258671128595 ], [ 106.914866147628544, -6.22726317864885 ], [ 106.914860936162142, -6.227270599657344 ], [ 106.914855664006296, -6.227277977487934 ], [ 106.914850331157567, -6.227285311236522 ], [ 106.91484493942616, -6.227292601800646 ], [ 106.91483948790534, -6.227299848279554 ], [ 106.914833977495263, -6.227307049765666 ], [ 106.914828409096373, -6.22731420535177 ], [ 106.914822781808169, -6.227321315945124 ], [ 106.914817096527585, -6.227328379734307 ], [ 106.914811354161515, -6.227335397620064 ], [ 106.914805587980851, -6.227342326083649 ], [ 106.914799697246323, -6.227349289356028 ], [ 106.914793784507353, -6.227356164103754 ], [ 106.914787816476746, -6.227362989325102 ], [ 106.91478179225409, -6.227369765927412 ], [ 106.914775712739797, -6.227376493003321 ], [ 106.914769578837166, -6.227383170549552 ], [ 106.914763389639532, -6.227389797665298 ], [ 106.91475714785399, -6.227396373436542 ], [ 106.914750851673531, -6.227402897869836 ], [ 106.914744502905208, -6.227409370958673 ], [ 106.914738101545794, -6.227415791798955 ], [ 106.91473204551157, -6.227421768363251 ], [ 106.914730862738296, -6.227422981474694 ], [ 106.914729817000264, -6.227424113621392 ], [ 106.914728801178157, -6.227425273687476 ], [ 106.91472781707246, -6.227426459858243 ], [ 106.914726865589657, -6.227427673034376 ], [ 106.914725946720068, -6.227428910503638 ], [ 106.914725060467006, -6.227430173170138 ], [ 106.914724209531016, -6.227431458311647 ], [ 106.914723393008757, -6.227432765931495 ], [ 106.91472261180013, -6.22743409512224 ], [ 106.914721865901953, -6.227435444979748 ], [ 106.914721157118066, -6.2274368145934 ], [ 106.914720485441762, -6.227438202154981 ], [ 106.91471985087307, -6.227439607664427 ], [ 106.914719254308906, -6.227441029310279 ], [ 106.914718695749173, -6.227442467092471 ], [ 106.914718176994398, -6.227443919196315 ], [ 106.914717696231165, -6.227445383820041 ], [ 106.914717255269466, -6.227446861861221 ], [ 106.914716854099439, -6.227448350607616 ], [ 106.91471649272134, -6.227449850059102 ], [ 106.914716172031959, -6.227451358404175 ], [ 106.914715891124601, -6.227452874742051 ], [ 106.914715651802823, -6.227454398161973 ], [ 106.914715453156617, -6.227455926859172 ], [ 106.914715296089511, -6.227457460830173 ], [ 106.914715179694767, -6.227458999174253 ], [ 106.91471510396245, -6.227460539178922 ], [ 106.914715070699643, -6.227462080837836 ], [ 106.91471507809608, -6.227463623253272 ], [ 106.914715126145012, -6.227465164617103 ], [ 106.914715216650507, -6.227466704018485 ], [ 106.914715347802016, -6.227468240560068 ], [ 106.914715520496642, -6.227469772430254 ], [ 106.914715733830789, -6.227471299632241 ], [ 106.914715988704586, -6.227472821258805 ], [ 106.914716283301516, -6.227474334604056 ], [ 106.91471661852492, -6.227475839664682 ], [ 106.914716994371446, -6.22747733553655 ], [ 106.914717409931228, -6.227478820414815 ], [ 106.914717866104354, -6.227480293392079 ], [ 106.914718360180359, -6.227481754478029 ], [ 106.914718893956461, -6.227483200953899 ], [ 106.914719466529277, -6.227484632822948 ], [ 106.91472007698863, -6.227486048280177 ], [ 106.914720724434275, -6.227487448232964 ], [ 106.914721409756851, -6.227488829061701 ], [ 106.914722132055857, -6.227490191673584 ], [ 106.914722890418233, -6.227491533359697 ], [ 106.914723684847075, -6.227492855024106 ], [ 106.914724514432422, -6.227494154861859 ], [ 106.914725378267647, -6.22749543197212 ], [ 106.914726275445901, -6.227496685454036 ], [ 106.914727206867312, -6.22749791440023 ], [ 106.914728169818304, -6.227499117916374 ], [ 106.91472916610266, -6.227500295091862 ], [ 106.914730192102937, -6.227501445035647 ], [ 106.914731249623046, -6.227502566837138 ], [ 106.914732336856005, -6.22750366050274 ], [ 106.914733451988113, -6.227504724230902 ], [ 106.914734595919754, -6.227505757114229 ], [ 106.914735767750813, -6.227506760060098 ], [ 106.914736964760934, -6.227507730365899 ], [ 106.91473818785353, -6.227508668028474 ], [ 106.914739436125302, -6.227509573051029 ], [ 106.914740707762718, -6.227510443631981 ], [ 106.914742001865449, -6.227511280678638 ], [ 106.914743318423788, -6.227512081478707 ], [ 106.914744656540904, -6.227512847843611 ], [ 106.914746014399768, -6.227513577067667 ], [ 106.914747598377545, -6.227514375088934 ], [ 106.914871075613945, -6.227574168998991 ], [ 106.915074091629677, -6.227675147410424 ], [ 106.915714102047957, -6.227993482619608 ], [ 106.915787778936675, -6.228030129692622 ], [ 106.915925798427693, -6.228096814170343 ], [ 106.915936792236664, -6.22810212577347 ], [ 106.915968989879332, -6.22811768188584 ], [ 106.91596986869564, -6.228118106346392 ], [ 106.915996210579451, -6.228130833914351 ], [ 106.916126066430934, -6.228193573429695 ], [ 106.916292526701028, -6.228267516789368 ], [ 106.916307881658184, -6.228274337803057 ], [ 106.916439620465752, -6.228332858051012 ], [ 106.916492629304102, -6.228354020052778 ], [ 106.91654751099091, -6.228369685384894 ], [ 106.916603699364074, -6.228379693361191 ], [ 106.916809199028847, -6.22857241538664 ], [ 106.916808101607387, -6.228586443285586 ], [ 106.916808647729212, -6.228600503185769 ], [ 106.91681073018762, -6.228613932751711 ], [ 106.916814313065942, -6.228627042229518 ], [ 106.916817015597942, -6.228634326000459 ], [ 106.916872218279096, -6.228716035678747 ], [ 106.916886449801979, -6.22873817575532 ], [ 106.917007401010238, -6.228926345188988 ], [ 106.917017748245129, -6.228942442629999 ] ] ] } },
{ "type": "Feature", "properties": { "OBJECTID": 1094, "toponimi": "Sal. Phb Cipinang Muara 2", "kewenangan": "Pemprov DKI", "jenis": "Saluran Drainase Tersier", "panjang": "931", "lebar": "2", "kedalaman": "1.5 - 2", "kota": "Jakarta Timur", "kecamatan": "Duren Sawit", "lebar_min": 2.0, "lebar_max": 2.0, "kedalaman_": 1.5, "kedalaman1": 2.0, "Shape_Leng": 0.08687140572 }, "geometry": { "type": "MultiLineString", "coordinates": [ [ [ 106.896698506609184, -6.223056901489851 ], [ 106.896698087678203, -6.223056224891687 ] ], [ [ 106.896698506609184, -6.223056901489851 ], [ 106.89669847960478, -6.223056173756273 ] ], [ [ 106.896824550667361, -6.223738027165445 ], [ 106.896819506520174, -6.223611102603124 ], [ 106.896813197968171, -6.223585289545462 ], [ 106.896784017748715, -6.223580610595246 ], [ 106.896727113423481, -6.223577466114794 ], [ 106.896702678310518, -6.223562721529093 ], [ 106.896697538637568, -6.223511911199389 ], [ 106.896703315493482, -6.223187524833097 ], [ 106.896698506609184, -6.223056901489851 ] ] ] } },
{ "type": "Feature", "properties": { "OBJECTID": 1095, "toponimi": "Sal. Phb Malaka", "kewenangan": "Pemprov DKI", "jenis": "Saluran Drainase Tersier", "panjang": "1874", "lebar": "9.2", "kedalaman": "2.5", "kota": "Jakarta Timur", "kecamatan": "Duren Sawit", "lebar_min": 9.2, "lebar_max": 9.2, "kedalaman_": 2.5, "kedalaman1": 2.5, "Shape_Leng": 0.93204858911 }, "geometry": { "type": "MultiLineString", "coordinates": [ [ [ 106.932284574689248, -6.222392586227997 ], [ 106.932168249828408, -6.222402748356042 ], [ 106.932142849036495, -6.222404967790494 ], [ 106.931928030589276, -6.222423734021983 ], [ 106.931807699630482, -6.222434852824283 ], [ 106.931712712997836, -6.222443629433385 ], [ 106.931497639344812, -6.222466011101745 ], [ 106.931421162905522, -6.222474575292043 ], [ 106.93141737717643, -6.222475006842771 ], [ 106.931289016429005, -6.22248965023103 ], [ 106.930884994468173, -6.222536446827849 ], [ 106.930480389072159, -6.222577899208886 ], [ 106.930063950369259, -6.222618466926541 ], [ 106.929936782500747, -6.222632252157608 ], [ 106.929810026268129, -6.222649413648798 ], [ 106.9297578856239, -6.222661026870164 ], [ 106.929706621129014, -6.222676049939082 ], [ 106.929656456600355, -6.222694416941463 ], [ 106.929648651529476, -6.222697617120128 ], [ 106.929619134923783, -6.222710596952362 ], [ 106.929608624104034, -6.22271556282067 ], [ 106.929584373523483, -6.222727731397108 ], [ 106.929582952445102, -6.222728492435098 ], [ 106.929569431875876, -6.2226977194786 ], [ 106.929559837841225, -6.222675883867832 ], [ 106.929508249984266, -6.222703806282905 ], [ 106.929433900136814, -6.222751490053798 ], [ 106.929363284037805, -6.22280455415734 ], [ 106.92929679001486, -6.22286270695366 ], [ 106.929234782804727, -6.222925628861283 ], [ 106.929177602655713, -6.222992974168701 ], [ 106.92912556533436, -6.223064372842325 ], [ 106.929090290211121, -6.223130149927565 ], [ 106.929055015080863, -6.223195927013041 ], [ 106.929024142829562, -6.223241979086025 ], [ 106.9290074320473, -6.223267641222765 ], [ 106.92896661177106, -6.223324840381156 ], [ 106.928925792390373, -6.223382039535619 ], [ 106.928896296379946, -6.223421236056778 ], [ 106.928871896981036, -6.223450080761087 ], [ 106.928842993619313, -6.223480110044452 ], [ 106.928815309367636, -6.223505775203032 ], [ 106.928782536845134, -6.223534174929433 ], [ 106.928750355972369, -6.223569724992744 ], [ 106.928723430640318, -6.2235924236686 ], [ 106.928666677774018, -6.223629574285645 ], [ 106.928601689345044, -6.223661887198435 ], [ 106.928536700002823, -6.223694200108939 ], [ 106.928458900469352, -6.223723549990471 ], [ 106.9283811000208, -6.223752899866501 ], [ 106.928314049974958, -6.223768899996488 ], [ 106.928246999922635, -6.223784900119164 ], [ 106.928179949863789, -6.223800900234496 ], [ 106.928112899798393, -6.223816900342684 ], [ 106.928058498342324, -6.223824756938924 ], [ 106.92800409687959, -6.223832612626011 ], [ 106.927942517477732, -6.223841483630657 ], [ 106.927880938071795, -6.223850354628765 ], [ 106.927801808723956, -6.223860921648083 ], [ 106.9277259773026, -6.223868842004173 ], [ 106.927650145878943, -6.223876763254168 ], [ 106.92759830651687, -6.223881865538926 ], [ 106.927546467155494, -6.223886968723002 ], [ 106.927468394068839, -6.223894104314852 ], [ 106.927390321876587, -6.223901238988441 ], [ 106.927306259935222, -6.223908188475079 ], [ 106.927222197084021, -6.223915137952318 ], [ 106.92714065677437, -6.223921116222754 ], [ 106.927059115558833, -6.223927095388508 ], [ 106.926977575237714, -6.223933073634889 ], [ 106.926916888341751, -6.22393771630979 ], [ 106.926856201442547, -6.223942358978142 ], [ 106.926795514540046, -6.223947001639787 ], [ 106.92673430059773, -6.223951805343771 ], [ 106.926673085748689, -6.223956609044306 ], [ 106.926639000409139, -6.223959500057437 ], [ 106.926629640176699, -6.223960152638151 ], [ 106.926578716650866, -6.223963704533074 ], [ 106.926558700042449, -6.223965100314174 ], [ 106.926528441559071, -6.223968178973562 ], [ 106.926452964234642, -6.223975859176486 ], [ 106.926377485998131, -6.22398353846852 ], [ 106.926302008662745, -6.223991218651141 ], [ 106.926226530415249, -6.223998897922841 ], [ 106.926151053068864, -6.224006578085313 ], [ 106.926073668304866, -6.224014452350248 ], [ 106.925996284435129, -6.22402232569722 ], [ 106.925918899659607, -6.224030199940835 ], [ 106.925837087153369, -6.224038862447415 ], [ 106.92575527464065, -6.224047524942063 ], [ 106.925673462121381, -6.22405618742493 ], [ 106.925591650498959, -6.224064849892555 ], [ 106.925509837966686, -6.224073512351644 ], [ 106.925428025427777, -6.224082174798868 ], [ 106.925346212882317, -6.224090837234229 ], [ 106.925264400330263, -6.224099499657711 ], [ 106.925175900611166, -6.224107499323895 ], [ 106.925087399984747, -6.224115499883562 ], [ 106.924998899347685, -6.224123499525031 ], [ 106.924910399610255, -6.224131500053304 ], [ 106.924825854000417, -6.224133204304387 ], [ 106.924741308389216, -6.224134909446146 ], [ 106.92465676276997, -6.224136613670498 ], [ 106.924647500206063, -6.224136800238293 ], [ 106.92458527893163, -6.224139163533751 ], [ 106.92452305856132, -6.224141527722804 ], [ 106.924460837281245, -6.22414389100384 ] ] ] } },
{ "type": "Feature", "properties": { "OBJECTID": 1096, "toponimi": "Sal. Phb Pondok Kopi", "kewenangan": "Pemprov DKI", "jenis": "Saluran Drainase Tersier", "panjang": "2231", "lebar": "2.8", "kedalaman": "1.5", "kota": "Jakarta Timur", "kecamatan": "Duren Sawit", "lebar_min": 2.8, "lebar_max": 2.8, "kedalaman_": 1.5, "kedalaman1": 1.5, "Shape_Leng": 0.51940823727999996 }, "geometry": { "type": "MultiLineString", "coordinates": [ [ [ 106.943735593999762, -6.233919886820361 ], [ 106.943627462297712, -6.233881261368088 ], [ 106.94309169614813, -6.233835851335163 ], [ 106.942991329973836, -6.233852733148718 ], [ 106.942987419703044, -6.233852723152484 ], [ 106.942985221163795, -6.233849672642909 ], [ 106.942975304584778, -6.233835914242992 ], [ 106.942957970546999, -6.23381186364 ], [ 106.942912822186415, -6.23373578260047 ], [ 106.942891867000299, -6.23368202352928 ], [ 106.942870911819725, -6.23362826445581 ], [ 106.942855280472358, -6.233584231191363 ], [ 106.942842687574213, -6.233539233790863 ], [ 106.942826712735169, -6.233446058723159 ], [ 106.942825797765693, -6.233436307619494 ], [ 106.942823499029856, -6.233395969141536 ], [ 106.942824199008527, -6.233340925964775 ], [ 106.942829316025694, -6.233286116947179 ], [ 106.942830046047447, -6.233279002502949 ], [ 106.942837306103584, -6.233208237936172 ], [ 106.942841950459709, -6.233162962725398 ], [ 106.942878587373784, -6.232986520217499 ], [ 106.942879296039834, -6.232982685974388 ], [ 106.942896588343373, -6.232870214766885 ], [ 106.94290410157339, -6.232821352312673 ], [ 106.942906551861114, -6.232805415521939 ], [ 106.942948404161584, -6.23252062026202 ], [ 106.942949505898241, -6.23251312020021 ], [ 106.942950067029329, -6.232508476415707 ], [ 106.942953249758716, -6.232474790091046 ], [ 106.942957062040321, -6.232434429995962 ], [ 106.942963105708046, -6.232370451669121 ], [ 106.942975836524866, -6.23223567744058 ], [ 106.942976038644531, -6.232233152412087 ], [ 106.94298424289218, -6.232109375319542 ], [ 106.942987696620222, -6.232057263981288 ], [ 106.942990402242899, -6.232016436922636 ], [ 106.942992770625665, -6.231980698551023 ], [ 106.942993605182522, -6.231972774541046 ], [ 106.942999459379593, -6.23191721149416 ], [ 106.943009965675444, -6.231817492504633 ], [ 106.943016388195872, -6.231756538850168 ], [ 106.943026664900117, -6.231658998716162 ], [ 106.943043889480151, -6.231556600494642 ], [ 106.943049779531492, -6.231521582381736 ], [ 106.94305015721504, -6.231519136268331 ], [ 106.943055504561855, -6.231481002773768 ], [ 106.943055611075494, -6.231480240214002 ], [ 106.943059537507992, -6.23145223892589 ], [ 106.943087914296811, -6.231249856244521 ], [ 106.943088130854719, -6.231248308509053 ], [ 106.943099129773685, -6.231173448105016 ], [ 106.94310127420114, -6.231158851435164 ], [ 106.943328242732164, -6.231189775580608 ], [ 106.943636593176905, -6.231231786945082 ], [ 106.943644205827027, -6.231233020121349 ], [ 106.943722645678349, -6.231245724885025 ], [ 106.943733035437674, -6.23124740711191 ], [ 106.943762007985015, -6.231252100244048 ], [ 106.943770741324002, -6.231253438684704 ], [ 106.943781608056952, -6.231255350605036 ], [ 106.943797432620443, -6.231258133895446 ], [ 106.94388676150021, -6.231274634640379 ], [ 106.944023311312662, -6.231301015004638 ], [ 106.944057589210345, -6.23130747508494 ], [ 106.944063641998952, -6.231308579292862 ], [ 106.944092055294803, -6.231313761783498 ], [ 106.944134262490522, -6.231321327283986 ], [ 106.944151783482027, -6.2313247688303 ], [ 106.944160291160927, -6.231326654179687 ], [ 106.944160738794537, -6.231326767351486 ], [ 106.944198155534323, -6.231333770069129 ], [ 106.944229631487431, -6.231339660932336 ] ] ] } },
{ "type": "Feature", "properties": { "OBJECTID": 1104, "toponimi": "Sal. Phb Cipinang Muara PLN", "kewenangan": "Pemprov DKI", "jenis": "Saluran Drainase Tersier", "panjang": "1910", "lebar": "1 - 2", "kedalaman": "2-3", "kota": "Jakarta Timur", "kecamatan": "Jatinegara", "lebar_min": 1.0, "lebar_max": 2.0, "kedalaman_": 2.0, "kedalaman1": 3.0, "Shape_Leng": 1.4540951906699999 }, "geometry": { "type": "MultiLineString", "coordinates": [ [ [ 106.891299515206981, -6.22865397967005 ], [ 106.891296051821755, -6.228647586255469 ], [ 106.891289790690976, -6.228633724729833 ] ] ] } }
]
}
