{
"type": "FeatureCollection",
"name": "saluran_phb_cakung",
"crs": { "type": "name", "properties": { "name": "urn:ogc:def:crs:OGC:1.3:CRS84" } },
"features": [
{ "type": "Feature", "properties": { "OBJECTID": 1049, "toponimi": "Sal. Phb Sangkuriang", "kewenangan": "Pemprov DKI", "jenis": "Saluran Drainase Tersier", "panjang": "1892", "lebar": "1.2 - 1.5", "kedalaman": "1.5", "kota": "Jakarta Timur", "kecamatan": "Cakung", "lebar_min": 1.2, "lebar_max": 1.5, "kedalaman_": 1.5, "kedalaman1": 1.5, "Shape_Leng": 0.43427511542000002 }, "geometry": { "type": "MultiLineString", "coordinates": [ [ [ 106.962224736168892, -6.188163943474606, 0.0 ], [ 106.962432615876665, -6.188233921241899, 0.0 ], [ 106.962956717355624, -6.188407117591471, 0.0 ], [ 106.96321329128979, -6.188499069996833, 0.0 ], [ 106.963423286510036, -6.188574329379321, 0.0 ], [ 106.964172870943173, -6.188842968227572, 0.0 ], [ 106.964205303814751, -6.188847974485287, 0.0 ], [ 106.964238118887408, -6.188847619803362, 0.0 ], [ 106.964270435384805, -6.188841911057667, 0.0 ], [ 106.964280894715642, -6.188838225202954, 0.0 ], [ 106.964301389339099, -6.18883100333493, 0.0 ], [ 106.964330150711859, -6.188815188115918, 0.0 ], [ 106.964349430596926, -6.188799982991216, 0.0 ], [ 106.964366130003057, -6.188781977462904, 0.0 ], [ 106.96437984671951, -6.188761605180778, 0.0 ], [ 106.964390251912334, -6.188739354673437, 0.0 ], [ 106.964449735253609, -6.188576494561473, 0.0 ], [ 106.964472705435043, -6.188513604237823, 0.0 ], [ 106.964604649763174, -6.188152352676562, 0.0 ], [ 106.964771787370779, -6.187714158319499, 0.0 ], [ 106.964815813678058, -6.187598731324374, 0.0 ], [ 106.964824158693432, -6.187576851893756, 0.0 ], [ 106.964853352731723, -6.187501140067586, 0.0 ], [ 106.964879880811836, -6.187433722401898, 0.0 ], [ 106.964944544835532, -6.187275011062454, 0.0 ] ] ] } },
{ "type": "Feature", "properties": { "OBJECTID": 1027, "toponimi": "Sal. Phb Samping SMP 200", "kewenangan": "Pemprov DKI", "jenis": "Saluran Drainase Tersier", "panjang": "387", "lebar": "2", "kedalaman": "1.5 - 1.8", "kota": "Jakarta Utara", "kecamatan": "Cilincing", "lebar_min": 2.0, "lebar_max": 2.0, "kedalaman_": 1.5, "kedalaman1": 1.8, "Shape_Leng": 1.64021497826 }, "geometry": { "type": "MultiLineString", "coordinates": [ [ [ 106.958608352289318, -6.159376658770082, 0.0 ], [ 106.95860872556257, -6.159368218740048, 0.0 ], [ 106.958611846196874, -6.159297638114332, 0.0 ], [ 106.958614967736338, -6.159227057485401, 0.0 ], [ 106.95861855242569, -6.159145562584531, 0.0 ], [ 106.958622138021227, -6.159064067680432, 0.0 ], [ 106.958625723619534, -6.15898257277642, 0.0 ], [ 106.958629308317498, -6.158901077875851, 0.0 ], [ 106.958629610101383, -6.158883721622358, 0.0 ] ], [ [ 106.958629567694373, -6.159526489301292, 0.0 ], [ 106.958609678741624, -6.159484808874645, 0.0 ], [ 106.958606052354369, -6.15944386164194, 0.0 ] ] ] } },
{ "type": "Feature", "properties": { "OBJECTID": 298, "toponimi": "Sal. Phb Sodetan Warung Jengkol", "kewenangan": "Pemprov DKI", "jenis": "Saluran Drainase Tersier", "panjang": "1855", "lebar": "4", "kedalaman": "1.5", "kota": "Jakarta Timur", "kecamatan": "Cakung", "lebar_min": 4.0, "lebar_max": 4.0, "kedalaman_": 1.5, "kedalaman1": 1.5, "Shape_Leng": 2.0664637527699998 }, "geometry": { "type": "MultiLineString", "coordinates": [ [ [ 106.921026185426257, -6.192711768577138, 0.0 ], [ 106.92101735290214, -6.192711563678878, 0.0 ], [ 106.920986074575779, -6.192712980686112, 0.0 ], [ 106.920900031475156, -6.192717462064372, 0.0 ], [ 106.920813988368778, -6.19272194342918, 0.0 ], [ 106.920727945256715, -6.192726424780437, 0.0 ], [ 106.920641901232116, -6.192730905217319, 0.0 ], [ 106.920555858108457, -6.192735386541493, 0.0 ], [ 106.920469814979143, -6.192739867852233, 0.0 ], [ 106.920383771844044, -6.192744349149371, 0.0 ], [ 106.920304071714355, -6.192747867182303, 0.0 ], [ 106.920224372479893, -6.192751384296195, 0.0 ], [ 106.920144672340655, -6.19275490230578, 0.0 ], [ 106.920064972196712, -6.192758420303709, 0.0 ], [ 106.919985272047953, -6.192761938290015, 0.0 ], [ 106.919905572794562, -6.192765455357232, 0.0 ], [ 106.919825872636395, -6.192768973320208, 0.0 ], [ 106.919746172473353, -6.192772491271526, 0.0 ], [ 106.919664919014252, -6.192776420784543, 0.0 ], [ 106.919583665553347, -6.192780351189571, 0.0 ], [ 106.919502412987555, -6.192784280675119, 0.0 ], [ 106.919421159516645, -6.192788211055981, 0.0 ], [ 106.919339906037365, -6.192792140520614, 0.0 ], [ 106.919258652556294, -6.192796070877328, 0.0 ], [ 106.919177399066854, -6.192800000317778, 0.0 ], [ 106.919096146479291, -6.192803930647091, 0.0 ], [ 106.919014892983157, -6.192807860967522, 0.0 ], [ 106.918933639478666, -6.192811790371757, 0.0 ], [ 106.918845898275507, -6.192815396949167, 0.0 ], [ 106.918758157966764, -6.192819002604992, 0.0 ], [ 106.918670416752292, -6.192822609154042, 0.0 ], [ 106.918582676435634, -6.192826215685671, 0.0 ], [ 106.918494935206539, -6.192829821302351, 0.0 ], [ 106.918407193975185, -6.192833427808938, 0.0 ], [ 106.918319453638091, -6.192837033394023, 0.0 ], [ 106.918231712395411, -6.1928406398723, 0.0 ], [ 106.918148511165612, -6.192843842954789, 0.0 ], [ 106.918065309931038, -6.192847046024564, 0.0 ], [ 106.917982107791246, -6.192850249989, 0.0 ], [ 106.917898906546512, -6.192853453033244, 0.0 ], [ 106.917815705296732, -6.192856656064805, 0.0 ], [ 106.9177271499168, -6.192860227431261, 0.0 ], [ 106.917638593627458, -6.192863798786662, 0.0 ], [ 106.917550038232747, -6.19286736922017, 0.0 ], [ 106.917461481931952, -6.192870940546667, 0.0 ], [ 106.917372926528856, -6.192874511855471, 0.0 ], [ 106.91728363403837, -6.192874357191174, 0.0 ], [ 106.917194341540082, -6.192874201607789, 0.0 ], [ 106.917105049040345, -6.192874046913395, 0.0 ], [ 106.91701737160659, -6.192874076234665, 0.0 ], [ 106.916929693268287, -6.192874106448833, 0.0 ], [ 106.916842015825438, -6.192874135741123, 0.0 ], [ 106.916754337478096, -6.192874165926208, 0.0 ], [ 106.916666660929835, -6.192874195186221, 0.0 ], [ 106.916576431389032, -6.192872490496128, 0.0 ], [ 106.916486201844009, -6.192870785790515, 0.0 ], [ 106.916395973198249, -6.192869081066054, 0.0 ], [ 106.916305743645012, -6.192867376329369, 0.0 ], [ 106.916215514087554, -6.192865671577128, 0.0 ], [ 106.916125311403206, -6.192863904327364, 0.0 ], [ 106.916035108714681, -6.192862137062115, 0.0 ], [ 106.915944906022133, -6.192860369781299, 0.0 ], [ 106.91585470332214, -6.192858601580919, 0.0 ], [ 106.915764500621293, -6.192856834269066, 0.0 ], [ 106.915674297916212, -6.192855066941701, 0.0 ], [ 106.915584095207137, -6.192853299598747, 0.0 ], [ 106.915493892493856, -6.192851532240245, 0.0 ], [ 106.915403688873113, -6.19284976486952, 0.0 ], [ 106.915313486151646, -6.192847997479999, 0.0 ], [ 106.91522328342603, -6.192846230075013, 0.0 ], [ 106.915133080692968, -6.192844461750309, 0.0 ], [ 106.915042877959181, -6.192842694314153, 0.0 ], [ 106.914952675221173, -6.192840926862464, 0.0 ], [ 106.91486247247903, -6.192839159395307, 0.0 ], [ 106.914772269732808, -6.192837391912567, 0.0 ], [ 106.914682066982522, -6.192835624414309, 0.0 ], [ 106.9145918642281, -6.192833856900534, 0.0 ], [ 106.914501661469444, -6.192832089371209, 0.0 ], [ 106.914411458703555, -6.192830320922236, 0.0 ], [ 106.914321255936727, -6.192828553361825, 0.0 ], [ 106.914231053165793, -6.1928267857859, 0.0 ], [ 106.914140850390737, -6.192825018194421, 0.0 ], [ 106.914050646708063, -6.192823250590672, 0.0 ], [ 106.913960443924807, -6.192821482968143, 0.0 ], [ 106.913870241137374, -6.192819715330065, 0.0 ], [ 106.913780038345791, -6.192817947676503, 0.0 ], [ 106.913689835546947, -6.192816179103257, 0.0 ], [ 106.913599632747193, -6.192814411418579, 0.0 ], [ 106.913509429943304, -6.192812643718382, 0.0 ], [ 106.913419227135293, -6.192810876002635, 0.0 ], [ 106.913329024323104, -6.192809108271355, 0.0 ], [ 106.9132389475688, -6.192807475689402, 0.0 ], [ 106.913148870813643, -6.19280584399607, 0.0 ], [ 106.913058793147513, -6.192804211386455, 0.0 ], [ 106.912968716380803, -6.192802578758054, 0.0 ], [ 106.912878639609971, -6.192800946114144, 0.0 ], [ 106.91278856283806, -6.192799314358993, 0.0 ], [ 106.912698486058886, -6.19279768168413, 0.0 ], [ 106.912608409275521, -6.192796048993825, 0.0 ], [ 106.912518331584522, -6.192794416291299, 0.0 ], [ 106.912428254796225, -6.192792784474243, 0.0 ], [ 106.912338178000411, -6.192791151737508, 0.0 ], [ 106.912251980641727, -6.192789562866132, 0.0 ], [ 106.912165783279278, -6.192787973980631, 0.0 ], [ 106.912079586816503, -6.192786385077717, 0.0 ], [ 106.911993389446465, -6.192784796163867, 0.0 ], [ 106.911907192072704, -6.19278320723576, 0.0 ], [ 106.911820994695063, -6.192781618293578, 0.0 ], [ 106.911734798217182, -6.19278002933395, 0.0 ], [ 106.911648600832066, -6.192778440363402, 0.0 ], [ 106.911562403439831, -6.192776850474548, 0.0 ], [ 106.911476206047141, -6.192775261475618, 0.0 ], [ 106.911390009553912, -6.19277367245926, 0.0 ], [ 106.911303812153605, -6.192772083432065, 0.0 ], [ 106.91121761474956, -6.192770494390611, 0.0 ], [ 106.911131417341664, -6.192768905335001, 0.0 ], [ 106.911045220833373, -6.19276731626198, 0.0 ], [ 106.910959023417846, -6.192765727178036, 0.0 ], [ 106.910872825998624, -6.192764138079919, 0.0 ], [ 106.910668944418731, -6.192761009048475, 0.0 ], [ 106.910665709966125, -6.191196532089014, 0.0 ], [ 106.910635626755706, -6.191108488521373, 0.0 ], [ 106.910552702998629, -6.191107743714476, 0.0 ], [ 106.910469779234546, -6.191106997990337, 0.0 ], [ 106.910386854566681, -6.191106253160497, 0.0 ], [ 106.910303930798491, -6.191105508314429, 0.0 ], [ 106.91022100702321, -6.191104762551206, 0.0 ], [ 106.910138083247332, -6.191104017678946, 0.0 ], [ 106.910055159464733, -6.191103271889709, 0.0 ], [ 106.909972235681352, -6.191102526991488, 0.0 ], [ 106.909889310990877, -6.191101782083407, 0.0 ], [ 106.909806387196909, -6.19110103625497, 0.0 ], [ 106.909723463402443, -6.19110029131763, 0.0 ], [ 106.909640423330757, -6.191099872273081, 0.0 ], [ 106.909557383255262, -6.191099453215385, 0.0 ], [ 106.909474342275729, -6.1910990350521, 0.0 ], [ 106.90939130219256, -6.191098615968419, 0.0 ], [ 106.909308262105398, -6.191098196871658, 0.0 ], [ 106.909225222014499, -6.191097777761904, 0.0 ], [ 106.909142181919748, -6.191097358639054, 0.0 ], [ 106.909059140920874, -6.191096940410529, 0.0 ], [ 106.908976100818307, -6.191096521261576, 0.0 ], [ 106.908893060711918, -6.191096102099677, 0.0 ], [ 106.908811264455622, -6.191098155772414, 0.0 ], [ 106.908729446068733, -6.191098827998424, 0.0 ], [ 106.90864762723379, -6.191098118699362, 0.0 ], [ 106.908565832346653, -6.191096028691641, 0.0 ], [ 106.908484084896415, -6.19109255789057, 0.0 ], [ 106.908402406568982, -6.191087707121933, 0.0 ], [ 106.908320821763382, -6.191081478106225, 0.0 ], [ 106.908239353975148, -6.191073872567133, 0.0 ], [ 106.908158025800134, -6.191064893135477, 0.0 ], [ 106.908076860734056, -6.1910545415351, 0.0 ], [ 106.90799158033515, -6.191038581013525, 0.0 ], [ 106.907906744580046, -6.191020400136618, 0.0 ], [ 106.907822411333328, -6.191000011354233, 0.0 ], [ 106.907738637559305, -6.190977428023337, 0.0 ], [ 106.907655482039033, -6.190952666207139, 0.0 ], [ 106.907572999036489, -6.190925741984941, 0.0 ], [ 106.90749149911349, -6.190894329714959, 0.0 ], [ 106.907409900743474, -6.190863174557155, 0.0 ], [ 106.90732820482657, -6.190832275603944, 0.0 ], [ 106.907246412272386, -6.190801634660411, 0.0 ], [ 106.907164523978011, -6.190771249915101, 0.0 ], [ 106.907082540856166, -6.190741124077022, 0.0 ], [ 106.907000463806952, -6.190711256238842, 0.0 ], [ 106.906918292830298, -6.190681646400602, 0.0 ], [ 106.906836028829431, -6.190652294558996, 0.0 ], [ 106.906753673617573, -6.190623202515711, 0.0 ], [ 106.906671227191381, -6.19059436936675, 0.0 ], [ 106.906588691360682, -6.190565796009586, 0.0 ], [ 106.906506065222032, -6.190537482447554, 0.0 ], [ 106.906450419331151, -6.190515115177654, 0.0 ], [ 106.906401673790057, -6.190480162892606, 0.0 ], [ 106.906372602364954, -6.190459166655849, 0.0 ], [ 106.906294426079654, -6.190425701590067, 0.0 ], [ 106.90621169109329, -6.190406076180132, 0.0 ], [ 106.906198881045412, -6.190405289708169, 0.0 ] ] ] } },
{ "type": "Feature", "properties": { "OBJECTID": 1051, "toponimi": "Sal. Phb Lele Klender", "kewenangan": "Pemprov DKI", "jenis": "Saluran Drainase Tersier", "panjang": "3310", "lebar": "3 - 6", "kedalaman": "1.5", "kota": "Jakarta Timur", "kecamatan": "Cakung", "lebar_min": 3.0, "lebar_max": 6.0, "kedalaman_": 1.5, "kedalaman1": 1.5, "Shape_Leng": 0.37920709934000002 }, "geometry": { "type": "MultiLineString", "coordinates": [ [ [ 106.904678874659353, -6.2020799592854, 0.0 ], [ 106.904679635160335, -6.202080156806884, 0.0 ], [ 106.90468104140875, -6.202080546857215, 0.0 ], [ 106.905096906278374, -6.202195800415332, 0.0 ], [ 106.905306706996015, -6.202231146096191, 0.0 ], [ 106.905328264927377, -6.202236698595945, 0.0 ], [ 106.905349165514551, -6.202244363706897, 0.0 ], [ 106.90552143914384, -6.202318183147397, 0.0 ], [ 106.905575389531151, -6.202341996526807, 0.0 ], [ 106.905583210416282, -6.202346974578996, 0.0 ], [ 106.905585079387308, -6.202348164024107, 0.0 ], [ 106.905593820729322, -6.202355616090445, 0.0 ], [ 106.905601445903599, -6.202364208667589, 0.0 ], [ 106.905607807056853, -6.2023737768312, 0.0 ], [ 106.905615285253063, -6.202387478290531, 0.0 ], [ 106.905658059139327, -6.202465852013161, 0.0 ], [ 106.905663636909892, -6.202473882350307, 0.0 ], [ 106.905666932076429, -6.202477493358131, 0.0 ], [ 106.905670227239938, -6.202481103461666, 0.0 ], [ 106.905677715835907, -6.202487387371544, 0.0 ], [ 106.905685970395027, -6.202492622443136, 0.0 ], [ 106.905705926235186, -6.202502365920199, 0.0 ], [ 106.905720798541807, -6.202509627756917, 0.0 ], [ 106.905848067408456, -6.202571366095052, 0.0 ], [ 106.90586722129315, -6.202578676714528, 0.0 ], [ 106.905877209706418, -6.202581439068136, 0.0 ], [ 106.90600859498285, -6.202605797432171, 0.0 ], [ 106.906027407150958, -6.202610029796795, 0.0 ], [ 106.906063582242126, -6.20261669870554, 0.0 ], [ 106.906117756367365, -6.202630355079942, 0.0 ], [ 106.906134190565226, -6.202634051709342, 0.0 ], [ 106.906255132219513, -6.202664983565014, 0.0 ], [ 106.906510744413453, -6.202729417038533, 0.0 ], [ 106.90655109424047, -6.202739587960216, 0.0 ], [ 106.906553476059173, -6.202740188772684, 0.0 ], [ 106.906795753184042, -6.202801261504866, 0.0 ], [ 106.906978645353618, -6.202858536280162, 0.0 ], [ 106.90707259588838, -6.202887957546603, 0.0 ], [ 106.907087945045973, -6.202890895864838, 0.0 ], [ 106.907103568453806, -6.202891211210458, 0.0 ], [ 106.907119023393307, -6.202888894327905, 0.0 ], [ 106.907133869221781, -6.20288401099738, 0.0 ], [ 106.907160263957721, -6.202869143336525, 0.0 ], [ 106.907174671019973, -6.202866355556083, 0.0 ], [ 106.907182242895942, -6.202864889817108, 0.0 ], [ 106.907204624934465, -6.202864452093181, 0.0 ], [ 106.907226753321012, -6.202867843379002, 0.0 ], [ 106.907247978127529, -6.202874964751829, 0.0 ], [ 106.907267677935948, -6.202885605978201, 0.0 ], [ 106.907317107245248, -6.202927411380915, 0.0 ], [ 106.907322675816047, -6.202932121749887, 0.0 ], [ 106.907354738807996, -6.202959238760857, 0.0 ], [ 106.907452702508436, -6.203050234998906, 0.0 ], [ 106.907636945556916, -6.203266067749063, 0.0 ], [ 106.907696572451272, -6.203337374369152, 0.0 ] ] ] } },
{ "type": "Feature", "properties": { "OBJECTID": 1019, "toponimi": "Sal. Phb Kepu Warung Jengkol", "kewenangan": "Pemprov DKI", "jenis": "Saluran Drainase Tersier", "panjang": "2021", "lebar": "4", "kedalaman": "1.5", "kota": "Jakarta Utara", "kecamatan": "Kelapa Gading", "lebar_min": 4.0, "lebar_max": 4.0, "kedalaman_": 1.5, "kedalaman1": 1.5, "Shape_Leng": 1.93535967803 }, "geometry": { "type": "MultiLineString", "coordinates": [ [ [ 106.91125215433209, -6.182434600764559, 0.0 ], [ 106.911270390411545, -6.182384464753056, 0.0 ] ] ] } },
{ "type": "Feature", "properties": { "OBJECTID": 289, "toponimi": "Sal. Phb Aneka Elok", "kewenangan": "Pemprov DKI", "jenis": "Saluran Drainase Tersier", "panjang": "2070", "lebar": "5 - 10", "kedalaman": "2", "kota": "Jakarta Timur", "kecamatan": "Cakung", "lebar_min": 5.0, "lebar_max": 10.0, "kedalaman_": 2.0, "kedalaman1": 2.0, "Shape_Leng": 2.1384597870399999 }, "geometry": { "type": "MultiLineString", "coordinates": [ [ [ 106.938091845779894, -6.210113138732426, 0.0 ], [ 106.938133852526065, -6.210011861125558, 0.0 ], [ 106.938182396170276, -6.209914792521574, 0.0 ], [ 106.938195649015711, -6.209784483960528, 0.0 ], [ 106.938207958629945, -6.209696498537335, 0.0 ], [ 106.938262088414021, -6.209509979000629, 0.0 ], [ 106.938293728875053, -6.209415591291667, 0.0 ], [ 106.938354817009284, -6.209167515820834, 0.0 ], [ 106.938372302716203, -6.208815887086559, 0.0 ], [ 106.938329622858845, -6.208511443129053, 0.0 ], [ 106.938117876471651, -6.20854039748447, 0.0 ], [ 106.937793393312944, -6.208540243880494, 0.0 ], [ 106.93778485302947, -6.208404748163688, 0.0 ], [ 106.937403042084227, -6.20849470832882, 0.0 ], [ 106.937358472171439, -6.208391816846431, 0.0 ], [ 106.937327519820045, -6.208375612512146, 0.0 ], [ 106.937293821318789, -6.208274674993352, 0.0 ], [ 106.937387036800914, -6.208233660915917, 0.0 ], [ 106.937352444475948, -6.208151378233029, 0.0 ], [ 106.937307253827228, -6.207996104094472, 0.0 ], [ 106.937287011190634, -6.207857913912801, 0.0 ], [ 106.937241745981723, -6.207682028140623, 0.0 ], [ 106.937407992699818, -6.207618728002248, 0.0 ], [ 106.937512596124762, -6.207594299563906, 0.0 ], [ 106.937535228280041, -6.207447363654093, 0.0 ], [ 106.937586692762665, -6.207205856523291, 0.0 ], [ 106.937621197052692, -6.207020232725856, 0.0 ], [ 106.937631639967847, -6.206825249704997, 0.0 ], [ 106.937617766386651, -6.206551347797666, 0.0 ], [ 106.937625862003983, -6.20641820654251, 0.0 ], [ 106.937640096707952, -6.206086663362661, 0.0 ], [ 106.93765075342219, -6.205950076599589, 0.0 ], [ 106.937640330270071, -6.205915763795841, 0.0 ], [ 106.937634945768067, -6.205851374815922, 0.0 ], [ 106.937673805090697, -6.205682910523834, 0.0 ], [ 106.937664311694775, -6.205668345748702, 0.0 ], [ 106.937606749447951, -6.205649663113061, 0.0 ], [ 106.937601537422708, -6.205632505808621, 0.0 ], [ 106.937618977315765, -6.205473567629482, 0.0 ], [ 106.937637759291533, -6.205446876098631, 0.0 ], [ 106.937663496024442, -6.205445064096545, 0.0 ], [ 106.937777613506626, -6.205441211471157, 0.0 ], [ 106.937802053072232, -6.205328483317912, 0.0 ], [ 106.937832221194469, -6.205167883969992, 0.0 ], [ 106.937880749982654, -6.204927655538768, 0.0 ], [ 106.937917714758342, -6.204769181534584, 0.0 ], [ 106.938001612914306, -6.204481333529551, 0.0 ], [ 106.938082721801308, -6.204283723098233, 0.0 ], [ 106.938180894187099, -6.204096491667118, 0.0 ], [ 106.938277443317261, -6.203915861627585, 0.0 ], [ 106.938356424095332, -6.203736945298026, 0.0 ], [ 106.938452492626723, -6.203650497598276, 0.0 ], [ 106.938557356563166, -6.203457720962893, 0.0 ], [ 106.938838506789196, -6.202882576165094, 0.0 ], [ 106.938926940538963, -6.202553332168123, 0.0 ], [ 106.938987857993439, -6.202417035625891, 0.0 ], [ 106.939004424723763, -6.202314314423734, 0.0 ], [ 106.939009599918123, -6.201948977146075, 0.0 ], [ 106.939008195851386, -6.201895195422164, 0.0 ], [ 106.939041067004197, -6.19944312539573, 0.0 ], [ 106.939082404778745, -6.19767278786323, 0.0 ], [ 106.939079864343057, -6.19534045429709, 0.0 ], [ 106.93910042677993, -6.194425383859123, 0.0 ], [ 106.939094240980836, -6.193549282815873, 0.0 ], [ 106.939110672964048, -6.192883686609123, 0.0 ] ] ] } },
{ "type": "Feature", "properties": { "OBJECTID": 1048, "toponimi": "Sal. Phb Sangkuriang", "kewenangan": "Pemprov DKI", "jenis": "Saluran Drainase Tersier", "panjang": "1892", "lebar": "1.2 - 1.5", "kedalaman": "1.5", "kota": "Jakarta Timur", "kecamatan": "Cakung", "lebar_min": 1.2, "lebar_max": 1.5, "kedalaman_": 1.5, "kedalaman1": 1.5, "Shape_Leng": 0.17571804193000001 }, "geometry": { "type": "MultiLineString", "coordinates": [ [ [ 106.965531450449319, -6.185819696578125, 0.0 ], [ 106.965530346580607, -6.185819224201498, 0.0 ], [ 106.965453899865977, -6.186023616404119, 0.0 ], [ 106.965452823730999, -6.186026493624643, 0.0 ], [ 106.965396782404184, -6.186176329094881, 0.0 ], [ 106.965391570062394, -6.186188842178382, 0.0 ], [ 106.965368931618201, -6.186243192004685, 0.0 ], [ 106.965339480813, -6.186314421323215, 0.0 ], [ 106.965262462081299, -6.186500698344668, 0.0 ], [ 106.965244464049803, -6.186544226069412, 0.0 ], [ 106.965205138979002, -6.18663933854486, 0.0 ], [ 106.965128402218895, -6.186824931028989, 0.0 ], [ 106.965119233522259, -6.186847105530706, 0.0 ], [ 106.96511009169572, -6.18686921755007, 0.0 ], [ 106.965100275078413, -6.186893050765911, 0.0 ], [ 106.965085946788051, -6.186927836704642, 0.0 ], [ 106.965083643945803, -6.186933427156912, 0.0 ], [ 106.965075505216021, -6.186953187509565, 0.0 ], [ 106.965066610382479, -6.186975155766828, 0.0 ], [ 106.965060880128476, -6.186989309002501, 0.0 ], [ 106.965055720119622, -6.187002052439886, 0.0 ], [ 106.965051558271824, -6.18701233031166, 0.0 ], [ 106.965049673841918, -6.187016982565171, 0.0 ], [ 106.964982756481788, -6.187181224497666, 0.0 ], [ 106.964980992810396, -6.187185552635654, 0.0 ], [ 106.964970411690416, -6.187211523268229, 0.0 ], [ 106.964968648022023, -6.187215852310339, 0.0 ], [ 106.964944544835532, -6.187275011062454, 0.0 ] ] ] } },
{ "type": "Feature", "properties": { "OBJECTID": 288, "toponimi": "Sal. Phb Irigasi Rawa Bebek", "kewenangan": "Pemprov DKI", "jenis": "Saluran Drainase Tersier", "panjang": "1850", "lebar": "4", "kedalaman": "1.5", "kota": "Jakarta Timur", "kecamatan": "Cakung", "lebar_min": 4.0, "lebar_max": 4.0, "kedalaman_": 1.5, "kedalaman1": 1.5, "Shape_Leng": 1.8266882877099999 }, "geometry": { "type": "MultiLineString", "coordinates": [ [ [ 106.961035806088702, -6.208566051881961, 0.0 ], [ 106.961164545705955, -6.207828804033698, 0.0 ], [ 106.961601053798191, -6.206289056864766, 0.0 ], [ 106.962016384260522, -6.204840289827426, 0.0 ], [ 106.962559088353444, -6.202931765600822, 0.0 ], [ 106.963078277896315, -6.201128581137193, 0.0 ], [ 106.963411681132996, -6.200148972220171, 0.0 ], [ 106.963593791139658, -6.199624424804772, 0.0 ], [ 106.963709310412654, -6.19919102540761, 0.0 ], [ 106.963753034499433, -6.198733969489504, 0.0 ], [ 106.963834939878723, -6.198260028134103, 0.0 ], [ 106.963974812148763, -6.19794853553275, 0.0 ], [ 106.964159577314206, -6.197495742527457, 0.0 ], [ 106.96427738033924, -6.197033628634395, 0.0 ], [ 106.964360612817444, -6.196918499184468, 0.0 ], [ 106.964420306293192, -6.19690153311516, 0.0 ], [ 106.964621447768749, -6.196998863930617, 0.0 ], [ 106.964671659449607, -6.197003462365862, 0.0 ], [ 106.964909698572669, -6.19673705611297, 0.0 ], [ 106.965107413908243, -6.196554522781794, 0.0 ], [ 106.965275985377389, -6.19624770833483, 0.0 ], [ 106.965332863435023, -6.196115931638666, 0.0 ], [ 106.965298949679493, -6.195994059583673, 0.0 ], [ 106.96526747851172, -6.19588653109277, 0.0 ], [ 106.965233032802871, -6.195621134744375, 0.0 ], [ 106.965282802657924, -6.195506129291306, 0.0 ], [ 106.96538994530745, -6.195393302553647, 0.0 ], [ 106.96553934230964, -6.195072206616838, 0.0 ], [ 106.965862621869576, -6.19458780284123, 0.0 ], [ 106.966089355003774, -6.194496062142781, 0.0 ], [ 106.966395017206381, -6.194418381355725, 0.0 ], [ 106.966622033504052, -6.194403187005826, 0.0 ], [ 106.966834717732411, -6.194455417551476, 0.0 ] ] ] } },
{ "type": "Feature", "properties": { "OBJECTID": 1050, "toponimi": "Sal. Phb Sangkuriang", "kewenangan": "Pemprov DKI", "jenis": "Saluran Drainase Tersier", "panjang": "1892", "lebar": "1.2 - 1.5", "kedalaman": "1.5", "kota": "Jakarta Timur", "kecamatan": "Cakung", "lebar_min": 1.2, "lebar_max": 1.5, "kedalaman_": 1.5, "kedalaman1": 1.5, "Shape_Leng": 0.20915394051 }, "geometry": { "type": "MultiLineString", "coordinates": [ [ [ 106.958984619308524, -6.184944451931172, 0.0 ], [ 106.958921466107867, -6.184930332157097, 0.0 ], [ 106.958891244790749, -6.184901738243149, 0.0 ], [ 106.958880677200014, -6.184758249472535, 0.0 ], [ 106.958898956311856, -6.184659148997545, 0.0 ], [ 106.958945578277181, -6.184468085924731, 0.0 ], [ 106.958979621431041, -6.184366055879661, 0.0 ], [ 106.959143475576866, -6.184075526528434, 0.0 ], [ 106.959226193405229, -6.183950353595571, 0.0 ], [ 106.959263004280075, -6.18382104280456, 0.0 ], [ 106.959293481618545, -6.183529570531234, 0.0 ], [ 106.959304164531687, -6.18322667193651, 0.0 ] ] ] } },
{ "type": "Feature", "properties": { "OBJECTID": 292, "toponimi": "Sal. Phb Modern Land", "kewenangan": "Pemprov DKI", "jenis": "Saluran Drainase Tersier", "panjang": "1879", "lebar": "2", "kedalaman": "1.5", "kota": "Jakarta Timur", "kecamatan": "Cakung", "lebar_min": 2.0, "lebar_max": 2.0, "kedalaman_": 1.5, "kedalaman1": 1.5, "Shape_Leng": 1.7376607135 }, "geometry": { "type": "MultiLineString", "coordinates": [ [ [ 106.948550485852678, -6.185407202204726, 0.0 ], [ 106.948532111712964, -6.185563437150118, 0.0 ], [ 106.948519608385439, -6.185831134543459, 0.0 ], [ 106.948434530741281, -6.186879200867927, 0.0 ], [ 106.948389414652752, -6.187477416234969, 0.0 ], [ 106.948340286688278, -6.188139254917242, 0.0 ], [ 106.948278431392751, -6.188879944579766, 0.0 ], [ 106.948204734505154, -6.190310363581832, 0.0 ], [ 106.948203724798745, -6.190515865117002, 0.0 ], [ 106.948393116610134, -6.190534758161729, 0.0 ], [ 106.949143512604678, -6.190609948989954, 0.0 ], [ 106.949795545770399, -6.19067528202604, 0.0 ], [ 106.950483701092224, -6.190744235586936, 0.0 ], [ 106.951255515617902, -6.190821568875997, 0.0 ], [ 106.952341435964328, -6.190930372379136, 0.0 ], [ 106.953588583242961, -6.191084371763536, 0.0 ], [ 106.953573894889729, -6.191237037740822, 0.0 ], [ 106.953549076235092, -6.191596856085384, 0.0 ], [ 106.953603568938462, -6.191605376916061, 0.0 ], [ 106.954841390806251, -6.191731627371156, 0.0 ], [ 106.95547773669216, -6.191796868281829, 0.0 ], [ 106.955465588774516, -6.192047631147422, 0.0 ], [ 106.955463931382923, -6.192189347756409, 0.0 ], [ 106.955455948054919, -6.19238777184309, 0.0 ], [ 106.955432306193288, -6.192475065342942, 0.0 ], [ 106.955278087916867, -6.192597723648425, 0.0 ], [ 106.955258545966203, -6.192615236820131, 0.0 ], [ 106.955234768458965, -6.192665467736796, 0.0 ], [ 106.955244508891553, -6.192944493270271, 0.0 ], [ 106.955274609640114, -6.193428377832076, 0.0 ], [ 106.955219550099685, -6.1938580730597, 0.0 ], [ 106.955167747850524, -6.194269505535233, 0.0 ] ] ] } },
{ "type": "Feature", "properties": { "OBJECTID": 1040, "toponimi": "Sal. Phb Rorotan III Babek", "kewenangan": "Pemprov DKI", "jenis": "Saluran Drainase Tersier", "panjang": "2808", "lebar": "2", "kedalaman": "1.9 - 2.1", "kota": "Jakarta Utara", "kecamatan": "Cilincing", "lebar_min": 2.0, "lebar_max": 2.0, "kedalaman_": 1.9, "kedalaman1": 2.1, "Shape_Leng": 3.2824906766100002 }, "geometry": { "type": "MultiLineString", "coordinates": [ [ [ 106.948760598628382, -6.163161726637395, 0.0 ], [ 106.948763136888829, -6.163164407090775, 0.0 ], [ 106.94876864857136, -6.162999665857068, 0.0 ], [ 106.948770379474411, -6.162947960592228, 0.0 ], [ 106.94878882259907, -6.162711187583626, 0.0 ], [ 106.948791634834933, -6.162675080628036, 0.0 ], [ 106.948795907985826, -6.162620217047225, 0.0 ], [ 106.948803752078902, -6.162535652083879, 0.0 ], [ 106.948820636193133, -6.162359066094796, 0.0 ], [ 106.948821329561738, -6.162355242782447, 0.0 ], [ 106.94882265318617, -6.162351589851439, 0.0 ], [ 106.948824570405932, -6.162348210504575, 0.0 ], [ 106.948825797983133, -6.162346705190919, 0.0 ], [ 106.948823377861842, -6.162298220520745, 0.0 ] ] ] } },
{ "type": "Feature", "properties": { "OBJECTID": 294, "toponimi": "Sal. Phb Irigasi Kayu Tinggi", "kewenangan": "Pemprov DKI", "jenis": "Saluran Drainase Tersier", "panjang": "3325", "lebar": "3", "kedalaman": "2", "kota": "Jakarta Timur", "kecamatan": "Cakung", "lebar_min": 3.0, "lebar_max": 3.0, "kedalaman_": 2.0, "kedalaman1": 2.0, "Shape_Leng": 2.6211626646199999 }, "geometry": { "type": "MultiLineString", "coordinates": [ [ [ 106.945364585009798, -6.183386832864682, 0.0 ], [ 106.945373485863541, -6.183385786763255, 0.0 ], [ 106.945377770589047, -6.1833852828535, 0.0 ], [ 106.945389634925064, -6.183383103896348, 0.0 ], [ 106.94539085458031, -6.18338287973103, 0.0 ], [ 106.945405319831778, -6.183382448846394, 0.0 ], [ 106.945406596177079, -6.183382410720715, 0.0 ], [ 106.945419842148979, -6.183384036637233, 0.0 ], [ 106.94542132526999, -6.183384218358078, 0.0 ], [ 106.945439008177189, -6.18338768507625, 0.0 ], [ 106.945453658953284, -6.183390557140598, 0.0 ], [ 106.945453705965107, -6.183390566913735, 0.0 ], [ 106.94545489838481, -6.183390800329267, 0.0 ], [ 106.945476493427435, -6.183394396475149, 0.0 ], [ 106.945476962645998, -6.183392024172181, 0.0 ], [ 106.945493869053578, -6.183306644720078, 0.0 ], [ 106.945498843408487, -6.183281524706842, 0.0 ], [ 106.945503206915717, -6.183275388786805, 0.0 ], [ 106.945508445762414, -6.183269982897415, 0.0 ], [ 106.945514440249497, -6.183265430436216, 0.0 ], [ 106.945521052544223, -6.183261836785025, 0.0 ], [ 106.945528132080483, -6.183259283865406, 0.0 ], [ 106.945535515559243, -6.183257830138438, 0.0 ], [ 106.945546436227033, -6.183260942792311, 0.0 ], [ 106.945595046585169, -6.183274798434566, 0.0 ], [ 106.945602024515111, -6.183276576588018, 0.0 ], [ 106.945704456384789, -6.183302673012162, 0.0 ], [ 106.94578531066341, -6.183323272771239, 0.0 ], [ 106.94584120565861, -6.183335077399992, 0.0 ], [ 106.945869138307657, -6.183332842297219, 0.0 ], [ 106.945890825872027, -6.183331107437087, 0.0 ], [ 106.945942460550427, -6.183312538612655, 0.0 ], [ 106.945944983109612, -6.183311881124607, 0.0 ], [ 106.945967547163534, -6.183306003118388, 0.0 ], [ 106.945998394600664, -6.18329796739458, 0.0 ], [ 106.946064127777007, -6.183297012384541, 0.0 ], [ 106.946105179925283, -6.183296900895605, 0.0 ], [ 106.946110615714133, -6.183296438874001, 0.0 ], [ 106.946139824424009, -6.18329680744953, 0.0 ], [ 106.946168344026219, -6.183296730107611, 0.0 ], [ 106.946253211742771, -6.183296498796077, 0.0 ], [ 106.946262236828176, -6.183296323790295, 0.0 ], [ 106.946292027190125, -6.183292705801766, 0.0 ], [ 106.946318397300729, -6.183283891747231, 0.0 ], [ 106.94633623037916, -6.183272597339876, 0.0 ], [ 106.946351055585666, -6.183259437012785, 0.0 ], [ 106.946363577205318, -6.183244066431532, 0.0 ], [ 106.946364852800826, -6.183241847586583, 0.0 ], [ 106.946373468751929, -6.183226880081407, 0.0 ], [ 106.946381570429139, -6.183205422930855, 0.0 ], [ 106.946381848867574, -6.183166450131653, 0.0 ], [ 106.946381960437279, -6.183151012902179, 0.0 ], [ 106.946382891590432, -6.183020282023072, 0.0 ], [ 106.9463874071063, -6.182975435052002, 0.0 ], [ 106.94639096718835, -6.182940069394739, 0.0 ], [ 106.946391017752049, -6.182939568331054, 0.0 ], [ 106.946391953089787, -6.182930273338238, 0.0 ], [ 106.946395485958746, -6.182899570290126, 0.0 ], [ 106.946398051331613, -6.182877273609895, 0.0 ], [ 106.946400467879542, -6.182856275780683, 0.0 ], [ 106.946404360554638, -6.182822432335347, 0.0 ], [ 106.94640782821773, -6.182796872119558, 0.0 ], [ 106.946414022018459, -6.182754686133996, 0.0 ], [ 106.946427039036621, -6.182690750229954, 0.0 ], [ 106.94642848733821, -6.182683634982306, 0.0 ], [ 106.946431337812626, -6.182669636108766, 0.0 ], [ 106.946432778215836, -6.182663572373106, 0.0 ], [ 106.946442252738805, -6.182632154106563, 0.0 ], [ 106.946443699765837, -6.182628642656853, 0.0 ], [ 106.94645452109873, -6.182602374707654, 0.0 ], [ 106.946462108840535, -6.182588107137945, 0.0 ], [ 106.946467448152731, -6.18257806458609, 0.0 ], [ 106.946473271730284, -6.182573223428862, 0.0 ], [ 106.946482863605667, -6.182567718410938, 0.0 ], [ 106.946493254983423, -6.18256394455227, 0.0 ], [ 106.946506138823281, -6.182561659677848, 0.0 ], [ 106.946614071995469, -6.182547454873785, 0.0 ], [ 106.946636355906691, -6.18254477481972, 0.0 ], [ 106.94664851913943, -6.182543311708105, 0.0 ], [ 106.946753335128847, -6.182530701398597, 0.0 ], [ 106.946786519889756, -6.182526709315719, 0.0 ], [ 106.946799432059407, -6.182525008387796, 0.0 ], [ 106.946911102448155, -6.182510296190573, 0.0 ], [ 106.946917754084936, -6.18250980800994, 0.0 ], [ 106.946960106900306, -6.182506699096058, 0.0 ], [ 106.946970123832031, -6.182500829964718, 0.0 ], [ 106.946973600736257, -6.182498300176309, 0.0 ], [ 106.946979513008188, -6.182493999349462, 0.0 ], [ 106.94698312265588, -6.182490960963444, 0.0 ], [ 106.946988059191256, -6.182486143847107, 0.0 ], [ 106.946991432126168, -6.182482851368644, 0.0 ], [ 106.947000525655341, -6.182472003960913, 0.0 ], [ 106.947006597128052, -6.182462820343567, 0.0 ], [ 106.947008326313266, -6.182459639669042, 0.0 ], [ 106.947012177029876, -6.182452366441171, 0.0 ], [ 106.947012220530041, -6.182449193751358, 0.0 ], [ 106.947012794171144, -6.182407703738826, 0.0 ], [ 106.947012886258364, -6.182401020202362, 0.0 ], [ 106.947013612204842, -6.182341649000462, 0.0 ], [ 106.947014397683191, -6.182277313098953, 0.0 ], [ 106.947014515445048, -6.182267769760903, 0.0 ], [ 106.947014568167916, -6.182239952740801, 0.0 ], [ 106.947014660373938, -6.182191565210072, 0.0 ], [ 106.947014304964071, -6.182171210420988, 0.0 ], [ 106.947014000871832, -6.182153771206485, 0.0 ], [ 106.947013979226583, -6.182152546213429, 0.0 ], [ 106.947011448569228, -6.182007747413988, 0.0 ], [ 106.947011455886852, -6.18200258580933, 0.0 ], [ 106.947011507255581, -6.181963530676334, 0.0 ], [ 106.947011509254637, -6.181961854444593, 0.0 ], [ 106.947011581388495, -6.181906495375871, 0.0 ], [ 106.94701171966652, -6.181881567585337, 0.0 ], [ 106.947011959961117, -6.18183834560992, 0.0 ], [ 106.94701230443809, -6.181831756080543, 0.0 ], [ 106.947012465728278, -6.181828678795042, 0.0 ], [ 106.947013056585888, -6.181821281894633, 0.0 ], [ 106.947020393861507, -6.181775838733268, 0.0 ], [ 106.947033559879827, -6.181732650772586, 0.0 ], [ 106.947054041346476, -6.181688189239719, 0.0 ], [ 106.947067901727252, -6.181647379263604, 0.0 ], [ 106.94708935189621, -6.181584224370555, 0.0 ], [ 106.947102221101332, -6.181546333788937, 0.0 ], [ 106.947106228578107, -6.181534005095917, 0.0 ], [ 106.947118343013202, -6.181496733884523, 0.0 ], [ 106.947132585589216, -6.181422601447387, 0.0 ], [ 106.947148217302242, -6.181341234639016, 0.0 ], [ 106.947155948240024, -6.181302650443108, 0.0 ], [ 106.947156368771786, -6.181300553169924, 0.0 ], [ 106.947156375863102, -6.181300516075351, 0.0 ], [ 106.947168012191696, -6.181242440278868, 0.0 ], [ 106.947168841407773, -6.181237229553607, 0.0 ], [ 106.947187487779516, -6.181119824632983, 0.0 ], [ 106.94719070119119, -6.18109959509959, 0.0 ], [ 106.947193913699522, -6.181079365569583, 0.0 ], [ 106.947200880790177, -6.181033485274164, 0.0 ], [ 106.947202227800858, -6.181024612805285, 0.0 ], [ 106.947203756678164, -6.181019276557605, 0.0 ], [ 106.947206792063938, -6.181012614786744, 0.0 ], [ 106.947210736435608, -6.181006744400433, 0.0 ], [ 106.947215585034911, -6.181001599416001, 0.0 ], [ 106.947221209179361, -6.180997316825783, 0.0 ], [ 106.947227458422915, -6.180994011099094, 0.0 ], [ 106.947229952322402, -6.180993178316106, 0.0 ], [ 106.947233076012992, -6.180992135279921, 0.0 ], [ 106.947249696577302, -6.180990696521022, 0.0 ], [ 106.947306768584284, -6.180985757110673, 0.0 ], [ 106.947355627837823, -6.180981527677194, 0.0 ], [ 106.9474050501085, -6.18097785039743, 0.0 ], [ 106.947408988685169, -6.180977558404309, 0.0 ], [ 106.947446763217812, -6.180974747443541, 0.0 ], [ 106.947489060649701, -6.180971599852242, 0.0 ], [ 106.947515644628425, -6.180969675234862, 0.0 ], [ 106.947530752382676, -6.180968581052851, 0.0 ], [ 106.947576156020602, -6.180965291881097, 0.0 ], [ 106.947579054203644, -6.180965082356735, 0.0 ], [ 106.94762902478179, -6.180958185312817, 0.0 ], [ 106.947678713307624, -6.180947037258922, 0.0 ], [ 106.947679865550015, -6.180946661446521, 0.0 ], [ 106.947684129826484, -6.180945267049355, 0.0 ], [ 106.947706781212631, -6.180937863448581, 0.0 ], [ 106.947706870540273, -6.18093783418967, 0.0 ], [ 106.947733963953638, -6.180928977676086, 0.0 ], [ 106.947759503054229, -6.18092097310629, 0.0 ], [ 106.9477680257461, -6.180913125825444, 0.0 ], [ 106.94778326708267, -6.180896938804762, 0.0 ], [ 106.947794424708832, -6.180881128394004, 0.0 ], [ 106.947798159790977, -6.180875834692042, 0.0 ], [ 106.947802217324124, -6.180857192402165, 0.0 ], [ 106.947813848855034, -6.180803750207351, 0.0 ], [ 106.947829271419067, -6.18073289990879, 0.0 ], [ 106.947838677421828, -6.180689691377567, 0.0 ], [ 106.947844165365765, -6.180664480897047, 0.0 ], [ 106.947847919936677, -6.180647230242236, 0.0 ], [ 106.94786212800615, -6.180581963671091, 0.0 ], [ 106.94787232207014, -6.180535137612945, 0.0 ], [ 106.947875004597861, -6.180522405118333, 0.0 ], [ 106.947875040110702, -6.180522235015086, 0.0 ], [ 106.947889641750976, -6.180452935567277, 0.0 ], [ 106.947891476278429, -6.180444228574634, 0.0 ], [ 106.947901568860871, -6.180396332420643, 0.0 ], [ 106.947912038821414, -6.18034664383813, 0.0 ], [ 106.947921268375396, -6.180294468068756, 0.0 ], [ 106.947921358653332, -6.180293957818771, 0.0 ], [ 106.947924772371692, -6.180274656079599, 0.0 ], [ 106.947933196923216, -6.180226406202498, 0.0 ], [ 106.947950200840367, -6.180129010810972, 0.0 ], [ 106.947954005035427, -6.180107052264372, 0.0 ], [ 106.947961458554772, -6.180064015439804, 0.0 ], [ 106.947972733085436, -6.179998925075724, 0.0 ], [ 106.947983277831042, -6.179938072246857, 0.0 ], [ 106.947992904260929, -6.179882519975538, 0.0 ], [ 106.947992973264945, -6.179882121009368, 0.0 ], [ 106.947994655931524, -6.179872401064281, 0.0 ], [ 106.94801086680971, -6.179778745277387, 0.0 ], [ 106.948019213184025, -6.179732091447166, 0.0 ], [ 106.948022100068187, -6.179715955127461, 0.0 ], [ 106.948037951784315, -6.179627342890767, 0.0 ], [ 106.948068895279732, -6.179453028828738, 0.0 ], [ 106.948072260555222, -6.179434067214998, 0.0 ], [ 106.948072792814727, -6.179431150407771, 0.0 ], [ 106.948085336226598, -6.179362257224518, 0.0 ], [ 106.948086503439143, -6.179355850026774, 0.0 ], [ 106.948088893618674, -6.179342718987703, 0.0 ], [ 106.948090637342759, -6.17933314438151, 0.0 ], [ 106.948120892797249, -6.179177196264028, 0.0 ], [ 106.948144752424994, -6.179060289439144, 0.0 ], [ 106.948146314350552, -6.179052630408556, 0.0 ], [ 106.948150552891121, -6.179031858276107, 0.0 ], [ 106.948153983852677, -6.179015048209081, 0.0 ], [ 106.948176546881569, -6.178904493907279, 0.0 ], [ 106.948179897074965, -6.178888077425106, 0.0 ], [ 106.94818108628121, -6.178882249682869, 0.0 ], [ 106.948182004816204, -6.17887775016867, 0.0 ], [ 106.948184710702876, -6.178864489589682, 0.0 ], [ 106.948185733066296, -6.178859479775991, 0.0 ], [ 106.948187500014086, -6.178850820950601, 0.0 ], [ 106.948188417652389, -6.178846323247927, 0.0 ], [ 106.948190666505027, -6.178835305637135, 0.0 ], [ 106.948193330684148, -6.178822250444465, 0.0 ], [ 106.94820201899708, -6.178779675623526, 0.0 ], [ 106.948209395638784, -6.17874353022823, 0.0 ], [ 106.948210353132268, -6.178738320843498, 0.0 ], [ 106.948223625839873, -6.178666046327622, 0.0 ], [ 106.948227135109164, -6.178646935913751, 0.0 ], [ 106.948254173890163, -6.178499704384779, 0.0 ], [ 106.948262798262206, -6.178452739432589, 0.0 ], [ 106.94826402589392, -6.178446056260039, 0.0 ], [ 106.948271035583105, -6.178407886095941, 0.0 ], [ 106.948271060394447, -6.178407754004734, 0.0 ], [ 106.948278232220318, -6.178367232555896, 0.0 ], [ 106.94827878273567, -6.178364120393948, 0.0 ], [ 106.948279325292802, -6.178361055274899, 0.0 ], [ 106.94828001298859, -6.178357165978258, 0.0 ], [ 106.948283783667392, -6.178330985356515, 0.0 ], [ 106.948287331447261, -6.178306350678735, 0.0 ], [ 106.948295224327623, -6.178251549757945, 0.0 ], [ 106.94831453057526, -6.178117507723818, 0.0 ], [ 106.948329010699865, -6.178016972581306, 0.0 ], [ 106.948335729875026, -6.177975941065365, 0.0 ], [ 106.948335820000693, -6.17797538922688, 0.0 ], [ 106.94833962143106, -6.177952182117368, 0.0 ], [ 106.948342244920411, -6.177936153451296, 0.0 ], [ 106.948362230132204, -6.177814110114242, 0.0 ], [ 106.948363048394398, -6.177809117323038, 0.0 ], [ 106.948365520801673, -6.177794016829503, 0.0 ], [ 106.948365771744591, -6.177792481632274, 0.0 ], [ 106.948368235320004, -6.17777743632192, 0.0 ], [ 106.948369156067216, -6.177771812989215, 0.0 ], [ 106.948370270338415, -6.177765009985619, 0.0 ], [ 106.948382249794051, -6.177691853282269, 0.0 ], [ 106.948384381122722, -6.177678837112323, 0.0 ], [ 106.948390055089192, -6.177641262230431, 0.0 ], [ 106.948396057149864, -6.177601510853517, 0.0 ], [ 106.948406164073106, -6.177534573164472, 0.0 ], [ 106.948407106935846, -6.177528327721925, 0.0 ], [ 106.948407816965869, -6.177523629163679, 0.0 ], [ 106.948409948770092, -6.177509508167521, 0.0 ], [ 106.948410328905936, -6.177506987919191, 0.0 ], [ 106.948412138784263, -6.177495000902295, 0.0 ], [ 106.948412919357054, -6.177489830139264, 0.0 ], [ 106.948419452377493, -6.177446559822608, 0.0 ], [ 106.948421079678099, -6.177435781368128, 0.0 ], [ 106.948426491185074, -6.177404743273126, 0.0 ], [ 106.948442601670124, -6.177332546974172, 0.0 ], [ 106.948448554710041, -6.177312241415103, 0.0 ], [ 106.94846323479031, -6.177262173973663, 0.0 ], [ 106.948463856678828, -6.177260051553006, 0.0 ], [ 106.948464623547778, -6.177256814735451, 0.0 ], [ 106.948468142937173, -6.177241953613026, 0.0 ], [ 106.94846839202927, -6.177240900314324, 0.0 ], [ 106.948472474562649, -6.177223662931153, 0.0 ], [ 106.948473764529467, -6.177218215451975, 0.0 ], [ 106.948487738923134, -6.177159216163894, 0.0 ], [ 106.948497032946946, -6.177119978017277, 0.0 ], [ 106.948502436584349, -6.177097161944986, 0.0 ], [ 106.948506148146095, -6.177081492747065, 0.0 ], [ 106.94853029548878, -6.176979536194675, 0.0 ], [ 106.948530854181953, -6.176977178032439, 0.0 ], [ 106.948531589419744, -6.17697393771444, 0.0 ], [ 106.948533523999458, -6.176965418414303, 0.0 ], [ 106.948535283441103, -6.176957671867226, 0.0 ], [ 106.948535520809074, -6.176956624036164, 0.0 ], [ 106.948538629803622, -6.176942926201585, 0.0 ], [ 106.948540470138127, -6.176934820425825, 0.0 ], [ 106.948541934395877, -6.176928368744193, 0.0 ], [ 106.94854523721132, -6.17691381943043, 0.0 ], [ 106.948590618639244, -6.176713895096702, 0.0 ], [ 106.948592312269994, -6.17670643268218, 0.0 ], [ 106.948600727107845, -6.17666936310665, 0.0 ], [ 106.948614371330066, -6.176609258399906, 0.0 ], [ 106.948615066551227, -6.176606191818124, 0.0 ], [ 106.948628365299868, -6.176542524369038, 0.0 ], [ 106.948653972872251, -6.17641992974055, 0.0 ], [ 106.948658569140079, -6.176397923096002, 0.0 ], [ 106.948661012450373, -6.176386229404667, 0.0 ], [ 106.948668735634854, -6.176349250967613, 0.0 ], [ 106.948674116351725, -6.176329308248817, 0.0 ], [ 106.948692929952188, -6.176268294056132, 0.0 ], [ 106.948696025222588, -6.17625825430911, 0.0 ], [ 106.94872169797766, -6.176188802228372, 0.0 ], [ 106.948735111902707, -6.17615786139624, 0.0 ], [ 106.948751558157937, -6.176119926096201, 0.0 ], [ 106.948773240750654, -6.176068514814009, 0.0 ], [ 106.948782459205631, -6.176046655784956, 0.0 ], [ 106.948787455786203, -6.176034808986198, 0.0 ], [ 106.948815100409035, -6.175969259966243, 0.0 ], [ 106.948876257640862, -6.175824248754264, 0.0 ], [ 106.948877829441798, -6.175820526192709, 0.0 ], [ 106.948908297220981, -6.175748346021972, 0.0 ], [ 106.948915090430063, -6.175732253261915, 0.0 ], [ 106.948929533051, -6.175698039395145, 0.0 ], [ 106.948949361874, -6.175651065958248, 0.0 ], [ 106.948962942907883, -6.17561889130767, 0.0 ], [ 106.948977656327784, -6.175582891732904, 0.0 ], [ 106.948990208357401, -6.175552181897028, 0.0 ], [ 106.948991391128715, -6.175549288927153, 0.0 ], [ 106.948999245208711, -6.175530072191655, 0.0 ], [ 106.949019970060846, -6.175479365108687, 0.0 ], [ 106.949051170605173, -6.1754030296719, 0.0 ], [ 106.949061029408043, -6.175378913444377, 0.0 ], [ 106.949076455295881, -6.175340613912952, 0.0 ], [ 106.949097299191678, -6.175288866666782, 0.0 ], [ 106.949152733420831, -6.175151252176959, 0.0 ], [ 106.949161424408032, -6.175129673549278, 0.0 ], [ 106.949174051753218, -6.175100294291358, 0.0 ], [ 106.949176168407774, -6.17509537088211, 0.0 ], [ 106.949215655638568, -6.175003505000729, 0.0 ], [ 106.949219485034305, -6.174991653438822, 0.0 ], [ 106.949219804818497, -6.174990663169219, 0.0 ], [ 106.949225450190426, -6.174973186805172, 0.0 ], [ 106.949228477435298, -6.174963816351797, 0.0 ], [ 106.949228773090027, -6.174962897595457, 0.0 ], [ 106.949235437654465, -6.174942263052357, 0.0 ], [ 106.949242216561956, -6.174921276390964, 0.0 ], [ 106.949245140338235, -6.174913008428661, 0.0 ], [ 106.949247167309736, -6.174907276168354, 0.0 ], [ 106.949276629407365, -6.174823938434725, 0.0 ], [ 106.949285902292402, -6.174797704214476, 0.0 ], [ 106.949289887376906, -6.174786431617986, 0.0 ], [ 106.949297029572278, -6.174766222970138, 0.0 ], [ 106.949298652415678, -6.174761637699779, 0.0 ], [ 106.949300842110944, -6.174755443746558, 0.0 ], [ 106.949304027841421, -6.174746428932721, 0.0 ], [ 106.949327025837718, -6.174694323907229, 0.0 ], [ 106.949329921531884, -6.174687763914484, 0.0 ], [ 106.949338270836165, -6.174668847340059, 0.0 ], [ 106.949387252987663, -6.174557869020651, 0.0 ], [ 106.949397312649609, -6.17453507839129, 0.0 ], [ 106.94939863864488, -6.174532073691294, 0.0 ], [ 106.949401995753448, -6.17452446956775, 0.0 ], [ 106.949406110801405, -6.174515387157365, 0.0 ], [ 106.94941627833829, -6.174492946023938, 0.0 ], [ 106.94942962804771, -6.174463481847546, 0.0 ], [ 106.949435479798055, -6.174450565066413, 0.0 ], [ 106.949461031263098, -6.17439416971958, 0.0 ], [ 106.949489163599722, -6.174346404604917, 0.0 ], [ 106.949494967827803, -6.174336549319106, 0.0 ], [ 106.949506931810177, -6.174316235306724, 0.0 ], [ 106.949509225671761, -6.174312341031437, 0.0 ], [ 106.949514959874008, -6.174302605344898, 0.0 ], [ 106.949520694072874, -6.174292868754328, 0.0 ], [ 106.949522987930962, -6.174288973574909, 0.0 ], [ 106.94953095224939, -6.174275451435932, 0.0 ], [ 106.949538246924249, -6.174264331262052, 0.0 ], [ 106.949539442640855, -6.174262508712983, 0.0 ], [ 106.949542014643285, -6.174258588103485, 0.0 ], [ 106.949638206427011, -6.174111957672793, 0.0 ], [ 106.94964186117376, -6.174106941833638, 0.0 ], [ 106.949652613295996, -6.174092188929422, 0.0 ], [ 106.949658120585539, -6.174084631174261, 0.0 ], [ 106.949667292496329, -6.174075004042269, 0.0 ], [ 106.949667652449662, -6.174074622996615, 0.0 ], [ 106.949667688444961, -6.174074584892012, 0.0 ], [ 106.949669679100865, -6.174072755813753, 0.0 ], [ 106.949688674719638, -6.17405585256287, 0.0 ], [ 106.949688719798189, -6.17405582798673, 0.0 ], [ 106.949694419301537, -6.174050931230576, 0.0 ], [ 106.949707025925179, -6.174039852167712, 0.0 ], [ 106.949717539570983, -6.174033005685795, 0.0 ], [ 106.949721343630216, -6.174030529851846, 0.0 ], [ 106.949730977408493, -6.174024674787317, 0.0 ], [ 106.949731011659921, -6.174024653867203, 0.0 ], [ 106.949740793260816, -6.174018708753907, 0.0 ], [ 106.949745193717177, -6.174016033638363, 0.0 ], [ 106.949746909013058, -6.17401499124154, 0.0 ], [ 106.949755084382247, -6.174010022125066, 0.0 ], [ 106.949759056693637, -6.174007608058163, 0.0 ], [ 106.949795634263921, -6.17397926575644, 0.0 ], [ 106.949805887745399, -6.17396945835848, 0.0 ], [ 106.94982494175504, -6.173951233080656, 0.0 ], [ 106.949899041534906, -6.173846819694216, 0.0 ], [ 106.949911047727937, -6.173829901367432, 0.0 ], [ 106.949913672030831, -6.17382620297721, 0.0 ], [ 106.949918925136885, -6.173818801659858, 0.0 ], [ 106.949920254366091, -6.17381692889527, 0.0 ], [ 106.949922745657034, -6.173813418143503, 0.0 ], [ 106.949923004556496, -6.173813070920237, 0.0 ], [ 106.949926935742425, -6.173807811765654, 0.0 ], [ 106.949929656015826, -6.173804171791062, 0.0 ], [ 106.949931615761741, -6.173801549016093, 0.0 ], [ 106.949933745411542, -6.173798698686524, 0.0 ], [ 106.949941373141399, -6.173788491347487, 0.0 ], [ 106.949960041976951, -6.173763509248938, 0.0 ], [ 106.949985986406247, -6.173723677586824, 0.0 ], [ 106.949997894554045, -6.173705394411184, 0.0 ], [ 106.949997981696598, -6.173705262091645, 0.0 ], [ 106.950005443155746, -6.173693806784249, 0.0 ], [ 106.950030510435198, -6.17364657457063, 0.0 ], [ 106.950036292773618, -6.173635678732606, 0.0 ], [ 106.950037257286439, -6.173630415983824, 0.0 ], [ 106.950040389967342, -6.173613324941321, 0.0 ], [ 106.950040709697873, -6.173611579739304, 0.0 ], [ 106.950042974403431, -6.173599223995033, 0.0 ], [ 106.950043163947328, -6.173598191709721, 0.0 ], [ 106.950044316899593, -6.173570606671909, 0.0 ], [ 106.950044807772542, -6.173558848716625, 0.0 ], [ 106.950041026984337, -6.173520275110397, 0.0 ], [ 106.950040890264489, -6.173519449253852, 0.0 ], [ 106.950040526201136, -6.17351599055486, 0.0 ], [ 106.950040284760647, -6.173513702230385, 0.0 ], [ 106.95003814541171, -6.173493406447316, 0.0 ], [ 106.950027703636877, -6.173394455395528, 0.0 ], [ 106.95002719212286, -6.173382051961632, 0.0 ], [ 106.950026068902858, -6.173354798031959, 0.0 ], [ 106.9500250606132, -6.173330315685814, 0.0 ], [ 106.950025604908745, -6.173265994323421, 0.0 ], [ 106.950026837400642, -6.173244839936055, 0.0 ], [ 106.950029344807518, -6.173201780593825, 0.0 ], [ 106.950035490926027, -6.173145126361235, 0.0 ], [ 106.950042048884825, -6.173115609322683, 0.0 ], [ 106.950048257550307, -6.173087658580453, 0.0 ], [ 106.950052808444141, -6.173012763423717, 0.0 ], [ 106.950052063063026, -6.172957666912327, 0.0 ], [ 106.950051886181299, -6.172944627566145, 0.0 ], [ 106.95005180442719, -6.172938577554226, 0.0 ], [ 106.9500496794371, -6.172911585870864, 0.0 ], [ 106.950047409566892, -6.172882772030269, 0.0 ], [ 106.950039952974478, -6.172827644958444, 0.0 ], [ 106.950028832157528, -6.172759134193489, 0.0 ], [ 106.950019494130359, -6.172701610886321, 0.0 ], [ 106.950008810445254, -6.17263578734388, 0.0 ], [ 106.949993600719893, -6.172525459238274, 0.0 ], [ 106.949988533894967, -6.172488702177495, 0.0 ], [ 106.94998215026537, -6.172442395294226, 0.0 ], [ 106.949975303576451, -6.172392730430015, 0.0 ], [ 106.949971908987607, -6.172368103125555, 0.0 ], [ 106.949971866170145, -6.172367757911996, 0.0 ], [ 106.949939126185726, -6.172102679449868, 0.0 ], [ 106.949931484188951, -6.172040811994441, 0.0 ], [ 106.949926637748106, -6.172001569624814, 0.0 ], [ 106.94991376671183, -6.171897362810128, 0.0 ], [ 106.949908218400921, -6.171852449712626, 0.0 ], [ 106.949898621451325, -6.171778454434793, 0.0 ], [ 106.9498937384394, -6.171740818802596, 0.0 ], [ 106.949889916259181, -6.171709929378411, 0.0 ], [ 106.949868915627093, -6.171540191614774, 0.0 ], [ 106.949858305428791, -6.171454421282253, 0.0 ], [ 106.949855939559853, -6.171433187854608, 0.0 ], [ 106.949849721600401, -6.171377329322585, 0.0 ], [ 106.949847215565455, -6.171354820707029, 0.0 ], [ 106.949823349881513, -6.171140464684517, 0.0 ], [ 106.949820946493546, -6.171098840067367, 0.0 ], [ 106.949820677416412, -6.171094180359292, 0.0 ], [ 106.949819856671922, -6.171079964407357, 0.0 ], [ 106.949817342398603, -6.171036425288419, 0.0 ], [ 106.949815284252608, -6.171000771965466, 0.0 ], [ 106.949815278551455, -6.17100069513685, 0.0 ], [ 106.949812011930632, -6.170944103406125, 0.0 ], [ 106.94981034441831, -6.170915224062039, 0.0 ], [ 106.949810323192509, -6.170914854358302, 0.0 ], [ 106.949806423990452, -6.170847328813672, 0.0 ], [ 106.949806419196051, -6.170847252885878, 0.0 ], [ 106.949805653439455, -6.170833992377886, 0.0 ], [ 106.949804982325489, -6.170818203627967, 0.0 ], [ 106.949803843566201, -6.170793354683386, 0.0 ], [ 106.949803837978351, -6.170793061771802, 0.0 ], [ 106.949803797468988, -6.170792359425672, 0.0 ], [ 106.949802838300968, -6.1707714146799, 0.0 ], [ 106.949802801142312, -6.170770146347878, 0.0 ], [ 106.949801423572296, -6.17072297305746, 0.0 ], [ 106.949799054189171, -6.170687432983045, 0.0 ], [ 106.94979586283641, -6.17063956384066, 0.0 ], [ 106.949795857108839, -6.170639479779344, 0.0 ], [ 106.949793397881237, -6.170602591099519, 0.0 ], [ 106.94979179220384, -6.170578515071337, 0.0 ], [ 106.949787733016208, -6.170517630807854, 0.0 ], [ 106.949785538551779, -6.170484715631224, 0.0 ], [ 106.949784158377113, -6.170464005687345, 0.0 ], [ 106.949777640928048, -6.170366246300304, 0.0 ], [ 106.949777585565414, -6.170365434611118, 0.0 ], [ 106.949772705305051, -6.170292215849878, 0.0 ], [ 106.949765773982051, -6.170188238594624, 0.0 ], [ 106.949763057636957, -6.170147485778463, 0.0 ], [ 106.949751620566204, -6.170068027342853, 0.0 ], [ 106.949748348575852, -6.170045290075151, 0.0 ], [ 106.949747459672437, -6.170039113729196, 0.0 ], [ 106.949743960424669, -6.17001994220456, 0.0 ], [ 106.94974375396275, -6.170018818246134, 0.0 ], [ 106.949743701410853, -6.170018528218786, 0.0 ], [ 106.949741067780693, -6.17000410553343, 0.0 ], [ 106.949737895819879, -6.169986737416371, 0.0 ], [ 106.949733365107889, -6.169961929821938, 0.0 ], [ 106.949731257834614, -6.169950389324112, 0.0 ], [ 106.949691518411171, -6.169732774192248, 0.0 ], [ 106.949690096583154, -6.169703384025003, 0.0 ], [ 106.9496900193556, -6.169701780414197, 0.0 ], [ 106.949688035554658, -6.16966075277453, 0.0 ], [ 106.949685735195132, -6.169613194993183, 0.0 ], [ 106.949685359959489, -6.16960544089964, 0.0 ], [ 106.949683349788245, -6.16956387088935, 0.0 ], [ 106.949681439344531, -6.169524375449393, 0.0 ], [ 106.949681405123144, -6.169523663134929, 0.0 ], [ 106.949669711804219, -6.169281905875014, 0.0 ], [ 106.949669594588769, -6.169279495039038, 0.0 ], [ 106.949668485168644, -6.169258956785719, 0.0 ], [ 106.949663555574162, -6.169167772595589, 0.0 ], [ 106.949659918325864, -6.169133084308092, 0.0 ], [ 106.949654849990424, -6.169084757314429, 0.0 ], [ 106.949651845439533, -6.169056094420858, 0.0 ], [ 106.949651241423311, -6.169052230651769, 0.0 ], [ 106.94963682436989, -6.16895995015077, 0.0 ], [ 106.949634512780406, -6.168945150172482, 0.0 ], [ 106.94961824062905, -6.168867064681363, 0.0 ], [ 106.949611776641248, -6.16883604567944, 0.0 ], [ 106.949611614813634, -6.168835269640138, 0.0 ], [ 106.949589634212018, -6.168749484836284, 0.0 ], [ 106.949579186251157, -6.168687771367284, 0.0 ], [ 106.949578957406104, -6.16868596036565, 0.0 ], [ 106.949571326026145, -6.168625456231006, 0.0 ], [ 106.949571318581249, -6.168625396586886, 0.0 ], [ 106.949569523154935, -6.168600802286173, 0.0 ], [ 106.949565505382736, -6.168545781919912, 0.0 ], [ 106.949564471678656, -6.168531620989327, 0.0 ], [ 106.949563541230901, -6.168437694444478, 0.0 ], [ 106.949568538151041, -6.168343637708073, 0.0 ], [ 106.949568978716798, -6.168338619180662, 0.0 ], [ 106.949569355958403, -6.168334317845478, 0.0 ], [ 106.94956946124789, -6.168290207668474, 0.0 ], [ 106.949569511234728, -6.168269279112683, 0.0 ], [ 106.949567781928764, -6.168252393927926, 0.0 ], [ 106.949563365044412, -6.168209282169562, 0.0 ], [ 106.949563207668817, -6.168207746660203, 0.0 ], [ 106.949562865732688, -6.168204405411631, 0.0 ], [ 106.949549494046721, -6.168140579785122, 0.0 ], [ 106.949536916308006, -6.168101444344721, 0.0 ], [ 106.949530258745298, -6.168080730204086, 0.0 ], [ 106.949529549680918, -6.168078524959243, 0.0 ], [ 106.949520896397658, -6.168058743933731, 0.0 ], [ 106.949504942611028, -6.168022271703641, 0.0 ], [ 106.949474947002003, -6.167968733325105, 0.0 ], [ 106.949453256664583, -6.167937635333116, 0.0 ], [ 106.949448271108594, -6.167930486688723, 0.0 ], [ 106.949440441341451, -6.167919261870024, 0.0 ], [ 106.949440006356141, -6.167918638721034, 0.0 ], [ 106.949432002252919, -6.167908653173154, 0.0 ], [ 106.949425924760291, -6.167901070934959, 0.0 ], [ 106.94941883789231, -6.16789364699413, 0.0 ], [ 106.949410428565045, -6.167886980114234, 0.0 ], [ 106.949401205319262, -6.167881551229593, 0.0 ], [ 106.949392309885198, -6.167877823587032, 0.0 ], [ 106.949391703712166, -6.167877570846146, 0.0 ], [ 106.94938178497317, -6.167874886677061, 0.0 ], [ 106.949372166785011, -6.167873612725933, 0.0 ], [ 106.949354090980918, -6.167872481838971, 0.0 ], [ 106.949197322566761, -6.16786267366555, 0.0 ], [ 106.949140130552991, -6.167859094736875, 0.0 ], [ 106.949132299359292, -6.167858604435274, 0.0 ], [ 106.949079345063296, -6.167855291170604, 0.0 ], [ 106.94901406614683, -6.167851206587081, 0.0 ], [ 106.949011864161193, -6.167851069082809, 0.0 ], [ 106.948981199895286, -6.167849150656306, 0.0 ], [ 106.948838689703422, -6.167840233187228, 0.0 ], [ 106.948701456322922, -6.167831646263517, 0.0 ], [ 106.948693916446743, -6.167832759688094, 0.0 ], [ 106.948689658666794, -6.167832690279402, 0.0 ], [ 106.948685467938034, -6.167831934404388, 0.0 ], [ 106.948681355027929, -6.167830472133212, 0.0 ], [ 106.948678238665423, -6.167828801886612, 0.0 ], [ 106.948675296708615, -6.167826652726716, 0.0 ], [ 106.948672707549093, -6.167824142439339, 0.0 ], [ 106.948670326788744, -6.16782106179913, 0.0 ], [ 106.948668440031796, -6.167817697268497, 0.0 ], [ 106.948667066416789, -6.167814094887242, 0.0 ], [ 106.948666055080579, -6.16780951202722, 0.0 ], [ 106.948647608881629, -6.167697079050589, 0.0 ], [ 106.948642827570197, -6.167667938026975, 0.0 ], [ 106.948639475577679, -6.167647510125985, 0.0 ], [ 106.948637756110642, -6.167637018772207, 0.0 ], [ 106.948632754547077, -6.167609159680603, 0.0 ], [ 106.948621655046793, -6.167547340039132, 0.0 ], [ 106.94859713602925, -6.167410781342015, 0.0 ], [ 106.948577671130735, -6.167302369953312, 0.0 ], [ 106.948568358712251, -6.167250504371218, 0.0 ], [ 106.948557707956454, -6.167113664383267, 0.0 ], [ 106.948555553553149, -6.167085987448537, 0.0 ], [ 106.948555258765751, -6.167082196680908, 0.0 ], [ 106.948554394351234, -6.16707109192208, 0.0 ], [ 106.948550030551644, -6.16701502581311, 0.0 ], [ 106.948544631716629, -6.166945658576515, 0.0 ], [ 106.948542660598605, -6.166893958712848, 0.0 ], [ 106.948541960175888, -6.166817925449102, 0.0 ], [ 106.94854187604534, -6.166808739978096, 0.0 ], [ 106.948541835672543, -6.166804363319201, 0.0 ], [ 106.948541760432065, -6.166796128037455, 0.0 ], [ 106.948541714075503, -6.166791102248013, 0.0 ], [ 106.948541724722844, -6.166790802043827, 0.0 ], [ 106.948542199137052, -6.166777237723216, 0.0 ], [ 106.94854267355467, -6.166763674306688, 0.0 ], [ 106.948545356643095, -6.166687018390884, 0.0 ], [ 106.948546393902248, -6.166657388652209, 0.0 ], [ 106.948548417339694, -6.166633617569055, 0.0 ], [ 106.948555491551659, -6.166550503793539, 0.0 ], [ 106.948557152987632, -6.166531005060087, 0.0 ], [ 106.948557739447907, -6.166524128046711, 0.0 ], [ 106.9485684460942, -6.166445230421847, 0.0 ], [ 106.948575724630089, -6.166391600802929, 0.0 ], [ 106.948576369669695, -6.16638814925602, 0.0 ], [ 106.948590600546936, -6.166312038776954, 0.0 ], [ 106.948600441925748, -6.166259405157561, 0.0 ], [ 106.948603474576942, -6.166239637408512, 0.0 ], [ 106.948620059373468, -6.166131551631154, 0.0 ], [ 106.948628039419461, -6.166079545041585, 0.0 ], [ 106.948628207053531, -6.166078448644653, 0.0 ], [ 106.948628637647758, -6.166075643418217, 0.0 ], [ 106.948640884740783, -6.165995817968349, 0.0 ], [ 106.948648556832183, -6.165945815114033, 0.0 ], [ 106.948652687145881, -6.165918896345147, 0.0 ], [ 106.948664489551106, -6.165841974722616, 0.0 ], [ 106.948673569009955, -6.165782801737951, 0.0 ], [ 106.948680331397767, -6.165738729570395, 0.0 ], [ 106.948682255813807, -6.165726186114469, 0.0 ], [ 106.948687198935971, -6.165681396407275, 0.0 ], [ 106.948697591426949, -6.165587216828015, 0.0 ], [ 106.948707773660132, -6.165447821567371, 0.0 ], [ 106.948709477698756, -6.165400403700109, 0.0 ], [ 106.948712499560145, -6.165316321078524, 0.0 ], [ 106.948712794032204, -6.165308150445207, 0.0 ], [ 106.948712793203612, -6.165307181240149, 0.0 ], [ 106.948712662705645, -6.165183851794495, 0.0 ], [ 106.948712646435197, -6.165169003622052, 0.0 ], [ 106.948713527339237, -6.165140339144615, 0.0 ], [ 106.948713559643906, -6.165139290256521, 0.0 ], [ 106.948717038142874, -6.165026129721657, 0.0 ], [ 106.948721505766571, -6.164880788221955, 0.0 ], [ 106.948722175935345, -6.164858981300994, 0.0 ], [ 106.94872370282387, -6.164809307417981, 0.0 ], [ 106.948723719783899, -6.164808756751734, 0.0 ], [ 106.948723818306831, -6.1648055558348, 0.0 ], [ 106.94872591194833, -6.164737419719448, 0.0 ], [ 106.948726159874766, -6.164729365886801, 0.0 ], [ 106.94872709486576, -6.164698936384942, 0.0 ], [ 106.948728647565517, -6.164648413446367, 0.0 ], [ 106.948732836697246, -6.16451214934597, 0.0 ], [ 106.948732943260708, -6.164508676261901, 0.0 ], [ 106.94873282467799, -6.164476193757819, 0.0 ], [ 106.948732678596855, -6.164475275714161, 0.0 ], [ 106.948732675200588, -6.164474345395313, 0.0 ], [ 106.948732814574996, -6.164473426307785, 0.0 ], [ 106.948733091399035, -6.164472545594502, 0.0 ], [ 106.948733498498783, -6.164471717747381, 0.0 ], [ 106.948734027810303, -6.164470960878221, 0.0 ], [ 106.948734665855866, -6.164470294926756, 0.0 ], [ 106.948735398231833, -6.1644697335074, 0.0 ], [ 106.948736206920628, -6.164469290247559, 0.0 ], [ 106.948737073895202, -6.16446897606272, 0.0 ], [ 106.94873797930525, -6.164468797354036, 0.0 ], [ 106.948738706352117, -6.164468755818634, 0.0 ], [ 106.948739432815927, -6.164468801984116, 0.0 ], [ 106.948743832191923, -6.164468815732148, 0.0 ], [ 106.948744263180913, -6.16446884037534, 0.0 ], [ 106.948744694904931, -6.164468818906157, 0.0 ], [ 106.948745342170866, -6.164468699004622, 0.0 ], [ 106.948745961960356, -6.164468476134864, 0.0 ], [ 106.948746538036247, -6.164468156684899, 0.0 ], [ 106.948747055071536, -6.164467748847905, 0.0 ], [ 106.948747500455909, -6.16446726261514, 0.0 ], [ 106.948747861591912, -6.164466711594435, 0.0 ], [ 106.948748130399082, -6.164466109376959, 0.0 ], [ 106.948748298806706, -6.164465472266216, 0.0 ], [ 106.948748362357733, -6.164464816552543, 0.0 ], [ 106.948748413558818, -6.164448158101022, 0.0 ], [ 106.948749457646258, -6.164114784664721, 0.0 ], [ 106.948749583875099, -6.164074629874564, 0.0 ], [ 106.948749697341299, -6.164038402593869, 0.0 ], [ 106.948750124430418, -6.163902241756758, 0.0 ], [ 106.948751298594686, -6.163822750643601, 0.0 ], [ 106.948751719487404, -6.163794272287082, 0.0 ], [ 106.948759358342087, -6.163277311051093, 0.0 ], [ 106.948761927414964, -6.163200572379083, 0.0 ], [ 106.94876263277159, -6.163179491331454, 0.0 ], [ 106.948763136888829, -6.163164407090775, 0.0 ] ] ] } },
{ "type": "Feature", "properties": { "OBJECTID": 1045, "toponimi": "Sal. Phb Irigasi Kayu Tinggi", "kewenangan": "Pemprov DKI", "jenis": "Saluran Drainase Tersier", "panjang": "3325", "lebar": "3", "kedalaman": "2", "kota": "Jakarta Timur", "kecamatan": "Cakung", "lebar_min": 3.0, "lebar_max": 3.0, "kedalaman_": 2.0, "kedalaman1": 2.0, "Shape_Leng": 0.71235882137999995 }, "geometry": { "type": "MultiLineString", "coordinates": [ [ [ 106.945343839465963, -6.183485632568249, 0.0 ], [ 106.945403996841179, -6.18319914137304, 0.0 ], [ 106.945418501721235, -6.183136969097022, 0.0 ], [ 106.945418835550996, -6.183133640737948, 0.0 ], [ 106.945418902363215, -6.18313313599823, 0.0 ], [ 106.945419186421375, -6.183131267060156, 0.0 ], [ 106.945419251866355, -6.183130882572418, 0.0 ], [ 106.945419626782012, -6.1831289084246, 0.0 ], [ 106.945419731555617, -6.183128408970423, 0.0 ], [ 106.945420155732549, -6.183126565738584, 0.0 ], [ 106.945420278593716, -6.183126071642937, 0.0 ], [ 106.945420770589763, -6.183124246245235, 0.0 ], [ 106.945420913348158, -6.183123758405502, 0.0 ], [ 106.94542147407013, -6.183121951742293, 0.0 ], [ 106.9454216340025, -6.183121466552111, 0.0 ], [ 106.945422277775265, -6.183119643310889, 0.0 ], [ 106.945422440599458, -6.183119207836247, 0.0 ], [ 106.945423135202489, -6.183117450409236, 0.0 ], [ 106.945423331319404, -6.183116978648159, 0.0 ], [ 106.945424091064311, -6.183115248105971, 0.0 ], [ 106.945424305281819, -6.183114785319754, 0.0 ], [ 106.945424597570636, -6.183114179397848, 0.0 ], [ 106.945440637756093, -6.183056755587043, 0.0 ], [ 106.945456933785223, -6.182998147355793, 0.0 ], [ 106.945473162893663, -6.182939520383623, 0.0 ], [ 106.945489324177942, -6.182880874673971, 0.0 ], [ 106.945505419448168, -6.182822211124308, 0.0 ], [ 106.945521445087678, -6.182763528843612, 0.0 ], [ 106.94553740380637, -6.182704827822095, 0.0 ], [ 106.945553295604697, -6.182646108059788, 0.0 ], [ 106.945569118675436, -6.182587369563139, 0.0 ], [ 106.945584874832306, -6.182528614133899, 0.0 ], [ 106.945600028455544, -6.182471842727277, 0.0 ], [ 106.9456501703838, -6.182240413213199, 0.0 ], [ 106.945698071652899, -6.182026708006551, 0.0 ], [ 106.945699620824158, -6.182019257867027, 0.0 ], [ 106.945706783950826, -6.18198446577861, 0.0 ], [ 106.945713880178175, -6.181949660373564, 0.0 ], [ 106.945720910406308, -6.181914840744547, 0.0 ], [ 106.945727873738406, -6.18188000870301, 0.0 ], [ 106.945734770167917, -6.181845162440723, 0.0 ], [ 106.945741600605018, -6.181810303762608, 0.0 ], [ 106.945748364142673, -6.181775431767941, 0.0 ], [ 106.94575506077787, -6.181740545552517, 0.0 ], [ 106.945761691427137, -6.181705648729544, 0.0 ], [ 106.945768254273744, -6.181670738593184, 0.0 ], [ 106.945774652793858, -6.181636347115462, 0.0 ], [ 106.945776868563016, -6.181614783138579, 0.0 ], [ 106.945779076949279, -6.181592682145619, 0.0 ], [ 106.945781220272977, -6.181570575966092, 0.0 ], [ 106.945783299431085, -6.181548462788745, 0.0 ], [ 106.945785314430196, -6.181526344421607, 0.0 ], [ 106.945787262550212, -6.181504218162349, 0.0 ], [ 106.94578914923116, -6.181482089415657, 0.0 ], [ 106.945790969936553, -6.181459952773602, 0.0 ], [ 106.945792727386248, -6.181437810938426, 0.0 ], [ 106.945794419780157, -6.181415665724953, 0.0 ], [ 106.945796048011886, -6.181393514417731, 0.0 ], [ 106.945797612015042, -6.181371338934499, 0.0 ], [ 106.945797770703578, -6.181370019252654, 0.0 ], [ 106.945799622576189, -6.18135912785506, 0.0 ], [ 106.945801398674774, -6.181348266570851, 0.0 ], [ 106.945803104293887, -6.181337401024078, 0.0 ], [ 106.945804741174257, -6.18132651312604, 0.0 ], [ 106.945806302297086, -6.181315659861811, 0.0 ], [ 106.9458078078748, -6.18130468655376, 0.0 ], [ 106.945809231589564, -6.181293807573302, 0.0 ], [ 106.945810585662102, -6.181282906244982, 0.0 ], [ 106.945811875420333, -6.181271957233985, 0.0 ], [ 106.945813092951823, -6.181261020241179, 0.0 ], [ 106.945814241741317, -6.181250059992951, 0.0 ], [ 106.945815317447071, -6.181239124423395, 0.0 ], [ 106.9458163244107, -6.181228165598498, 0.0 ], [ 106.945817261705855, -6.181217177193056, 0.0 ], [ 106.945818126883438, -6.181206230640763, 0.0 ], [ 106.945818923289366, -6.181195252696282, 0.0 ], [ 106.945819649229094, -6.181184274105695, 0.0 ], [ 106.945820302988437, -6.181173320190446, 0.0 ], [ 106.945820889653916, -6.181162299616413, 0.0 ], [ 106.945821405055568, -6.181151307330859, 0.0 ], [ 106.945821848210898, -6.181140321638585, 0.0 ], [ 106.945822224275645, -6.181129270191622, 0.0 ], [ 106.945822526607714, -6.181118313042435, 0.0 ], [ 106.945822760062626, -6.181107295569801, 0.0 ], [ 106.945822923160094, -6.181096307286364, 0.0 ], [ 106.945823014908044, -6.181085323784663, 0.0 ], [ 106.945823036819036, -6.181074264593245, 0.0 ], [ 106.945822988587693, -6.181063293357451, 0.0 ], [ 106.945822868874572, -6.181052290739378, 0.0 ], [ 106.945822679595494, -6.181041286567872, 0.0 ], [ 106.945822420879239, -6.181030316102729, 0.0 ], [ 106.945822088686128, -6.181019262728129, 0.0 ], [ 106.945821689024484, -6.181008287354282, 0.0 ], [ 106.945821217060342, -6.180997303203957, 0.0 ], [ 106.94582067637414, -6.180986301222942, 0.0 ], [ 106.945820066339977, -6.180975357359055, 0.0 ], [ 106.945819381925659, -6.180964330589025, 0.0 ], [ 106.945818629027102, -6.180953351083649, 0.0 ], [ 106.945817806635276, -6.180942389914883, 0.0 ], [ 106.94581690998217, -6.18093137838765, 0.0 ], [ 106.945815948577319, -6.180920446659353, 0.0 ], [ 106.945814916627185, -6.18090949258649, 0.0 ], [ 106.945813822727956, -6.180898643617539, 0.0 ], [ 106.945814489373461, -6.180846175599702, 0.0 ], [ 106.945809700255936, -6.180796228009885, 0.0 ], [ 106.945799991756189, -6.18075439497974, 0.0 ], [ 106.94579335835725, -6.180736601310401, 0.0 ], [ 106.945785571482773, -6.180720984841363, 0.0 ], [ 106.945725282865155, -6.180626699379651, 0.0 ], [ 106.945649969775147, -6.180519770997639, 0.0 ], [ 106.94559233450741, -6.18044647407735, 0.0 ], [ 106.945571050212592, -6.180423339075479, 0.0 ], [ 106.945555255254163, -6.180409742492077, 0.0 ], [ 106.945544154146916, -6.180401043078128, 0.0 ], [ 106.945535017850148, -6.180391265333727, 0.0 ], [ 106.945527869358983, -6.180380433396877, 0.0 ], [ 106.94552273491577, -6.180368586628369, 0.0 ], [ 106.945519631347651, -6.180355736247147, 0.0 ], [ 106.945518599966533, -6.180342008869621, 0.0 ], [ 106.945519647474498, -6.180327559439664, 0.0 ], [ 106.945522771907804, -6.180312454028939, 0.0 ], [ 106.945527404367212, -6.180295126921527, 0.0 ], [ 106.945539870546583, -6.18024876538102, 0.0 ], [ 106.945552402733725, -6.180202420777508, 0.0 ], [ 106.945565002745198, -6.180156095816495, 0.0 ], [ 106.945577668764273, -6.18010978779233, 0.0 ], [ 106.945590402604452, -6.180063498506627, 0.0 ], [ 106.945603202458599, -6.18001722796599, 0.0 ], [ 106.945616069230454, -6.179970976167159, 0.0 ], [ 106.94562900291649, -6.179924742206067, 0.0 ], [ 106.945641999942907, -6.179878536945054, 0.0 ], [ 106.945655070141015, -6.179832331416496, 0.0 ], [ 106.945668203679631, -6.179786154588067, 0.0 ], [ 106.945672724250244, -6.17977034770574, 0.0 ], [ 106.945690145271129, -6.179709596250847, 0.0 ], [ 106.945697397947299, -6.179684720155151, 0.0 ], [ 106.945700330244932, -6.179685936304598, 0.0 ], [ 106.945721054496843, -6.179695033586333, 0.0 ], [ 106.945726588515839, -6.179697482464825, 0.0 ], [ 106.945741704821756, -6.179704171822872, 0.0 ], [ 106.945762350897894, -6.179713383307026, 0.0 ], [ 106.945782952011186, -6.179722651009694, 0.0 ], [ 106.945803557922403, -6.179731995543396, 0.0 ], [ 106.945824118867435, -6.179741395391549, 0.0 ], [ 106.945844651129789, -6.179750856823403, 0.0 ], [ 106.945865155619657, -6.179760381643799, 0.0 ], [ 106.945885629620292, -6.179769968054444, 0.0 ], [ 106.945906075841563, -6.179779616045503, 0.0 ], [ 106.945926491577083, -6.179789326530865, 0.0 ], [ 106.945946878633222, -6.179799099503982, 0.0 ], [ 106.945967235196733, -6.179808933163308, 0.0 ], [ 106.945987562177791, -6.179818829313666, 0.0 ], [ 106.946007859572944, -6.179828787051043, 0.0 ], [ 106.946028121052095, -6.179838804590321, 0.0 ], [ 106.946048362895596, -6.179848887296627, 0.0 ], [ 106.946068567919667, -6.179859029808116, 0.0 ], [ 106.946088743354537, -6.179869233002548, 0.0 ], [ 106.946108887396917, -6.179879497790487, 0.0 ], [ 106.946129023580468, -6.179889836743508, 0.0 ], [ 106.946131153518422, -6.179890761990597, 0.0 ], [ 106.946131725167234, -6.179890956994507, 0.0 ], [ 106.946144646091582, -6.179895126474943, 0.0 ], [ 106.946157630070005, -6.179899245997865, 0.0 ], [ 106.946170634587887, -6.179903300349208, 0.0 ], [ 106.946183659642216, -6.179907288624703, 0.0 ], [ 106.946196704332849, -6.179911211731791, 0.0 ], [ 106.946209768663095, -6.179915070574467, 0.0 ], [ 106.946222852622924, -6.179918862440756, 0.0 ], [ 106.946235955315558, -6.179922589141778, 0.0 ], [ 106.946249075834544, -6.179926249777007, 0.0 ], [ 106.946262215086392, -6.179929845247118, 0.0 ], [ 106.946275372160954, -6.179933373747206, 0.0 ], [ 106.946288546161782, -6.179936837088857, 0.0 ], [ 106.946301737985436, -6.179940233460365, 0.0 ], [ 106.946312908637367, -6.179943050462602, 0.0 ], [ 106.946315281170683, -6.179944109533397, 0.0 ], [ 106.946324437175022, -6.179945907743259, 0.0 ], [ 106.946494723647589, -6.179979344887035, 0.0 ], [ 106.946496188902486, -6.179979584536317, 0.0 ], [ 106.946506178394884, -6.17998129199187, 0.0 ], [ 106.946516187129149, -6.179983073513827, 0.0 ], [ 106.946526208781563, -6.179984929125761, 0.0 ], [ 106.946536193630578, -6.179986849064144, 0.0 ], [ 106.946546164273869, -6.179988836862708, 0.0 ], [ 106.946556103540203, -6.17999089077626, 0.0 ], [ 106.946566042161123, -6.179993015212772, 0.0 ], [ 106.946575987376704, -6.179995213762193, 0.0 ], [ 106.946578726904463, -6.179995839321811, 0.0 ], [ 106.946585925623154, -6.179997482857679, 0.0 ], [ 106.946595822542776, -6.179999814488038, 0.0 ], [ 106.946605608510254, -6.180002190826011, 0.0 ], [ 106.946615500528708, -6.180004664419619, 0.0 ], [ 106.946625343083468, -6.180007198769628, 0.0 ], [ 106.946635142497982, -6.180009793853032, 0.0 ], [ 106.94664494941054, -6.180012463045967, 0.0 ], [ 106.946654774678208, -6.180015210829313, 0.0 ], [ 106.946664543238541, -6.180018014875097, 0.0 ], [ 106.946674293079511, -6.18002088770175, 0.0 ], [ 106.946684060368909, -6.18002383821797, 0.0 ], [ 106.946693716682773, -6.180026827113156, 0.0 ], [ 106.946703404018535, -6.180029899976882, 0.0 ], [ 106.946713045497603, -6.180033031775833, 0.0 ], [ 106.946722714375198, -6.180036244844222, 0.0 ], [ 106.946732336495998, -6.180039517755177, 0.0 ], [ 106.946741936270541, -6.180042855843722, 0.0 ], [ 106.946751511899052, -6.18004626092494, 0.0 ], [ 106.946761078751592, -6.180049736558832, 0.0 ], [ 106.946770605174322, -6.180053272916153, 0.0 ], [ 106.946780150868491, -6.180056891476879, 0.0 ], [ 106.94678962808203, -6.180060558206189, 0.0 ], [ 106.946799028671478, -6.180064269517434, 0.0 ], [ 106.946808437682179, -6.180068060359505, 0.0 ], [ 106.946817836110441, -6.180071921760951, 0.0 ], [ 106.946827206765718, -6.180075846551679, 0.0 ], [ 106.946836597612531, -6.180079858063143, 0.0 ], [ 106.946845021483355, -6.180083524128323, 0.0 ], [ 106.946853620798251, -6.180088477007166, 0.0 ], [ 106.946863012527061, -6.180093964930608, 0.0 ], [ 106.946872396399939, -6.180099527923911, 0.0 ], [ 106.946881689115543, -6.180105113853721, 0.0 ], [ 106.946890980305596, -6.180110776638396, 0.0 ], [ 106.946900250966337, -6.180116507306463, 0.0 ], [ 106.946909439523097, -6.180122266302637, 0.0 ], [ 106.946918631987813, -6.180128105750188, 0.0 ], [ 106.946927784006263, -6.180134001400633, 0.0 ], [ 106.946936885601403, -6.180139942441173, 0.0 ], [ 106.946945687748837, -6.1801457661395, 0.0 ], [ 106.946972947213098, -6.180164288304072, 0.0 ], [ 106.946981867370255, -6.180170514803502, 0.0 ], [ 106.946990779678458, -6.18017681818101, 0.0 ], [ 106.946999627073083, -6.180183157056426, 0.0 ], [ 106.947008395064174, -6.180189521537668, 0.0 ], [ 106.947017177859891, -6.180195981800334, 0.0 ], [ 106.947025905702361, -6.180202483853289, 0.0 ], [ 106.947034570441474, -6.180209022301555, 0.0 ], [ 106.947043216471414, -6.180215632243187, 0.0 ], [ 106.94705180935803, -6.180222284872516, 0.0 ], [ 106.947060363605146, -6.180228993698128, 0.0 ], [ 106.947068888262777, -6.180235763207381, 0.0 ], [ 106.947077343483627, -6.18024256642304, 0.0 ], [ 106.947085799008889, -6.180249452815533, 0.0 ], [ 106.947094190530777, -6.180256376511129, 0.0 ], [ 106.947102368524128, -6.180263209673129, 0.0 ], [ 106.947114519689791, -6.180274024458283, 0.0 ], [ 106.947126957831941, -6.180285004548581, 0.0 ], [ 106.947139440957841, -6.180295933843318, 0.0 ], [ 106.947151968160682, -6.180306811441739, 0.0 ], [ 106.947164539443961, -6.18031763824792, 0.0 ], [ 106.947177154807562, -6.180328414261826, 0.0 ], [ 106.947189813344963, -6.180339138582766, 0.0 ], [ 106.947202525022689, -6.180349819311172, 0.0 ], [ 106.947215261747317, -6.180360432138928, 0.0 ], [ 106.947228051612413, -6.180371001374183, 0.0 ], [ 106.947240882841001, -6.180381518018893, 0.0 ], [ 106.947253758143461, -6.180391982063217, 0.0 ], [ 106.947266674809498, -6.180402393516943, 0.0 ], [ 106.947279633739157, -6.180412751472762, 0.0 ], [ 106.947292634939288, -6.1804230577389, 0.0 ], [ 106.947305678402913, -6.180433310506926, 0.0 ], [ 106.947318763230086, -6.180443510684664, 0.0 ], [ 106.947331889414414, -6.180453656463577, 0.0 ], [ 106.947345056962249, -6.180463749651977, 0.0 ], [ 106.947358235973169, -6.180473765948282, 0.0 ], [ 106.947566220317739, -6.180610835848738, 0.0 ], [ 106.947683030699281, -6.180663349933521, 0.0 ], [ 106.947833974870562, -6.180711295189444, 0.0 ] ] ] } },
{ "type": "Feature", "properties": { "OBJECTID": 1188, "toponimi": "Sal. Phb Babek TNI", "kewenangan": "Pemprov DKI", "jenis": "Saluran Drainase Tersier", "panjang": "1440", "lebar": "5", "kedalaman": "2", "kota": "Jakarta Timur", "kecamatan": "Cakung", "lebar_min": 5.0, "lebar_max": 5.0, "kedalaman_": 2.0, "kedalaman1": 2.0, "Shape_Leng": 1.57540469159 }, "geometry": { "type": "MultiLineString", "coordinates": [ [ [ 106.944684849360414, -6.158231850811407, 0.0 ], [ 106.944680758266969, -6.15801237970778, 0.0 ] ], [ [ 106.953516296241943, -6.163813634123477, 0.0 ], [ 106.953261117259331, -6.163546694353438, 0.0 ], [ 106.953253163315239, -6.163538556679865, 0.0 ], [ 106.953244005761633, -6.163531804896538, 0.0 ], [ 106.953233882817571, -6.163526613527859, 0.0 ], [ 106.953223058753196, -6.163523117221537, 0.0 ], [ 106.953211813040184, -6.163521408076866, 0.0 ], [ 106.952368095976738, -6.16348228553004, 0.0 ], [ 106.950066954158842, -6.16335260492539, 0.0 ], [ 106.950055765426086, -6.163351658571239, 0.0 ], [ 106.950042774098421, -6.163346642173608, 0.0 ], [ 106.950029432103918, -6.163338117297993, 0.0 ], [ 106.950015899040807, -6.163326250621159, 0.0 ], [ 106.949991707837356, -6.16330239644643, 0.0 ], [ 106.9499836965865, -6.163297602320853, 0.0 ], [ 106.94994975045141, -6.163288434052848, 0.0 ], [ 106.949872711256276, -6.16327069965709, 0.0 ], [ 106.949751642400116, -6.163246177309425, 0.0 ], [ 106.948762631868192, -6.163179491334756, 0.0 ], [ 106.948308629787519, -6.163152279094305, 0.0 ], [ 106.94812661463385, -6.163142130281599, 0.0 ], [ 106.947901611433778, -6.163141309821468, 0.0 ], [ 106.947770101607134, -6.163143275859331, 0.0 ], [ 106.947676623169755, -6.163141124802586, 0.0 ], [ 106.947530302060443, -6.163135185997866, 0.0 ], [ 106.947168017709473, -6.163115608291343, 0.0 ], [ 106.944803968847083, -6.162979029299424, 0.0 ], [ 106.944732549802168, -6.162974304584656, 0.0 ], [ 106.944662672380218, -6.162965998463782, 0.0 ], [ 106.944602164800443, -6.16295503983564, 0.0 ], [ 106.944551520036256, -6.162941605919464, 0.0 ], [ 106.944541458878405, -6.162937671726426, 0.0 ] ] ] } },
{ "type": "Feature", "properties": { "OBJECTID": 1047, "toponimi": "Sal. Phb Sentra Primer (Kec. Cakung)", "kewenangan": "Pemprov DKI", "jenis": "Saluran Drainase Tersier", "panjang": "3420", "lebar": "8 - 10", "kedalaman": "1.5", "kota": "Jakarta Timur", "kecamatan": "Cakung", "lebar_min": 8.0, "lebar_max": 10.0, "kedalaman_": 1.5, "kedalaman1": 1.5, "Shape_Leng": 1.27149681048 }, "geometry": { "type": "MultiLineString", "coordinates": [ [ [ 106.945410698841272, -6.218269044174665, 0.0 ], [ 106.945413140455514, -6.218250374913766, 0.0 ], [ 106.945418081941412, -6.218215136125456, 0.0 ], [ 106.945424079015865, -6.218174835847256, 0.0 ], [ 106.945426663851251, -6.218125217694812, 0.0 ], [ 106.945429249590987, -6.218075599539196, 0.0 ], [ 106.945428838246656, -6.218005978990922, 0.0 ], [ 106.945428426901955, -6.217936357538428, 0.0 ], [ 106.94542813291045, -6.217868184041386, 0.0 ], [ 106.945427838925141, -6.217800011448235, 0.0 ], [ 106.945427544939264, -6.217731837950797, 0.0 ], [ 106.945427232191861, -6.217643568820464, 0.0 ], [ 106.945426919449119, -6.21755529968982, 0.0 ], [ 106.945426606711123, -6.217467030558899, 0.0 ], [ 106.945426254209281, -6.21739473181209, 0.0 ], [ 106.94542590081042, -6.217322433972438, 0.0 ], [ 106.945425548314986, -6.217250135225162, 0.0 ], [ 106.945425195822708, -6.217177836477634, 0.0 ], [ 106.945424839999532, -6.21712355579441, 0.0 ], [ 106.94542448327492, -6.217069275114496, 0.0 ], [ 106.945424198115546, -6.217000053716562, 0.0 ], [ 106.945423912962511, -6.21693083322255, 0.0 ], [ 106.945423627809078, -6.216861611824281, 0.0 ], [ 106.945423342661755, -6.216792391329863, 0.0 ], [ 106.94542305629345, -6.216709564854901, 0.0 ], [ 106.945422769932577, -6.216626739283783, 0.0 ], [ 106.945422483572443, -6.216543912808295, 0.0 ], [ 106.945422197219926, -6.2164610872366, 0.0 ], [ 106.945421459117469, -6.216387101928726, 0.0 ], [ 106.945420721925402, -6.216313117521329, 0.0 ], [ 106.94541998382995, -6.216239132212884, 0.0 ], [ 106.945419372585135, -6.216150743025143, 0.0 ], [ 106.94541876134852, -6.216062354741161, 0.0 ], [ 106.94541866351733, -6.215978949842185, 0.0 ], [ 106.945418565690289, -6.215895544942952, 0.0 ], [ 106.945418467867285, -6.215812140043429, 0.0 ], [ 106.945419305453726, -6.215737186958873, 0.0 ], [ 106.945420143943224, -6.21566223296665, 0.0 ], [ 106.945420981535676, -6.215587279881822, 0.0 ], [ 106.945421739783086, -6.215516056551924, 0.0 ], [ 106.945422497129897, -6.215444833225183, 0.0 ], [ 106.945423255382963, -6.215373609895067, 0.0 ], [ 106.945422638923702, -6.215293131706178, 0.0 ], [ 106.945422021565136, -6.215212653520378, 0.0 ], [ 106.945422123923962, -6.215150771179176, 0.0 ], [ 106.945422225384874, -6.21508888974532, 0.0 ], [ 106.945422327748219, -6.215027007403894, 0.0 ], [ 106.945422572277081, -6.214956361882922, 0.0 ], [ 106.945422817712412, -6.214885716358551, 0.0 ], [ 106.945423062246974, -6.214815070837298, 0.0 ], [ 106.945423370136893, -6.214728719748227, 0.0 ], [ 106.945423677127536, -6.214642368662362, 0.0 ], [ 106.945423723701879, -6.214605868573734, 0.0 ], [ 106.945455266709587, -6.21457423876347, 0.0 ], [ 106.945509672981103, -6.214574061157023, 0.0 ], [ 106.945575407173365, -6.214573801172578, 0.0 ], [ 106.945641141363069, -6.214573541179823, 0.0 ], [ 106.945718587567754, -6.214573235362641, 0.0 ], [ 106.945796033765575, -6.214572928630052, 0.0 ], [ 106.945873479963012, -6.214572622790151, 0.0 ], [ 106.945922933386456, -6.214570920955718, 0.0 ], [ 106.945937553324555, -6.214555812774242, 0.0 ], [ 106.945937663322553, -6.214507080731493, 0.0 ], [ 106.945938224254789, -6.21442445729389, 0.0 ], [ 106.945938572050267, -6.214361764886015, 0.0 ], [ 106.945938918944663, -6.214299072481417, 0.0 ], [ 106.94593926674456, -6.2142363800733, 0.0 ], [ 106.945939652743817, -6.214146223313339, 0.0 ], [ 106.94594003874775, -6.214056066553183, 0.0 ], [ 106.945940423853017, -6.21396590979612, 0.0 ], [ 106.945940809862904, -6.213875752131268, 0.0 ], [ 106.945941195880835, -6.213785595370418, 0.0 ], [ 106.94594158190344, -6.213695438609287, 0.0 ], [ 106.945941967027224, -6.21360528185113, 0.0 ], [ 106.945942353059138, -6.213515125089404, 0.0 ], [ 106.945942474159153, -6.21348759985662, 0.0 ], [ 106.945941908764979, -6.213473382967127, 0.0 ], [ 106.945915718177048, -6.213448320624617, 0.0 ], [ 106.945880636540863, -6.213448494027366, 0.0 ], [ 106.945803369246434, -6.213448269349493, 0.0 ], [ 106.945726101948438, -6.213448044660265, 0.0 ], [ 106.945648833740336, -6.213447819058994, 0.0 ], [ 106.945571566435476, -6.213447594347178, 0.0 ], [ 106.945494299127148, -6.213447369624023, 0.0 ], [ 106.945443176270743, -6.213446128314233, 0.0 ], [ 106.945414646919218, -6.213416698640064, 0.0 ], [ 106.945415032840401, -6.213353044999853, 0.0 ], [ 106.945416127213122, -6.213267053562046, 0.0 ], [ 106.945417221589835, -6.213181062124117, 0.0 ], [ 106.945418315970642, -6.213095070686017, 0.0 ], [ 106.945418997726435, -6.213008407202024, 0.0 ], [ 106.945419680386493, -6.212921742810461, 0.0 ], [ 106.945420362150742, -6.212835079326123, 0.0 ], [ 106.94542104391914, -6.212748415841586, 0.0 ], [ 106.94542123443857, -6.212679519971602, 0.0 ], [ 106.945421424957374, -6.212610623197449, 0.0 ], [ 106.945421615482189, -6.212541727327109, 0.0 ], [ 106.945421661225112, -6.212464650676693, 0.0 ], [ 106.945421707874871, -6.212387574022643, 0.0 ], [ 106.945421753624771, -6.212310497371745, 0.0 ], [ 106.945421771104506, -6.212281558479013, 0.0 ] ] ] } },
{ "type": "Feature", "properties": { "OBJECTID": 1046, "toponimi": "Sal. Phb PIK", "kewenangan": "Pemprov DKI", "jenis": "Saluran Drainase Tersier", "panjang": "3099", "lebar": "6", "kedalaman": "2.5", "kota": "Jakarta Timur", "kecamatan": "Cakung", "lebar_min": 6.0, "lebar_max": 6.0, "kedalaman_": 2.5, "kedalaman1": 2.5, "Shape_Leng": 0.94877857689 }, "geometry": { "type": "MultiLineString", "coordinates": [ [ [ 106.931008410030458, -6.216512767182574, 0.0 ], [ 106.93103761603011, -6.216341691422688, 0.0 ], [ 106.931088950515075, -6.216141226872032, 0.0 ], [ 106.931107649493256, -6.216063543489168, 0.0 ], [ 106.931139841919119, -6.215967901100048, 0.0 ], [ 106.931129523454928, -6.21596413968773, 0.0 ], [ 106.93097747246955, -6.215911504914406, 0.0 ], [ 106.930897343365942, -6.215949790562066, 0.0 ], [ 106.930874041832212, -6.215955303115535, 0.0 ], [ 106.930852364331059, -6.215959723887548, 0.0 ], [ 106.93078239529855, -6.21595835115983, 0.0 ], [ 106.930683657843247, -6.21595057112902, 0.0 ], [ 106.930668975336516, -6.215939768990475, 0.0 ], [ 106.930664551009087, -6.215916447101433, 0.0 ], [ 106.930691930134032, -6.215690559402885, 0.0 ], [ 106.930472805524857, -6.215687018134147, 0.0 ], [ 106.93048165497872, -6.215585489292195, 0.0 ], [ 106.930515773234205, -6.215423080557603, 0.0 ], [ 106.930439779492787, -6.215405446561339, 0.0 ], [ 106.930458907836211, -6.215296825332084, 0.0 ], [ 106.930456665457399, -6.215276751204741, 0.0 ], [ 106.930444642736788, -6.215251828736504, 0.0 ], [ 106.930438582351471, -6.215225798646135, 0.0 ], [ 106.930479266374022, -6.215079104861758, 0.0 ], [ 106.930416284532328, -6.215060338385597, 0.0 ], [ 106.930437168613906, -6.214986990419092, 0.0 ], [ 106.93046932356431, -6.214881034889003, 0.0 ], [ 106.930520863048187, -6.214736473167321, 0.0 ], [ 106.930459506357209, -6.214717157373307, 0.0 ], [ 106.930334615923243, -6.214676363820412, 0.0 ], [ 106.930202607819069, -6.214617143123754, 0.0 ], [ 106.930294201530742, -6.214450724533441, 0.0 ], [ 106.930409307617936, -6.214485583029685, 0.0 ], [ 106.930457612730322, -6.214346460561764, 0.0 ], [ 106.930501626124027, -6.214220380329883, 0.0 ], [ 106.930608052689166, -6.214254728014061, 0.0 ], [ 106.930662327077343, -6.214116669600292, 0.0 ], [ 106.930695031954741, -6.214012882867332, 0.0 ], [ 106.930747588197846, -6.213849864361925, 0.0 ], [ 106.930801356095003, -6.213721576821732, 0.0 ], [ 106.930836694967297, -6.213596613219568, 0.0 ], [ 106.930899664743677, -6.213612123099228, 0.0 ], [ 106.931072275540274, -6.213651113987119, 0.0 ], [ 106.931091785783195, -6.213647243622169, 0.0 ], [ 106.93110530492595, -6.213636339385818, 0.0 ], [ 106.931140191629311, -6.213535801330759, 0.0 ], [ 106.93118518603184, -6.213381493618407, 0.0 ], [ 106.931219940111504, -6.213244592353544, 0.0 ], [ 106.931262241103539, -6.213095179443281, 0.0 ], [ 106.931320614065456, -6.212891431722879, 0.0 ], [ 106.931356394832434, -6.212738785993323, 0.0 ], [ 106.931375460620259, -6.212612796896827, 0.0 ], [ 106.931380604852464, -6.212536248895791, 0.0 ], [ 106.931375998488775, -6.212462994047295, 0.0 ], [ 106.931346702756315, -6.212311670921309, 0.0 ], [ 106.931337783861494, -6.212245487568766, 0.0 ], [ 106.931339464182798, -6.212111420363397, 0.0 ], [ 106.931354701214133, -6.21197676027746, 0.0 ], [ 106.931369952103452, -6.211845900157539, 0.0 ], [ 106.931400865498432, -6.211697071330094, 0.0 ], [ 106.931420550548168, -6.211592247232291, 0.0 ], [ 106.931447173162454, -6.211456460634288, 0.0 ], [ 106.931475310053514, -6.211289731340884, 0.0 ], [ 106.931492710289447, -6.211153435950865, 0.0 ], [ 106.93151770582196, -6.211017655300875, 0.0 ], [ 106.931531398895189, -6.210905796435807, 0.0 ], [ 106.931544459926613, -6.210834676800452, 0.0 ], [ 106.931571663241684, -6.210689914706041, 0.0 ], [ 106.931611513467203, -6.210505411062666, 0.0 ], [ 106.931619154652523, -6.210480353513798, 0.0 ], [ 106.931622819666927, -6.210468393094631, 0.0 ], [ 106.93162790683067, -6.21045696543396, 0.0 ], [ 106.931634339058633, -6.210446238075394, 0.0 ], [ 106.931679446385672, -6.210450064157586, 0.0 ], [ 106.93170181433544, -6.210451961601131, 0.0 ], [ 106.931713763307258, -6.210452974886151, 0.0 ], [ 106.931756667306303, -6.210440986913884, 0.0 ], [ 106.931800443225626, -6.210432744234483, 0.0 ], [ 106.931844766952992, -6.210428307703042, 0.0 ], [ 106.931886211219179, -6.210422330214088, 0.0 ], [ 106.931926802274702, -6.210412041379678, 0.0 ], [ 106.931946447351237, -6.21040479816318, 0.0 ], [ 106.932203551656499, -6.210303461258318, 0.0 ] ] ] } },
{ "type": "Feature", "properties": { "OBJECTID": 300, "toponimi": "Sal. Phb Irigasi Tambun Rengas", "kewenangan": "Pemprov DKI", "jenis": "Saluran Drainase Tersier", "panjang": "3268", "lebar": "5", "kedalaman": "2", "kota": "Jakarta Timur", "kecamatan": "Cakung", "lebar_min": 5.0, "lebar_max": 5.0, "kedalaman_": 2.0, "kedalaman1": 2.0, "Shape_Leng": 3.3074014959700002 }, "geometry": { "type": "MultiLineString", "coordinates": [ [ [ 106.959634346614621, -6.183220253130343, 0.0 ], [ 106.959641989481099, -6.183184004417371, 0.0 ], [ 106.959658455600206, -6.183105908205371, 0.0 ], [ 106.959674923515976, -6.183027813768031, 0.0 ], [ 106.959691389635182, -6.182949717533037, 0.0 ], [ 106.959707855754289, -6.182871621286446, 0.0 ], [ 106.959724323670201, -6.182793526814599, 0.0 ], [ 106.959740789789308, -6.182715430544949, 0.0 ], [ 106.959754068685797, -6.182650390351663, 0.0 ], [ 106.959767347582314, -6.182585348364266, 0.0 ], [ 106.959780625580663, -6.182520308154947, 0.0 ], [ 106.959799075179902, -6.182432702215212, 0.0 ], [ 106.959824898150956, -6.182346982468806, 0.0 ], [ 106.959857906746109, -6.18226376961497, 0.0 ], [ 106.959902383234166, -6.182189897588226, 0.0 ], [ 106.959946859722152, -6.182116025551023, 0.0 ], [ 106.959991337108519, -6.182042153503602, 0.0 ], [ 106.960035812698266, -6.181968282338907, 0.0 ], [ 106.960080289186266, -6.181894410270817, 0.0 ], [ 106.960124765674308, -6.181820537299282, 0.0 ], [ 106.960172484182209, -6.18174892919845, 0.0 ], [ 106.960220202690095, -6.181677321087959, 0.0 ], [ 106.960267921197968, -6.181605712074597, 0.0 ], [ 106.960315639705897, -6.181534103051612, 0.0 ], [ 106.960363357315501, -6.181462494018862, 0.0 ], [ 106.960411075823416, -6.18139088586956, 0.0 ], [ 106.960460882016022, -6.181317462053307, 0.0 ], [ 106.960510689106897, -6.181244038226914, 0.0 ], [ 106.960560496197814, -6.181170614390282, 0.0 ], [ 106.960610303288817, -6.181097190543492, 0.0 ], [ 106.960660109481424, -6.181023766686407, 0.0 ], [ 106.960709916572341, -6.180950341926214, 0.0 ], [ 106.960759722764962, -6.180876918941888, 0.0 ], [ 106.960803813875629, -6.180810196827586, 0.0 ], [ 106.960847904986451, -6.180743475598003, 0.0 ], [ 106.960891996995599, -6.180676753466862, 0.0 ], [ 106.960936087208012, -6.180610032220451, 0.0 ], [ 106.960980178318806, -6.180543310965588, 0.0 ], [ 106.961024269429643, -6.18047658880923, 0.0 ], [ 106.961073349783504, -6.18040490997203, 0.0 ], [ 106.961125474527776, -6.180335418312969, 0.0 ], [ 106.961180547542909, -6.180268241545372, 0.0 ], [ 106.961230077054424, -6.180193001912187, 0.0 ], [ 106.961273224934089, -6.180113924640816, 0.0 ], [ 106.961298408304728, -6.18004882964888, 0.0 ], [ 106.961323592573834, -6.179983735542105, 0.0 ], [ 106.961348775944487, -6.179918640534173, 0.0 ], [ 106.961373960213493, -6.179853546411354, 0.0 ], [ 106.961401848411455, -6.179781810331672, 0.0 ], [ 106.961429736609446, -6.179710074242247, 0.0 ], [ 106.961457625705705, -6.179638338143116, 0.0 ], [ 106.961485514802149, -6.179566602034327, 0.0 ], [ 106.961513403000012, -6.179494866808817, 0.0 ], [ 106.961531247134886, -6.179442757353219, 0.0 ], [ 106.961552963906882, -6.179392142041867, 0.0 ], [ 106.961585143357041, -6.179323392412559, 0.0 ], [ 106.961612347937063, -6.179252523457268, 0.0 ], [ 106.961634441103072, -6.179179895093036, 0.0 ], [ 106.961637560952113, -6.179167866873237, 0.0 ], [ 106.961659316351685, -6.179083537148959, 0.0 ], [ 106.961681069954608, -6.178999208304246, 0.0 ], [ 106.961702825354195, -6.178914877660022, 0.0 ], [ 106.961724578957103, -6.178830547895362, 0.0 ], [ 106.961746334356576, -6.17874621811734, 0.0 ], [ 106.961768089756191, -6.178661888325779, 0.0 ], [ 106.961789843359057, -6.178577557627825, 0.0 ], [ 106.961811598758672, -6.178493227809427, 0.0 ], [ 106.961833354158145, -6.178408898870767, 0.0 ], [ 106.961855107761153, -6.178324568132419, 0.0 ], [ 106.961876863160668, -6.178240238273766, 0.0 ], [ 106.961898616763548, -6.178155909294691, 0.0 ], [ 106.961920372163135, -6.178071578516042, 0.0 ], [ 106.961942893825679, -6.177993590507493, 0.0 ], [ 106.961965414589784, -6.177915602487338, 0.0 ], [ 106.961987937150653, -6.177837614455786, 0.0 ], [ 106.962010457914758, -6.177759627305798, 0.0 ], [ 106.962032979577302, -6.177681640144328, 0.0 ], [ 106.962055500341421, -6.177603652078263, 0.0 ], [ 106.962078313058157, -6.177535916777074, 0.0 ], [ 106.962101125774723, -6.177468182360313, 0.0 ], [ 106.962126148346968, -6.177391161489189, 0.0 ], [ 106.962151718891576, -6.177314320119963, 0.0 ], [ 106.962177834713486, -6.177237664504154, 0.0 ], [ 106.962204495812742, -6.177161196428213, 0.0 ], [ 106.962231700392877, -6.17708492035772, 0.0 ], [ 106.962264143049296, -6.177003538424237, 0.0 ], [ 106.962296812979616, -6.176922248467569, 0.0 ], [ 106.962329709285228, -6.176841049594582, 0.0 ], [ 106.962362832864741, -6.176759942698518, 0.0 ], [ 106.962396181921363, -6.176678929565536, 0.0 ], [ 106.962429758251787, -6.176598010195781, 0.0 ], [ 106.962463560059248, -6.176517184589144, 0.0 ], [ 106.962497588242229, -6.176436454532029, 0.0 ], [ 106.962531840105697, -6.176355819131253, 0.0 ], [ 106.96256631834467, -6.176275281066294, 0.0 ], [ 106.962601021162328, -6.176194838550837, 0.0 ], [ 106.962635555096767, -6.176113407359933, 0.0 ], [ 106.962670487883187, -6.176031975263477, 0.0 ], [ 106.962705420669749, -6.175950541368231, 0.0 ], [ 106.962740352557844, -6.175869108353599, 0.0 ], [ 106.962775285344264, -6.175787675326375, 0.0 ], [ 106.96281021723243, -6.175706243179811, 0.0 ], [ 106.962845150018893, -6.175624810127605, 0.0 ], [ 106.962880082805327, -6.175543377062887, 0.0 ], [ 106.962915014693493, -6.175461943985608, 0.0 ], [ 106.962949946581645, -6.175380510895821, 0.0 ], [ 106.962984880266404, -6.175299077793531, 0.0 ], [ 106.963019812154528, -6.175217644678696, 0.0 ], [ 106.963054744042594, -6.175136212444405, 0.0 ], [ 106.963089676829028, -6.175054779304555, 0.0 ], [ 106.963124608717195, -6.174973346152161, 0.0 ], [ 106.963159540605346, -6.174891913880346, 0.0 ], [ 106.963194474290106, -6.174810480702892, 0.0 ], [ 106.963229406178243, -6.174729047512923, 0.0 ], [ 106.963264338066523, -6.174647614310462, 0.0 ], [ 106.963299270852886, -6.174566181988538, 0.0 ], [ 106.963334202741024, -6.174484748760997, 0.0 ], [ 106.963359571164617, -6.174426753255469, 0.0 ], [ 106.963384939588309, -6.174368756850524, 0.0 ], [ 106.963408597619562, -6.174318533126866, 0.0 ], [ 106.963442176645003, -6.174245746006227, 0.0 ], [ 106.96347575656857, -6.174172957982492, 0.0 ], [ 106.963509336492166, -6.174100169948722, 0.0 ], [ 106.963542915517422, -6.174027381905036, 0.0 ], [ 106.963576495441146, -6.173954593851239, 0.0 ], [ 106.963610074466445, -6.173881806680563, 0.0 ], [ 106.963636215441269, -6.173820506619627, 0.0 ], [ 106.963658846698124, -6.173757823131442, 0.0 ], [ 106.96367789457554, -6.173693958057399, 0.0 ], [ 106.963684187274055, -6.173656784327703, 0.0 ], [ 106.963685493424421, -6.173596117452644, 0.0 ], [ 106.963680408959917, -6.173535649733196, 0.0 ], [ 106.963668987779457, -6.173476054571284, 0.0 ], [ 106.963653032801687, -6.173404935656789, 0.0 ], [ 106.963637077823961, -6.173333817625772, 0.0 ], [ 106.963621121947924, -6.173262698692186, 0.0 ], [ 106.963607884373786, -6.173194905676912, 0.0 ], [ 106.96359464500317, -6.173127111759831, 0.0 ], [ 106.963584480565657, -6.173046722352542, 0.0 ], [ 106.963576133420133, -6.172966122159984, 0.0 ], [ 106.963571759523006, -6.172888245930893, 0.0 ], [ 106.96356738472744, -6.172810367904189, 0.0 ], [ 106.963563009932145, -6.172732490759108, 0.0 ], [ 106.963557639803255, -6.172665829242723, 0.0 ], [ 106.963552269674508, -6.172599166824895, 0.0 ], [ 106.963546899545761, -6.172532505291857, 0.0 ], [ 106.963537401658257, -6.17247705403586, 0.0 ], [ 106.963521237373143, -6.172423168391705, 0.0 ], [ 106.963474520486628, -6.172346623706399, 0.0 ], [ 106.963417101072068, -6.172277756165172, 0.0 ], [ 106.963350219702548, -6.172218051009401, 0.0 ], [ 106.963287342124218, -6.172163607146421, 0.0 ], [ 106.963224462749324, -6.172109161491578, 0.0 ], [ 106.963161585170994, -6.172054716724294, 0.0 ], [ 106.963095020008453, -6.172000920348006, 0.0 ], [ 106.963028454845841, -6.171947123966273, 0.0 ], [ 106.962961889683285, -6.171893328472221, 0.0 ], [ 106.962895324520687, -6.171839531186365, 0.0 ], [ 106.962844933524892, -6.171789658214687, 0.0 ], [ 106.962823946184926, -6.171735003533971, 0.0 ], [ 106.962809975585628, -6.171678146441203, 0.0 ], [ 106.962805611570033, -6.171634563620495, 0.0 ], [ 106.962794644937006, -6.171550311290023, 0.0 ], [ 106.9627836765073, -6.171466058946319, 0.0 ], [ 106.962772709874386, -6.171381806589106, 0.0 ], [ 106.962761742343105, -6.171297554218532, 0.0 ], [ 106.962750774811795, -6.171213301834539, 0.0 ], [ 106.962741519469361, -6.171143830403787, 0.0 ], [ 106.96273043695372, -6.171074628683082, 0.0 ], [ 106.962717536247922, -6.171005743114293, 0.0 ], [ 106.962705409889878, -6.170947863332222, 0.0 ], [ 106.962693283531934, -6.170889985330015, 0.0 ], [ 106.962683300554133, -6.170833333562006, 0.0 ], [ 106.962682543274298, -6.170827193428812, 0.0 ], [ 106.962670461832118, -6.170740449191896, 0.0 ], [ 106.962658380389868, -6.170653704047741, 0.0 ], [ 106.962646298947547, -6.170566959782472, 0.0 ], [ 106.962634217505311, -6.170480215502952, 0.0 ], [ 106.962622136063132, -6.170393472102372, 0.0 ], [ 106.962610054620839, -6.170306726901462, 0.0 ], [ 106.962597973178575, -6.170219982579371, 0.0 ], [ 106.962590061715943, -6.170149643807204, 0.0 ], [ 106.962582150253169, -6.170079305918786, 0.0 ], [ 106.962574238790395, -6.170008966234835, 0.0 ], [ 106.962561742326542, -6.169926619546604, 0.0 ], [ 106.962549245862675, -6.169844272845566, 0.0 ], [ 106.962536750296977, -6.169761926131675, 0.0 ], [ 106.962524253833067, -6.169679580298122, 0.0 ], [ 106.9625117573691, -6.169597233558775, 0.0 ], [ 106.962499260905219, -6.16951488680648, 0.0 ], [ 106.962488181084609, -6.16942898634625, 0.0 ], [ 106.962477100365533, -6.169343085872125, 0.0 ], [ 106.962465121331221, -6.16927110812143, 0.0 ], [ 106.962453142296866, -6.169199131254, 0.0 ], [ 106.962441163262554, -6.169127153483772, 0.0 ], [ 106.962429183329917, -6.169055176596803, 0.0 ], [ 106.962418517632585, -6.168977595413514, 0.0 ], [ 106.962407851036957, -6.168900013325789, 0.0 ], [ 106.962397185339569, -6.168822432119773, 0.0 ], [ 106.962386518743841, -6.168744850009253, 0.0 ], [ 106.962377627219126, -6.168664467975308, 0.0 ], [ 106.962368735694469, -6.168584085036023, 0.0 ], [ 106.962359844169754, -6.168503703870768, 0.0 ], [ 106.962350952645068, -6.168423321800208, 0.0 ], [ 106.962344847694482, -6.168363184835948, 0.0 ], [ 106.962338742743782, -6.168303049651081, 0.0 ], [ 106.96233263779304, -6.168242912673252, 0.0 ], [ 106.962327440140939, -6.168159943209594, 0.0 ], [ 106.962323370772651, -6.168076910321836, 0.0 ], [ 106.962320430586757, -6.167993830979098, 0.0 ], [ 106.962318621379694, -6.16791071857811, 0.0 ], [ 106.962317941355025, -6.167827588301726, 0.0 ], [ 106.962318391411003, -6.167744457119197, 0.0 ], [ 106.962319973344265, -6.167661340213531, 0.0 ], [ 106.962322683561368, -6.167578252767631, 0.0 ], [ 106.962326523859261, -6.167495209071362, 0.0 ], [ 106.96233149333942, -6.167412225200896, 0.0 ], [ 106.962338552300963, -6.167333364834811, 0.0 ], [ 106.962345445972389, -6.167254489273995, 0.0 ], [ 106.962352176150603, -6.167175600304764, 0.0 ], [ 106.96235874193701, -6.167096696140809, 0.0 ], [ 106.962365144229949, -6.167017779461474, 0.0 ], [ 106.962374326808799, -6.166940955343027, 0.0 ], [ 106.962383509387664, -6.166864129427408, 0.0 ], [ 106.962392691966528, -6.166787304393617, 0.0 ], [ 106.962401875443661, -6.166710478455703, 0.0 ], [ 106.962411058022383, -6.166633653399742, 0.0 ], [ 106.962417399230006, -6.166551884034146, 0.0 ], [ 106.962423741335897, -6.166470113762918, 0.0 ], [ 106.962430081645181, -6.166388344372106, 0.0 ], [ 106.962436423751072, -6.166306574075705, 0.0 ], [ 106.962442140629591, -6.166222346798873, 0.0 ], [ 106.962447858406392, -6.166138120401822, 0.0 ], [ 106.962453574386572, -6.166053892205153, 0.0 ], [ 106.962459292163388, -6.165969665781343, 0.0 ], [ 106.962465009041736, -6.165885438451, 0.0 ], [ 106.96246160891846, -6.165803621634791, 0.0 ], [ 106.96245820879507, -6.165721804806021, 0.0 ], [ 106.962454808671794, -6.165639987964608, 0.0 ], [ 106.962451214512271, -6.165566962082392, 0.0 ], [ 106.962445301801097, -6.165494087127304, 0.0 ], [ 106.962437077724687, -6.16542143722832, 0.0 ], [ 106.962426549469555, -6.165349086514417, 0.0 ], [ 106.962413726917134, -6.165277106435244, 0.0 ], [ 106.962402690215555, -6.165210421653343, 0.0 ], [ 106.96239093486173, -6.165142734782622, 0.0 ], [ 106.962377886832328, -6.165063561487049, 0.0 ], [ 106.962365267299219, -6.164984318516267, 0.0 ], [ 106.96234602987731, -6.164912712605104, 0.0 ], [ 106.962327454513911, -6.164840930739426, 0.0 ], [ 106.962301996258788, -6.164762776449327, 0.0 ], [ 106.962274265265918, -6.164685400948884, 0.0 ], [ 106.962244282196735, -6.164608870329428, 0.0 ], [ 106.962212076695494, -6.164533251575334, 0.0 ], [ 106.962179429222999, -6.164482002510042, 0.0 ], [ 106.962149803683374, -6.164428947548895, 0.0 ], [ 106.962123297992505, -6.164374263529479, 0.0 ], [ 106.96208727465141, -6.164303365781045, 0.0 ], [ 106.962055716835451, -6.16423036740163, 0.0 ], [ 106.9620287476139, -6.164155549723603, 0.0 ], [ 106.962006468496554, -6.16407920033136, 0.0 ], [ 106.961988967518266, -6.164001614847584, 0.0 ], [ 106.961981881607315, -6.163932799809618, 0.0 ], [ 106.96197516849719, -6.163863947251673, 0.0 ], [ 106.961968828187892, -6.163795059852941, 0.0 ], [ 106.961962858882828, -6.163726138506568, 0.0 ], [ 106.961954103902059, -6.163646702421702, 0.0 ], [ 106.961945626500693, -6.163567235958691, 0.0 ], [ 106.961937427577169, -6.163487740903848, 0.0 ], [ 106.961929506232892, -6.163408217257191, 0.0 ], [ 106.96192186336657, -6.163328666804866, 0.0 ], [ 106.961914498977833, -6.163249089546952, 0.0 ], [ 106.961909384868946, -6.163162068988468, 0.0 ], [ 106.961904271658256, -6.16307504841568, 0.0 ], [ 106.961897459733507, -6.163036013565394, 0.0 ], [ 106.96188253153008, -6.162962392504425, 0.0 ], [ 106.961867602428427, -6.162888769647106, 0.0 ], [ 106.961852674225014, -6.162815148565717, 0.0 ], [ 106.961848182648524, -6.162763495642416, 0.0 ], [ 106.961826490131116, -6.162699853417965, 0.0 ], [ 106.961776082067303, -6.162655397277059, 0.0 ], [ 106.961724662500345, -6.162637404399647, 0.0 ], [ 106.9616719960719, -6.162623486846911, 0.0 ], [ 106.961609767077292, -6.162573548703398, 0.0 ], [ 106.961583341336492, -6.162498227069599, 0.0 ], [ 106.961567344137833, -6.162437765229416, 0.0 ], [ 106.961551347837641, -6.162377304275412, 0.0 ], [ 106.961535350639139, -6.162316842421478, 0.0 ], [ 106.961509035391174, -6.16223904143696, 0.0 ], [ 106.961482721939831, -6.162161241334172, 0.0 ], [ 106.961456407590234, -6.162083440326826, 0.0 ], [ 106.961433927250283, -6.162014630398827, 0.0 ], [ 106.961411446011908, -6.161945820461964, 0.0 ], [ 106.961388965671958, -6.161877010516126, 0.0 ], [ 106.961366485332022, -6.161808199668195, 0.0 ], [ 106.961339048088334, -6.161743904454469, 0.0 ], [ 106.961308922186859, -6.161680825670016, 0.0 ], [ 106.961276161526783, -6.161619075849253, 0.0 ], [ 106.961237349815008, -6.161550893728615, 0.0 ], [ 106.961195767698783, -6.16148436656171, 0.0 ], [ 106.961151487043452, -6.161419606883073, 0.0 ], [ 106.961104583307588, -6.161356725440986, 0.0 ], [ 106.96108880439958, -6.161336222834705, 0.0 ], [ 106.96103842508181, -6.161273544122531, 0.0 ], [ 106.960985890705714, -6.161212665945799, 0.0 ], [ 106.960931263255006, -6.161153661541714, 0.0 ], [ 106.960874609204922, -6.161096602360952, 0.0 ], [ 106.960808364740899, -6.161036854862536, 0.0 ], [ 106.960741422285892, -6.160977894202083, 0.0 ], [ 106.960673789924854, -6.160919725738775, 0.0 ], [ 106.960624644892206, -6.160879539489161, 0.0 ], [ 106.960575500758011, -6.160839353236471, 0.0 ], [ 106.960518277176092, -6.160795608762158, 0.0 ], [ 106.960461052695933, -6.160751864284142, 0.0 ], [ 106.960392172574842, -6.160706815836662, 0.0 ], [ 106.960323292453765, -6.160661769171662, 0.0 ], [ 106.960254412332802, -6.160616720716522, 0.0 ], [ 106.960185531313428, -6.160571674043781, 0.0 ], [ 106.96011607088073, -6.160531263592767, 0.0 ], [ 106.960046609549636, -6.160490852245676, 0.0 ], [ 106.959977148218641, -6.160450441788536, 0.0 ], [ 106.959919668616863, -6.16041835885209, 0.0 ], [ 106.95986218901507, -6.160386276806858, 0.0 ], [ 106.959784570981242, -6.160348288504737, 0.0 ], [ 106.959706952049103, -6.160310299306753, 0.0 ], [ 106.9596293349137, -6.160272310999134, 0.0 ], [ 106.959551716879872, -6.160234322688845, 0.0 ], [ 106.959474097947705, -6.160196333482727, 0.0 ], [ 106.959396479913906, -6.160158345166976, 0.0 ], [ 106.959327192856122, -6.160124661726945, 0.0 ], [ 106.95925790669655, -6.160090977391741, 0.0 ], [ 106.959188619638667, -6.160057293947497, 0.0 ], [ 106.959119332580769, -6.160023609607912, 0.0 ], [ 106.959047379323152, -6.15998511755537, 0.0 ], [ 106.958984943715933, -6.159932556937959, 0.0 ], [ 106.958934725196627, -6.15986820255044, 0.0 ], [ 106.958884622559964, -6.159810975323264, 0.0 ], [ 106.958834519923286, -6.159753748983096, 0.0 ], [ 106.958784417286594, -6.159696521743632, 0.0 ], [ 106.958734314649959, -6.159639295391071, 0.0 ], [ 106.958682745064479, -6.159583757939761, 0.0 ], [ 106.958631175479013, -6.159528221375778, 0.0 ], [ 106.958629567494683, -6.159526489598009, 0.0 ], [ 106.958604053451893, -6.159502277153969, 0.0 ] ] ] } },
{ "type": "Feature", "properties": { "OBJECTID": 296, "toponimi": "Sal. Phb Baru (Kec. Cakung)", "kewenangan": "Pemprov DKI", "jenis": "Saluran Drainase Tersier", "panjang": "672", "lebar": "0.8", "kedalaman": "1.5", "kota": "Jakarta Timur", "kecamatan": "Cakung", "lebar_min": 0.8, "lebar_max": 0.8, "kedalaman_": 1.5, "kedalaman1": 1.5, "Shape_Leng": 0.66549207201000005 }, "geometry": { "type": "MultiLineString", "coordinates": [ [ [ 106.943485414360609, -6.217829587580353, 0.0 ], [ 106.943473486624498, -6.21775812694418, 0.0 ], [ 106.943459795287424, -6.217603493471468, 0.0 ], [ 106.943457944155284, -6.217496485820642, 0.0 ], [ 106.943448308231041, -6.217387561147552, 0.0 ], [ 106.943437706489107, -6.217280100167375, 0.0 ], [ 106.943415326200849, -6.217142036677603, 0.0 ], [ 106.943394446943344, -6.217015642477667, 0.0 ], [ 106.943388839663044, -6.216944644998756, 0.0 ], [ 106.943388432440557, -6.21683374072698, 0.0 ], [ 106.943367523512109, -6.216831385549018, 0.0 ], [ 106.94315553214372, -6.216813680443058, 0.0 ], [ 106.943118545275041, -6.216801169696047, 0.0 ], [ 106.943031986993802, -6.216790785947665, 0.0 ], [ 106.943013117357538, -6.216772001843767, 0.0 ], [ 106.942899771639944, -6.216741598219969, 0.0 ], [ 106.942908643851013, -6.216701094768472, 0.0 ], [ 106.942920181799408, -6.216647458309128, 0.0 ], [ 106.942600115363632, -6.21655894948791, 0.0 ], [ 106.942621497527284, -6.216458119176289, 0.0 ], [ 106.94266116545721, -6.216274103771217, 0.0 ], [ 106.942767714942391, -6.216301438586293, 0.0 ], [ 106.942887900505397, -6.216336019446969, 0.0 ], [ 106.942989102590275, -6.216363373866998, 0.0 ], [ 106.943025047697361, -6.216356918354048, 0.0 ], [ 106.943133534238484, -6.216382300310992, 0.0 ], [ 106.943244958489032, -6.216413508397188, 0.0 ], [ 106.943282043343871, -6.216219676605882, 0.0 ], [ 106.943304092862505, -6.216124955662281, 0.0 ], [ 106.943330211945394, -6.216036758305252, 0.0 ], [ 106.943330506154467, -6.215941928390798, 0.0 ], [ 106.943330381353547, -6.215897597459687, 0.0 ], [ 106.943336586210322, -6.215392844324446, 0.0 ], [ 106.943336490823242, -6.215389009426207, 0.0 ], [ 106.94333858690544, -6.215382390843502, 0.0 ], [ 106.943344931368543, -6.215372434929852, 0.0 ], [ 106.943357239048566, -6.215365814970592, 0.0 ], [ 106.943367377334241, -6.215361593462159, 0.0 ], [ 106.943393452592275, -6.215359903648048, 0.0 ], [ 106.943572242290429, -6.215361238981743, 0.0 ], [ 106.944300764875834, -6.215369358619351, 0.0 ], [ 106.945368284532123, -6.215393744258148, 0.0 ], [ 106.94542304577493, -6.215393275108278, 0.0 ] ] ] } },
{ "type": "Feature", "properties": { "OBJECTID": 293, "toponimi": "Sal. Phb Sangkuriang", "kewenangan": "Pemprov DKI", "jenis": "Saluran Drainase Tersier", "panjang": "1892", "lebar": "1.2 - 1.5", "kedalaman": "1.5", "kota": "Jakarta Timur", "kecamatan": "Cakung", "lebar_min": 1.2, "lebar_max": 1.5, "kedalaman_": 1.5, "kedalaman1": 1.5, "Shape_Leng": 1.0406284565499999 }, "geometry": { "type": "MultiLineString", "coordinates": [ [ [ 106.964944544554498, -6.187275011332535, 0.0 ], [ 106.964722655339173, -6.187043741709559, 0.0 ], [ 106.964708976982848, -6.186982539349081, 0.0 ], [ 106.964717598854108, -6.186949523965637, 0.0 ], [ 106.964711217154061, -6.186860696865066, 0.0 ], [ 106.96469422122145, -6.186811621755885, 0.0 ], [ 106.964690031708869, -6.186769903865891, 0.0 ], [ 106.964686227091178, -6.186714260462403, 0.0 ], [ 106.964585471799424, -6.186653055682326, 0.0 ], [ 106.964447932729755, -6.186595789609678, 0.0 ], [ 106.964280417126233, -6.186401878829054, 0.0 ], [ 106.964239159449662, -6.186339431331763, 0.0 ], [ 106.964164681612615, -6.186205756679719, 0.0 ], [ 106.964130757936971, -6.186125781313114, 0.0 ], [ 106.964110610997039, -6.186098206539729, 0.0 ], [ 106.964091367282364, -6.186084534436701, 0.0 ], [ 106.964010820681281, -6.186034553327654, 0.0 ], [ 106.963927985519405, -6.185988403213703, 0.0 ], [ 106.963843079074209, -6.185946210769077, 0.0 ], [ 106.963756412636769, -6.185908119498992, 0.0 ], [ 106.963671754316792, -6.185882235224017, 0.0 ], [ 106.963585720373587, -6.18586081596172, 0.0 ], [ 106.963498660772046, -6.185843958965505, 0.0 ], [ 106.963411085299754, -6.185831741007811, 0.0 ], [ 106.963410966008354, -6.185831728791428, 0.0 ], [ 106.963410729222346, -6.185831701639576, 0.0 ], [ 106.963410522254208, -6.18583167618571, 0.0 ], [ 106.963351462173407, -6.185826603708554, 0.0 ], [ 106.963332587274735, -6.185824982811212, 0.0 ], [ 106.963239521462938, -6.185812631422004, 0.0 ], [ 106.963233630247501, -6.18581109000401, 0.0 ], [ 106.963211579366202, -6.185807103953705, 0.0 ], [ 106.963184710253813, -6.185802247882988, 0.0 ], [ 106.963153451508489, -6.185799811144562, 0.0 ], [ 106.963131170435801, -6.185798074447532, 0.0 ], [ 106.963098823765478, -6.185798995952195, 0.0 ], [ 106.963077350851464, -6.185799607839661, 0.0 ], [ 106.963019960494321, -6.185802934604955, 0.0 ], [ 106.963009277591567, -6.185803554525343, 0.0 ], [ 106.962904548447611, -6.185809625711182, 0.0 ], [ 106.962777708352661, -6.185816979243568, 0.0 ], [ 106.962484538801561, -6.185839572177705, 0.0 ], [ 106.962484375321779, -6.185839580918716, 0.0 ], [ 106.962460575252891, -6.185840428311334, 0.0 ], [ 106.96241566864029, -6.185842026346692, 0.0 ], [ 106.96241530366585, -6.185842024078832, 0.0 ], [ 106.962367047805088, -6.185839837248264, 0.0 ], [ 106.96233044722014, -6.185836875023808, 0.0 ], [ 106.962278055499041, -6.185830231766804, 0.0 ], [ 106.962277793365402, -6.18583019024244, 0.0 ], [ 106.962277411813361, -6.185830102145892, 0.0 ], [ 106.96225009166065, -6.18582248565346, 0.0 ], [ 106.962204689800132, -6.185809827776173, 0.0 ], [ 106.962204505306019, -6.185809772403255, 0.0 ], [ 106.96213278451016, -6.185786141904059, 0.0 ], [ 106.962132587312283, -6.185786071208383, 0.0 ], [ 106.962062054052552, -6.185759144466168, 0.0 ], [ 106.962061440494566, -6.185758855611232, 0.0 ], [ 106.962060877201736, -6.185758478872589, 0.0 ], [ 106.962017357357567, -6.185724339736036, 0.0 ], [ 106.962017277624284, -6.18572427583922, 0.0 ], [ 106.962017108150775, -6.185724129096348, 0.0 ], [ 106.961976157066516, -6.185686925496328, 0.0 ], [ 106.96182238814562, -6.185545623250583, 0.0 ], [ 106.961784742326628, -6.18551154104447, 0.0 ], [ 106.961743117589265, -6.185482975910673, 0.0 ], [ 106.961697935879016, -6.185460191192783, 0.0 ], [ 106.961343794862628, -6.185316788986485, 0.0 ], [ 106.961097927598814, -6.185221610392459, 0.0 ], [ 106.960687452433817, -6.184979551743144, 0.0 ], [ 106.960608286573972, -6.185010224606855, 0.0 ], [ 106.960503660453725, -6.185027833992637, 0.0 ], [ 106.960295911475086, -6.185081706086069, 0.0 ], [ 106.959795981700935, -6.18523855979984, 0.0 ], [ 106.959535022331593, -6.185252439572944, 0.0 ], [ 106.959483474054423, -6.185274159216521, 0.0 ], [ 106.959470910328847, -6.18536749842943, 0.0 ], [ 106.95915951465291, -6.185315541775569, 0.0 ], [ 106.958974277488736, -6.185251637486473, 0.0 ], [ 106.958902403383973, -6.185205973982532, 0.0 ], [ 106.958984619308524, -6.184944451931087, 0.0 ], [ 106.958999033213999, -6.18488201274508, 0.0 ], [ 106.9590113325023, -6.184738173845889, 0.0 ], [ 106.959004421322945, -6.184603392608152, 0.0 ], [ 106.959016786807211, -6.184477527997344, 0.0 ], [ 106.959039591821565, -6.184399769436973, 0.0 ], [ 106.95911666311045, -6.184253124011247, 0.0 ], [ 106.959174714807801, -6.184166890568338, 0.0 ], [ 106.959257576007545, -6.18402471719695, 0.0 ], [ 106.959284319150242, -6.183971337798889, 0.0 ], [ 106.959312238705365, -6.183889066975843, 0.0 ], [ 106.959346327246976, -6.183740012417863, 0.0 ], [ 106.959382421774762, -6.183613417494847, 0.0 ], [ 106.959397591504313, -6.183552377801668, 0.0 ], [ 106.959401260209873, -6.183503576912522, 0.0 ], [ 106.959440081014307, -6.183420623976241, 0.0 ], [ 106.959486736490319, -6.18337487503063, 0.0 ], [ 106.959527663449322, -6.18334134269353, 0.0 ], [ 106.959535111942643, -6.183273912329314, 0.0 ], [ 106.959539403092037, -6.18320990660929, 0.0 ] ] ] } },
{ "type": "Feature", "properties": { "OBJECTID": 290, "toponimi": "Sal. Phb Pasar Cakung", "kewenangan": "Pemprov DKI", "jenis": "Saluran Drainase Tersier", "panjang": "700", "lebar": "2", "kedalaman": "1.5", "kota": "Jakarta Timur", "kecamatan": "Cakung", "lebar_min": 2.0, "lebar_max": 2.0, "kedalaman_": 1.5, "kedalaman1": 1.5, "Shape_Leng": 0.59509432844 }, "geometry": { "type": "MultiLineString", "coordinates": [ [ [ 106.933260562150508, -6.182909944398643, 0.0 ], [ 106.933268850898472, -6.182978618291211, 0.0 ], [ 106.933279025324723, -6.183055331082131, 0.0 ], [ 106.933311194713127, -6.183231781356508, 0.0 ], [ 106.933402714846764, -6.183230337171342, 0.0 ], [ 106.933469768901773, -6.183229278554278, 0.0 ], [ 106.933531357088114, -6.183236082152146, 0.0 ], [ 106.9336564661442, -6.183251520365963, 0.0 ], [ 106.93378507248535, -6.183267028998255, 0.0 ], [ 106.933947782747168, -6.183282529189608, 0.0 ], [ 106.934085709857683, -6.183285741248389, 0.0 ], [ 106.934269413431835, -6.183291880517329, 0.0 ], [ 106.934405533126977, -6.183308096686619, 0.0 ], [ 106.934558975555277, -6.183326106805046, 0.0 ], [ 106.93476192263465, -6.183351983264759, 0.0 ], [ 106.934763057962016, -6.183430934923876, 0.0 ], [ 106.934747372333291, -6.183850097232465, 0.0 ], [ 106.93457092641259, -6.18423157003375, 0.0 ], [ 106.935149024800225, -6.18440169998313, 0.0 ], [ 106.934831039394936, -6.185298480102236, 0.0 ], [ 106.934730473759871, -6.185513183158077, 0.0 ], [ 106.934631230454684, -6.186091488157071, 0.0 ], [ 106.93466406497916, -6.186181313899787, 0.0 ], [ 106.934769801716058, -6.186291226660681, 0.0 ] ] ] } },
{ "type": "Feature", "properties": { "OBJECTID": 291, "toponimi": "Sal. Phb RW 03", "kewenangan": "Pemprov DKI", "jenis": "Saluran Drainase Tersier", "panjang": "1560", "lebar": "1.2 - 1.5", "kedalaman": "1.5", "kota": "Jakarta Timur", "kecamatan": "Cakung", "lebar_min": 1.2, "lebar_max": 1.5, "kedalaman_": 1.5, "kedalaman1": 1.5, "Shape_Leng": 1.6033226334499999 }, "geometry": { "type": "MultiLineString", "coordinates": [ [ [ 106.938105965104739, -6.183253585127553, 0.0 ], [ 106.938697642818823, -6.183477245041612, 0.0 ], [ 106.939390770019756, -6.183729239511504, 0.0 ], [ 106.939921099453173, -6.183909106594587, 0.0 ], [ 106.9415054438971, -6.18419994468285, 0.0 ], [ 106.942563555868674, -6.184385533786079, 0.0 ], [ 106.942686171247885, -6.18445015181021, 0.0 ], [ 106.942738113700997, -6.184536078767128, 0.0 ], [ 106.942738637775705, -6.184679605948224, 0.0 ], [ 106.942770891081494, -6.185657395486304, 0.0 ], [ 106.942824347154186, -6.186681035494413, 0.0 ], [ 106.942816778990178, -6.187226472060277, 0.0 ], [ 106.942791196634715, -6.187551896798721, 0.0 ], [ 106.942662673115507, -6.187963815126311, 0.0 ], [ 106.942544530959623, -6.188077156851888, 0.0 ], [ 106.942432055329959, -6.188171339534677, 0.0 ], [ 106.942363762735809, -6.188320859636203, 0.0 ], [ 106.942314354371703, -6.18840524332089, 0.0 ], [ 106.942044563670791, -6.188358388185514, 0.0 ], [ 106.94196601848995, -6.188318486697065, 0.0 ], [ 106.941933413263826, -6.18829181432739, 0.0 ], [ 106.941875887620796, -6.188248009718355, 0.0 ], [ 106.941782177333749, -6.188244524456174, 0.0 ], [ 106.941715398662907, -6.188284956613054, 0.0 ], [ 106.941661456635217, -6.188308893250936, 0.0 ], [ 106.941630751898813, -6.188311094054752, 0.0 ], [ 106.941615337202762, -6.188308608963667, 0.0 ], [ 106.941503815588661, -6.188282873425946, 0.0 ], [ 106.941362538222023, -6.188243121680649, 0.0 ], [ 106.941266160433585, -6.188215950123076, 0.0 ], [ 106.941100284170261, -6.188178088337318, 0.0 ], [ 106.940805711316699, -6.188097265079017, 0.0 ], [ 106.940559044287781, -6.188005924350119, 0.0 ], [ 106.94044646832532, -6.187963317088263, 0.0 ], [ 106.940282231129828, -6.187921312683217, 0.0 ], [ 106.939910780013108, -6.187855526772544, 0.0 ], [ 106.939665949859545, -6.187798645548431, 0.0 ], [ 106.939472288708444, -6.187735238521936, 0.0 ], [ 106.939417700324185, -6.187715247202015, 0.0 ], [ 106.939186688091468, -6.187544022277514, 0.0 ], [ 106.938615138911416, -6.187073421846875, 0.0 ], [ 106.938210457826656, -6.186741911987252, 0.0 ], [ 106.938101262353712, -6.186686812219238, 0.0 ], [ 106.938051573431352, -6.186694648726721, 0.0 ], [ 106.93780175589032, -6.186881191030058, 0.0 ], [ 106.937477765029286, -6.187156331654786, 0.0 ] ] ] } },
{ "type": "Feature", "properties": { "OBJECTID": 295, "toponimi": "Sal. Phb Sentra Primer (Kec. Cakung)", "kewenangan": "Pemprov DKI", "jenis": "Saluran Drainase Tersier", "panjang": "3420", "lebar": "8 - 10", "kedalaman": "1.5", "kota": "Jakarta Timur", "kecamatan": "Cakung", "lebar_min": 8.0, "lebar_max": 10.0, "kedalaman_": 1.5, "kedalaman1": 1.5, "Shape_Leng": 2.6989531387099999 }, "geometry": { "type": "MultiLineString", "coordinates": [ [ [ 106.945192461359042, -6.212280152500076, 0.0 ], [ 106.94525793735373, -6.212281247048947, 0.0 ], [ 106.945323412439393, -6.212282340688828, 0.0 ], [ 106.945372591319284, -6.212281949135784, 0.0 ], [ 106.945421771104506, -6.212281558479013, 0.0 ], [ 106.945495387197425, -6.212280973050289, 0.0 ], [ 106.94556900328719, -6.212280387611361, 0.0 ], [ 106.945654286687997, -6.212279159813204, 0.0 ], [ 106.945715294023003, -6.212265429742935, 0.0 ], [ 106.945793177803338, -6.212244398350058, 0.0 ], [ 106.94587106157411, -6.212223366947637, 0.0 ], [ 106.945950256972381, -6.212202048626712, 0.0 ], [ 106.945988211667881, -6.212186689152456, 0.0 ], [ 106.945993534225408, -6.212182623666827, 0.0 ], [ 106.946019946065874, -6.212147929733089, 0.0 ], [ 106.946045364869462, -6.212114667949908, 0.0 ], [ 106.946054184015821, -6.212107486685752, 0.0 ], [ 106.946119189582731, -6.212076209326425, 0.0 ], [ 106.946184195136738, -6.212044931057419, 0.0 ], [ 106.946249200684491, -6.212013653686897, 0.0 ], [ 106.946314206222596, -6.21198237631071, 0.0 ], [ 106.946330040970608, -6.211961791987052, 0.0 ], [ 106.946345901245991, -6.211879066151336, 0.0 ], [ 106.946361761520308, -6.2117963403164, 0.0 ], [ 106.946377621796913, -6.211713615386422, 0.0 ], [ 106.946393482069055, -6.211630889553197, 0.0 ], [ 106.946409342340104, -6.211548163720782, 0.0 ], [ 106.946425202610172, -6.21146543788923, 0.0 ], [ 106.946441063785812, -6.211382712959232, 0.0 ], [ 106.946456924053706, -6.211299987129273, 0.0 ], [ 106.946472784320562, -6.211217261300176, 0.0 ], [ 106.94648864458631, -6.211134535471944, 0.0 ], [ 106.946504504854232, -6.211051810548605, 0.0 ], [ 106.946520365117777, -6.210969084722015, 0.0 ], [ 106.946536225380299, -6.210886358896254, 0.0 ], [ 106.946547147599006, -6.210807353579752, 0.0 ], [ 106.946553291483269, -6.21072783422884, 0.0 ], [ 106.946554635506232, -6.210648088429773, 0.0 ], [ 106.946551174409223, -6.210568405516993, 0.0 ], [ 106.946542921011499, -6.210489077470846, 0.0 ], [ 106.9465299052777, -6.210410390783549, 0.0 ], [ 106.946513029424253, -6.210339637412926, 0.0 ], [ 106.946496153581435, -6.210268884944342, 0.0 ], [ 106.946479276838986, -6.21019813157276, 0.0 ], [ 106.946462401010734, -6.210127379099958, 0.0 ], [ 106.946445525186377, -6.210056625720831, 0.0 ], [ 106.946436875687041, -6.210007917774899, 0.0 ], [ 106.946428226190449, -6.209959209828344, 0.0 ], [ 106.946435529843583, -6.209903468870851, 0.0 ], [ 106.94647352872289, -6.209862063598218, 0.0 ], [ 106.946545312191645, -6.209820877590294, 0.0 ], [ 106.946617182940045, -6.209779844953812, 0.0 ], [ 106.946689140064692, -6.209738965692216, 0.0 ], [ 106.946761184465601, -6.209698238897851, 0.0 ], [ 106.946833316149409, -6.209657666379069, 0.0 ], [ 106.94690553330615, -6.209617247238132, 0.0 ], [ 106.946977835939023, -6.209576982379297, 0.0 ], [ 106.947050224044759, -6.209536870898349, 0.0 ], [ 106.947120198211309, -6.209495540510705, 0.0 ], [ 106.947190172368408, -6.209454211021201, 0.0 ], [ 106.947260146509208, -6.209412880621693, 0.0 ], [ 106.947330120640743, -6.209371551120459, 0.0 ], [ 106.947400093852593, -6.209330220712478, 0.0 ], [ 106.947470067958406, -6.209288891199397, 0.0 ], [ 106.94754004204809, -6.209247560776293, 0.0 ], [ 106.947610016128209, -6.2092062312514, 0.0 ], [ 106.947679990192285, -6.209164900816436, 0.0 ], [ 106.947691731270041, -6.209149937954657, 0.0 ], [ 106.947717824884123, -6.209063626761531, 0.0 ], [ 106.947743919397027, -6.208977315566219, 0.0 ], [ 106.947770013002156, -6.20889100437534, 0.0 ], [ 106.947796106602638, -6.208804693185519, 0.0 ], [ 106.947842289712284, -6.208747136538296, 0.0 ], [ 106.947903637727947, -6.208712677450245, 0.0 ], [ 106.947964985734032, -6.208678218357549, 0.0 ], [ 106.94802633282724, -6.20864375926343, 0.0 ], [ 106.948087680814297, -6.208609300161459, 0.0 ], [ 106.948156159839684, -6.208572217291215, 0.0 ], [ 106.94822486626262, -6.208535556701717, 0.0 ], [ 106.948293795569697, -6.208499319313686, 0.0 ], [ 106.948362945957228, -6.208463506037664, 0.0 ], [ 106.948432314718303, -6.208428117787708, 0.0 ], [ 106.948501900056442, -6.20839315728252, 0.0 ], [ 106.948547331106283, -6.208370415260091, 0.0 ], [ 106.948592687529342, -6.208347526139701, 0.0 ], [ 106.948621221558412, -6.208330622693905, 0.0 ], [ 106.948648229262986, -6.2082914864547, 0.0 ], [ 106.948677898512756, -6.20825433036255, 0.0 ], [ 106.949194885266081, -6.20796467428266, 0.0 ], [ 106.949266772768325, -6.207926374488664, 0.0 ], [ 106.949338660257894, -6.207888074688111, 0.0 ], [ 106.949410547734928, -6.207849774880958, 0.0 ], [ 106.949482435199258, -6.207811475067219, 0.0 ], [ 106.949554321750952, -6.207773176154333, 0.0 ], [ 106.949626209190086, -6.207734876327523, 0.0 ], [ 106.949698096616785, -6.207696576494092, 0.0 ], [ 106.949769984030823, -6.207658276654074, 0.0 ], [ 106.949827486973575, -6.207627802436056, 0.0 ], [ 106.949884989908384, -6.207597328213791, 0.0 ], [ 106.949959180452623, -6.207557399705941, 0.0 ], [ 106.95003337098349, -6.207517471191079, 0.0 ], [ 106.950107561497575, -6.207477541765194, 0.0 ], [ 106.950181752001427, -6.207437613236441, 0.0 ], [ 106.950255941588367, -6.207397684704075, 0.0 ], [ 106.95033013206519, -6.207357756161386, 0.0 ], [ 106.950404322528613, -6.207317827611768, 0.0 ], [ 106.950478512975138, -6.207277898151061, 0.0 ], [ 106.950552703411432, -6.207237969587539, 0.0 ], [ 106.950626893834325, -6.20719804101699, 0.0 ], [ 106.950706365868427, -6.20715988763219, 0.0 ], [ 106.950785837888162, -6.207121734238917, 0.0 ], [ 106.950865310797042, -6.207083580834092, 0.0 ], [ 106.950944782788184, -6.207045427424022, 0.0 ], [ 106.95102425476162, -6.207007273101435, 0.0 ], [ 106.951103726724071, -6.206969119674635, 0.0 ], [ 106.951183198672126, -6.206930966239417, 0.0 ], [ 106.95126267150934, -6.206892812792479, 0.0 ], [ 106.951342143428846, -6.206854659340364, 0.0 ], [ 106.95142161533397, -6.206816505879911, 0.0 ], [ 106.951464699659198, -6.206783396778764, 0.0 ], [ 106.951498614125683, -6.206740931402917, 0.0 ], [ 106.95152664123124, -6.206671783055094, 0.0 ], [ 106.95155466833171, -6.206602634707942, 0.0 ], [ 106.951582694527119, -6.206533487268891, 0.0 ], [ 106.951610721617669, -6.206464338922951, 0.0 ], [ 106.951605609187979, -6.206424345511288, 0.0 ], [ 106.951562668114619, -6.206353523104508, 0.0 ], [ 106.95151972705446, -6.206282700690465, 0.0 ], [ 106.951476786911229, -6.206211878265795, 0.0 ], [ 106.951433845877915, -6.206141055837277, 0.0 ], [ 106.951390904857817, -6.206070233401395, 0.0 ], [ 106.951341498849104, -6.206000606514004, 0.0 ], [ 106.951292091951515, -6.205930979621103, 0.0 ], [ 106.951242685971636, -6.205861352715946, 0.0 ], [ 106.951201185249218, -6.205796718994836, 0.0 ], [ 106.951159684541651, -6.205732086171213, 0.0 ], [ 106.95112277784925, -6.205667973451626, 0.0 ], [ 106.95108587116745, -6.205603860726482, 0.0 ], [ 106.951048964499563, -6.205539748899915, 0.0 ], [ 106.951012057838795, -6.205475636163803, 0.0 ], [ 106.950973377439439, -6.205404557464665, 0.0 ], [ 106.950934696149119, -6.205333478762683, 0.0 ], [ 106.950896015774731, -6.205262400051094, 0.0 ], [ 106.950856167015374, -6.205189773281933, 0.0 ], [ 106.950816318265851, -6.205117145602044, 0.0 ], [ 106.950776468629314, -6.205044518823004, 0.0 ], [ 106.950736619909307, -6.204971892034022, 0.0 ], [ 106.950699806729958, -6.204904923727708, 0.0 ], [ 106.95066299265828, -6.204837955419068, 0.0 ], [ 106.950626179501114, -6.204770987101515, 0.0 ], [ 106.950589365451734, -6.204704018781669, 0.0 ], [ 106.950552552316907, -6.204637050452843, 0.0 ], [ 106.950515738289823, -6.204570082121657, 0.0 ], [ 106.950484458855158, -6.204513248361056, 0.0 ], [ 106.950442604983422, -6.204447347350726, 0.0 ], [ 106.950400752023754, -6.204381445426232, 0.0 ], [ 106.950358898175821, -6.2043155444024, 0.0 ], [ 106.950317044339926, -6.204249643371891, 0.0 ], [ 106.950275309238762, -6.20418408997971, 0.0 ], [ 106.950233573242784, -6.204118535680164, 0.0 ], [ 106.950191838165395, -6.204052982274657, 0.0 ], [ 106.950150102196346, -6.203987428865832, 0.0 ], [ 106.950110856564478, -6.203924715130917, 0.0 ], [ 106.950071611849907, -6.203862002290794, 0.0 ], [ 106.950032366239512, -6.203799288543926, 0.0 ], [ 106.950011623172344, -6.20376423843459, 0.0 ], [ 106.949972241130681, -6.203697830082588, 0.0 ], [ 106.949932860003969, -6.20363142172103, 0.0 ], [ 106.949893477988724, -6.203565014260733, 0.0 ], [ 106.949854095981649, -6.20349860589011, 0.0 ], [ 106.949806639491214, -6.203424894001456, 0.0 ], [ 106.949759183012461, -6.203351181200122, 0.0 ], [ 106.949711726552223, -6.203277469294333, 0.0 ], [ 106.949664269203495, -6.203203757383236, 0.0 ], [ 106.949616812770003, -6.203130044556203, 0.0 ], [ 106.949569356354829, -6.203056332624664, 0.0 ], [ 106.949530019333096, -6.20299427371438, 0.0 ], [ 106.949490681421807, -6.202932215705589, 0.0 ], [ 106.949451344421291, -6.20287015678348, 0.0 ], [ 106.949412006531105, -6.202808098762849, 0.0 ], [ 106.949384108966413, -6.202755968258828, 0.0 ], [ 106.949352757803368, -6.202705847642116, 0.0 ], [ 106.949317865940301, -6.202658126904053, 0.0 ], [ 106.94927432932613, -6.202586321728512, 0.0 ], [ 106.949239428887267, -6.202552735877677, 0.0 ], [ 106.949208373206289, -6.202518852888267, 0.0 ], [ 106.949168734695348, -6.202453640591907, 0.0 ], [ 106.949129096195747, -6.202388428289324, 0.0 ], [ 106.949089457707586, -6.202323215980565, 0.0 ], [ 106.949048177140156, -6.202253910469518, 0.0 ], [ 106.949006896582034, -6.202184604047571, 0.0 ], [ 106.9489656160398, -6.202115298522998, 0.0 ], [ 106.948924334606744, -6.202045992994928, 0.0 ], [ 106.94888305408648, -6.201976686552718, 0.0 ], [ 106.948841773582117, -6.201907381007766, 0.0 ], [ 106.948803276770619, -6.201841588535823, 0.0 ], [ 106.948764779970276, -6.201775796057884, 0.0 ], [ 106.948726284084685, -6.201710003570724, 0.0 ], [ 106.948687787306937, -6.201644211080891, 0.0 ], [ 106.948649290540388, -6.201578418585165, 0.0 ], [ 106.948610793785122, -6.20151262608339, 0.0 ], [ 106.948565328696105, -6.201434697104277, 0.0 ], [ 106.948519864529587, -6.201356769017634, 0.0 ], [ 106.94847439947209, -6.201278840021875, 0.0 ], [ 106.948428934433579, -6.201200911921993, 0.0 ], [ 106.948383470310944, -6.201122982906299, 0.0 ], [ 106.948338005303881, -6.201045054789721, 0.0 ], [ 106.948292540309268, -6.200967125760773, 0.0 ], [ 106.94824707623718, -6.200889197624329, 0.0 ], [ 106.948201611273916, -6.200811268578736, 0.0 ], [ 106.948159632666304, -6.200740985432541, 0.0 ], [ 106.948117654068213, -6.200670701375195, 0.0 ], [ 106.948075676390033, -6.200600418211668, 0.0 ], [ 106.948033697821231, -6.20053013504454, 0.0 ], [ 106.947989995507086, -6.200458116889104, 0.0 ], [ 106.947946293203273, -6.200386097822028, 0.0 ], [ 106.947902590916641, -6.200314079651657, 0.0 ], [ 106.947858888640496, -6.200242060569598, 0.0 ], [ 106.94781518638159, -6.200170042384126, 0.0 ], [ 106.947771484133071, -6.2000980232871, 0.0 ], [ 106.947727781901563, -6.200026005086646, 0.0 ], [ 106.947696349559848, -6.199969172443058, 0.0 ], [ 106.947668414959196, -6.199910539511031, 0.0 ], [ 106.947644080069438, -6.199850321095172, 0.0 ], [ 106.947619137439432, -6.199785493036843, 0.0 ], [ 106.947594194814073, -6.199720664071168, 0.0 ], [ 106.947569251296997, -6.199655836009661, 0.0 ], [ 106.947544308691448, -6.199591007941633, 0.0 ], [ 106.947513846024307, -6.199507408195979, 0.0 ], [ 106.947483383373552, -6.199423809349403, 0.0 ], [ 106.94745291982926, -6.199340209597022, 0.0 ], [ 106.947422457204965, -6.199256610740429, 0.0 ], [ 106.947391994590404, -6.199173010974647, 0.0 ], [ 106.947361531989145, -6.19908941120404, 0.0 ], [ 106.947331069404271, -6.199005812332409, 0.0 ], [ 106.94730060592596, -6.198922212554992, 0.0 ], [ 106.947270143367376, -6.198838613673378, 0.0 ], [ 106.947239680818825, -6.198755013882628, 0.0 ], [ 106.947210013537102, -6.198674438131623, 0.0 ], [ 106.947180347167802, -6.198593861468454, 0.0 ], [ 106.947150679910834, -6.198513285708019, 0.0 ], [ 106.947121012666159, -6.198432709942872, 0.0 ], [ 106.947091345430394, -6.198352133268878, 0.0 ], [ 106.947061679113688, -6.198271557490947, 0.0 ], [ 106.947032011902678, -6.198190980807575, 0.0 ], [ 106.947002344707357, -6.198110405023536, 0.0 ], [ 106.946972677524172, -6.198029829234819, 0.0 ], [ 106.946943011253452, -6.197949252533902, 0.0 ], [ 106.946913344095037, -6.197868676735756, 0.0 ], [ 106.946883676948914, -6.197788100932894, 0.0 ], [ 106.94685400981173, -6.197707524221205, 0.0 ], [ 106.946824343593605, -6.197626948405584, 0.0 ], [ 106.946794676481133, -6.197546371684485, 0.0 ], [ 106.946765009384237, -6.19746579586272, 0.0 ], [ 106.946735342299675, -6.197385220036325, 0.0 ], [ 106.946705676127493, -6.197304643297734, 0.0 ], [ 106.946676009067616, -6.197224067461846, 0.0 ], [ 106.946649605736226, -6.197142670456726, 0.0 ], [ 106.946623201513177, -6.197061273450821, 0.0 ], [ 106.946596798208304, -6.196979877341557, 0.0 ], [ 106.946570394008404, -6.19689848032756, 0.0 ], [ 106.946545697631819, -6.196818662851966, 0.0 ], [ 106.94652145155716, -6.196738706294295, 0.0 ], [ 106.946497655800584, -6.196658615175326, 0.0 ], [ 106.946474312172285, -6.196578390392575, 0.0 ], [ 106.946457936445512, -6.19650356198723, 0.0 ], [ 106.946449905068022, -6.19642738203849, 0.0 ], [ 106.946438656425343, -6.196360503653514, 0.0 ], [ 106.946425137262807, -6.196294046781698, 0.0 ], [ 106.946407028261163, -6.196218324236136, 0.0 ], [ 106.946388918364647, -6.196142601691466, 0.0 ], [ 106.946370809376447, -6.196066878236993, 0.0 ], [ 106.946352700399885, -6.195991155684144, 0.0 ], [ 106.946334590528352, -6.195915433132119, 0.0 ], [ 106.946316481568573, -6.195839710574405, 0.0 ], [ 106.946297389709073, -6.195761522491033, 0.0 ], [ 106.946278297861838, -6.195683335309075, 0.0 ], [ 106.946259206923756, -6.195605147217074, 0.0 ], [ 106.946240115091243, -6.195526959125687, 0.0 ], [ 106.946221023271164, -6.1954487719357, 0.0 ], [ 106.946201931456727, -6.195370583838998, 0.0 ], [ 106.946182840554599, -6.19529239573628, 0.0 ], [ 106.946163748761549, -6.195214208538278, 0.0 ], [ 106.946144656974155, -6.195136020433561, 0.0 ], [ 106.946124349164009, -6.19505239493555, 0.0 ], [ 106.946104040464121, -6.194968770341873, 0.0 ], [ 106.946083732674623, -6.19488514483775, 0.0 ], [ 106.946063424898597, -6.194801520234716, 0.0 ], [ 106.946043116226264, -6.194717894727849, 0.0 ], [ 106.946022808467603, -6.194634269214622, 0.0 ], [ 106.9460025007224, -6.194550644602479, 0.0 ], [ 106.94598219298426, -6.194467019083209, 0.0 ], [ 106.945961884352897, -6.194383393564223, 0.0 ], [ 106.945941576638674, -6.194299768942973, 0.0 ], [ 106.945921268931315, -6.19421614341463, 0.0 ], [ 106.945900960334214, -6.194132518790654, 0.0 ], [ 106.945880652647404, -6.194048893256201, 0.0 ], [ 106.945858866211807, -6.193964312071971, 0.0 ], [ 106.945837078883699, -6.193879730887699, 0.0 ], [ 106.945815291566461, -6.193795149700137, 0.0 ], [ 106.945793505163579, -6.193710568505887, 0.0 ], [ 106.945771522393159, -6.193623921226949, 0.0 ], [ 106.945755877358209, -6.193569929852233, 0.0 ], [ 106.94573212370419, -6.193518987051692, 0.0 ], [ 106.945705674991586, -6.193478593376708, 0.0 ], [ 106.945674123518586, -6.193442052758096, 0.0 ] ] ] } },
{ "type": "Feature", "properties": { "OBJECTID": 287, "toponimi": "Sal. Phb PIK", "kewenangan": "Pemprov DKI", "jenis": "Saluran Drainase Tersier", "panjang": "3099", "lebar": "6", "kedalaman": "2.5", "kota": "Jakarta Timur", "kecamatan": "Cakung", "lebar_min": 6.0, "lebar_max": 6.0, "kedalaman_": 2.5, "kedalaman1": 2.5, "Shape_Leng": 2.2156431057199999 }, "geometry": { "type": "MultiLineString", "coordinates": [ [ [ 106.935973141890997, -6.215923082329765, 0.0 ], [ 106.935967571688295, -6.215882939132314, 0.0 ], [ 106.935679055506554, -6.215887251511161, 0.0 ], [ 106.935525580912682, -6.215890527688289, 0.0 ], [ 106.935347137024749, -6.215887924453972, 0.0 ], [ 106.935241005466224, -6.215875806381894, 0.0 ], [ 106.935254725751349, -6.215774385579167, 0.0 ], [ 106.935263420220139, -6.215686325241159, 0.0 ], [ 106.935274392244636, -6.215572306582003, 0.0 ], [ 106.935308634833433, -6.215444090355844, 0.0 ], [ 106.935324365096434, -6.215296403022829, 0.0 ], [ 106.935338192087727, -6.215221452589059, 0.0 ], [ 106.935362208878743, -6.215004104307284, 0.0 ], [ 106.935441102231337, -6.214614852359333, 0.0 ], [ 106.935430537733978, -6.214471361470792, 0.0 ], [ 106.935381436445212, -6.213986413425129, 0.0 ], [ 106.935347059358762, -6.2136061878301, 0.0 ], [ 106.93530637732546, -6.213462808055573, 0.0 ], [ 106.935214700810505, -6.21310145039461, 0.0 ], [ 106.935124668903811, -6.212797498134593, 0.0 ], [ 106.93508143330466, -6.21274024486388, 0.0 ], [ 106.934939038595843, -6.212628813493468, 0.0 ], [ 106.934864151135784, -6.212544405092115, 0.0 ], [ 106.934760197095258, -6.212355327491856, 0.0 ], [ 106.934727105333977, -6.21232674280494, 0.0 ], [ 106.934626654106694, -6.212311321655949, 0.0 ], [ 106.934435874430491, -6.212303407774485, 0.0 ], [ 106.934242310212269, -6.212318468609284, 0.0 ], [ 106.933990070224468, -6.212368190857351, 0.0 ], [ 106.933846676078446, -6.212375892102431, 0.0 ], [ 106.933698964062444, -6.212379302780858, 0.0 ], [ 106.933598685705235, -6.212411245761627, 0.0 ], [ 106.933465409914319, -6.212440438787131, 0.0 ], [ 106.933304863885311, -6.21246399031994, 0.0 ], [ 106.933199523231494, -6.212471360616352, 0.0 ], [ 106.933154990287093, -6.212451429360991, 0.0 ], [ 106.933076878478843, -6.212269432767346, 0.0 ], [ 106.93283027204717, -6.211767024599673, 0.0 ], [ 106.932691583114149, -6.211491955903563, 0.0 ], [ 106.932577929428618, -6.211264638026371, 0.0 ], [ 106.932508431973432, -6.211085002054205, 0.0 ], [ 106.932381579965963, -6.210909402711626, 0.0 ], [ 106.93221618403048, -6.210429938487481, 0.0 ], [ 106.932207291384074, -6.210376898256393, 0.0 ], [ 106.932204119721334, -6.210334869194235, 0.0 ], [ 106.932203244450008, -6.210323269827223, 0.0 ], [ 106.932204077359046, -6.210269494286194, 0.0 ], [ 106.932209781794469, -6.210216016490776, 0.0 ], [ 106.932220311481842, -6.210163277820552, 0.0 ], [ 106.932226115439789, -6.210090020242984, 0.0 ], [ 106.932224875389736, -6.210016542471113, 0.0 ], [ 106.932195722189874, -6.209713004969665, 0.0 ], [ 106.932186986769239, -6.209653768228314, 0.0 ], [ 106.932182643907709, -6.209594047111361, 0.0 ], [ 106.932182715576246, -6.20953416883034, 0.0 ], [ 106.932187202960193, -6.209474458864404, 0.0 ], [ 106.93219487905975, -6.209417111471815, 0.0 ], [ 106.93219548029397, -6.209359255580377, 0.0 ], [ 106.932188998992203, -6.209301760076232, 0.0 ], [ 106.932175532277327, -6.209245492558331, 0.0 ], [ 106.931909112670226, -6.208333337145715, 0.0 ], [ 106.931885513573249, -6.208252164643676, 0.0 ], [ 106.931861914490398, -6.208170993042125, 0.0 ], [ 106.931838315415035, -6.208089820532956, 0.0 ], [ 106.931826423093057, -6.208030468708759, 0.0 ], [ 106.931814531675826, -6.207971115976007, 0.0 ], [ 106.931802639363028, -6.20791176414934, 0.0 ], [ 106.931786436872287, -6.207830131559231, 0.0 ], [ 106.931770235297051, -6.207748499867666, 0.0 ], [ 106.931756163174484, -6.207678532586486, 0.0 ], [ 106.931742091961667, -6.207608565300425, 0.0 ], [ 106.931728019851889, -6.207538598015842, 0.0 ], [ 106.931706566057997, -6.207454326469125, 0.0 ], [ 106.931690579936529, -6.207399082522659, 0.0 ], [ 106.931674592916551, -6.207343838577896, 0.0 ], [ 106.931655796965345, -6.207290534274218, 0.0 ], [ 106.931642882294568, -6.207257042180077, 0.0 ], [ 106.931630803735345, -6.20722614818632, 0.0 ], [ 106.931622992611182, -6.207193907754052, 0.0 ], [ 106.931615004190732, -6.207147473288035, 0.0 ], [ 106.931601933836276, -6.207059103497022, 0.0 ], [ 106.931588864397256, -6.206970734604879, 0.0 ], [ 106.931575794060407, -6.206882364809993, 0.0 ], [ 106.931565890527452, -6.20681663075424, 0.0 ], [ 106.93155598609269, -6.206750895796626, 0.0 ], [ 106.931546082569596, -6.206685161738669, 0.0 ], [ 106.93154117754915, -6.206624828734802, 0.0 ], [ 106.931536273435228, -6.2065644957271, 0.0 ], [ 106.931531368421162, -6.206504162722207, 0.0 ], [ 106.931526645741712, -6.206446017021557, 0.0 ], [ 106.931523698991256, -6.206434181995473, 0.0 ], [ 106.931518944869609, -6.206422952091357, 0.0 ], [ 106.931512498206288, -6.206412600838384, 0.0 ], [ 106.931504517125077, -6.20640338262136, 0.0 ], [ 106.931495197585008, -6.206395521850929, 0.0 ], [ 106.931484767056233, -6.206389212987193, 0.0 ], [ 106.931467754602281, -6.206388492995896, 0.0 ], [ 106.931451087113771, -6.206385005138554, 0.0 ], [ 106.93143521213328, -6.206378843619048, 0.0 ], [ 106.931420553068278, -6.206370173250496, 0.0 ], [ 106.931407503756333, -6.20635922585908, 0.0 ], [ 106.931396413088549, -6.206346294914938, 0.0 ], [ 106.931387579558375, -6.206331727415454, 0.0 ], [ 106.931381237667864, -6.206315912180822, 0.0 ], [ 106.931379317865975, -6.206248453757113, 0.0 ], [ 106.931378685160624, -6.206166529239179, 0.0 ], [ 106.931378052462648, -6.206084605625066, 0.0 ], [ 106.931378454526467, -6.206016412721407, 0.0 ], [ 106.931379685953587, -6.205944006305393, 0.0 ], [ 106.931380918283452, -6.205871598981927, 0.0 ], [ 106.931382149716001, -6.205799192565796, 0.0 ], [ 106.931383592368661, -6.205711853838402, 0.0 ], [ 106.931385035025428, -6.205624515110846, 0.0 ], [ 106.931386477686203, -6.205537176383197, 0.0 ], [ 106.931387906089341, -6.205449394688621, 0.0 ], [ 106.93138933540007, -6.205361612990738, 0.0 ], [ 106.931390763811279, -6.205273831295919, 0.0 ], [ 106.931392106330833, -6.20518999911019, 0.0 ], [ 106.931393448853981, -6.205106166924427, 0.0 ], [ 106.931394061438866, -6.205021598735148, 0.0 ], [ 106.931394674934239, -6.204937031446385, 0.0 ], [ 106.931395287530378, -6.204852464160808, 0.0 ], [ 106.9313959001271, -6.20476789597088, 0.0 ], [ 106.931396387915754, -6.20468304163005, 0.0 ], [ 106.931396876611998, -6.204598187285668, 0.0 ], [ 106.931397364408738, -6.204513332944357, 0.0 ], [ 106.931397808912337, -6.204444621822707, 0.0 ], [ 106.931398253418692, -6.204375910700909, 0.0 ], [ 106.931398697024221, -6.204307199582256, 0.0 ], [ 106.931399141535792, -6.20423848846021, 0.0 ], [ 106.931399935692966, -6.204153160145984, 0.0 ], [ 106.931400730760856, -6.204067832732388, 0.0 ], [ 106.931401524926002, -6.203982504417901, 0.0 ], [ 106.931401858863879, -6.203913196075225, 0.0 ], [ 106.931402191897632, -6.203843886831629, 0.0 ], [ 106.931402525840923, -6.203774578488668, 0.0 ], [ 106.931402859786871, -6.203705270145545, 0.0 ], [ 106.931403332736011, -6.203615086069128, 0.0 ], [ 106.931403806596506, -6.203524902893315, 0.0 ], [ 106.93140427955484, -6.203434718816421, 0.0 ], [ 106.931405024163581, -6.203357110057699, 0.0 ], [ 106.931405767872121, -6.203279501302144, 0.0 ], [ 106.931406512487428, -6.203201892543162, 0.0 ], [ 106.931408713989612, -6.203134858483455, 0.0 ], [ 106.931410914593727, -6.20306782533117, 0.0 ], [ 106.931414503590304, -6.202978908316256, 0.0 ], [ 106.931418091690091, -6.20288999220886, 0.0 ], [ 106.931421670573258, -6.202801273233265, 0.0 ], [ 106.931425248553182, -6.202712553356911, 0.0 ], [ 106.931427592036755, -6.20262446272909, 0.0 ], [ 106.931429934620837, -6.202536372104403, 0.0 ], [ 106.931431089449276, -6.202467704500058, 0.0 ], [ 106.931431768436582, -6.202447994016467, 0.0 ], [ 106.931436045267489, -6.20242442338354, 0.0 ], [ 106.931443905769967, -6.20239707040742, 0.0 ], [ 106.931455308926402, -6.202366083513263, 0.0 ], [ 106.931488950400194, -6.202293047186468, 0.0 ], [ 106.931511076836671, -6.202253271119381, 0.0 ], [ 106.931533202367206, -6.202213495055533, 0.0 ], [ 106.931589288279682, -6.202146594521514, 0.0 ], [ 106.931647031980134, -6.202077216980989, 0.0 ], [ 106.931695520367782, -6.202013874736191, 0.0 ], [ 106.93174400784487, -6.201950533397839, 0.0 ], [ 106.931791420477069, -6.201887258362222, 0.0 ], [ 106.931838833102162, -6.201823984229842, 0.0 ], [ 106.931880491383154, -6.201765556368447, 0.0 ], [ 106.931922149659357, -6.201707129410644, 0.0 ], [ 106.931944031976442, -6.201674508531911, 0.0 ], [ 106.931946314897985, -6.201663086598847, 0.0 ], [ 106.93194481858626, -6.201649126117656, 0.0 ], [ 106.931939372362564, -6.201630908979169, 0.0 ], [ 106.931929927811865, -6.20160853662096, 0.0 ], [ 106.931921723163313, -6.201587763649241, 0.0 ], [ 106.931916347536699, -6.201566604246828, 0.0 ], [ 106.931913921041541, -6.201545293951137, 0.0 ], [ 106.931914714360744, -6.201526219555582, 0.0 ], [ 106.931908911110668, -6.201479171338092, 0.0 ], [ 106.931903107866148, -6.201432124024265, 0.0 ], [ 106.931884975015436, -6.201375736002674, 0.0 ], [ 106.931845055011394, -6.201309618628464, 0.0 ], [ 106.931826137431599, -6.201267466117304, 0.0 ], [ 106.931807219855529, -6.201225313604386, 0.0 ], [ 106.93179124940167, -6.201171787365634, 0.0 ], [ 106.931777037383611, -6.201141937229415, 0.0 ], [ 106.931755740865171, -6.20110716377112, 0.0 ], [ 106.931728269373437, -6.201062194462343, 0.0 ], [ 106.931700797887089, -6.201017225150669, 0.0 ], [ 106.931677440082922, -6.200976333788843, 0.0 ], [ 106.931662141748248, -6.200929245135243, 0.0 ], [ 106.931656800654892, -6.200895974007942, 0.0 ], [ 106.931658890508231, -6.200863278836795, 0.0 ], [ 106.931669827283073, -6.200811142669203, 0.0 ], [ 106.931672217468886, -6.200792206204432, 0.0 ], [ 106.93166994318058, -6.200775971981474, 0.0 ], [ 106.931663022277689, -6.200762630704327, 0.0 ], [ 106.931651601255979, -6.200752469348759, 0.0 ], [ 106.931634746806253, -6.200745467809974, 0.0 ], [ 106.931614350232962, -6.200742988030016, 0.0 ], [ 106.9315927292471, -6.200745396769059, 0.0 ], [ 106.931575275349417, -6.200752162640042, 0.0 ], [ 106.931559162950819, -6.200758409175888, 0.0 ], [ 106.931535743139989, -6.200761781029497, 0.0 ], [ 106.931505134808532, -6.200762179217363, 0.0 ], [ 106.931470765386337, -6.200759560503677, 0.0 ], [ 106.931452904566797, -6.200755797568546, 0.0 ], [ 106.931442106248269, -6.200745702650388, 0.0 ], [ 106.93143286931813, -6.200734193421056, 0.0 ], [ 106.931425225533928, -6.200721307738057, 0.0 ], [ 106.931419217616138, -6.200707116871127, 0.0 ], [ 106.931414830520922, -6.200691459037718, 0.0 ], [ 106.931412235675808, -6.20067476939888, 0.0 ], [ 106.931411500554617, -6.200657218587524, 0.0 ], [ 106.931412706391043, -6.200640771864379, 0.0 ], [ 106.93142720523069, -6.200594549218128, 0.0 ], [ 106.931441703162122, -6.200548325671273, 0.0 ], [ 106.931457663086746, -6.200462208827214, 0.0 ], [ 106.931473622110204, -6.200376092891454, 0.0 ], [ 106.931487657731722, -6.200296426726945, 0.0 ], [ 106.931501694259282, -6.200216761464031, 0.0 ], [ 106.931515729879493, -6.200137095300949, 0.0 ], [ 106.931529765502461, -6.200057430042787, 0.0 ], [ 106.931544019311929, -6.199975906023249, 0.0 ], [ 106.931558274024127, -6.19989438200133, 0.0 ], [ 106.931572527832373, -6.199812857983307, 0.0 ], [ 106.931586782543377, -6.199731333962802, 0.0 ], [ 106.931601036350287, -6.199649809946314, 0.0 ], [ 106.931608359434023, -6.199614050623337, 0.0 ] ] ] } },
{ "type": "Feature", "properties": { "OBJECTID": 299, "toponimi": "Sal. Phb PLN Swadaya", "kewenangan": "Pemprov DKI", "jenis": "Saluran Drainase Tersier", "panjang": "2999", "lebar": "1.5 - 2", "kedalaman": "1.5", "kota": "Jakarta Timur", "kecamatan": "Cakung", "lebar_min": 1.5, "lebar_max": 2.0, "kedalaman_": 1.5, "kedalaman1": 1.5, "Shape_Leng": 0.9863169173 }, "geometry": { "type": "MultiLineString", "coordinates": [ [ [ 106.910635626755706, -6.191108488521373, 0.0 ], [ 106.910635735164362, -6.191038874551787, 0.0 ], [ 106.910635843578916, -6.190969261486143, 0.0 ], [ 106.910635951993129, -6.190899647516148, 0.0 ], [ 106.910636060413268, -6.190830034450243, 0.0 ], [ 106.910636216716668, -6.19074056649104, 0.0 ], [ 106.910636373024701, -6.19065109853157, 0.0 ], [ 106.910636529334084, -6.190561629667748, 0.0 ], [ 106.910636686554625, -6.190472161704456, 0.0 ], [ 106.910636842876386, -6.190382693744231, 0.0 ], [ 106.910636999202666, -6.190293225783625, 0.0 ], [ 106.910637155533578, -6.190203757822816, 0.0 ], [ 106.910637311868996, -6.190114289861772, 0.0 ], [ 106.910637469112487, -6.190024821897176, 0.0 ], [ 106.910637625453788, -6.18993535303143, 0.0 ], [ 106.910637781802961, -6.18984588506955, 0.0 ], [ 106.910637938156839, -6.189756417107469, 0.0 ], [ 106.910637948123735, -6.189670457701128, 0.0 ], [ 106.910637957191639, -6.189584498297743, 0.0 ], [ 106.910637967167133, -6.18949853889088, 0.0 ], [ 106.910637971856104, -6.189458869212781, 0.0 ], [ 106.910637973597275, -6.189443634595505, 0.0 ], [ 106.910637977146976, -6.189412579483722, 0.0 ], [ 106.910637986227627, -6.189326620079536, 0.0 ], [ 106.910637996215925, -6.189240660671923, 0.0 ], [ 106.910638006208529, -6.189154701263999, 0.0 ], [ 106.910638015301984, -6.189068741859048, 0.0 ], [ 106.910638025303044, -6.188982782450634, 0.0 ], [ 106.910637732457459, -6.188901290540274, 0.0 ], [ 106.910637439612771, -6.188819797725465, 0.0 ], [ 106.910637146775017, -6.188738305814593, 0.0 ], [ 106.91063685393803, -6.188656812999291, 0.0 ], [ 106.91063656110812, -6.188575321087843, 0.0 ], [ 106.910636268278992, -6.188493828272049, 0.0 ], [ 106.910635975457041, -6.188412336360041, 0.0 ], [ 106.910635682635743, -6.188330843543719, 0.0 ], [ 106.910635389821635, -6.188249351631234, 0.0 ], [ 106.910635750146326, -6.188166090695454, 0.0 ], [ 106.910636110474869, -6.188082829759548, 0.0 ], [ 106.91063646990392, -6.187999568826663, 0.0 ], [ 106.910636830240307, -6.187916307890215, 0.0 ], [ 106.910637190580545, -6.187833046953724, 0.0 ], [ 106.910637550924761, -6.187749786016904, 0.0 ], [ 106.910637910369374, -6.187666525083124, 0.0 ], [ 106.910638270721336, -6.18758326414595, 0.0 ], [ 106.91063863107712, -6.187500003208495, 0.0 ], [ 106.910638002335787, -6.187414013545244, 0.0 ], [ 106.910637375405699, -6.187328023875264, 0.0 ], [ 106.910636747573363, -6.187242033304077, 0.0 ], [ 106.910636481162541, -6.187167876510651, 0.0 ], [ 106.910633308649778, -6.187083204277189, 0.0 ], [ 106.910630479526631, -6.187027476570996, 0.0 ], [ 106.910627650405772, -6.186971748864564, 0.0 ], [ 106.91062552307362, -6.186911951850093, 0.0 ], [ 106.910623395743684, -6.186852154835275, 0.0 ], [ 106.91062035128968, -6.186803125707419, 0.0 ], [ 106.91061730684082, -6.186754097483422, 0.0 ], [ 106.91060466134023, -6.18669386002595, 0.0 ], [ 106.910586280080395, -6.186634121489086, 0.0 ], [ 106.910566448850716, -6.186569603503786, 0.0 ], [ 106.910562500129203, -6.186535170306279, 0.0 ], [ 106.910565275617785, -6.186509324767627, 0.0 ], [ 106.910554349627688, -6.186461998443255, 0.0 ], [ 106.9105434236441, -6.18641467302203, 0.0 ], [ 106.910533220929594, -6.186369258139884, 0.0 ], [ 106.910527828212793, -6.186331959518527, 0.0 ], [ 106.910526279383149, -6.186299909112827, 0.0 ], [ 106.910529556833396, -6.186280760477555, 0.0 ], [ 106.910541903293691, -6.18625775112398, 0.0 ], [ 106.910563759759725, -6.1862203544724, 0.0 ], [ 106.910603224791885, -6.186160886107253, 0.0 ], [ 106.910630329616112, -6.186120599956942, 0.0 ], [ 106.91066981778971, -6.18606782931256, 0.0 ], [ 106.910684079353871, -6.186045291354407, 0.0 ], [ 106.910716863126424, -6.185989196831726, 0.0 ], [ 106.910734423564818, -6.185953728777406, 0.0 ], [ 106.910741512241216, -6.185930738339959, 0.0 ], [ 106.910746180410612, -6.185899623046053, 0.0 ], [ 106.91075035783939, -6.185864682330155, 0.0 ], [ 106.910753578571217, -6.185829745056274, 0.0 ], [ 106.910755834916571, -6.185792418920633, 0.0 ], [ 106.910761932523101, -6.185759862724017, 0.0 ], [ 106.910770845144484, -6.185712465934918, 0.0 ], [ 106.91079257269304, -6.185639186587657, 0.0 ], [ 106.910800574198703, -6.185604232114912, 0.0 ], [ 106.910803358277462, -6.185580778879634, 0.0 ], [ 106.910801798233507, -6.185545857901964, 0.0 ], [ 106.910793584544734, -6.185521487661563, 0.0 ], [ 106.910786336054187, -6.185499983661073, 0.0 ], [ 106.910782881615475, -6.185469855064794, 0.0 ], [ 106.910781309547076, -6.185431585227517, 0.0 ], [ 106.910786913794098, -6.18539472533374, 0.0 ], [ 106.910798189307158, -6.185339664766322, 0.0 ], [ 106.910814212941233, -6.185275496982339, 0.0 ], [ 106.910829731181906, -6.185203675737783, 0.0 ], [ 106.910840022501262, -6.185140963433112, 0.0 ], [ 106.910845835216151, -6.185095490940513, 0.0 ], [ 106.910851647931267, -6.185050018448048, 0.0 ], [ 106.910863336037124, -6.184976775223675, 0.0 ], [ 106.910870363661118, -6.184937039594559, 0.0 ], [ 106.910872547843411, -6.184879619403922, 0.0 ], [ 106.910873302589195, -6.184823639211814, 0.0 ], [ 106.910876923083151, -6.184766692139696, 0.0 ], [ 106.910887627908991, -6.184685798079226, 0.0 ], [ 106.910894859708279, -6.184636253701042, 0.0 ], [ 106.910902091507566, -6.184586709323036, 0.0 ], [ 106.910918048119029, -6.184503882325996, 0.0 ], [ 106.910923635185611, -6.184462238738998, 0.0 ], [ 106.910922583983833, -6.184435927781331, 0.0 ], [ 106.910918153153119, -6.184400061464123, 0.0 ], [ 106.910922362331306, -6.18437421077323, 0.0 ], [ 106.910934388638395, -6.184328476337145, 0.0 ], [ 106.910946414947929, -6.184282742805381, 0.0 ], [ 106.910963359994071, -6.184209002390567, 0.0 ], [ 106.910976301711557, -6.18415202179115, 0.0 ], [ 106.910989243428219, -6.18409504119219, 0.0 ], [ 106.910998077006994, -6.184025636334134, 0.0 ], [ 106.910997489145501, -6.183995018237527, 0.0 ], [ 106.910995413475362, -6.183949334529869, 0.0 ], [ 106.910993336906685, -6.183903651729351, 0.0 ], [ 106.910998336116862, -6.183831390047627, 0.0 ], [ 106.911001054909377, -6.183789755875988, 0.0 ], [ 106.910999439914818, -6.183739525443235, 0.0 ], [ 106.91100211060386, -6.183684495836768, 0.0 ], [ 106.911009929984118, -6.183598827499539, 0.0 ], [ 106.911017835272801, -6.183537081261172, 0.0 ], [ 106.911031420403305, -6.183459524846309, 0.0 ], [ 106.911033586529115, -6.183397320966181, 0.0 ], [ 106.911031934802594, -6.183333337021793, 0.0 ], [ 106.911120655054532, -6.182796132165897, 0.0 ], [ 106.91125215433209, -6.182434600764559, 0.0 ] ] ] } },
{ "type": "Feature", "properties": { "OBJECTID": 1052, "toponimi": "Sal. Phb PLN Swadaya", "kewenangan": "Pemprov DKI", "jenis": "Saluran Drainase Tersier", "panjang": "2999", "lebar": "1.5 - 2", "kedalaman": "1.5", "kota": "Jakarta Timur", "kecamatan": "Cakung", "lebar_min": 1.5, "lebar_max": 2.0, "kedalaman_": 1.5, "kedalaman1": 1.5, "Shape_Leng": 2.1158378288000002 }, "geometry": { "type": "MultiLineString", "coordinates": [ [ [ 106.906631528869184, -6.189478694902215, 0.0 ], [ 106.906515495676501, -6.189483189324172, 0.0 ], [ 106.906516243146129, -6.189481269876653, 0.0 ], [ 106.90651919632586, -6.189473687152645, 0.0 ], [ 106.906524443637494, -6.189464944322707, 0.0 ], [ 106.906531088541158, -6.189457210910462, 0.0 ], [ 106.906538939402324, -6.18945070821278, 0.0 ], [ 106.906547772844675, -6.189445623283306, 0.0 ], [ 106.906557336423631, -6.189442098977783, 0.0 ], [ 106.90656735587072, -6.189440238448215, 0.0 ], [ 106.906573551350391, -6.189439944050625, 0.0 ], [ 106.906579744605381, -6.189440288883283, 0.0 ], [ 106.906779262610442, -6.189441110128175, 0.0 ], [ 106.907471777999078, -6.189447318825331, 0.0 ], [ 106.907957823404487, -6.189451675757375, 0.0 ], [ 106.910537376405387, -6.189443974991539, 0.0 ], [ 106.910567466114344, -6.18944388476953, 0.0 ], [ 106.910607292641998, -6.189443743224029, 0.0 ], [ 106.910619979133202, -6.189443698463104, 0.0 ], [ 106.910637973597275, -6.189443634595505, 0.0 ], [ 106.91063797402029, -6.189443634594014, 0.0 ], [ 106.9106390490699, -6.189443630724335, 0.0 ], [ 106.910670529956008, -6.189443518310453, 0.0 ], [ 106.910765992556037, -6.189443178289981, 0.0 ], [ 106.910871435948465, -6.189442803225932, 0.0 ], [ 106.910889330551896, -6.189442738805262, 0.0 ], [ 106.910967638427238, -6.189442461409845, 0.0 ], [ 106.912573814645256, -6.189436675566444, 0.0 ], [ 106.916469771766913, -6.189424419877063, 0.0 ], [ 106.916546603335405, -6.189424176825291, 0.0 ], [ 106.916912575684776, -6.189423025266333, 0.0 ], [ 106.916925048039175, -6.189422985648705, 0.0 ], [ 106.916954698424263, -6.18942185057526, 0.0 ], [ 106.916959815781127, -6.189422221773256, 0.0 ], [ 106.916964811340819, -6.189423389947889, 0.0 ], [ 106.916969563943695, -6.189425326604392, 0.0 ], [ 106.916973954161676, -6.189427982447264, 0.0 ], [ 106.91697787516533, -6.189431294573271, 0.0 ], [ 106.916981229987854, -6.189435179248679, 0.0 ], [ 106.916983936077344, -6.189439541838264, 0.0 ], [ 106.9169859270947, -6.189444274086275, 0.0 ], [ 106.917188504432019, -6.18944853231709, 0.0 ], [ 106.917188785982034, -6.189455459631622, 0.0 ], [ 106.91718892857844, -6.189458927350843, 0.0 ], [ 106.917189206143192, -6.189465751609216, 0.0 ], [ 106.917190543461658, -6.189471838792144, 0.0 ], [ 106.917192877937879, -6.18947761768237, 0.0 ], [ 106.917196144837177, -6.189482923962417, 0.0 ], [ 106.917200250577736, -6.189487610597274, 0.0 ], [ 106.917205081752471, -6.189491544185834, 0.0 ], [ 106.91721050064983, -6.18949461582601, 0.0 ], [ 106.917216356985861, -6.189496737455931, 0.0 ], [ 106.917221162089021, -6.189497700174493, 0.0 ], [ 106.917226052506862, -6.189498020654141, 0.0 ], [ 106.917232638319504, -6.189497504116455, 0.0 ], [ 106.917248673150198, -6.189496803363286, 0.0 ], [ 106.917374399143924, -6.18949130690013, 0.0 ], [ 106.917469161977962, -6.18948716453329, 0.0 ], [ 106.917543169635039, -6.18948396780528, 0.0 ], [ 106.917698662144858, -6.189476983129241, 0.0 ], [ 106.917708479727168, -6.189476541706063, 0.0 ], [ 106.91777794890865, -6.189473421015612, 0.0 ], [ 106.917831523338819, -6.18947101414282, 0.0 ], [ 106.91803831852728, -6.18946172472936, 0.0 ], [ 106.918173757645917, -6.189455901854034, 0.0 ], [ 106.918186713257668, -6.189455345107539, 0.0 ], [ 106.91825543679721, -6.189452390697731, 0.0 ], [ 106.918328551820565, -6.189449438490815, 0.0 ], [ 106.918297918770492, -6.188754561045662, 0.0 ], [ 106.918276232708493, -6.188441377389907, 0.0 ], [ 106.918195885939198, -6.187371887056796, 0.0 ], [ 106.918163490100369, -6.186872518012361, 0.0 ], [ 106.918163062193798, -6.186753868207946, 0.0 ], [ 106.918212571642883, -6.186696277280037, 0.0 ], [ 106.918285124823583, -6.186665395114227, 0.0 ], [ 106.918422774481812, -6.186657242609107, 0.0 ], [ 106.918726833354512, -6.186661885278013, 0.0 ], [ 106.919621681717814, -6.186643341679694, 0.0 ], [ 106.920095682512084, -6.186580387915972, 0.0 ], [ 106.920728387797226, -6.186514946638743, 0.0 ], [ 106.921403292307645, -6.186485713197386, 0.0 ], [ 106.92189464708882, -6.186462883520139, 0.0 ], [ 106.921982552328913, -6.186447255823023, 0.0 ], [ 106.92208387077487, -6.186439233890715, 0.0 ], [ 106.922267350069319, -6.186413691863102, 0.0 ], [ 106.922409427548871, -6.186377982680222, 0.0 ] ] ] } },
{ "type": "Feature", "properties": { "OBJECTID": 297, "toponimi": "Sal. Phb Lele Klender", "kewenangan": "Pemprov DKI", "jenis": "Saluran Drainase Tersier", "panjang": "3310", "lebar": "3 - 6", "kedalaman": "1.5", "kota": "Jakarta Timur", "kecamatan": "Cakung", "lebar_min": 3.0, "lebar_max": 6.0, "kedalaman_": 1.5, "kedalaman1": 1.5, "Shape_Leng": 2.8531988001099999 }, "geometry": { "type": "MultiLineString", "coordinates": [ [ [ 106.905124550038195, -6.211254610073604, 0.0 ], [ 106.905122180023355, -6.210196791545471, 0.0 ], [ 106.905128174123988, -6.209470501261708, 0.0 ], [ 106.905122271763247, -6.20862655731409, 0.0 ], [ 106.905301574084547, -6.208633087884289, 0.0 ], [ 106.905304261907816, -6.20858284274734, 0.0 ], [ 106.905287350383475, -6.207868116553703, 0.0 ], [ 106.905272843226228, -6.207822238800588, 0.0 ], [ 106.905228342008613, -6.207810916504834, 0.0 ], [ 106.904960149203504, -6.207813317650785, 0.0 ], [ 106.904942887138972, -6.207799025757228, 0.0 ], [ 106.904923072032062, -6.207473280773544, 0.0 ], [ 106.904900425253601, -6.207385779758941, 0.0 ], [ 106.904896060284173, -6.207374603197928, 0.0 ], [ 106.904893982177057, -6.207369023131039, 0.0 ], [ 106.904890410856709, -6.207351427077167, 0.0 ], [ 106.904890006357562, -6.20734445585423, 0.0 ], [ 106.904889600954959, -6.207337484634591, 0.0 ], [ 106.904887222310421, -6.207296541365714, 0.0 ], [ 106.904887640924485, -6.207254894559143, 0.0 ], [ 106.904895200162187, -6.207213938128383, 0.0 ], [ 106.904909676728977, -6.207174889840976, 0.0 ], [ 106.905002148488109, -6.206988416726887, 0.0 ], [ 106.905056172541407, -6.206879474012934, 0.0 ], [ 106.905059245485418, -6.206873277775766, 0.0 ], [ 106.905154003479154, -6.206682193493351, 0.0 ], [ 106.905210431301171, -6.20656840320783, 0.0 ], [ 106.90530157989707, -6.206384596632515, 0.0 ], [ 106.905362723815358, -6.206261296878088, 0.0 ], [ 106.905457570437648, -6.206070033266131, 0.0 ], [ 106.905519027330399, -6.20594610130281, 0.0 ], [ 106.905613246898994, -6.205756101217951, 0.0 ], [ 106.905667294979708, -6.205647110507581, 0.0 ], [ 106.905771302813548, -6.205437371417728, 0.0 ], [ 106.905833273546421, -6.205312404185817, 0.0 ], [ 106.905899150443176, -6.205179559647925, 0.0 ], [ 106.905909256299807, -6.205159180274126, 0.0 ], [ 106.90592460853135, -6.205130778628508, 0.0 ], [ 106.905930565086166, -6.205119760215308, 0.0 ], [ 106.9059338507533, -6.205113683462723, 0.0 ], [ 106.905944522119427, -6.205098319088393, 0.0 ], [ 106.906146020889295, -6.204930452071577, 0.0 ], [ 106.906256224397438, -6.204723263840471, 0.0 ], [ 106.906269277548773, -6.204699947177343, 0.0 ], [ 106.906348339988341, -6.204564827385851, 0.0 ], [ 106.906404485635292, -6.204472171329977, 0.0 ], [ 106.906498163486674, -6.204322358294766, 0.0 ], [ 106.906553042248404, -6.204241202848749, 0.0 ], [ 106.906611736068143, -6.204162766859783, 0.0 ], [ 106.906674110974052, -6.204087228923716, 0.0 ], [ 106.906743737248817, -6.204011541010496, 0.0 ], [ 106.906746187907842, -6.20400917420847, 0.0 ], [ 106.9067460478892, -6.204009178329188, 0.0 ], [ 106.906812513156169, -6.203944841427055, 0.0 ], [ 106.906817674728885, -6.203940125872552, 0.0 ], [ 106.906817706241739, -6.203940095922689, 0.0 ], [ 106.906818236679726, -6.203939626124073, 0.0 ], [ 106.906895755944262, -6.203873142334268, 0.0 ], [ 106.907033716901978, -6.203760341430888, 0.0 ], [ 106.907101877965175, -6.203708346144683, 0.0 ], [ 106.907172546791031, -6.203659820020824, 0.0 ], [ 106.907245546736505, -6.203614883039758, 0.0 ], [ 106.907363439602136, -6.203545345673757, 0.0 ], [ 106.90749906108276, -6.203467138906273, 0.0 ], [ 106.907565650023912, -6.203424426549585, 0.0 ], [ 106.907630612120684, -6.203379275273313, 0.0 ], [ 106.907644348149176, -6.203369262259637, 0.0 ], [ 106.907648065715009, -6.203366474087383, 0.0 ], [ 106.907677531420276, -6.203344371319518, 0.0 ], [ 106.907692513000569, -6.203332519334317, 0.0 ], [ 106.907731314654228, -6.203301821708429, 0.0 ], [ 106.90777095826337, -6.203268599423285, 0.0 ], [ 106.908009144269585, -6.203065784507677, 0.0 ], [ 106.908060485198959, -6.203015881329365, 0.0 ], [ 106.908086694750594, -6.202981438026549, 0.0 ], [ 106.908107715377852, -6.202943598509531, 0.0 ], [ 106.908122072648908, -6.202905873410412, 0.0 ], [ 106.908124546829427, -6.202896737283647, 0.0 ], [ 106.908131165701448, -6.202867177251279, 0.0 ], [ 106.908132921912753, -6.202856356600553, 0.0 ], [ 106.908135893977331, -6.202817858798227, 0.0 ], [ 106.90813589892953, -6.202817728585383, 0.0 ], [ 106.908133025104632, -6.202774531368893, 0.0 ], [ 106.908124009163515, -6.202732188080198, 0.0 ], [ 106.908096913845199, -6.20262887286304, 0.0 ], [ 106.90808193122956, -6.202576126421752, 0.0 ], [ 106.908061293573482, -6.202495882183272, 0.0 ], [ 106.908046110150124, -6.202414428457451, 0.0 ], [ 106.908036450044392, -6.202332134786539, 0.0 ], [ 106.908032357067654, -6.202249377132873, 0.0 ], [ 106.908032806332727, -6.202182376607907, 0.0 ], [ 106.908036833766786, -6.202116283601211, 0.0 ], [ 106.908036811252671, -6.202116303573211, 0.0 ], [ 106.908036856819649, -6.202115911015695, 0.0 ], [ 106.908036881539601, -6.20211549954649, 0.0 ], [ 106.908044572547666, -6.202048941278119, 0.0 ], [ 106.908050437249116, -6.202015666172888, 0.0 ], [ 106.908051380659103, -6.202010452261164, 0.0 ], [ 106.908051517130275, -6.202011471630642, 0.0 ], [ 106.908064399544998, -6.201941969796692, 0.0 ], [ 106.908086955068484, -6.201835541817786, 0.0 ], [ 106.908113359226036, -6.201717305574256, 0.0 ], [ 106.908149840041389, -6.201537194920959, 0.0 ], [ 106.908187663913992, -6.201346436894942, 0.0 ], [ 106.908189026869948, -6.201339562390026, 0.0 ], [ 106.908192122792656, -6.201323944110723, 0.0 ], [ 106.908261996020869, -6.201108560539798, 0.0 ], [ 106.908297494962966, -6.201009396765445, 0.0 ], [ 106.908354717845867, -6.200969001086092, 0.0 ], [ 106.908447857744093, -6.200945700650587, 0.0 ], [ 106.908468470738029, -6.200941740442989, 0.0 ], [ 106.908477958385376, -6.200939917894964, 0.0 ], [ 106.908502858833515, -6.200935134852678, 0.0 ], [ 106.908508769538784, -6.200933998766994, 0.0 ], [ 106.908529454756092, -6.200930024735027, 0.0 ], [ 106.908858971431528, -6.201100668816801, 0.0 ], [ 106.909138495436224, -6.201266199991781, 0.0 ], [ 106.909174711429444, -6.2012880371726, 0.0 ], [ 106.909249545450891, -6.201333160327919, 0.0 ], [ 106.909288161672848, -6.201356446308374, 0.0 ], [ 106.909948004099064, -6.201754319597086, 0.0 ], [ 106.909969793571932, -6.201766980247656, 0.0 ], [ 106.910000855429374, -6.201785027732612, 0.0 ], [ 106.910039898678306, -6.201807713563532, 0.0 ], [ 106.910077427314633, -6.201829519707107, 0.0 ], [ 106.910299611425856, -6.201956816743992, 0.0 ], [ 106.911269197944208, -6.202512328880544, 0.0 ], [ 106.911281767205338, -6.202519531037718, 0.0 ], [ 106.911297204237414, -6.202516023366635, 0.0 ], [ 106.911364534812009, -6.202494251260759, 0.0 ], [ 106.911395625535377, -6.202453841074799, 0.0 ], [ 106.911406040260601, -6.202403916289442, 0.0 ], [ 106.911443948442027, -6.202349000046292, 0.0 ], [ 106.911664115898446, -6.202419970877122, 0.0 ], [ 106.911913122295118, -6.20253389670594, 0.0 ], [ 106.91215241262627, -6.202604798266459, 0.0 ], [ 106.912343465319182, -6.202556265602531, 0.0 ], [ 106.91260782030534, -6.202220121290735, 0.0 ], [ 106.912907345056269, -6.201811883940302, 0.0 ], [ 106.912907636292829, -6.201810973334222, 0.0 ], [ 106.912908418291195, -6.201809616124311, 0.0 ], [ 106.913652760574934, -6.200517492991306, 0.0 ], [ 106.914811996428824, -6.198603334875377, 0.0 ], [ 106.914831321289967, -6.198571424357777, 0.0 ], [ 106.914860408271892, -6.198523395930029, 0.0 ], [ 106.914866635557132, -6.19851311518781, 0.0 ], [ 106.914870354332038, -6.19850792923232, 0.0 ], [ 106.91487974308437, -6.198497000561852, 0.0 ], [ 106.914890386579955, -6.19848729154854, 0.0 ], [ 106.914902126326311, -6.198478943808969, 0.0 ], [ 106.914908082718398, -6.198475463093317, 0.0 ], [ 106.914916105568693, -6.19847131941864, 0.0 ], [ 106.914921737037361, -6.198468676195849, 0.0 ], [ 106.914943437192107, -6.198460361184376, 0.0 ], [ 106.914964981906124, -6.198454787147964, 0.0 ], [ 106.914987008697864, -6.198451619967869, 0.0 ], [ 106.914958325070785, -6.198452678358678, 0.0 ], [ 106.914990560870748, -6.198451340416199, 0.0 ], [ 106.915010796204569, -6.198450939108421, 0.0 ], [ 106.915119762164395, -6.198452422378256, 0.0 ], [ 106.915167881085907, -6.198453077600234, 0.0 ], [ 106.915834421976015, -6.198462151224253, 0.0 ], [ 106.91614514313224, -6.198471162395928, 0.0 ], [ 106.916455804166191, -6.198482050568685, 0.0 ], [ 106.917103347759252, -6.198506243180873, 0.0 ], [ 106.917148359330326, -6.19850728286425, 0.0 ], [ 106.91719710490591, -6.19850811193758, 0.0 ], [ 106.917334476961599, -6.198508781352411, 0.0 ], [ 106.918931767350401, -6.198456385069901, 0.0 ] ] ] } }
]
}
