{
"type": "FeatureCollection",
"name": "saluran_phb_jatinegara",
"crs": { "type": "name", "properties": { "name": "urn:ogc:def:crs:OGC:1.3:CRS84" } },
"features": [
{ "type": "Feature", "properties": { "OBJECTID": 229, "toponimi": "Sal. Phb Cipinang Indah", "kewenangan": "Pemprov DKI", "jenis": "Saluran Drainase Tersier", "panjang": "1938", "lebar": "0.8 - 3", "kedalaman": "2-4", "kota": "Jakarta Timur", "kecamatan": "Jatinegara", "lebar_min": 0.8, "lebar_max": 3.0, "kedalaman_": 2.0, "kedalaman1": 4.0, "Shape_Leng": 2.0080955719900002 }, "geometry": { "type": "MultiLineString", "coordinates": [ [ [ 106.878821231648317, -6.239756828150287, 0.0 ], [ 106.878916788849651, -6.239751346231132, 0.0 ], [ 106.878939401968083, -6.239750049469422, 0.0 ], [ 106.879217571362986, -6.239734091438288, 0.0 ], [ 106.879397611746711, -6.239723760990498, 0.0 ], [ 106.880545916831423, -6.239657879443181, 0.0 ], [ 106.880806804595906, -6.239639968782963, 0.0 ], [ 106.880829134939191, -6.239638435162608, 0.0 ], [ 106.880883234153544, -6.239634721197081, 0.0 ], [ 106.880957759564595, -6.239629605173739, 0.0 ], [ 106.881013524447766, -6.239625776748416, 0.0 ], [ 106.882571675230437, -6.239552858175134, 0.0 ], [ 106.88288765673606, -6.239537379716309, 0.0 ], [ 106.883101776488601, -6.23952053208474, 0.0 ], [ 106.883315624701041, -6.239500523550455, 0.0 ], [ 106.88338319888021, -6.239493537874379, 0.0 ], [ 106.883477836836093, -6.23948501147776, 0.0 ], [ 106.88351703131454, -6.239481479851562, 0.0 ], [ 106.883597176549713, -6.23947538678404, 0.0 ], [ 106.883764239426199, -6.239465387923467, 0.0 ], [ 106.884485655053908, -6.239425841859664, 0.0 ], [ 106.884578990493367, -6.239420724937592, 0.0 ], [ 106.884695787381887, -6.23941432242889, 0.0 ], [ 106.884961847106084, -6.239401022294409, 0.0 ], [ 106.88507275612551, -6.239395478919742, 0.0 ], [ 106.88636628023896, -6.239330819282848, 0.0 ], [ 106.887222074779913, -6.239293830657288, 0.0 ], [ 106.887230522214068, -6.239293465852731, 0.0 ], [ 106.887271704242053, -6.239291686295473, 0.0 ], [ 106.887279766839853, -6.239291338239672, 0.0 ], [ 106.887591853873261, -6.239277849259091, 0.0 ], [ 106.887596866683381, -6.239277632380682, 0.0 ], [ 106.887637468734127, -6.239275877477844, 0.0 ], [ 106.887650384242875, -6.239275319439691, 0.0 ], [ 106.887662271713964, -6.239274805772568, 0.0 ], [ 106.8876683848315, -6.239274541550705, 0.0 ], [ 106.887743038577781, -6.239271314699987, 0.0 ], [ 106.887846311136556, -6.239266850550871, 0.0 ], [ 106.888045674914537, -6.239258873780089, 0.0 ], [ 106.888174404133323, -6.239253722473001, 0.0 ], [ 106.888242836449507, -6.239250983682232, 0.0 ], [ 106.888243263513488, -6.239250966590284, 0.0 ], [ 106.888243058102447, -6.239250374210121, 0.0 ], [ 106.888225507335662, -6.239199636154371, 0.0 ], [ 106.88821423914014, -6.239146501296704, 0.0 ], [ 106.88821109241772, -6.239119305160512, 0.0 ], [ 106.888211053266559, -6.239118968960303, 0.0 ], [ 106.888210410588613, -6.239108291548123, 0.0 ], [ 106.888210437043981, -6.239107352954668, 0.0 ], [ 106.888210536003257, -6.239096634909526, 0.0 ], [ 106.888210549042782, -6.239095229827271, 0.0 ], [ 106.88821067416886, -6.239081473773672, 0.0 ], [ 106.888210449322131, -6.239047946309879, 0.0 ], [ 106.888209821329369, -6.239006292965763, 0.0 ], [ 106.888207398273494, -6.238844827449845, 0.0 ], [ 106.888206348568033, -6.238783046720269, 0.0 ], [ 106.888205479195108, -6.23874791309945, 0.0 ], [ 106.888203643060251, -6.238686531202903, 0.0 ], [ 106.888202492021506, -6.238651460977419, 0.0 ], [ 106.888201353203627, -6.238623084969908, 0.0 ], [ 106.888199980975529, -6.238596895108538, 0.0 ], [ 106.888197911657144, -6.238561989112075, 0.0 ], [ 106.888194641442283, -6.238509632069132, 0.0 ], [ 106.888192866314526, -6.238483459926456, 0.0 ], [ 106.888192655972645, -6.238480732886216, 0.0 ], [ 106.888191360741871, -6.238463935872268, 0.0 ], [ 106.888189096887217, -6.23843778356433, 0.0 ], [ 106.888188584179574, -6.238432366883674, 0.0 ], [ 106.888183350094451, -6.238377080229342, 0.0 ], [ 106.88818247972516, -6.238367913548629, 0.0 ], [ 106.888180637974983, -6.238350387947399, 0.0 ], [ 106.888179532619162, -6.238340948154207, 0.0 ], [ 106.888178585619372, -6.238332837785128, 0.0 ], [ 106.888175591441012, -6.238311399575029, 0.0 ], [ 106.88817130493787, -6.238286089943818, 0.0 ], [ 106.888170528756632, -6.238282033131902, 0.0 ], [ 106.888156163740831, -6.238221931202622, 0.0 ], [ 106.888141711753434, -6.238176906139975, 0.0 ], [ 106.888141429108913, -6.238176191977378, 0.0 ], [ 106.88812432441928, -6.238132933169114, 0.0 ], [ 106.888114107505885, -6.23811046119469, 0.0 ], [ 106.88809770412287, -6.238078105623024, 0.0 ], [ 106.888090204760488, -6.238062138244591, 0.0 ], [ 106.888082858601649, -6.238046060915611, 0.0 ], [ 106.888079884635644, -6.238039353805603, 0.0 ], [ 106.888079403701951, -6.238038269655763, 0.0 ], [ 106.88807638508284, -6.238031456017102, 0.0 ], [ 106.888060659180184, -6.237994765368986, 0.0 ], [ 106.888054161481776, -6.237978958048505, 0.0 ], [ 106.888047404962109, -6.237962024191179, 0.0 ], [ 106.88803425681489, -6.237927868555184, 0.0 ], [ 106.88802826841092, -6.23791147623712, 0.0 ], [ 106.888019617676235, -6.237886840458999, 0.0 ], [ 106.888011788813429, -6.237862619447932, 0.0 ], [ 106.888002997801635, -6.237835646062142, 0.0 ], [ 106.887995872752683, -6.237813943273975, 0.0 ], [ 106.887970184598345, -6.23773681262728, 0.0 ], [ 106.887966003990414, -6.237724422790886, 0.0 ], [ 106.887956411473368, -6.237696159353216, 0.0 ], [ 106.887946897440898, -6.237668366691489, 0.0 ], [ 106.88793581890215, -6.237633608705964, 0.0 ], [ 106.887927689728372, -6.237607520811273, 0.0 ], [ 106.887922525284026, -6.237590104761028, 0.0 ], [ 106.887917836470336, -6.237573048662576, 0.0 ], [ 106.887913392349617, -6.237555948288295, 0.0 ], [ 106.887911861477264, -6.237549797475685, 0.0 ], [ 106.88790700115301, -6.237530260123303, 0.0 ], [ 106.887902936324124, -6.237513108661563, 0.0 ], [ 106.887899154118585, -6.237495908267254, 0.0 ], [ 106.8878974354691, -6.237487275355055, 0.0 ], [ 106.887894437949939, -6.237469945568542, 0.0 ], [ 106.887891818747292, -6.23745254480737, 0.0 ], [ 106.887889410836834, -6.237435108027371, 0.0 ], [ 106.887884980619461, -6.237400179740876, 0.0 ], [ 106.887882149372558, -6.237373768161287, 0.0 ], [ 106.887879829072645, -6.237346981340011, 0.0 ], [ 106.887876506856344, -6.237302289779098, 0.0 ], [ 106.887874921832875, -6.237275452403087, 0.0 ], [ 106.887874208112407, -6.23725754120577, 0.0 ], [ 106.887873692222485, -6.237239619353929, 0.0 ], [ 106.887872852413864, -6.237194805878717, 0.0 ], [ 106.887872763410869, -6.237167915221817, 0.0 ], [ 106.887873048032702, -6.237149994117687, 0.0 ], [ 106.887873532333728, -6.237132074106227, 0.0 ], [ 106.887875192637836, -6.23708728964544, 0.0 ], [ 106.887876600894572, -6.237060439734154, 0.0 ], [ 106.887877886768834, -6.237042564769752, 0.0 ], [ 106.887879366946692, -6.237024703575387, 0.0 ], [ 106.887880824297028, -6.237009047663822, 0.0 ], [ 106.887881790947816, -6.236998667368065, 0.0 ], [ 106.887883519696587, -6.236980078353216, 0.0 ], [ 106.887886414632121, -6.236953342461123, 0.0 ], [ 106.887888687425388, -6.236935548045335, 0.0 ], [ 106.887891147316608, -6.236917773754425, 0.0 ], [ 106.887894503497947, -6.236895205205916, 0.0 ], [ 106.887899078994323, -6.236864439862122, 0.0 ], [ 106.887901977061745, -6.236846658576302, 0.0 ], [ 106.887905137036142, -6.23682884651517, 0.0 ], [ 106.887910110717471, -6.236802300277128, 0.0 ], [ 106.887915245673824, -6.236775880041036, 0.0 ], [ 106.887920853688101, -6.236749858644511, 0.0 ], [ 106.887923076827377, -6.23674015466486, 0.0 ], [ 106.887901665635965, -6.236734633850882, 0.0 ], [ 106.887814313918355, -6.236707436548039, 0.0 ], [ 106.887796671410243, -6.236702463696807, 0.0 ], [ 106.88779924148443, -6.236690988164757, 0.0 ], [ 106.887812200682745, -6.236639784497438, 0.0 ], [ 106.887819470414229, -6.236615070864169, 0.0 ], [ 106.887826581155451, -6.236589607363227, 0.0 ], [ 106.887832366330059, -6.236567644927346, 0.0 ], [ 106.887833405703674, -6.23656370005021, 0.0 ], [ 106.887853123967929, -6.2364854600328, 0.0 ], [ 106.887864318252113, -6.236441983155244, 0.0 ], [ 106.887873635132806, -6.236407115007194, 0.0 ], [ 106.887886229014413, -6.236362394441164, 0.0 ], [ 106.887899060128618, -6.236316807761949, 0.0 ], [ 106.887932516488959, -6.236209863565048, 0.0 ], [ 106.887944064578477, -6.236176132970534, 0.0 ], [ 106.887950758698395, -6.236157207002624, 0.0 ], [ 106.887956339225653, -6.236141431437201, 0.0 ], [ 106.88796222306901, -6.236125330198294, 0.0 ], [ 106.887974361054049, -6.236093341579265, 0.0 ], [ 106.88798695561583, -6.236061691281546, 0.0 ], [ 106.887994979470562, -6.236042702684119, 0.0 ], [ 106.888001831231151, -6.236027180244231, 0.0 ], [ 106.888019423685961, -6.235988628809328, 0.0 ], [ 106.888026612215143, -6.235973292320043, 0.0 ], [ 106.888035552138035, -6.235954785060132, 0.0 ], [ 106.888043162451737, -6.235939658628585, 0.0 ], [ 106.888054832727661, -6.235917100072957, 0.0 ], [ 106.888066666835982, -6.235894625015456, 0.0 ], [ 106.888072712464634, -6.235883338654426, 0.0 ], [ 106.888078660269088, -6.235872236184613, 0.0 ], [ 106.888087807555621, -6.235855625974581, 0.0 ], [ 106.888099584321381, -6.235834801180669, 0.0 ], [ 106.88812556201367, -6.235789885284812, 0.0 ], [ 106.888139391412849, -6.235766752095733, 0.0 ], [ 106.888142932917191, -6.235761131016329, 0.0 ], [ 106.888155499767137, -6.23574118221666, 0.0 ], [ 106.888208495163994, -6.235659962260935, 0.0 ], [ 106.88824253896486, -6.235608378350572, 0.0 ], [ 106.888253190893863, -6.235592613545588, 0.0 ], [ 106.888268039648992, -6.235571054430035, 0.0 ], [ 106.888293275696213, -6.23553501895485, 0.0 ], [ 106.888313253110027, -6.235506493134652, 0.0 ], [ 106.888322726836407, -6.235492235234373, 0.0 ], [ 106.888342634301608, -6.235464109294948, 0.0 ], [ 106.888345988319713, -6.235459370424977, 0.0 ], [ 106.888363780527357, -6.235434232115306, 0.0 ], [ 106.888410453602049, -6.2353682885805, 0.0 ], [ 106.888434801917469, -6.235333888260293, 0.0 ], [ 106.888466188933592, -6.235289249536107, 0.0 ], [ 106.888477551579442, -6.235273392673335, 0.0 ], [ 106.88849334260965, -6.235251815713609, 0.0 ], [ 106.888514517141857, -6.235223288314078, 0.0 ], [ 106.888539818087281, -6.235189490353543, 0.0 ], [ 106.888570322412136, -6.235148904439836, 0.0 ], [ 106.888583663605871, -6.235131246669811, 0.0 ], [ 106.88864169224523, -6.235056067318507, 0.0 ], [ 106.88868392051252, -6.234999854704853, 0.0 ], [ 106.888699574120892, -6.234978761951678, 0.0 ], [ 106.888718256456826, -6.234953176515971, 0.0 ], [ 106.888796231481805, -6.234846378381492, 0.0 ], [ 106.888831987641638, -6.234797407623907, 0.0 ], [ 106.888872591068093, -6.234740605001471, 0.0 ], [ 106.888878341981851, -6.234732559233466, 0.0 ], [ 106.888909382061087, -6.234689708329902, 0.0 ], [ 106.888958138206107, -6.234622927317362, 0.0 ], [ 106.888991637228003, -6.234577193335086, 0.0 ], [ 106.889046669661496, -6.234502243514519, 0.0 ], [ 106.889077222662934, -6.234456850102007, 0.0 ], [ 106.88910254333733, -6.234419242918812, 0.0 ], [ 106.889117001124589, -6.234397770189275, 0.0 ], [ 106.889132524794249, -6.234374713200793, 0.0 ], [ 106.889187123211769, -6.23429362219977, 0.0 ], [ 106.889205781815491, -6.234265457331548, 0.0 ], [ 106.889213648783965, -6.234253895007105, 0.0 ], [ 106.889214926887391, -6.234252029703732, 0.0 ], [ 106.889222701070537, -6.234240796819116, 0.0 ], [ 106.889267470536268, -6.234179217147423, 0.0 ], [ 106.889314611799819, -6.23411943635042, 0.0 ], [ 106.889328388608746, -6.234102836667576, 0.0 ], [ 106.889380544111901, -6.234040733239609, 0.0 ], [ 106.889439506067404, -6.233971670650569, 0.0 ], [ 106.889447460679293, -6.233963140499237, 0.0 ], [ 106.88946112172934, -6.23394853124413, 0.0 ], [ 106.889489913561803, -6.233917977473675, 0.0 ], [ 106.88980764353893, -6.233598789731148, 0.0 ], [ 106.890120483759247, -6.233307461542167, 0.0 ], [ 106.890135349802875, -6.233294046849369, 0.0 ], [ 106.890137262654918, -6.233292320315234, 0.0 ], [ 106.890142368101621, -6.233287713495849, 0.0 ], [ 106.890156976578552, -6.233274532090359, 0.0 ], [ 106.890162448563046, -6.233269593945162, 0.0 ], [ 106.890186624005196, -6.233247778954888, 0.0 ], [ 106.890199795355727, -6.233235703041022, 0.0 ], [ 106.890265959603425, -6.233173897441261, 0.0 ], [ 106.890292366732396, -6.233149573593781, 0.0 ], [ 106.890308522780728, -6.233134845981622, 0.0 ], [ 106.890318312761963, -6.233125919558807, 0.0 ], [ 106.890371341350303, -6.233078340690118, 0.0 ], [ 106.890376912500656, -6.233073342515091, 0.0 ], [ 106.89038034215298, -6.233070305866766, 0.0 ], [ 106.890395549533082, -6.233056842931109, 0.0 ], [ 106.890410756912317, -6.233043379995228, 0.0 ], [ 106.890451760014273, -6.233007437134217, 0.0 ], [ 106.890465131337223, -6.232995448201661, 0.0 ], [ 106.890471568069813, -6.232989449655215, 0.0 ], [ 106.890477716563652, -6.232983444909355, 0.0 ], [ 106.8904835743935, -6.232977261281931, 0.0 ], [ 106.890483740029737, -6.232977091613662, 0.0 ], [ 106.89049095106121, -6.23297008398222, 0.0 ], [ 106.890514614555741, -6.232950893731604, 0.0 ], [ 106.890514654202391, -6.232950863752792, 0.0 ], [ 106.890527570127233, -6.232942398078904, 0.0 ], [ 106.890533974253941, -6.232938648245887, 0.0 ], [ 106.890540658918354, -6.232935024890458, 0.0 ], [ 106.890540713917702, -6.232934993048293, 0.0 ], [ 106.890547214338127, -6.232932146105878, 0.0 ], [ 106.890568623506027, -6.232922769339332, 0.0 ], [ 106.890568663201279, -6.232922752922508, 0.0 ], [ 106.890586681328315, -6.232917102524895, 0.0 ], [ 106.890594287399608, -6.232915200059849, 0.0 ], [ 106.890597996909619, -6.232914371221657, 0.0 ], [ 106.890619586874536, -6.2329108246053, 0.0 ], [ 106.890629824643113, -6.232908362984266, 0.0 ], [ 106.890639074174345, -6.232905702379869, 0.0 ], [ 106.89066992941558, -6.232892035040094, 0.0 ], [ 106.890762762226629, -6.232961429372978, 0.0 ], [ 106.89077538485833, -6.232976268957751, 0.0 ], [ 106.890805839469721, -6.232955685470856, 0.0 ], [ 106.890816250528417, -6.232947623884949, 0.0 ], [ 106.890833226288066, -6.232934482800976, 0.0 ], [ 106.890884526393791, -6.23289068398027, 0.0 ], [ 106.890927813481511, -6.232850955405608, 0.0 ], [ 106.890962628843639, -6.232821677431466, 0.0 ], [ 106.890971441226569, -6.232814266230245, 0.0 ], [ 106.891028457349307, -6.232766321308016, 0.0 ], [ 106.891037387737313, -6.232758812035758, 0.0 ], [ 106.891097770060753, -6.232708030501353, 0.0 ], [ 106.891123539949078, -6.232688945694654, 0.0 ], [ 106.891145114526068, -6.232672785459463, 0.0 ], [ 106.891209306619146, -6.232623696363469, 0.0 ], [ 106.891223429173635, -6.232613347546788, 0.0 ], [ 106.891250226734925, -6.232590592762707, 0.0 ], [ 106.891321314577041, -6.232530230516878, 0.0 ], [ 106.891321789276333, -6.232529827375805, 0.0 ], [ 106.89144142592491, -6.232430952707307, 0.0 ] ] ] } },
{ "type": "Feature", "properties": { "OBJECTID": 222, "toponimi": "Sal. Phb Asem Bidara Cina/Pompa", "kewenangan": "Pemprov DKI", "jenis": "Saluran Drainase Tersier", "panjang": "240", "lebar": "2", "kedalaman": "2-4", "kota": "Jakarta Timur", "kecamatan": "Jatinegara", "lebar_min": 2.0, "lebar_max": 2.0, "kedalaman_": 2.0, "kedalaman1": 4.0, "Shape_Leng": 0.26888223822000001 }, "geometry": { "type": "MultiLineString", "coordinates": [ [ [ 106.867072097760811, -6.228996587114159, 0.0 ], [ 106.866961857148766, -6.228986755860677, 0.0 ], [ 106.866945114518813, -6.228984770829364, 0.0 ], [ 106.866901862385404, -6.228981826283204, 0.0 ], [ 106.866850567647134, -6.228975413839673, 0.0 ], [ 106.866834205491543, -6.228972945544865, 0.0 ], [ 106.866832740002394, -6.228972688527118, 0.0 ], [ 106.866826068010852, -6.228971520466802, 0.0 ], [ 106.866812662895413, -6.228968759610641, 0.0 ], [ 106.866804883458443, -6.228966895655293, 0.0 ], [ 106.866781686522785, -6.228960913598466, 0.0 ], [ 106.866766578371667, -6.228957405608858, 0.0 ], [ 106.866751769221537, -6.228954647911391, 0.0 ], [ 106.866744332156614, -6.228953534998277, 0.0 ], [ 106.866736872342173, -6.228952631928911, 0.0 ], [ 106.86672938716012, -6.228951964933072, 0.0 ], [ 106.866721886485266, -6.228951515892628, 0.0 ], [ 106.866714375677759, -6.228951267609799, 0.0 ], [ 106.866706859229637, -6.228951212835494, 0.0 ], [ 106.866699341693234, -6.22895136149917, 0.0 ], [ 106.866690801444634, -6.22895178141114, 0.0 ], [ 106.866673730220086, -6.228953199859299, 0.0 ], [ 106.866656669608446, -6.22895506492078, 0.0 ], [ 106.866639616968811, -6.228957140621037, 0.0 ], [ 106.866577789421569, -6.228965117939166, 0.0 ], [ 106.866562936250347, -6.228967033956533, 0.0 ], [ 106.866528551846898, -6.228971714363669, 0.0 ], [ 106.866484724815777, -6.228978156920626, 0.0 ], [ 106.866405333982939, -6.228990468486984, 0.0 ], [ 106.86631697053366, -6.229005109240668, 0.0 ], [ 106.866250547705832, -6.229015890284936, 0.0 ], [ 106.866226584635598, -6.229020149538449, 0.0 ], [ 106.866218084382098, -6.229021917393372, 0.0 ], [ 106.866140739547845, -6.229033855503205, 0.0 ], [ 106.866028821069278, -6.229044994579207, 0.0 ], [ 106.866017465912478, -6.229045788812384, 0.0 ], [ 106.86600809902545, -6.229046229721154, 0.0 ], [ 106.865999359450385, -6.22904649390907, 0.0 ], [ 106.865981904534181, -6.229046721116102, 0.0 ], [ 106.865964494788969, -6.229046691383206, 0.0 ], [ 106.865938463761239, -6.229046395584771, 0.0 ], [ 106.865895240840374, -6.229045589173992, 0.0 ], [ 106.865859856066351, -6.229044594999126, 0.0 ], [ 106.865825547311033, -6.229043073511203, 0.0 ], [ 106.865748401887814, -6.229039085111008, 0.0 ], [ 106.865722681150885, -6.229037876818017, 0.0 ], [ 106.865705524866357, -6.229037215985398, 0.0 ], [ 106.865651332683882, -6.229035698809249, 0.0 ], [ 106.865625378550945, -6.229034664030002, 0.0 ], [ 106.865573263214401, -6.229032035529442, 0.0 ], [ 106.865547078478571, -6.229030430137181, 0.0 ], [ 106.865511485329819, -6.229027997263588, 0.0 ], [ 106.865494397881889, -6.229027129129394, 0.0 ], [ 106.865486120308816, -6.229026970339655, 0.0 ], [ 106.865478136575547, -6.229027124251646, 0.0 ], [ 106.865462547602405, -6.229025875593447, 0.0 ], [ 106.865425598237678, -6.22902291586806, 0.0 ], [ 106.865353958003041, -6.229017176486408, 0.0 ], [ 106.865345793452263, -6.229015762330039, 0.0 ], [ 106.865337329879964, -6.229014615051952, 0.0 ], [ 106.865328666345107, -6.229013642078322, 0.0 ], [ 106.865265247538275, -6.229007769633284, 0.0 ], [ 106.865220103147976, -6.22900295371173, 0.0 ], [ 106.865193136542686, -6.228999718164996, 0.0 ], [ 106.865175204211212, -6.22899728520576, 0.0 ], [ 106.865166256515963, -6.228995926256441, 0.0 ], [ 106.865146757714314, -6.228992528678597, 0.0 ], [ 106.865137850890619, -6.228990718411771, 0.0 ], [ 106.865053729769414, -6.228971200421391, 0.0 ], [ 106.864911038979457, -6.228935693934782, 0.0 ], [ 106.864860854531585, -6.228922464451848, 0.0 ] ] ] } },
{ "type": "Feature", "properties": { "OBJECTID": 250, "toponimi": "Sal. Phb Pertanian Klender", "kewenangan": "Pemprov DKI", "jenis": "Saluran Drainase Tersier", "panjang": "591", "lebar": "2.7", "kedalaman": "1.5", "kota": "Jakarta Timur", "kecamatan": "Duren Sawit", "lebar_min": 2.7, "lebar_max": 2.7, "kedalaman_": 1.5, "kedalaman1": 1.5, "Shape_Leng": 0.59038288516000004 }, "geometry": { "type": "MultiLineString", "coordinates": [ [ [ 106.89578514914173, -6.213533748183215, 0.0 ], [ 106.89575448438876, -6.213534422174112, 0.0 ] ] ] } },
{ "type": "Feature", "properties": { "OBJECTID": 260, "toponimi": "Sal. Phb Pacul Mas", "kewenangan": "Pemprov DKI", "jenis": "Saluran Drainase Tersier", "panjang": "582", "lebar": "1.4", "kedalaman": "1.6", "kota": "Jakarta Timur", "kecamatan": "Duren Sawit", "lebar_min": 1.4, "lebar_max": 1.4, "kedalaman_": 1.6, "kedalaman1": 1.6, "Shape_Leng": 0.0891649082 }, "geometry": { "type": "MultiLineString", "coordinates": [ [ [ 106.895928116385804, -6.220762449807379, 0.0 ], [ 106.895881621259406, -6.220751182723103, 0.0 ] ] ] } },
{ "type": "Feature", "properties": { "OBJECTID": 231, "toponimi": "Sal. Phb Cipinang Jaya", "kewenangan": "Pemprov DKI", "jenis": "Saluran Drainase Tersier", "panjang": "2154", "lebar": "2 - 3", "kedalaman": "2-3", "kota": "Jakarta Timur", "kecamatan": "Jatinegara", "lebar_min": 2.0, "lebar_max": 3.0, "kedalaman_": 2.0, "kedalaman1": 3.0, "Shape_Leng": 0.9472915008 }, "geometry": { "type": "MultiLineString", "coordinates": [ [ [ 106.881299343604312, -6.214834528221546, 0.0 ], [ 106.881341047928387, -6.214831988348278, 0.0 ], [ 106.881952580207937, -6.214794742702234, 0.0 ], [ 106.882013875684706, -6.214791009185152, 0.0 ], [ 106.882060798216159, -6.214788151408848, 0.0 ], [ 106.882111867690483, -6.214785041075044, 0.0 ], [ 106.882747742895504, -6.214746311878147, 0.0 ], [ 106.883957615295813, -6.214670602489972, 0.0 ], [ 106.884485605187379, -6.2146458341476, 0.0 ], [ 106.884555058769436, -6.214642575778713, 0.0 ], [ 106.885351464474383, -6.214605215209502, 0.0 ], [ 106.885355008933203, -6.214605001849714, 0.0 ], [ 106.886480443765109, -6.214522581784093, 0.0 ], [ 106.886601388621855, -6.214513724510526, 0.0 ], [ 106.886669239564384, -6.214508755528365, 0.0 ], [ 106.886676304296216, -6.214519545673599, 0.0 ], [ 106.886682386327223, -6.214530919785133, 0.0 ], [ 106.886689949796903, -6.21455008322472, 0.0 ], [ 106.886694731895275, -6.214570122758358, 0.0 ], [ 106.88669663903849, -6.21459063728101, 0.0 ], [ 106.886695630915241, -6.214611216455568, 0.0 ], [ 106.88669609360926, -6.214640153701961, 0.0 ], [ 106.886700599055871, -6.214716172413454, 0.0 ], [ 106.886703891753356, -6.214764218562905, 0.0 ], [ 106.886707184452774, -6.214812264712072, 0.0 ], [ 106.886711143519435, -6.214874397739355, 0.0 ], [ 106.886724521802293, -6.215089303602504, 0.0 ], [ 106.886726379068548, -6.21511914362996, 0.0 ], [ 106.886732039673021, -6.215214821510741, 0.0 ], [ 106.886737012845373, -6.215298866431314, 0.0 ], [ 106.886737239114581, -6.215302528305944, 0.0 ], [ 106.886739922922544, -6.215346018841887, 0.0 ], [ 106.886744646660148, -6.215412547790434, 0.0 ], [ 106.886751074016971, -6.215503066605598, 0.0 ], [ 106.886757983010341, -6.21560273362485, 0.0 ], [ 106.886761232649675, -6.215644265574833, 0.0 ], [ 106.886764107132194, -6.215673315365356, 0.0 ], [ 106.88676766176917, -6.215705868993433, 0.0 ], [ 106.886785192176646, -6.2158618605439, 0.0 ], [ 106.886790555150654, -6.215907984322416, 0.0 ], [ 106.886802849350161, -6.216008545296865, 0.0 ], [ 106.886811075660603, -6.216074249816097, 0.0 ], [ 106.886817613123029, -6.216123658671112, 0.0 ], [ 106.886824186411886, -6.216169684095928, 0.0 ], [ 106.886825726225823, -6.216177878268874, 0.0 ], [ 106.886839502670909, -6.216251212019583, 0.0 ], [ 106.886847077464338, -6.216291534152371, 0.0 ], [ 106.886852359090511, -6.216319646791576, 0.0 ], [ 106.886863231700161, -6.21636659717403, 0.0 ], [ 106.886872189276531, -6.216405275158239, 0.0 ], [ 106.886874503365917, -6.21641346837468, 0.0 ], [ 106.886876654299343, -6.216421766150012, 0.0 ], [ 106.886878634743184, -6.216430138673601, 0.0 ], [ 106.886882267927902, -6.216447969861816, 0.0 ], [ 106.886886960501755, -6.216474816994475, 0.0 ], [ 106.886907311175122, -6.216598987096786, 0.0 ], [ 106.886961891137972, -6.216925212113312, 0.0 ], [ 106.886968838202051, -6.216968870956797, 0.0 ], [ 106.887010868115368, -6.217239086629215, 0.0 ], [ 106.887019289091768, -6.217291453427655, 0.0 ], [ 106.88703085085055, -6.217360628773414, 0.0 ], [ 106.887033386995057, -6.217377124838807, 0.0 ], [ 106.887033706643649, -6.217377073969589, 0.0 ], [ 106.88706302937058, -6.217545956206558, 0.0 ], [ 106.887062388266173, -6.217546057951575, 0.0 ], [ 106.887069334830159, -6.217586273815173, 0.0 ] ] ] } },
{ "type": "Feature", "properties": { "OBJECTID": 233, "toponimi": "Sal. Phb Cross Biru Laut", "kewenangan": "Pemprov DKI", "jenis": "Saluran Drainase Tersier", "panjang": "607", "lebar": "1.5 - 2", "kedalaman": "1-2", "kota": "Jakarta Timur", "kecamatan": "Jatinegara", "lebar_min": 1.5, "lebar_max": 2.0, "kedalaman_": 1.0, "kedalaman1": 2.0, "Shape_Leng": 0.89448990749000001 }, "geometry": { "type": "MultiLineString", "coordinates": [ [ [ 106.871939432806698, -6.245509381811135, 0.0 ], [ 106.87200795097759, -6.245264463461272, 0.0 ], [ 106.872073234471046, -6.24500097907286, 0.0 ], [ 106.872081290295085, -6.244964348639049, 0.0 ], [ 106.872088115506301, -6.24493331113053, 0.0 ], [ 106.872092299905773, -6.244914282887367, 0.0 ], [ 106.872103706085326, -6.244862414659679, 0.0 ], [ 106.872104513446345, -6.244858743653491, 0.0 ], [ 106.872107087563833, -6.244847035707399, 0.0 ], [ 106.872114699691465, -6.244812422201691, 0.0 ], [ 106.872130174523164, -6.244753960004261, 0.0 ], [ 106.872148742649998, -6.244696406321357, 0.0 ], [ 106.872170353154885, -6.244639925888919, 0.0 ], [ 106.872171889567326, -6.24463622787702, 0.0 ], [ 106.872181621847091, -6.244613954794916, 0.0 ], [ 106.87218876355773, -6.244598250532866, 0.0 ], [ 106.872196071772024, -6.244582618010367, 0.0 ], [ 106.872212963477651, -6.244547338584618, 0.0 ], [ 106.872221425059791, -6.244529040143075, 0.0 ], [ 106.87223576358754, -6.244496867417063, 0.0 ], [ 106.872256957376905, -6.244448220209081, 0.0 ], [ 106.872264121990952, -6.244432351310594, 0.0 ], [ 106.872279578240168, -6.244404010008784, 0.0 ], [ 106.872282587264067, -6.244398493033944, 0.0 ], [ 106.872288528104264, -6.244387598597831, 0.0 ], [ 106.872294639507373, -6.244376392527512, 0.0 ], [ 106.87230239546146, -6.24436217159736, 0.0 ], [ 106.872305026559033, -6.244357346737196, 0.0 ], [ 106.872305515791993, -6.244356448984563, 0.0 ], [ 106.872316393876687, -6.244336503626934, 0.0 ], [ 106.872317181143103, -6.244335060516132, 0.0 ], [ 106.872324825779856, -6.244321042511338, 0.0 ], [ 106.872331666098688, -6.244308500227569, 0.0 ], [ 106.872334292289963, -6.244302294749014, 0.0 ], [ 106.872337406994731, -6.244296006158845, 0.0 ], [ 106.872340891061171, -6.244289666526329, 0.0 ], [ 106.872344656024623, -6.244283298769822, 0.0 ], [ 106.872353546281019, -6.244269438175725, 0.0 ], [ 106.872363826122921, -6.244254549140527, 0.0 ], [ 106.872378369037193, -6.244234638662752, 0.0 ], [ 106.872392548317876, -6.244216137238976, 0.0 ], [ 106.872407339663837, -6.244197742135191, 0.0 ], [ 106.872422467546599, -6.244179721055712, 0.0 ], [ 106.87243346050974, -6.244167188407833, 0.0 ], [ 106.872450311777058, -6.244148759753618, 0.0 ], [ 106.872468936037635, -6.244129390804488, 0.0 ], [ 106.872493932150917, -6.244104223477714, 0.0 ], [ 106.872542827602899, -6.244055701023508, 0.0 ], [ 106.872562381566539, -6.244035817920527, 0.0 ], [ 106.87258674765765, -6.244010324627667, 0.0 ], [ 106.872623003048133, -6.243971803638242, 0.0 ], [ 106.872794331401408, -6.243786631827149, 0.0 ], [ 106.873043825000821, -6.243514369955462, 0.0 ], [ 106.87306888971348, -6.243485640027066, 0.0 ], [ 106.873126056639109, -6.243419012369065, 0.0 ], [ 106.873143507071276, -6.243407750569749, 0.0 ], [ 106.87314444057057, -6.243407032065472, 0.0 ], [ 106.873159670962181, -6.243393206768196, 0.0 ], [ 106.873160504461012, -6.243392315927512, 0.0 ], [ 106.87316248625244, -6.243390128971314, 0.0 ], [ 106.87319004778206, -6.243359728328655, 0.0 ], [ 106.873308733860995, -6.243227239598331, 0.0 ], [ 106.873338198574203, -6.243194656796971, 0.0 ], [ 106.873361924263179, -6.24316873177793, 0.0 ], [ 106.873396338157406, -6.243131990358163, 0.0 ], [ 106.87354697250187, -6.242972478615642, 0.0 ], [ 106.873693304986247, -6.242816500211998, 0.0 ], [ 106.873720066359795, -6.242787744341054, 0.0 ], [ 106.873785302353255, -6.242716497569902, 0.0 ], [ 106.873831219301564, -6.242667652943332, 0.0 ], [ 106.873837794681947, -6.242660658550114, 0.0 ], [ 106.873855356031882, -6.242641977805854, 0.0 ], [ 106.873880380277555, -6.242615358289742, 0.0 ], [ 106.873917343714012, -6.242576038190059, 0.0 ], [ 106.873929121702488, -6.242562977425631, 0.0 ], [ 106.873996367317659, -6.242491035432849, 0.0 ], [ 106.874045579569909, -6.242437670079029, 0.0 ], [ 106.874103840050338, -6.242374492335711, 0.0 ], [ 106.874119407849321, -6.242357489551901, 0.0 ], [ 106.874278659772827, -6.242183551195852, 0.0 ], [ 106.874296234847435, -6.242164165161317, 0.0 ], [ 106.874313546182307, -6.242144550411986, 0.0 ], [ 106.874325857198755, -6.242129956119147, 0.0 ], [ 106.874346160502355, -6.242105119205768, 0.0 ], [ 106.874357486917148, -6.242091100744354, 0.0 ], [ 106.874378621285132, -6.242064944431549, 0.0 ], [ 106.874393055719594, -6.242046578608302, 0.0 ], [ 106.874403261057196, -6.242033123806253, 0.0 ], [ 106.874413334935085, -6.242019542891484, 0.0 ], [ 106.874422118558627, -6.242007480115, 0.0 ], [ 106.874423304516341, -6.24200585204197, 0.0 ], [ 106.874438097131659, -6.241985054592608, 0.0 ], [ 106.874452508158512, -6.24196417260801, 0.0 ], [ 106.874472640727319, -6.24193401177261, 0.0 ], [ 106.874488442947865, -6.241910778569478, 0.0 ], [ 106.874512261877811, -6.241870705993286, 0.0 ], [ 106.874516863096872, -6.241862964567216, 0.0 ], [ 106.874520259896016, -6.241857249105182, 0.0 ], [ 106.874524752748641, -6.241847999041703, 0.0 ], [ 106.874537257226976, -6.241822258624673, 0.0 ], [ 106.874547469974004, -6.241801234267551, 0.0 ], [ 106.874563672564236, -6.241760755725466, 0.0 ], [ 106.874590221068701, -6.241705196222336, 0.0 ], [ 106.87460442173861, -6.241674708412837, 0.0 ], [ 106.874675663742281, -6.241517736022261, 0.0 ], [ 106.874685327165935, -6.241495956849875, 0.0 ], [ 106.874694528595725, -6.241474349302496, 0.0 ], [ 106.874698534850197, -6.241464450889574, 0.0 ], [ 106.87470429977752, -6.241449334704624, 0.0 ], [ 106.874707736916648, -6.241439719508445, 0.0 ], [ 106.874712629582902, -6.241425009679672, 0.0 ], [ 106.874715657566597, -6.24141517984919, 0.0 ], [ 106.874720325802244, -6.24139859109594, 0.0 ], [ 106.874723117603367, -6.241387642771185, 0.0 ], [ 106.874726933275298, -6.241370901540493, 0.0 ], [ 106.874729071416851, -6.241360345231282, 0.0 ], [ 106.874731988787289, -6.241343801591349, 0.0 ], [ 106.874734484344046, -6.241326532518416, 0.0 ], [ 106.874735597123248, -6.241317284546199, 0.0 ], [ 106.874737003299884, -6.241303393633104, 0.0 ], [ 106.874737797596637, -6.241293767052855, 0.0 ], [ 106.874738697068153, -6.241279669990145, 0.0 ], [ 106.87473941416296, -6.241263069990796, 0.0 ], [ 106.874739907829124, -6.241239028744666, 0.0 ], [ 106.874740052695373, -6.241214976082532, 0.0 ], [ 106.874739965366643, -6.241189909793007, 0.0 ], [ 106.874739663932743, -6.241162818974295, 0.0 ], [ 106.87473806848017, -6.24106326348872, 0.0 ], [ 106.87473723775885, -6.241026820238719, 0.0 ], [ 106.874735671954994, -6.240972444021184, 0.0 ], [ 106.874736108244946, -6.240938364223247, 0.0 ], [ 106.874736552768567, -6.24089948517801, 0.0 ], [ 106.874770350656263, -6.240899450724949, 0.0 ], [ 106.8748110496104, -6.240899408874474, 0.0 ], [ 106.875142860246939, -6.240899357410429, 0.0 ], [ 106.875190480282924, -6.240899349650574, 0.0 ], [ 106.875204031945799, -6.240900042785667, 0.0 ], [ 106.875205601672789, -6.24090013032212, 0.0 ], [ 106.875218518268156, -6.240900853747386, 0.0 ], [ 106.875233001224117, -6.240901734340013, 0.0 ], [ 106.875247494366235, -6.240902684515276, 0.0 ], [ 106.875261954316329, -6.240903701715319, 0.0 ], [ 106.875276424452593, -6.240904788498014, 0.0 ], [ 106.875290889412128, -6.240905944014029, 0.0 ], [ 106.875305345580955, -6.24090716827612, 0.0 ], [ 106.875320000836965, -6.240908480435169, 0.0 ], [ 106.875334446658869, -6.24090984397201, 0.0 ], [ 106.875348886400502, -6.24091127624537, 0.0 ], [ 106.875363318251772, -6.240912776357482, 0.0 ], [ 106.875377742215875, -6.240914345212511, 0.0 ], [ 106.87539215739244, -6.240915983717746, 0.0 ], [ 106.875406589989794, -6.240917693588155, 0.0 ], [ 106.875421084299191, -6.240919480090976, 0.0 ], [ 106.875435568013756, -6.240921336250381, 0.0 ], [ 106.875449948927923, -6.240923248832773, 0.0 ], [ 106.87546432195829, -6.240925231062129, 0.0 ], [ 106.875478684387417, -6.240927281139954, 0.0 ], [ 106.875493188992493, -6.240929422029786, 0.0 ], [ 106.875494406614479, -6.240929584959694, 0.0 ], [ 106.875507671437191, -6.240931175118776, 0.0 ], [ 106.875520988930134, -6.240932840134137, 0.0 ], [ 106.8755340797711, -6.240934542122432, 0.0 ], [ 106.8755472449797, -6.240936322506419, 0.0 ], [ 106.875560358897189, -6.240938161842245, 0.0 ], [ 106.875573490229115, -6.240940070735032, 0.0 ], [ 106.875586758302788, -6.240942066842689, 0.0 ], [ 106.875599844012513, -6.240944104286266, 0.0 ], [ 106.875612918204681, -6.240946205965053, 0.0 ], [ 106.87562615536649, -6.240948401998264, 0.0 ], [ 106.875639063689704, -6.240950610052552, 0.0 ], [ 106.875652280540308, -6.240952938163077, 0.0 ], [ 106.8756653086798, -6.240955301303079, 0.0 ], [ 106.875678325305373, -6.240957729582409, 0.0 ], [ 106.875691502202642, -6.240960255842496, 0.0 ], [ 106.875704529255756, -6.24096282151437, 0.0 ], [ 106.875717507722115, -6.240965444320283, 0.0 ], [ 106.875730509036728, -6.240968140280413, 0.0 ], [ 106.875743595590066, -6.240970922734636, 0.0 ], [ 106.875756530476124, -6.240973740086457, 0.0 ], [ 106.87576949273452, -6.240976632384617, 0.0 ], [ 106.87578240097541, -6.240979579123763, 0.0 ], [ 106.875795381799577, -6.240982610593804, 0.0 ], [ 106.87580838096072, -6.240985717042316, 0.0 ], [ 106.87582124110088, -6.240988857439326, 0.0 ], [ 106.875834129519887, -6.240992073683599, 0.0 ], [ 106.875847083294062, -6.240995374684474, 0.0 ], [ 106.875860052688509, -6.240998748865318, 0.0 ], [ 106.875871670789508, -6.241001720089857, 0.0 ], [ 106.87588316797158, -6.241004734239942, 0.0 ], [ 106.875894464632495, -6.241007765378774, 0.0 ], [ 106.875906064532202, -6.241010953662729, 0.0 ], [ 106.875917364424922, -6.241014131261348, 0.0 ], [ 106.875928605785916, -6.241017364221341, 0.0 ], [ 106.875940150401817, -6.241020758846987, 0.0 ], [ 106.875951350671258, -6.241024123958293, 0.0 ], [ 106.875962716726775, -6.241027613250782, 0.0 ], [ 106.875973876808132, -6.24103111051039, 0.0 ], [ 106.875985153837973, -6.241034718562947, 0.0 ], [ 106.875996452841733, -6.241038407910232, 0.0 ], [ 106.876007596519102, -6.241042119510131, 0.0 ], [ 106.876018816442127, -6.241045929390347, 0.0 ], [ 106.876030039349175, -6.24104981611199, 0.0 ], [ 106.876041203718287, -6.241053756386689, 0.0 ], [ 106.87605225617105, -6.241057730513397, 0.0 ], [ 106.876063236513886, -6.241061752816456, 0.0 ], [ 106.876074377253971, -6.24106590836158, 0.0 ], [ 106.876085491117593, -6.241070128196678, 0.0 ], [ 106.876096579924081, -6.241074415931713, 0.0 ], [ 106.876107462708262, -6.241078698071711, 0.0 ], [ 106.876118500475215, -6.241083115281225, 0.0 ], [ 106.876129329502746, -6.241087525096934, 0.0 ], [ 106.876140318046666, -6.241092074486759, 0.0 ], [ 106.876151149415492, -6.241096634382054, 0.0 ], [ 106.876162079688498, -6.24110131236785, 0.0 ], [ 106.876172728806196, -6.241105945243836, 0.0 ], [ 106.876417310360935, -6.24121672311605, 0.0 ], [ 106.876496042581792, -6.241219354756219, 0.0 ], [ 106.877081357983016, -6.241474228545994, 0.0 ] ] ] } },
{ "type": "Feature", "properties": { "OBJECTID": 237, "toponimi": "Sal. Phb Jenderal Urip", "kewenangan": "Pemprov DKI", "jenis": "Saluran Drainase Tersier", "panjang": "491", "lebar": "0.8", "kedalaman": "1-2", "kota": "Jakarta Timur", "kecamatan": "Jatinegara", "lebar_min": 0.8, "lebar_max": 0.8, "kedalaman_": 1.0, "kedalaman1": 2.0, "Shape_Leng": 0.27088634729 }, "geometry": { "type": "MultiLineString", "coordinates": [ [ [ 106.863694771096405, -6.214155074694735, 0.0 ], [ 106.863699252320615, -6.214071378499308, 0.0 ], [ 106.863707926533735, -6.213909367748069, 0.0 ], [ 106.863724289109641, -6.213603778198252, 0.0 ], [ 106.863705029366145, -6.213434007894891, 0.0 ], [ 106.862832069172484, -6.212672412031377, 0.0 ], [ 106.862750346326393, -6.212601114317174, 0.0 ], [ 106.862490776732599, -6.212374657274983, 0.0 ], [ 106.862550250823219, -6.212306595236149, 0.0 ] ] ] } },
{ "type": "Feature", "properties": { "OBJECTID": 1106, "toponimi": "Sal. Phb Jenderal Urip", "kewenangan": "Pemprov DKI", "jenis": "Saluran Drainase Tersier", "panjang": "491", "lebar": "0.8", "kedalaman": "1-2", "kota": "Jakarta Timur", "kecamatan": "Jatinegara", "lebar_min": 0.8, "lebar_max": 0.8, "kedalaman_": 1.0, "kedalaman1": 2.0, "Shape_Leng": 0.30241227482 }, "geometry": { "type": "MultiLineString", "coordinates": [ [ [ 106.863694771096405, -6.214155074694735, 0.0 ], [ 106.863633980885012, -6.214126977177524, 0.0 ], [ 106.863241982501378, -6.213948603718463, 0.0 ], [ 106.862791880071157, -6.213745686963519, 0.0 ], [ 106.862415063445539, -6.213571468080229, 0.0 ], [ 106.86216234325812, -6.213444418347212, 0.0 ], [ 106.862207642650631, -6.213392201179427, 0.0 ], [ 106.862240237296362, -6.213354629050452, 0.0 ], [ 106.862832069172484, -6.212672412031377, 0.0 ] ] ] } },
{ "type": "Feature", "properties": { "OBJECTID": 227, "toponimi": "Sal. Phb Cipinang Besar Selatan", "kewenangan": "Pemprov DKI", "jenis": "Saluran Drainase Tersier", "panjang": "461", "lebar": "3", "kedalaman": "1-1.5", "kota": "Jakarta Timur", "kecamatan": "Jatinegara", "lebar_min": 3.0, "lebar_max": 3.0, "kedalaman_": 1.0, "kedalaman1": 1.5, "Shape_Leng": 0.48640337703999997 }, "geometry": { "type": "MultiLineString", "coordinates": [ [ [ 106.87993864851309, -6.225948944580961, 0.0 ], [ 106.880050822873159, -6.2257773395433, 0.0 ], [ 106.880085061689044, -6.225725545639194, 0.0 ], [ 106.880171134458877, -6.225729545454421, 0.0 ], [ 106.880443626404286, -6.225722833294419, 0.0 ], [ 106.88048807407435, -6.225718368477313, 0.0 ], [ 106.880480565198397, -6.225623663377014, 0.0 ], [ 106.880451981622201, -6.225249143331909, 0.0 ], [ 106.880416027215716, -6.224818671157142, 0.0 ], [ 106.880421534541782, -6.22475406117964, 0.0 ], [ 106.880498668703353, -6.224664795852791, 0.0 ], [ 106.880599532334529, -6.224391722696017, 0.0 ], [ 106.880642381774223, -6.224341333903055, 0.0 ], [ 106.880688120170532, -6.224296675236495, 0.0 ], [ 106.880721981000036, -6.224138668186669, 0.0 ], [ 106.880749895389627, -6.22392183330158, 0.0 ], [ 106.880758230389716, -6.223845730611656, 0.0 ], [ 106.880771020928847, -6.223812671978903, 0.0 ], [ 106.880825278999055, -6.223743582790219, 0.0 ], [ 106.880839407239918, -6.223683248556, 0.0 ], [ 106.880813156375936, -6.223561338493374, 0.0 ], [ 106.880751757179226, -6.223235736630057, 0.0 ], [ 106.880700016301375, -6.223205779440349, 0.0 ], [ 106.880592441507474, -6.223204726841256, 0.0 ], [ 106.880373115355894, -6.223238521091577, 0.0 ], [ 106.880278442498536, -6.223235987600123, 0.0 ], [ 106.880190222687204, -6.223031048917197, 0.0 ], [ 106.88014140812507, -6.222882904851815, 0.0 ], [ 106.880083198194029, -6.222678335740852, 0.0 ] ] ] } },
{ "type": "Feature", "properties": { "OBJECTID": 223, "toponimi": "Sal. Phb SDPU", "kewenangan": "Pemprov DKI", "jenis": "Saluran Drainase Tersier", "panjang": "173", "lebar": "1", "kedalaman": "1-2", "kota": "Jakarta Timur", "kecamatan": "Jatinegara", "lebar_min": 1.0, "lebar_max": 1.0, "kedalaman_": 1.0, "kedalaman1": 2.0, "Shape_Leng": 0.16597764335000001 }, "geometry": { "type": "MultiLineString", "coordinates": [ [ [ 106.864895111705707, -6.220460316606834, 0.0 ], [ 106.864891670409676, -6.220470596325851, 0.0 ], [ 106.864883352940026, -6.220488555059069, 0.0 ], [ 106.864872565022011, -6.220505146392615, 0.0 ], [ 106.86485952681619, -6.220520031395628, 0.0 ], [ 106.864844503780716, -6.220532906239242, 0.0 ], [ 106.864827801277727, -6.220543509449032, 0.0 ], [ 106.86471350710228, -6.220595072690497, 0.0 ], [ 106.864600722266118, -6.220649863839496, 0.0 ], [ 106.864489537866305, -6.220707839176513, 0.0 ], [ 106.864335588141216, -6.2207949462959, 0.0 ], [ 106.864185249439302, -6.22088815633759, 0.0 ], [ 106.863973498473982, -6.221007490308251, 0.0 ], [ 106.86379792951081, -6.221104151562787, 0.0 ], [ 106.863678206274585, -6.221167314055038, 0.0 ], [ 106.863614558737027, -6.221196937194082, 0.0 ] ] ] } },
{ "type": "Feature", "properties": { "OBJECTID": 228, "toponimi": "Sal. Phb Cipinang Muara PLN", "kewenangan": "Pemprov DKI", "jenis": "Saluran Drainase Tersier", "panjang": "1910", "lebar": "1 - 2", "kedalaman": "2-3", "kota": "Jakarta Timur", "kecamatan": "Jatinegara", "lebar_min": 1.0, "lebar_max": 2.0, "kedalaman_": 2.0, "kedalaman1": 3.0, "Shape_Leng": 0.4948557838 }, "geometry": { "type": "MultiLineString", "coordinates": [ [ [ 106.892976996880435, -6.221642276947406, 0.0 ], [ 106.892939770266906, -6.221658017638966, 0.0 ], [ 106.892928642715574, -6.221661970640112, 0.0 ], [ 106.892908267025419, -6.221668159273743, 0.0 ], [ 106.892874471021031, -6.22167610392902, 0.0 ], [ 106.89284015215074, -6.221681341654916, 0.0 ], [ 106.892836822316099, -6.221681702587753, 0.0 ], [ 106.892822609617042, -6.221681682102688, 0.0 ], [ 106.892819061934659, -6.221681507661549, 0.0 ], [ 106.892798455727871, -6.221679077956522, 0.0 ], [ 106.892778262165663, -6.221674307762907, 0.0 ], [ 106.892753746755034, -6.221667628145466, 0.0 ], [ 106.892738201319929, -6.221660005005252, 0.0 ], [ 106.892723573359348, -6.221650738467194, 0.0 ], [ 106.892708892862885, -6.221638909785558, 0.0 ], [ 106.892695709841092, -6.221625428394272, 0.0 ], [ 106.892695163407396, -6.221624718794862, 0.0 ], [ 106.892684211087911, -6.221610483493245, 0.0 ], [ 106.892686762434195, -6.221608189588891, 0.0 ], [ 106.892694502454589, -6.221600087883473, 0.0 ], [ 106.89270224247484, -6.221591986177977, 0.0 ], [ 106.892703271931978, -6.221590834231264, 0.0 ], [ 106.892704937031709, -6.221588558873543, 0.0 ], [ 106.892725482005133, -6.221556459716455, 0.0 ], [ 106.892729197113965, -6.22155065448416, 0.0 ], [ 106.892735245516278, -6.221541205344517, 0.0 ], [ 106.89273582572622, -6.221540244877139, 0.0 ], [ 106.892736574137729, -6.221538822695828, 0.0 ], [ 106.892798840631414, -6.221409470335109, 0.0 ], [ 106.892806817764992, -6.221392898705481, 0.0 ], [ 106.89285108614304, -6.221300936440135, 0.0 ], [ 106.892924487862061, -6.221146564608595, 0.0 ], [ 106.892931450955302, -6.221131919718186, 0.0 ], [ 106.893050036954037, -6.220882518215179, 0.0 ], [ 106.893107531531314, -6.220761598693082, 0.0 ], [ 106.893227417656647, -6.220509462036527, 0.0 ], [ 106.893251400275332, -6.220472812683477, 0.0 ], [ 106.893287661814242, -6.220438876942199, 0.0 ], [ 106.893322772024604, -6.220417984822309, 0.0 ], [ 106.893323267849411, -6.220417681062556, 0.0 ], [ 106.893359475178201, -6.220394853767164, 0.0 ], [ 106.893408186729758, -6.220376601798622, 0.0 ], [ 106.893450685484851, -6.220363766191604, 0.0 ], [ 106.893497572555432, -6.220357278181796, 0.0 ], [ 106.893503658348763, -6.220357019481253, 0.0 ], [ 106.893595143995825, -6.220353134634327, 0.0 ], [ 106.893772201403806, -6.220342921414205, 0.0 ], [ 106.894346807458263, -6.22030832464323, 0.0 ], [ 106.894825977766928, -6.220277883283783, 0.0 ], [ 106.89538727373548, -6.220232300873057, 0.0 ], [ 106.895420777067528, -6.220229966418451, 0.0 ], [ 106.895586047784221, -6.220216307646203, 0.0 ], [ 106.895618292824963, -6.220213540092405, 0.0 ], [ 106.895794521015432, -6.220198413396703, 0.0 ], [ 106.895804415538279, -6.220197564160745, 0.0 ], [ 106.895823404348505, -6.220195933658185, 0.0 ], [ 106.895854352391879, -6.220193277433999, 0.0 ], [ 106.895867786542695, -6.220192124360347, 0.0 ], [ 106.896057063526342, -6.220189082467858, 0.0 ] ] ] } },
{ "type": "Feature", "properties": { "OBJECTID": 248, "toponimi": "Sal. Phb Cipinang Muara 2", "kewenangan": "Pemprov DKI", "jenis": "Saluran Drainase Tersier", "panjang": "931", "lebar": "2", "kedalaman": "1.5 - 2", "kota": "Jakarta Timur", "kecamatan": "Duren Sawit", "lebar_min": 2.0, "lebar_max": 2.0, "kedalaman_": 1.5, "kedalaman1": 2.0, "Shape_Leng": 0.63567713487 }, "geometry": { "type": "MultiLineString", "coordinates": [ [ [ 106.893612445531403, -6.223061691004125, 0.0 ], [ 106.893554168662504, -6.223050907841026, 0.0 ] ] ] } },
{ "type": "Feature", "properties": { "OBJECTID": 1103, "toponimi": "Sal. Phb Cipinang Jaya", "kewenangan": "Pemprov DKI", "jenis": "Saluran Drainase Tersier", "panjang": "2154", "lebar": "2 - 3", "kedalaman": "2-3", "kota": "Jakarta Timur", "kecamatan": "Jatinegara", "lebar_min": 2.0, "lebar_max": 3.0, "kedalaman_": 2.0, "kedalaman1": 3.0, "Shape_Leng": 1.35917613798 }, "geometry": { "type": "MultiLineString", "coordinates": [ [ [ 106.883313827729182, -6.228179156982016, 0.0 ], [ 106.883409957081724, -6.227936665196521, 0.0 ], [ 106.883719098837318, -6.227257932930016, 0.0 ], [ 106.884196296748058, -6.226091575361751, 0.0 ], [ 106.884212642995266, -6.226051363977894, 0.0 ], [ 106.884229104962472, -6.22598676734517, 0.0 ], [ 106.884237163168834, -6.225964044321388, 0.0 ], [ 106.884244706819771, -6.225948940215037, 0.0 ], [ 106.884374289761226, -6.225757062197, 0.0 ], [ 106.884417489489451, -6.225691501297666, 0.0 ], [ 106.884898697828959, -6.224525184749133, 0.0 ], [ 106.885664828039836, -6.222710105540642, 0.0 ], [ 106.886313316844053, -6.221155719709841, 0.0 ], [ 106.886800674522277, -6.21999997379953, 0.0 ], [ 106.887234920981086, -6.218966900106581, 0.0 ], [ 106.887504070804141, -6.21829229115804, 0.0 ], [ 106.887754423326598, -6.217709610253651, 0.0 ], [ 106.887894768966831, -6.217381853740544, 0.0 ], [ 106.888061407694579, -6.217004296289949, 0.0 ] ] ] } },
{ "type": "Feature", "properties": { "OBJECTID": 230, "toponimi": "Sal. Phb DI Panjaitan UPP", "kewenangan": "Pemprov DKI", "jenis": "Saluran Drainase Tersier", "panjang": "785", "lebar": "1.5 - 3", "kedalaman": "3", "kota": "Jakarta Timur", "kecamatan": "Jatinegara", "lebar_min": 1.5, "lebar_max": 3.0, "kedalaman_": 3.0, "kedalaman1": 3.0, "Shape_Leng": 0.30401106650999998 }, "geometry": { "type": "MultiLineString", "coordinates": [ [ [ 106.875708078035728, -6.227852979135962, 0.0 ], [ 106.875499049456167, -6.226882477334914, 0.0 ], [ 106.875360529757046, -6.22617797910542, 0.0 ], [ 106.875374785981649, -6.226153528196178, 0.0 ], [ 106.875964409089931, -6.226213680399029, 0.0 ], [ 106.87634785767365, -6.226280815389784, 0.0 ] ] ] } },
{ "type": "Feature", "properties": { "OBJECTID": 239, "toponimi": "Sal. Phb BKT", "kewenangan": "Pemprov DKI", "jenis": "Saluran Drainase Tersier", "panjang": "583", "lebar": "1", "kedalaman": "0.5-1", "kota": "Jakarta Timur", "kecamatan": "Jatinegara", "lebar_min": 1.0, "lebar_max": 1.0, "kedalaman_": 0.5, "kedalaman1": 1.0, "Shape_Leng": 0.60155800595999998 }, "geometry": { "type": "MultiLineString", "coordinates": [ [ [ 106.878677310303587, -6.228975996075938, 0.0 ], [ 106.878666263762611, -6.228978179149656, 0.0 ], [ 106.878658117331895, -6.228852794915914, 0.0 ], [ 106.878657127136805, -6.228837562670949, 0.0 ], [ 106.878652383426171, -6.228764551657505, 0.0 ], [ 106.878652378606589, -6.228764466684913, 0.0 ], [ 106.878640214033879, -6.228501545341625, 0.0 ], [ 106.878636035843627, -6.228411232373448, 0.0 ], [ 106.879079565919128, -6.228236083759891, 0.0 ], [ 106.879269278131048, -6.228162288789743, 0.0 ], [ 106.879338015781215, -6.228132970205404, 0.0 ], [ 106.879407653941612, -6.228105862660041, 0.0 ], [ 106.879509545405668, -6.228070709937737, 0.0 ], [ 106.879612946260124, -6.228040288642831, 0.0 ], [ 106.879717637185252, -6.228014662845284, 0.0 ], [ 106.879823395209073, -6.227993885778609, 0.0 ], [ 106.879919062779038, -6.227979402242067, 0.0 ], [ 106.880032662766624, -6.227967411711345, 0.0 ], [ 106.880033258050432, -6.227967377944945, 0.0 ], [ 106.880089687230026, -6.22796419678965, 0.0 ], [ 106.880146711690756, -6.22796098186208, 0.0 ], [ 106.880224016907547, -6.227959793172401, 0.0 ], [ 106.880648896047319, -6.227953261670617, 0.0 ], [ 106.881432157141745, -6.227936000866091, 0.0 ], [ 106.881531769625383, -6.22793380568559, 0.0 ], [ 106.881563843004443, -6.227934622568509, 0.0 ], [ 106.881656853632094, -6.227936991525415, 0.0 ], [ 106.882208688947046, -6.227951043596205, 0.0 ], [ 106.882297747300683, -6.227953311712209, 0.0 ], [ 106.882468919450474, -6.227959796697216, 0.0 ], [ 106.882528739787901, -6.227962062409513, 0.0 ], [ 106.882652312100447, -6.227966744337255, 0.0 ], [ 106.883147428088691, -6.227985501350424, 0.0 ], [ 106.883245865888952, -6.227994192316624, 0.0 ], [ 106.883343763284216, -6.228007667210695, 0.0 ], [ 106.8833780313619, -6.228014098113852, 0.0 ] ] ] } },
{ "type": "Feature", "properties": { "OBJECTID": 226, "toponimi": "Sal. Phb Prumpung", "kewenangan": "Pemprov DKI", "jenis": "Saluran Drainase Tersier", "panjang": "1715", "lebar": "2.5 - 3", "kedalaman": "1-3", "kota": "Jakarta Timur", "kecamatan": "Jatinegara", "lebar_min": 2.5, "lebar_max": 3.0, "kedalaman_": 1.0, "kedalaman1": 3.0, "Shape_Leng": 1.7024246897199999 }, "geometry": { "type": "MultiLineString", "coordinates": [ [ [ 106.874592121675178, -6.218876031353069, 0.0 ], [ 106.874628088853143, -6.218907002837652, 0.0 ], [ 106.874660520105195, -6.218952340226606, 0.0 ], [ 106.87470240866638, -6.218967741142253, 0.0 ], [ 106.874825520359749, -6.218968599925983, 0.0 ], [ 106.874860266829316, -6.218992398588431, 0.0 ], [ 106.874912885788248, -6.219337889579025, 0.0 ], [ 106.874975965801269, -6.219599614730753, 0.0 ], [ 106.8751580679494, -6.219719776173729, 0.0 ], [ 106.875311679931656, -6.219895059717593, 0.0 ], [ 106.875561994377136, -6.22003890165982, 0.0 ], [ 106.875840743978358, -6.220112070989432, 0.0 ], [ 106.875963758852123, -6.22008531889768, 0.0 ], [ 106.8761165982297, -6.220042912221939, 0.0 ], [ 106.876281454153414, -6.220018404738201, 0.0 ], [ 106.876307630047563, -6.219984820315386, 0.0 ], [ 106.876332573367279, -6.219940475485539, 0.0 ], [ 106.876359082306919, -6.219663779885143, 0.0 ], [ 106.876346493953548, -6.219484407298345, 0.0 ], [ 106.876365294447439, -6.219393435685939, 0.0 ], [ 106.876429709412619, -6.219357323979074, 0.0 ], [ 106.876551596637455, -6.219349713912169, 0.0 ], [ 106.876601795335745, -6.219349535599145, 0.0 ], [ 106.876651876141509, -6.219315866259455, 0.0 ], [ 106.876657927874732, -6.219000071161782, 0.0 ], [ 106.876621561835719, -6.218856665973523, 0.0 ], [ 106.876593578897399, -6.218380711661428, 0.0 ], [ 106.876588203887124, -6.218213275344388, 0.0 ], [ 106.876631028030943, -6.218155709866863, 0.0 ], [ 106.877084617239035, -6.217986642449774, 0.0 ], [ 106.877172876567357, -6.217933699392241, 0.0 ], [ 106.877572338250502, -6.217331831401676, 0.0 ], [ 106.877826798911059, -6.216960131975505, 0.0 ], [ 106.877886619054308, -6.216976665131122, 0.0 ], [ 106.877946388272179, -6.216978845123688, 0.0 ], [ 106.878067638209956, -6.216791819998059, 0.0 ], [ 106.87810813942292, -6.216753400815816, 0.0 ], [ 106.878155931182988, -6.216748446235361, 0.0 ], [ 106.878289922437943, -6.216783853842964, 0.0 ], [ 106.878663236660671, -6.216897353615734, 0.0 ], [ 106.878981103429695, -6.216879477893942, 0.0 ], [ 106.879268031304221, -6.216899988139204, 0.0 ], [ 106.880351454825984, -6.217054021006325, 0.0 ], [ 106.881217196041632, -6.217165766465476, 0.0 ], [ 106.881288874612139, -6.217155942734777, 0.0 ], [ 106.881607899305877, -6.216791189563431, 0.0 ], [ 106.881923358703048, -6.21676853595217, 0.0 ], [ 106.882750308038112, -6.216727315531396, 0.0 ], [ 106.883436272738393, -6.216700948677217, 0.0 ], [ 106.883713885496974, -6.216790863760052, 0.0 ], [ 106.884314638111974, -6.217001630012977, 0.0 ], [ 106.884809795942999, -6.217095552542951, 0.0 ], [ 106.885053984541571, -6.217197546909365, 0.0 ], [ 106.885559240784247, -6.217442143356433, 0.0 ], [ 106.886222764252665, -6.217827579509777, 0.0 ] ] ] } },
{ "type": "Feature", "properties": { "OBJECTID": 238, "toponimi": "Sal. Phb Matraman Raya", "kewenangan": "Pemprov DKI", "jenis": "Saluran Drainase Tersier", "panjang": "359", "lebar": "1", "kedalaman": "1-1.5", "kota": "Jakarta Timur", "kecamatan": "Jatinegara", "lebar_min": 1.0, "lebar_max": 1.0, "kedalaman_": 1.0, "kedalaman1": 1.5, "Shape_Leng": 0.38229856804000001 }, "geometry": { "type": "MultiLineString", "coordinates": [ [ [ 106.86216234325812, -6.213444418347212, 0.0 ], [ 106.862062370811941, -6.213394159397717, 0.0 ], [ 106.861797726332014, -6.213261115285868, 0.0 ], [ 106.861783336468548, -6.213253881168358, 0.0 ], [ 106.861717635011871, -6.213217278994557, 0.0 ], [ 106.861654648056259, -6.213176175408947, 0.0 ], [ 106.861594683488519, -6.213130770050871, 0.0 ], [ 106.861538033912069, -6.213081284313441, 0.0 ], [ 106.861484975740638, -6.21302796044251, 0.0 ], [ 106.861431928874637, -6.212966025344851, 0.0 ], [ 106.861383960823034, -6.212900074185444, 0.0 ], [ 106.861349860213537, -6.21284541141755, 0.0 ], [ 106.861319250740593, -6.212788715569891, 0.0 ], [ 106.861232548001155, -6.212639508621335, 0.0 ], [ 106.861187027380936, -6.212561171825506, 0.0 ], [ 106.861225938484409, -6.212541904760267, 0.0 ], [ 106.861307287150041, -6.212501624946037, 0.0 ], [ 106.861401584516358, -6.212454933389305, 0.0 ], [ 106.861892860467023, -6.212100309511072, 0.0 ], [ 106.861906828031692, -6.212090226024094, 0.0 ], [ 106.861936837323157, -6.2120733374484, 0.0 ], [ 106.86196903504171, -6.212061133734079, 0.0 ], [ 106.862002693943595, -6.212053887782954, 0.0 ], [ 106.862037057490284, -6.212051763197826, 0.0 ], [ 106.862107970683596, -6.212053849878214, 0.0 ], [ 106.8621553954859, -6.212060885410302, 0.0 ], [ 106.862185776346166, -6.212070025241839, 0.0 ], [ 106.86220130820233, -6.212074698384533, 0.0 ], [ 106.862205749468302, -6.212076431383845, 0.0 ], [ 106.862276171860088, -6.212103899406226, 0.0 ], [ 106.862310274712783, -6.212119366964646, 0.0 ], [ 106.862342720205589, -6.21213806638184, 0.0 ], [ 106.862373204151709, -6.212159821514656, 0.0 ], [ 106.862379984141114, -6.212165300329248, 0.0 ], [ 106.862491707645219, -6.212255578300694, 0.0 ], [ 106.862493784584601, -6.212257332280915, 0.0 ], [ 106.8625059864452, -6.212267977329455, 0.0 ], [ 106.862550250823219, -6.212306595236149, 0.0 ], [ 106.862882896311092, -6.211958559097094, 0.0 ] ] ] } },
{ "type": "Feature", "properties": { "OBJECTID": 1105, "toponimi": "Sal. Phb DI Panjaitan UPP", "kewenangan": "Pemprov DKI", "jenis": "Saluran Drainase Tersier", "panjang": "785", "lebar": "1.5 - 3", "kedalaman": "3", "kota": "Jakarta Timur", "kecamatan": "Jatinegara", "lebar_min": 1.5, "lebar_max": 3.0, "kedalaman_": 3.0, "kedalaman1": 3.0, "Shape_Leng": 0.57124294095000006 }, "geometry": { "type": "MultiLineString", "coordinates": [ [ [ 106.876754855740671, -6.231954708527659, 0.0 ], [ 106.876607779655998, -6.231462044949836, 0.0 ], [ 106.876465049210793, -6.230986499372374, 0.0 ], [ 106.876291156768744, -6.230487141702675, 0.0 ], [ 106.876116322485657, -6.229722250795719, 0.0 ], [ 106.87594206671109, -6.229120029164538, 0.0 ], [ 106.87585223411088, -6.228730414985535, 0.0 ], [ 106.875778981428411, -6.228297681749723, 0.0 ], [ 106.875708078035728, -6.227852979135962, 0.0 ], [ 106.876135548113922, -6.22782953089342, 0.0 ], [ 106.87639746315844, -6.227805634089841, 0.0 ], [ 106.876571016458414, -6.227771923201304, 0.0 ] ] ] } },
{ "type": "Feature", "properties": { "OBJECTID": 1091, "toponimi": "Sal. Phb Pacul Mas", "kewenangan": "Pemprov DKI", "jenis": "Saluran Drainase Tersier", "panjang": "582", "lebar": "1.4", "kedalaman": "1.6", "kota": "Jakarta Timur", "kecamatan": "Duren Sawit", "lebar_min": 1.4, "lebar_max": 1.4, "kedalaman_": 1.6, "kedalaman1": 1.6, "Shape_Leng": 0.36892543135 }, "geometry": { "type": "MultiLineString", "coordinates": [ [ [ 106.894864436182658, -6.221651994266526, 0.0 ], [ 106.894856470659349, -6.221623518802258, 0.0 ] ] ] } },
{ "type": "Feature", "properties": { "OBJECTID": 247, "toponimi": "Sal. Phb Pondok Bambu", "kewenangan": "Pemprov DKI", "jenis": "Saluran Drainase Tersier", "panjang": "1722", "lebar": "4", "kedalaman": "1.8", "kota": "Jakarta Timur", "kecamatan": "Duren Sawit", "lebar_min": 4.0, "lebar_max": 4.0, "kedalaman_": 1.8, "kedalaman1": 1.8, "Shape_Leng": 1.6426920492799999 }, "geometry": { "type": "MultiLineString", "coordinates": [ [ [ 106.892043340490829, -6.234718536984312, 0.0 ], [ 106.892043340200075, -6.23471853688687, 0.0 ] ] ] } },
{ "type": "Feature", "properties": { "OBJECTID": 219, "toponimi": "Sal. Phb H. Kaiman", "kewenangan": "Pemprov DKI", "jenis": "Saluran Drainase Tersier", "panjang": "985", "lebar": "1 - 2", "kedalaman": "2-4", "kota": "Jakarta Timur", "kecamatan": "Jatinegara", "lebar_min": 1.0, "lebar_max": 2.0, "kedalaman_": 2.0, "kedalaman1": 4.0, "Shape_Leng": 1.0794717389899999 }, "geometry": { "type": "MultiLineString", "coordinates": [ [ [ 106.870168276885153, -6.224501936950407, 0.0 ], [ 106.870184964263061, -6.22450214184059, 0.0 ], [ 106.870226249845814, -6.22450148020146, 0.0 ], [ 106.870236037758175, -6.224501323462413, 0.0 ], [ 106.870292262689318, -6.224500422632409, 0.0 ], [ 106.870338101629301, -6.224499688793923, 0.0 ], [ 106.87043453387092, -6.224493929434028, 0.0 ], [ 106.870474272954368, -6.224491562602375, 0.0 ], [ 106.870509094435832, -6.22448795371156, 0.0 ], [ 106.870528396230426, -6.224486032709957, 0.0 ], [ 106.871020742156048, -6.224434961893117, 0.0 ], [ 106.87120920533097, -6.22441622079615, 0.0 ], [ 106.871254092025552, -6.22441193332874, 0.0 ], [ 106.871279832377496, -6.224409833059154, 0.0 ], [ 106.871306306967455, -6.224408157848626, 0.0 ], [ 106.871438797442948, -6.22440133559426, 0.0 ], [ 106.871465300189456, -6.224400213616002, 0.0 ], [ 106.871482970842237, -6.224399734154868, 0.0 ], [ 106.871497307166962, -6.224399642640984, 0.0 ], [ 106.871515146665686, -6.224399898558391, 0.0 ], [ 106.871550825071282, -6.2244010089408, 0.0 ], [ 106.871675703879276, -6.22440575328303, 0.0 ], [ 106.871711372893898, -6.22440727417184, 0.0 ], [ 106.871733739727958, -6.224408530293578, 0.0 ], [ 106.871747208838883, -6.224409499703375, 0.0 ], [ 106.871773966593537, -6.224411759230872, 0.0 ], [ 106.871889844695943, -6.224422603187119, 0.0 ], [ 106.871925447479143, -6.224426343079838, 0.0 ], [ 106.871947414385417, -6.224429220847116, 0.0 ], [ 106.871973456140239, -6.224433399700996, 0.0 ], [ 106.872008099751895, -6.224439531753465, 0.0 ], [ 106.87212952334967, -6.22446155930859, 0.0 ], [ 106.872215830869933, -6.224477216873937, 0.0 ], [ 106.872222572675369, -6.224478473238518, 0.0 ], [ 106.872297756904615, -6.224497851034497, 0.0 ], [ 106.872361427336088, -6.224514260647875, 0.0 ], [ 106.872369653027519, -6.224516380634823, 0.0 ], [ 106.87237358999964, -6.224515741902583, 0.0 ], [ 106.872479609215361, -6.224498540511441, 0.0 ], [ 106.872589772019467, -6.224487000653334, 0.0 ], [ 106.872617196533682, -6.224485685475344, 0.0 ], [ 106.872624729493111, -6.224485325120711, 0.0 ], [ 106.872644620147042, -6.224484371203311, 0.0 ], [ 106.872654702071713, -6.22447743858356, 0.0 ], [ 106.872663439221625, -6.224468869702833, 0.0 ], [ 106.872670568689827, -6.224458922272454, 0.0 ], [ 106.872671554673204, -6.224456958578195, 0.0 ], [ 106.872675004272836, -6.224450089269753, 0.0 ], [ 106.872678164946365, -6.224440723725066, 0.0 ], [ 106.872679990824253, -6.224431008489131, 0.0 ], [ 106.872680348609904, -6.224418766842471, 0.0 ], [ 106.872678591746762, -6.224406646620611, 0.0 ], [ 106.872677125233494, -6.224381101459397, 0.0 ], [ 106.872667697491877, -6.224216907881368, 0.0 ], [ 106.872666415888446, -6.22419943702393, 0.0 ], [ 106.872653183187836, -6.224019069045209, 0.0 ], [ 106.872652399037761, -6.224008379353294, 0.0 ], [ 106.872650308618489, -6.223979886163919, 0.0 ], [ 106.872629255619032, -6.223744250839952, 0.0 ], [ 106.872627605143805, -6.223564218798419, 0.0 ], [ 106.872627594277375, -6.223563701663345, 0.0 ], [ 106.872621799310465, -6.223382849790397, 0.0 ], [ 106.872621776701862, -6.223382333601128, 0.0 ], [ 106.872617858715728, -6.22331103540515, 0.0 ], [ 106.872685470909005, -6.223308563243894, 0.0 ], [ 106.872995636013144, -6.223275400050287, 0.0 ], [ 106.87296996145092, -6.22304583625544, 0.0 ], [ 106.872980452712142, -6.22276830018694, 0.0 ], [ 106.872920037119911, -6.222448912097134, 0.0 ], [ 106.872864361975545, -6.222387867904318, 0.0 ], [ 106.87281805181135, -6.222271291072158, 0.0 ], [ 106.872761372782946, -6.221927011079641, 0.0 ], [ 106.872793801311886, -6.221903930674872, 0.0 ], [ 106.872860660029261, -6.221882641343049, 0.0 ], [ 106.872871327710669, -6.221654862694617, 0.0 ], [ 106.872925206826864, -6.221208759511344, 0.0 ], [ 106.872966933411476, -6.221111008591058, 0.0 ], [ 106.87297794674069, -6.22098083167207, 0.0 ], [ 106.87299765507278, -6.220605659967837, 0.0 ], [ 106.873054402343854, -6.220429390079567, 0.0 ], [ 106.873068300432777, -6.220365530442546, 0.0 ], [ 106.87302009516327, -6.220321205467312, 0.0 ], [ 106.872973972082121, -6.220301531973755, 0.0 ], [ 106.872932434181109, -6.220273432721677, 0.0 ], [ 106.872916831110302, -6.220194875854014, 0.0 ], [ 106.872912510272613, -6.220114898345166, 0.0 ], [ 106.872908681730522, -6.220046373761853, 0.0 ], [ 106.87290485409892, -6.219977850078915, 0.0 ], [ 106.872901025567415, -6.219909326398753, 0.0 ], [ 106.872897197036266, -6.219840801813945, 0.0 ], [ 106.872894120167558, -6.219781963431211, 0.0 ], [ 106.872891043304776, -6.219723125952283, 0.0 ], [ 106.872889405849676, -6.219674540043421, 0.0 ], [ 106.872902179523876, -6.219627636297072, 0.0 ], [ 106.872928747221565, -6.219579601379243, 0.0 ], [ 106.873065655424938, -6.219544230265659, 0.0 ], [ 106.873234621168237, -6.219534407020334, 0.0 ], [ 106.873619361064755, -6.219515986752443, 0.0 ], [ 106.873657056196294, -6.219514182192376, 0.0 ], [ 106.873666323790204, -6.219514592356019, 0.0 ], [ 106.873666675302161, -6.219514608288143, 0.0 ], [ 106.87371360605519, -6.219516686838168, 0.0 ], [ 106.873725893802572, -6.219522909009768, 0.0 ], [ 106.873774964599463, -6.219546327830335, 0.0 ], [ 106.873871711660641, -6.219596605263126, 0.0 ], [ 106.873873721085374, -6.219532855620399, 0.0 ], [ 106.873891318261727, -6.219439495859166, 0.0 ], [ 106.873933520967981, -6.219206103714335, 0.0 ], [ 106.873999906439437, -6.219051568864673, 0.0 ], [ 106.874120251097906, -6.218945883658133, 0.0 ] ] ] } },
{ "type": "Feature", "properties": { "OBJECTID": 1092, "toponimi": "Sal. Phb Pacul Mas", "kewenangan": "Pemprov DKI", "jenis": "Saluran Drainase Tersier", "panjang": "582", "lebar": "1.4", "kedalaman": "1.6", "kota": "Jakarta Timur", "kecamatan": "Duren Sawit", "lebar_min": 1.4, "lebar_max": 1.4, "kedalaman_": 1.6, "kedalaman1": 1.6, "Shape_Leng": 0.11167857543 }, "geometry": { "type": "MultiLineString", "coordinates": [ [ [ 106.895750031689062, -6.221190458697448, 0.0 ], [ 106.895720716681907, -6.221186003259196, 0.0 ] ] ] } },
{ "type": "Feature", "properties": { "OBJECTID": 1202, "toponimi": "Sal. Phb DI Panjaitan Barat/Timur", "kewenangan": "Pemprov DKI", "jenis": "Saluran Drainase Tersier", "panjang": "2381", "lebar": "1.5 - 2", "kedalaman": "1-2", "kota": "Jakarta Timur", "kecamatan": "Jatinegara", "lebar_min": 1.5, "lebar_max": 2.0, "kedalaman_": 1.0, "kedalaman1": 2.0, "Shape_Leng": 0.8744094825 }, "geometry": { "type": "MultiLineString", "coordinates": [ [ [ 106.878369945964721, -6.23956738544885, 0.0 ], [ 106.878387495452088, -6.239284112559872, 0.0 ], [ 106.878382659820986, -6.238795089019765, 0.0 ], [ 106.878254902319625, -6.238096029656429, 0.0 ], [ 106.878168659560771, -6.237763602747964, 0.0 ], [ 106.878052726583476, -6.237344617380226, 0.0 ], [ 106.877962763900982, -6.236835777288467, 0.0 ], [ 106.877889141573547, -6.236572948133372, 0.0 ], [ 106.877829140400806, -6.236282495697071, 0.0 ], [ 106.877666724997425, -6.235348041549332, 0.0 ], [ 106.877517556151147, -6.234715604477686, 0.0 ], [ 106.877399989138368, -6.234271862637001, 0.0 ], [ 106.877287057432454, -6.233826555878645, 0.0 ], [ 106.877092777887725, -6.233119994902229, 0.0 ], [ 106.876920469338117, -6.232503115770838, 0.0 ], [ 106.876754855932248, -6.231954708104856, 0.0 ] ] ] } },
{ "type": "Feature", "properties": { "OBJECTID": 1205, "toponimi": "Sal. Phb DI Panjaitan Barat/Timur", "kewenangan": "Pemprov DKI", "jenis": "Saluran Drainase Tersier", "panjang": "2381", "lebar": "1.5 - 2", "kedalaman": "1-2", "kota": "Jakarta Timur", "kecamatan": "Jatinegara", "lebar_min": 1.5, "lebar_max": 2.0, "kedalaman_": 1.0, "kedalaman1": 2.0, "Shape_Leng": 0.42454671814 }, "geometry": { "type": "MultiLineString", "coordinates": [ [ [ 106.874776152127353, -6.222636296334919, 0.0 ], [ 106.874801622958898, -6.222637505487579, 0.0 ], [ 106.874732501191033, -6.222041472393583, 0.0 ], [ 106.874622493501334, -6.220565627342616, 0.0 ], [ 106.874572600172201, -6.219385077628882, 0.0 ], [ 106.874564149720285, -6.219185128592505, 0.0 ], [ 106.874551297523482, -6.218881023733617, 0.0 ] ] ] } },
{ "type": "Feature", "properties": { "OBJECTID": 235, "toponimi": "Sal. Phb Kb Nanas Utara/Yahya", "kewenangan": "Pemprov DKI", "jenis": "Saluran Drainase Tersier", "panjang": "225", "lebar": "1.5", "kedalaman": "1-2", "kota": "Jakarta Timur", "kecamatan": "Jatinegara", "lebar_min": 1.5, "lebar_max": 1.5, "kedalaman_": 1.0, "kedalaman1": 2.0, "Shape_Leng": 0.22513396175 }, "geometry": { "type": "MultiLineString", "coordinates": [ [ [ 106.874039352109619, -6.231486996031169, 0.0 ], [ 106.874273978394271, -6.231462177732519, 0.0 ], [ 106.874445005015005, -6.231443441599354, 0.0 ], [ 106.874721949836228, -6.231413101127893, 0.0 ], [ 106.875015134479696, -6.231397859008921, 0.0 ], [ 106.875048197546889, -6.231396140190762, 0.0 ], [ 106.875106996330857, -6.23139450435229, 0.0 ], [ 106.875337355466201, -6.231388096577185, 0.0 ], [ 106.875517951511924, -6.231395468613396, 0.0 ], [ 106.875561829333492, -6.23139726007694, 0.0 ], [ 106.87563435781415, -6.23140022085544, 0.0 ], [ 106.875841895410971, -6.231401992490875, 0.0 ], [ 106.876056903379961, -6.231403826975779, 0.0 ] ] ] } },
{ "type": "Feature", "properties": { "OBJECTID": 224, "toponimi": "Sal. Phb Panjaitan Kb. Nanas", "kewenangan": "Pemprov DKI", "jenis": "Saluran Drainase Tersier", "panjang": "890", "lebar": "1.5 - 2.5", "kedalaman": "1-2", "kota": "Jakarta Timur", "kecamatan": "Jatinegara", "lebar_min": 1.5, "lebar_max": 2.5, "kedalaman_": 1.0, "kedalaman1": 2.0, "Shape_Leng": 1.00848651278 }, "geometry": { "type": "MultiLineString", "coordinates": [ [ [ 106.877569613727005, -6.240128628080566, 0.0 ], [ 106.877609283720332, -6.240019300072818, 0.0 ], [ 106.877624475472615, -6.23997743273846, 0.0 ], [ 106.877625073155642, -6.239975785060453, 0.0 ], [ 106.877646877017895, -6.239915695486272, 0.0 ], [ 106.877697373639862, -6.239784996441611, 0.0 ], [ 106.877741980765848, -6.23965216833907, 0.0 ], [ 106.877780608093232, -6.239517477319872, 0.0 ], [ 106.877813177978268, -6.239381192192662, 0.0 ], [ 106.877839625445489, -6.239243587145268, 0.0 ], [ 106.877843457015217, -6.239217383070401, 0.0 ], [ 106.877847483514159, -6.239189845588491, 0.0 ], [ 106.877847786941089, -6.239187772202696, 0.0 ], [ 106.877857312931638, -6.239122620698797, 0.0 ], [ 106.87785989906925, -6.239104935412807, 0.0 ], [ 106.877873956478012, -6.238965515622794, 0.0 ], [ 106.877881770656572, -6.238825605443597, 0.0 ], [ 106.877883325448082, -6.238685487025323, 0.0 ], [ 106.877878618231591, -6.238545437948907, 0.0 ], [ 106.877867657244593, -6.238405740277011, 0.0 ], [ 106.877850466070811, -6.238266672400842, 0.0 ], [ 106.877848019726883, -6.238253580943057, 0.0 ], [ 106.877817530497708, -6.238081224586535, 0.0 ], [ 106.877783713169123, -6.237909491288733, 0.0 ], [ 106.877770849553457, -6.237851290212848, 0.0 ], [ 106.877726132341436, -6.237665359062994, 0.0 ], [ 106.877676191304474, -6.237480764764569, 0.0 ], [ 106.877621064915203, -6.237297653649311, 0.0 ], [ 106.877560797970474, -6.237116172026256, 0.0 ], [ 106.877518582921141, -6.236998315955957, 0.0 ], [ 106.877474198702217, -6.23688126054322, 0.0 ], [ 106.877358659881267, -6.236567845615924, 0.0 ], [ 106.877353753435898, -6.236554536878466, 0.0 ], [ 106.877346133781543, -6.236531843722902, 0.0 ], [ 106.877257116988432, -6.236266716933407, 0.0 ], [ 106.877157111448724, -6.235956534917984, 0.0 ], [ 106.877062761185712, -6.235644584983913, 0.0 ], [ 106.876974096368073, -6.235330968293801, 0.0 ], [ 106.876891146272897, -6.235015789630056, 0.0 ], [ 106.876872853289186, -6.234942985041124, 0.0 ], [ 106.876675990660161, -6.23415948212986, 0.0 ], [ 106.876593301008256, -6.233786015610046, 0.0 ], [ 106.876324264735814, -6.232613783253993, 0.0 ], [ 106.876245733897179, -6.232271610535088, 0.0 ], [ 106.876188405170851, -6.232021819552333, 0.0 ], [ 106.876168082064552, -6.231926310812462, 0.0 ], [ 106.876167187106631, -6.23192210519003, 0.0 ], [ 106.876143823542648, -6.231812307266914, 0.0 ], [ 106.876056903379961, -6.231403826975779, 0.0 ] ] ] } },
{ "type": "Feature", "properties": { "OBJECTID": 220, "toponimi": "Sal. Phb Panti Asuhan", "kewenangan": "Pemprov DKI", "jenis": "Saluran Drainase Tersier", "panjang": "828", "lebar": "1 - 2", "kedalaman": "1-2", "kota": "Jakarta Timur", "kecamatan": "Jatinegara", "lebar_min": 1.0, "lebar_max": 2.0, "kedalaman_": 1.0, "kedalaman1": 2.0, "Shape_Leng": 0.83698910586999997 }, "geometry": { "type": "MultiLineString", "coordinates": [ [ [ 106.869729748993763, -6.23099605408451, 0.0 ], [ 106.869823449662817, -6.230993704681505, 0.0 ], [ 106.870062300791588, -6.231000522298619, 0.0 ], [ 106.870185453255004, -6.231001667687551, 0.0 ], [ 106.870670921318037, -6.230994445773517, 0.0 ], [ 106.87090540116354, -6.230988113962089, 0.0 ], [ 106.870917319906894, -6.230981553446712, 0.0 ], [ 106.870927333511688, -6.230973369513732, 0.0 ], [ 106.870934319825395, -6.230964479266748, 0.0 ], [ 106.870938260895571, -6.230954996796024, 0.0 ], [ 106.870939643068297, -6.230936111071599, 0.0 ], [ 106.870938992090103, -6.230899154610824, 0.0 ], [ 106.870931793076565, -6.230777353306482, 0.0 ], [ 106.87097395083714, -6.230773071768349, 0.0 ], [ 106.871008255440131, -6.230769587522043, 0.0 ], [ 106.871225999926864, -6.230744505035535, 0.0 ], [ 106.871238975863335, -6.230743171481858, 0.0 ], [ 106.871255836359225, -6.230741438071557, 0.0 ], [ 106.871316860612765, -6.230764299957943, 0.0 ], [ 106.871364723671334, -6.2307617115084, 0.0 ], [ 106.87156230945061, -6.230749478776413, 0.0 ], [ 106.871744273938248, -6.230735813188247, 0.0 ], [ 106.871744513303256, -6.230735795159782, 0.0 ], [ 106.871771539887504, -6.230733766159193, 0.0 ], [ 106.871772749357973, -6.230733675067911, 0.0 ], [ 106.871946934897366, -6.230720593075588, 0.0 ], [ 106.872239855603127, -6.230701961159702, 0.0 ], [ 106.872241611417166, -6.23070179217913, 0.0 ], [ 106.872271240012921, -6.230697959179081, 0.0 ], [ 106.872272565629629, -6.23069775375143, 0.0 ], [ 106.87227468448738, -6.230697283304085, 0.0 ], [ 106.872303569580396, -6.230689650993015, 0.0 ], [ 106.872306009927385, -6.230688881034809, 0.0 ], [ 106.872306898653434, -6.230688535206673, 0.0 ], [ 106.872334555512722, -6.230677230982709, 0.0 ], [ 106.872335466659564, -6.230676838059217, 0.0 ], [ 106.872358682938838, -6.23066633982708, 0.0 ], [ 106.872380296405581, -6.230658391561867, 0.0 ], [ 106.872402051978654, -6.230653318891154, 0.0 ], [ 106.872425470134445, -6.230650832513208, 0.0 ], [ 106.872736355822582, -6.230628586860049, 0.0 ], [ 106.872737527370845, -6.230628503134489, 0.0 ], [ 106.87276459220449, -6.230626566173131, 0.0 ], [ 106.872765003194374, -6.230626536684954, 0.0 ], [ 106.872832632307876, -6.230621697105069, 0.0 ], [ 106.873067711595908, -6.230603644484474, 0.0 ], [ 106.873390782879127, -6.230585276474653, 0.0 ], [ 106.873391948976959, -6.230585184629712, 0.0 ], [ 106.87364868763737, -6.230559431033078, 0.0 ], [ 106.87383592550718, -6.230548301146017, 0.0 ], [ 106.873930019474983, -6.230547135886667, 0.0 ], [ 106.87395464928376, -6.230547220154448, 0.0 ], [ 106.873973221029132, -6.230547284357481, 0.0 ], [ 106.8739752064253, -6.230507166550903, 0.0 ], [ 106.873975378414897, -6.230503693104314, 0.0 ], [ 106.873975097344541, -6.230492212317939, 0.0 ], [ 106.873970384796365, -6.230300004323243, 0.0 ], [ 106.873939218343466, -6.229929213341647, 0.0 ], [ 106.873933652794719, -6.229865812502962, 0.0 ], [ 106.873932085098247, -6.229847952996843, 0.0 ], [ 106.873929774519397, -6.22982163239313, 0.0 ], [ 106.87390024732521, -6.229485264645862, 0.0 ], [ 106.873900152346479, -6.229483705326586, 0.0 ], [ 106.8738862753207, -6.2290805006267, 0.0 ], [ 106.874756241265388, -6.229038934446643, 0.0 ], [ 106.875021532236275, -6.229023983039318, 0.0 ], [ 106.875158591224732, -6.229013725862282, 0.0 ], [ 106.875458006539731, -6.22898644561731, 0.0 ] ] ] } },
{ "type": "Feature", "properties": { "OBJECTID": 207, "toponimi": "Sal. Phb H. Sulaeman", "kewenangan": "Pemprov DKI", "jenis": "Saluran Drainase Tersier", "panjang": "202", "lebar": "1.5", "kedalaman": "1.5", "kota": "Jakarta Timur", "kecamatan": "Makasar", "lebar_min": 1.5, "lebar_max": 1.5, "kedalaman_": 1.5, "kedalaman1": 1.5, "Shape_Leng": 0.20895650204 }, "geometry": { "type": "MultiLineString", "coordinates": [ [ [ 106.888142168684283, -6.239527786593076, 0.0 ], [ 106.888242836449507, -6.239250983682232, 0.0 ], [ 106.888243058102447, -6.239250374210121, 0.0 ] ] ] } },
{ "type": "Feature", "properties": { "OBJECTID": 240, "toponimi": "Sal. Phb Cipinang Elok", "kewenangan": "Pemprov DKI", "jenis": "Saluran Drainase Tersier", "panjang": "1142", "lebar": "1 - 2", "kedalaman": "1-2", "kota": "Jakarta Timur", "kecamatan": "Jatinegara", "lebar_min": 1.0, "lebar_max": 2.0, "kedalaman_": 1.0, "kedalaman1": 2.0, "Shape_Leng": 1.1983934540600001 }, "geometry": { "type": "MultiLineString", "coordinates": [ [ [ 106.885865543349013, -6.22222900398315, 0.0 ], [ 106.885862570097842, -6.22223612930262, 0.0 ], [ 106.885865247453026, -6.222237236357429, 0.0 ], [ 106.885891013025542, -6.222247886460726, 0.0 ], [ 106.885974523136795, -6.22228240765137, 0.0 ], [ 106.886008123410377, -6.222297277428402, 0.0 ], [ 106.886015132243756, -6.222299194493974, 0.0 ], [ 106.886019160488644, -6.222300859099625, 0.0 ], [ 106.886186536332076, -6.222370047518654, 0.0 ], [ 106.886268382511659, -6.222403881117248, 0.0 ], [ 106.886288028751864, -6.222412237546386, 0.0 ], [ 106.886307674982817, -6.22242059126213, 0.0 ], [ 106.886341398946016, -6.222434926222221, 0.0 ], [ 106.886343979592397, -6.222436022769645, 0.0 ], [ 106.886425298928771, -6.222470580629863, 0.0 ], [ 106.886442609714948, -6.222477937276267, 0.0 ], [ 106.886474954669609, -6.222491682226313, 0.0 ], [ 106.886486125110025, -6.222496429753109, 0.0 ], [ 106.886684438407613, -6.222580385110087, 0.0 ], [ 106.88709022040301, -6.222752167812434, 0.0 ], [ 106.887136544318153, -6.222770789422248, 0.0 ], [ 106.887187310711525, -6.222791196200208, 0.0 ], [ 106.887188787314287, -6.222791789464706, 0.0 ], [ 106.887224406756701, -6.222806106729324, 0.0 ], [ 106.887272386426829, -6.222825393279778, 0.0 ], [ 106.887275619825061, -6.222827117675488, 0.0 ], [ 106.88728598691219, -6.222834349922863, 0.0 ], [ 106.887292492181729, -6.222840477549901, 0.0 ], [ 106.887298196616996, -6.222847013999143, 0.0 ], [ 106.887302793605656, -6.222854372655508, 0.0 ], [ 106.88730616593503, -6.222862367684638, 0.0 ], [ 106.887300561880593, -6.222876614393706, 0.0 ], [ 106.887298696332991, -6.222884249309852, 0.0 ], [ 106.887292507526226, -6.222900718682379, 0.0 ], [ 106.887280881715114, -6.222929889892016, 0.0 ], [ 106.887270051961679, -6.222957061006198, 0.0 ], [ 106.88726925499671, -6.222959060200972, 0.0 ], [ 106.887256250541654, -6.222992555426115, 0.0 ], [ 106.887246779133875, -6.223017816657473, 0.0 ], [ 106.887234678452771, -6.223051140481991, 0.0 ], [ 106.887228738414095, -6.223066938092122, 0.0 ], [ 106.887225644243031, -6.223074605428458, 0.0 ], [ 106.88722209784197, -6.223082642367152, 0.0 ], [ 106.887216258871561, -6.223095874564565, 0.0 ], [ 106.887210657400956, -6.223108567948372, 0.0 ], [ 106.887184698848571, -6.223167394719558, 0.0 ], [ 106.887179043607489, -6.223180211259059, 0.0 ], [ 106.887331748390352, -6.223239602803571, 0.0 ], [ 106.887336477615435, -6.223234902441418, 0.0 ], [ 106.887341797706071, -6.223231463957833, 0.0 ], [ 106.887348140348251, -6.22322949014573, 0.0 ], [ 106.88734831376334, -6.223229475059566, 0.0 ], [ 106.887349250386947, -6.223229393955096, 0.0 ], [ 106.887355123930959, -6.223228885626041, 0.0 ], [ 106.887362576400591, -6.223229287548619, 0.0 ], [ 106.887370365753227, -6.223230416101256, 0.0 ], [ 106.887378391877348, -6.223232067305688, 0.0 ], [ 106.887386580143058, -6.223234088628563, 0.0 ], [ 106.887394873250372, -6.223236373586081, 0.0 ], [ 106.887403229381619, -6.223238849996293, 0.0 ], [ 106.887420004578004, -6.223244222113109, 0.0 ], [ 106.88743670390258, -6.223250106244977, 0.0 ], [ 106.887444793003624, -6.22325320113803, 0.0 ], [ 106.887451430701105, -6.223255928713124, 0.0 ], [ 106.887468804892606, -6.223263068092881, 0.0 ], [ 106.887501055383694, -6.223277161389726, 0.0 ], [ 106.887549480835489, -6.223299066508859, 0.0 ], [ 106.887590629619524, -6.223317679436922, 0.0 ], [ 106.887623253621157, -6.223332128525019, 0.0 ], [ 106.887657044575363, -6.223346479407429, 0.0 ], [ 106.88772310400158, -6.22337388373931, 0.0 ], [ 106.88775712154964, -6.223387676852052, 0.0 ], [ 106.887798798193884, -6.223403819564681, 0.0 ], [ 106.887865675114384, -6.223429152274432, 0.0 ], [ 106.887890828777216, -6.223438445512971, 0.0 ], [ 106.887908389642391, -6.223444726176416, 0.0 ], [ 106.887976035250631, -6.223468236082721, 0.0 ], [ 106.88802760557634, -6.223485789115417, 0.0 ], [ 106.888061811531742, -6.223496931490607, 0.0 ], [ 106.888104650325573, -6.223510616176679, 0.0 ], [ 106.88813038523341, -6.223518728321753, 0.0 ], [ 106.888156188924512, -6.223526620512922, 0.0 ], [ 106.888183328613422, -6.223534441017929, 0.0 ], [ 106.888218030575302, -6.223544062648902, 0.0 ], [ 106.888252836678703, -6.223553498555662, 0.0 ], [ 106.888253448004349, -6.223553658210546, 0.0 ], [ 106.888279066727478, -6.223560353972615, 0.0 ], [ 106.888306737266788, -6.223567050531677, 0.0 ], [ 106.888377701347906, -6.223582959142038, 0.0 ], [ 106.888394736757135, -6.223587318556324, 0.0 ], [ 106.888402821713697, -6.223589757039413, 0.0 ], [ 106.888439564441526, -6.223596537774006, 0.0 ], [ 106.888442886032266, -6.223597150654419, 0.0 ], [ 106.888529624881627, -6.223616327343344, 0.0 ], [ 106.888569896403752, -6.223453582468178, 0.0 ], [ 106.888569763658225, -6.22344651888523, 0.0 ], [ 106.888570201078707, -6.223440738951905, 0.0 ], [ 106.888569988581779, -6.223440689080054, 0.0 ], [ 106.888571397507704, -6.223431187841517, 0.0 ], [ 106.888572855066712, -6.223422907924157, 0.0 ], [ 106.88857456050583, -6.223414466182938, 0.0 ], [ 106.888578398641741, -6.223397304504837, 0.0 ], [ 106.888592798352292, -6.223336595043251, 0.0 ], [ 106.8886008360532, -6.223302028988702, 0.0 ], [ 106.888614600380322, -6.223241760309387, 0.0 ], [ 106.888624250515988, -6.223198768217359, 0.0 ], [ 106.888627969205032, -6.22318155452678, 0.0 ], [ 106.888631473638753, -6.223164304532872, 0.0 ], [ 106.888633829143899, -6.223151439214537, 0.0 ], [ 106.888634451136809, -6.223147503069891, 0.0 ], [ 106.888636635143797, -6.223133671837779, 0.0 ], [ 106.888639119307285, -6.223115849555437, 0.0 ], [ 106.888642507463629, -6.223089063997015, 0.0 ], [ 106.888645472116252, -6.223062848658574, 0.0 ], [ 106.888647388506598, -6.223043147793029, 0.0 ], [ 106.888648273658305, -6.223032956760139, 0.0 ], [ 106.88865048910607, -6.223007439386603, 0.0 ], [ 106.888669892431565, -6.222775268716828, 0.0 ], [ 106.888672414137346, -6.222743926672694, 0.0 ], [ 106.888673485995838, -6.222730612067365, 0.0 ], [ 106.888675355405397, -6.222702563431575, 0.0 ], [ 106.88867664528027, -6.222676678671196, 0.0 ], [ 106.88867766476784, -6.22265148383379, 0.0 ], [ 106.888678397024009, -6.222633392959512, 0.0 ], [ 106.888680615426154, -6.222572782227276, 0.0 ], [ 106.888682161447704, -6.22252021262231, 0.0 ], [ 106.88868797188799, -6.222300681650281, 0.0 ], [ 106.888690082292982, -6.222220960465085, 0.0 ], [ 106.888694457412583, -6.222055645143642, 0.0 ], [ 106.88869698434064, -6.221986551556363, 0.0 ], [ 106.888698630563169, -6.221944832195293, 0.0 ], [ 106.888702100243947, -6.221856882077267, 0.0 ], [ 106.888704265947482, -6.221802001078459, 0.0 ], [ 106.888706158610333, -6.221757439119265, 0.0 ], [ 106.888707521481379, -6.221730993530254, 0.0 ], [ 106.888709570939639, -6.22169592992117, 0.0 ], [ 106.88871281727269, -6.221643343385474, 0.0 ], [ 106.88871500794346, -6.221610631847675, 0.0 ], [ 106.888715145165875, -6.221608578051429, 0.0 ], [ 106.888723230964743, -6.221501968930841, 0.0 ], [ 106.888739178266874, -6.221291718885428, 0.0 ], [ 106.888744132808597, -6.221226404066173, 0.0 ], [ 106.888746367333979, -6.221198128994441, 0.0 ], [ 106.888746853131607, -6.221191979998991, 0.0 ], [ 106.888749839439583, -6.221157657148521, 0.0 ], [ 106.888765013442651, -6.22099549573417, 0.0 ], [ 106.888766375086149, -6.220979077983701, 0.0 ], [ 106.888767513473113, -6.220962633003404, 0.0 ], [ 106.8887682388428, -6.220946152430186, 0.0 ], [ 106.888768353920867, -6.220937897206604, 0.0 ], [ 106.888768225103533, -6.220929148289843, 0.0 ], [ 106.888767849229978, -6.220920538590205, 0.0 ], [ 106.888766576107741, -6.220903300260134, 0.0 ], [ 106.888765547633014, -6.220892838500025, 0.0 ], [ 106.888762365684784, -6.220860482516704, 0.0 ], [ 106.888761682687957, -6.220852142445393, 0.0 ], [ 106.888761175160411, -6.220843603739468, 0.0 ], [ 106.888760991246116, -6.220835364955479, 0.0 ], [ 106.888762283565285, -6.220820280157557, 0.0 ], [ 106.888762306658634, -6.220809036171065, 0.0 ], [ 106.888761727791334, -6.220799748186904, 0.0 ], [ 106.888760302035564, -6.220788597083237, 0.0 ], [ 106.888759504567858, -6.220784128050996, 0.0 ], [ 106.888756111430922, -6.22077005185168, 0.0 ], [ 106.888751450223126, -6.220756344555913, 0.0 ], [ 106.888749361357029, -6.220751277983473, 0.0 ], [ 106.888749338583025, -6.220751225624725, 0.0 ], [ 106.888747394247289, -6.220746910781048, 0.0 ], [ 106.888740134605371, -6.220733195598414, 0.0 ], [ 106.88873301589733, -6.220722261050859, 0.0 ], [ 106.888727706847448, -6.220710817329216, 0.0 ], [ 106.888724048912977, -6.220698742941456, 0.0 ], [ 106.888722115220361, -6.220686275415223, 0.0 ], [ 106.888721868247856, -6.220681124499863, 0.0 ], [ 106.888721720372928, -6.220663748332218, 0.0 ], [ 106.888722047805658, -6.220646140812947, 0.0 ], [ 106.888725560194743, -6.220537748805618, 0.0 ], [ 106.888729231145092, -6.220395827950146, 0.0 ], [ 106.888783554796461, -6.218774497051304, 0.0 ], [ 106.888787098396449, -6.218668748642648, 0.0 ], [ 106.888787219238296, -6.218665142494045, 0.0 ], [ 106.888787386545374, -6.218663163634165, 0.0 ], [ 106.888788825124834, -6.218655133330761, 0.0 ], [ 106.888791447445925, -6.218647408916262, 0.0 ], [ 106.889000200653655, -6.218654673299666, 0.0 ], [ 106.889209049790495, -6.218658192302161, 0.0 ], [ 106.889275134938572, -6.218643637112335, 0.0 ], [ 106.889276910434035, -6.218635333458585, 0.0 ], [ 106.889279137119573, -6.218627129455323, 0.0 ], [ 106.889280912422961, -6.218621555404896, 0.0 ], [ 106.889281740665353, -6.218618703493981, 0.0 ], [ 106.889306452337678, -6.218533631270929, 0.0 ], [ 106.889379670689678, -6.21805761754158, 0.0 ], [ 106.889394666433759, -6.217868555898147, 0.0 ], [ 106.889493711908102, -6.217891166930621, 0.0 ], [ 106.889528026209902, -6.217860902872978, 0.0 ], [ 106.889576452350056, -6.21776599831287, 0.0 ], [ 106.889614781926596, -6.217655340840039, 0.0 ], [ 106.889722043317889, -6.21756883783243, 0.0 ], [ 106.889760501892937, -6.217494063452909, 0.0 ], [ 106.889852088582018, -6.217436322062888, 0.0 ], [ 106.890002366982074, -6.217346794537381, 0.0 ], [ 106.890114308738205, -6.217156964891659, 0.0 ] ] ] } },
{ "type": "Feature", "properties": { "OBJECTID": 225, "toponimi": "Sal. Phb DI Panjaitan Cawang", "kewenangan": "Pemprov DKI", "jenis": "Saluran Drainase Tersier", "panjang": "879", "lebar": "2", "kedalaman": "2-3", "kota": "Jakarta Timur", "kecamatan": "Jatinegara", "lebar_min": 2.0, "lebar_max": 2.0, "kedalaman_": 2.0, "kedalaman1": 3.0, "Shape_Leng": 0.70823411956000004 }, "geometry": { "type": "MultiLineString", "coordinates": [ [ [ 106.875188636682083, -6.245990564283793, 0.0 ], [ 106.875253057173609, -6.24584048212834, 0.0 ], [ 106.875318255455269, -6.245688588907433, 0.0 ], [ 106.875344911558614, -6.245632294787018, 0.0 ], [ 106.875491049168829, -6.24527872683951, 0.0 ], [ 106.875530809826358, -6.245182531184687, 0.0 ], [ 106.875663309685237, -6.244869901034062, 0.0 ], [ 106.875684107356093, -6.244820486664318, 0.0 ], [ 106.875704560214302, -6.244770659424502, 0.0 ], [ 106.875823061823226, -6.244479668419833, 0.0 ], [ 106.875840606710938, -6.244436834278511, 0.0 ], [ 106.875843477564302, -6.244429825943556, 0.0 ], [ 106.8758677507019, -6.244371676876811, 0.0 ], [ 106.875927005339165, -6.244230444872733, 0.0 ], [ 106.87596336999583, -6.244143770252416, 0.0 ], [ 106.87610243313442, -6.243839638325013, 0.0 ], [ 106.876222534246153, -6.243576976715982, 0.0 ], [ 106.876461188763841, -6.243055036022207, 0.0 ], [ 106.876461979001476, -6.243053162524409, 0.0 ], [ 106.876478799734215, -6.243013272161525, 0.0 ], [ 106.876538980368551, -6.242870549552415, 0.0 ], [ 106.876562202711369, -6.242815476532554, 0.0 ], [ 106.876575957486452, -6.242782609666373, 0.0 ], [ 106.876589510757839, -6.242749738093787, 0.0 ], [ 106.876697239252223, -6.242486479582079, 0.0 ], [ 106.876713983126677, -6.242445311031693, 0.0 ], [ 106.876727133987885, -6.242412092798499, 0.0 ], [ 106.876916556729668, -6.241917575067045, 0.0 ], [ 106.876939863137309, -6.241857707062066, 0.0 ], [ 106.876955295986022, -6.241818063964143, 0.0 ], [ 106.876972790974946, -6.241773431664417, 0.0 ], [ 106.877081357983016, -6.241474228545994, 0.0 ], [ 106.877112255176186, -6.241389078849272, 0.0 ], [ 106.877113940866195, -6.241384432757315, 0.0 ], [ 106.877126762497269, -6.241349096381996, 0.0 ], [ 106.877140966508478, -6.241309952236306, 0.0 ], [ 106.877569613727005, -6.240128628080566, 0.0 ] ] ] } },
{ "type": "Feature", "properties": { "OBJECTID": 232, "toponimi": "Sal. Phb Panca Warga", "kewenangan": "Pemprov DKI", "jenis": "Saluran Drainase Tersier", "panjang": "677", "lebar": "2 - 3", "kedalaman": "2-3", "kota": "Jakarta Timur", "kecamatan": "Jatinegara", "lebar_min": 2.0, "lebar_max": 3.0, "kedalaman_": 2.0, "kedalaman1": 3.0, "Shape_Leng": 0.70502685783999997 }, "geometry": { "type": "MultiLineString", "coordinates": [ [ [ 106.883296886636685, -6.23426104273804, 0.0 ], [ 106.883276890609011, -6.234202683016615, 0.0 ], [ 106.883258623631562, -6.234135319010136, 0.0 ], [ 106.883235342062335, -6.234049462412184, 0.0 ], [ 106.883224361017255, -6.233986705233942, 0.0 ], [ 106.883213379980262, -6.233923948958707, 0.0 ], [ 106.883210707681499, -6.233845014985072, 0.0 ], [ 106.883208035390339, -6.233766081915092, 0.0 ], [ 106.883205363100274, -6.2336871479404, 0.0 ], [ 106.883203413821121, -6.233611309883571, 0.0 ], [ 106.88320146454582, -6.233535471826412, 0.0 ], [ 106.883199515274399, -6.233459633768769, 0.0 ], [ 106.883198913690308, -6.233403706475542, 0.0 ], [ 106.883200268159769, -6.233333333918719, 0.0 ], [ 106.883197386023511, -6.233257114027612, 0.0 ], [ 106.883194504794872, -6.233180894132921, 0.0 ], [ 106.883191622666928, -6.2331046742409, 0.0 ], [ 106.883188155929545, -6.233044650559972, 0.0 ], [ 106.883184689195062, -6.232984626878872, 0.0 ], [ 106.88318160556345, -6.232924354093176, 0.0 ], [ 106.88317852193471, -6.232864081307198, 0.0 ], [ 106.883174898921851, -6.232786586504202, 0.0 ], [ 106.883171275006973, -6.23270909079976, 0.0 ], [ 106.883167652003166, -6.232631595995693, 0.0 ], [ 106.883163172948329, -6.232582093835451, 0.0 ], [ 106.883157879244635, -6.232505321984351, 0.0 ], [ 106.883152584645714, -6.232428551039934, 0.0 ], [ 106.883150920422707, -6.232363966742807, 0.0 ], [ 106.883149255302456, -6.232299383352759, 0.0 ], [ 106.883147591085176, -6.232234799055093, 0.0 ], [ 106.883144064970224, -6.23215102371699, 0.0 ], [ 106.883140538863742, -6.232067249282371, 0.0 ], [ 106.883137012759036, -6.231983473943011, 0.0 ], [ 106.883133486662786, -6.231899699507135, 0.0 ], [ 106.883131051983341, -6.231820226706685, 0.0 ], [ 106.883128617308188, -6.231740753905744, 0.0 ], [ 106.8831261817338, -6.231661281107536, 0.0 ], [ 106.883123747067359, -6.231581808305663, 0.0 ], [ 106.883119716869459, -6.231497281611405, 0.0 ], [ 106.883115685773191, -6.231412754919614, 0.0 ], [ 106.883111655585893, -6.231328228224021, 0.0 ], [ 106.883107624500624, -6.231243701530879, 0.0 ], [ 106.883103594323927, -6.231159174833852, 0.0 ], [ 106.883098984166551, -6.231072891647122, 0.0 ], [ 106.883094373114716, -6.230986609366971, 0.0 ], [ 106.883089762968922, -6.230900326178686, 0.0 ], [ 106.883085151928441, -6.230814043897014, 0.0 ], [ 106.883081181399902, -6.230753585300124, 0.0 ], [ 106.883077209967752, -6.230693125801843, 0.0 ], [ 106.883060729512593, -6.230609585675831, 0.0 ], [ 106.883027525550901, -6.230531183839625, 0.0 ], [ 106.882979001288916, -6.230461233487, 0.0 ], [ 106.882917013871349, -6.230408984610582, 0.0 ], [ 106.882855026468619, -6.230356736627156, 0.0 ], [ 106.882793039977713, -6.230304487725308, 0.0 ], [ 106.882731052598146, -6.23025223971973, 0.0 ], [ 106.882669065227162, -6.23019999079895, 0.0 ], [ 106.882625282760017, -6.230156190304991, 0.0 ], [ 106.882581499396892, -6.230112389808259, 0.0 ], [ 106.882573056420767, -6.230048828758015, 0.0 ], [ 106.882603712818906, -6.229975517085895, 0.0 ], [ 106.882634368310562, -6.229902206321741, 0.0 ], [ 106.882665024696678, -6.229828894650819, 0.0 ], [ 106.882693847278219, -6.229760483659806, 0.0 ], [ 106.882722670754575, -6.229692071761943, 0.0 ], [ 106.882751493325515, -6.229623660771928, 0.0 ], [ 106.882780315891168, -6.229555249782404, 0.0 ], [ 106.882811666733986, -6.229480078522727, 0.0 ], [ 106.88284301667035, -6.229404908171097, 0.0 ], [ 106.882853720355314, -6.229380055722504, 0.0 ], [ 106.882866162210561, -6.229352877939078, 0.0 ], [ 106.882893499535641, -6.229290332916502, 0.0 ], [ 106.882920837759599, -6.229227787891146, 0.0 ], [ 106.882948175075384, -6.229165242869291, 0.0 ], [ 106.882982307759335, -6.229086525574154, 0.0 ], [ 106.883016440436009, -6.229007808279618, 0.0 ], [ 106.883048138251581, -6.228958764648651, 0.0 ], [ 106.883082447228773, -6.228911512751196, 0.0 ], [ 106.883306616261734, -6.228569291653989, 0.0 ], [ 106.883381847031941, -6.228458984327679, 0.0 ], [ 106.883428360724892, -6.22839537563216, 0.0 ] ] ] } },
{ "type": "Feature", "properties": { "OBJECTID": 221, "toponimi": "Sal. Phb Aramco Jatinegara Barat", "kewenangan": "Pemprov DKI", "jenis": "Saluran Drainase Tersier", "panjang": "3544", "lebar": "1", "kedalaman": "1-2", "kota": "Jakarta Timur", "kecamatan": "Jatinegara", "lebar_min": 1.0, "lebar_max": 1.0, "kedalaman_": 1.0, "kedalaman1": 2.0, "Shape_Leng": 3.9322805320200001 }, "geometry": { "type": "MultiLineString", "coordinates": [ [ [ 106.868525201866618, -6.243839095827861, 0.0 ], [ 106.868589561665118, -6.243687935514125, 0.0 ], [ 106.868691346176703, -6.243396981590733, 0.0 ], [ 106.868842267635983, -6.242921031663314, 0.0 ], [ 106.868935679849159, -6.242602356268901, 0.0 ], [ 106.868950970073612, -6.242550192336016, 0.0 ], [ 106.868996690728224, -6.242380795029226, 0.0 ], [ 106.869036675639904, -6.242209951025067, 0.0 ], [ 106.869070882587607, -6.24203785588667, 0.0 ], [ 106.869099269350556, -6.24186470339181, 0.0 ], [ 106.869121805386058, -6.241690691783138, 0.0 ], [ 106.869134781550457, -6.241480604193374, 0.0 ], [ 106.869141821647304, -6.241270233441289, 0.0 ], [ 106.869142919388594, -6.241059749194727, 0.0 ], [ 106.869142076768767, -6.240822204538251, 0.0 ], [ 106.869129486880155, -6.240485766251932, 0.0 ], [ 106.869127795352455, -6.240440578164182, 0.0 ], [ 106.869126571847033, -6.240407895537781, 0.0 ], [ 106.869117163791117, -6.24015650741168, 0.0 ], [ 106.869113344154528, -6.240054438325805, 0.0 ], [ 106.869100287141762, -6.239766872187641, 0.0 ], [ 106.869097735926388, -6.239714437395324, 0.0 ], [ 106.869095538647244, -6.239669284067862, 0.0 ], [ 106.869092899396861, -6.239615041846534, 0.0 ], [ 106.869079602534086, -6.239463615094691, 0.0 ], [ 106.869060415417962, -6.239312822325126, 0.0 ], [ 106.869035369489509, -6.239162893037742, 0.0 ], [ 106.869010419680876, -6.23902135428598, 0.0 ], [ 106.868977225134344, -6.238830262310002, 0.0 ], [ 106.868949536362393, -6.238683818245227, 0.0 ], [ 106.868949354004386, -6.238682865419237, 0.0 ], [ 106.868938993734275, -6.238630604652587, 0.0 ], [ 106.868938727832926, -6.23863065733936, 0.0 ], [ 106.868915349177684, -6.23851579490169, 0.0 ], [ 106.868878879373753, -6.238349246733414, 0.0 ], [ 106.86881944773279, -6.238090143917814, 0.0 ], [ 106.868811351217246, -6.238054845558392, 0.0 ], [ 106.868776474126278, -6.237902792365164, 0.0 ], [ 106.868747596883139, -6.237790481059935, 0.0 ], [ 106.868712180803115, -6.237651184253252, 0.0 ], [ 106.868673301717621, -6.237512815233694, 0.0 ], [ 106.868645103600784, -6.23742129282591, 0.0 ], [ 106.868630982084568, -6.237375459729784, 0.0 ], [ 106.868629068672988, -6.237369565946087, 0.0 ], [ 106.868615019920242, -6.237326605618677, 0.0 ], [ 106.868568317406982, -6.237191439696725, 0.0 ], [ 106.868518273160774, -6.237057476608271, 0.0 ], [ 106.868464919521145, -6.236924797617184, 0.0 ], [ 106.868338685562449, -6.236639810528415, 0.0 ], [ 106.867927228416249, -6.235765284483093, 0.0 ], [ 106.867924645759885, -6.235759443368315, 0.0 ], [ 106.867752867216254, -6.235344704404719, 0.0 ], [ 106.867694989660762, -6.235214154788022, 0.0 ], [ 106.867641401560832, -6.235081785202055, 0.0 ], [ 106.867592157713574, -6.234947735846472, 0.0 ], [ 106.867547312916301, -6.234812148707379, 0.0 ], [ 106.867528872300127, -6.234751655862545, 0.0 ], [ 106.867483254951637, -6.234586229002515, 0.0 ], [ 106.867444154880687, -6.234419139319442, 0.0 ], [ 106.867411633172381, -6.234250643103716, 0.0 ], [ 106.867385738336054, -6.23408100021781, 0.0 ], [ 106.867338311780628, -6.233688419816812, 0.0 ], [ 106.86732977239555, -6.23361774213272, 0.0 ], [ 106.867311073064627, -6.233462955060059, 0.0 ], [ 106.86725852970531, -6.232970850581485, 0.0 ], [ 106.86724989150548, -6.232889934496589, 0.0 ], [ 106.867168456530095, -6.232127227159169, 0.0 ], [ 106.867165134560153, -6.232092010555109, 0.0 ], [ 106.867157110808037, -6.232004260154513, 0.0 ], [ 106.867126621987268, -6.23162639138827, 0.0 ], [ 106.867102685478216, -6.231248049055732, 0.0 ], [ 106.867084161318687, -6.230912894130667, 0.0 ], [ 106.867082662928837, -6.23088579757214, 0.0 ], [ 106.867081520271881, -6.230865119958079, 0.0 ], [ 106.867081314557637, -6.230858455434753, 0.0 ], [ 106.867079031938417, -6.230483188072446, 0.0 ], [ 106.867078745375878, -6.23043594162925, 0.0 ], [ 106.86707852528869, -6.230399719382998, 0.0 ], [ 106.86707599293787, -6.229983513431607, 0.0 ], [ 106.867075809681566, -6.229953355586183, 0.0 ], [ 106.86707133876638, -6.229218200527802, 0.0 ], [ 106.867071379190534, -6.229206374377457, 0.0 ], [ 106.867071570531763, -6.229150520081296, 0.0 ], [ 106.867072097842822, -6.228996587196137, 0.0 ], [ 106.867072152639977, -6.228980578173518, 0.0 ], [ 106.867072321523281, -6.228931260700508, 0.0 ], [ 106.867076118702016, -6.227824015859975, 0.0 ], [ 106.867076306449931, -6.22776886243259, 0.0 ], [ 106.867076780760399, -6.227630739064534, 0.0 ], [ 106.867076827472772, -6.227627614408115, 0.0 ], [ 106.867078580984142, -6.227470993103233, 0.0 ], [ 106.867075554559989, -6.227314391397888, 0.0 ], [ 106.867067751793456, -6.227157955746691, 0.0 ], [ 106.86705517897272, -6.227001830818117, 0.0 ], [ 106.867037847775933, -6.226846163066987, 0.0 ], [ 106.866992081307231, -6.226586390166557, 0.0 ], [ 106.866964026022515, -6.226441471527671, 0.0 ], [ 106.866939202876253, -6.226320466041037, 0.0 ], [ 106.866901885062745, -6.226151870779386, 0.0 ], [ 106.8668739815935, -6.226041021506424, 0.0 ], [ 106.866862917942299, -6.225997067216769, 0.0 ], [ 106.866859734313024, -6.225984418525295, 0.0 ], [ 106.86685248131532, -6.225957512817968, 0.0 ], [ 106.866820177897736, -6.225849554200483, 0.0 ], [ 106.866783156528285, -6.225743122620359, 0.0 ], [ 106.866745415608264, -6.225648291315972, 0.0 ], [ 106.8667455728135, -6.225648119856624, 0.0 ], [ 106.866741489072126, -6.225638426151703, 0.0 ], [ 106.8667257146558, -6.225602974248692, 0.0 ], [ 106.866646971032907, -6.22542601296543, 0.0 ], [ 106.866587529510568, -6.225305321587149, 0.0 ], [ 106.866466743834053, -6.225060077335527, 0.0 ], [ 106.866415887510854, -6.224943127621514, 0.0 ], [ 106.866403932731131, -6.22491563693361, 0.0 ], [ 106.866378502323769, -6.224857155812585, 0.0 ], [ 106.866368394480176, -6.224833911424918, 0.0 ], [ 106.866349497519806, -6.224787755742536, 0.0 ], [ 106.866332814906727, -6.224747007286329, 0.0 ], [ 106.866324393200898, -6.224724260305338, 0.0 ], [ 106.866310662451809, -6.224687180366752, 0.0 ], [ 106.866301798774913, -6.224661802548782, 0.0 ], [ 106.866300777390364, -6.224658877910982, 0.0 ], [ 106.866287519155051, -6.224620920129851, 0.0 ], [ 106.866280810536523, -6.224601712178801, 0.0 ], [ 106.866277696077532, -6.224591480856965, 0.0 ], [ 106.866272929616585, -6.224577197906349, 0.0 ], [ 106.866266297354812, -6.224555046561988, 0.0 ], [ 106.866258504469712, -6.224528444408033, 0.0 ], [ 106.866248213369886, -6.224494640943945, 0.0 ], [ 106.866230570457617, -6.224429113851868, 0.0 ], [ 106.866225847115899, -6.224411569589287, 0.0 ], [ 106.866219171735054, -6.224386776685868, 0.0 ], [ 106.866110662435247, -6.22398375766471, 0.0 ], [ 106.865853869129793, -6.223124962543099, 0.0 ], [ 106.865577932725685, -6.22222349022173, 0.0 ], [ 106.865562675738786, -6.222173646123508, 0.0 ], [ 106.865449578742883, -6.221804162029996, 0.0 ], [ 106.865400115706692, -6.22163755765622, 0.0 ], [ 106.86534526906712, -6.22147264908341, 0.0 ], [ 106.865285098112707, -6.221309612238868, 0.0 ], [ 106.865219664827393, -6.221148616799278, 0.0 ], [ 106.865149039279743, -6.220989834227302, 0.0 ], [ 106.865073295131637, -6.220833432413851, 0.0 ], [ 106.864959427381194, -6.220594992719861, 0.0 ], [ 106.864957501393178, -6.220590960707165, 0.0 ], [ 106.864952872374587, -6.220581268694947, 0.0 ], [ 106.864938217259024, -6.220550579852244, 0.0 ], [ 106.864924090352929, -6.220520999253186, 0.0 ], [ 106.864895111600163, -6.220460316333268, 0.0 ], [ 106.86478425140912, -6.220228177666398, 0.0 ], [ 106.864412728868928, -6.219388528289573, 0.0 ], [ 106.864286997966801, -6.219085352298134, 0.0 ], [ 106.864236124575712, -6.218946678327615, 0.0 ], [ 106.864190320377716, -6.218806245946097, 0.0 ], [ 106.864149644661538, -6.218664240009466, 0.0 ], [ 106.864114152224658, -6.218520849838568, 0.0 ], [ 106.864083890677705, -6.218376262968621, 0.0 ], [ 106.86401516866016, -6.217864035089224, 0.0 ], [ 106.863865282958344, -6.216614594333793, 0.0 ], [ 106.863858799817024, -6.216550900549037, 0.0 ], [ 106.863846814494508, -6.216488011379383, 0.0 ], [ 106.863829418618934, -6.216426400132511, 0.0 ], [ 106.86380674514119, -6.216366532972617, 0.0 ], [ 106.863801297757377, -6.216355224492297, 0.0 ], [ 106.86380098783853, -6.216353474147107, 0.0 ], [ 106.863787641568337, -6.216326877829359, 0.0 ], [ 106.863778962944451, -6.216308861774701, 0.0 ], [ 106.863776630019672, -6.216304932427971, 0.0 ], [ 106.86377440938432, -6.21630050744767, 0.0 ], [ 106.863755638188124, -6.216269579915162, 0.0 ], [ 106.863746282234302, -6.216253821447211, 0.0 ], [ 106.863744942846239, -6.216251955007275, 0.0 ], [ 106.863743664543662, -6.216249850127391, 0.0 ], [ 106.863708950946105, -6.216201829037323, 0.0 ], [ 106.863629486874459, -6.216116839028831, 0.0 ], [ 106.863625917867722, -6.216113022202872, 0.0 ], [ 106.863602185276264, -6.216089674729658, 0.0 ], [ 106.863545516853236, -6.216033925310239, 0.0 ], [ 106.863525250860434, -6.216015094798743, 0.0 ], [ 106.86346272811663, -6.215958523780253, 0.0 ], [ 106.863449105165429, -6.215946198125491, 0.0 ], [ 106.86343934586813, -6.215938082232749, 0.0 ], [ 106.863424029592565, -6.215924692974093, 0.0 ], [ 106.863356016345705, -6.215868788149237, 0.0 ], [ 106.863355633663517, -6.215868472015251, 0.0 ], [ 106.863355518679015, -6.215868380925698, 0.0 ], [ 106.86325900188838, -6.215794717216615, 0.0 ], [ 106.863201803459248, -6.215753970742377, 0.0 ], [ 106.863071298909645, -6.215656322791243, 0.0 ], [ 106.863068425199131, -6.215654116103081, 0.0 ], [ 106.862940505102614, -6.215551681467723, 0.0 ], [ 106.862915302867364, -6.215527746352848, 0.0 ], [ 106.862905678317432, -6.215518605249752, 0.0 ], [ 106.862900283934053, -6.215513482802681, 0.0 ], [ 106.862887651824536, -6.215501485774285, 0.0 ], [ 106.862860694281252, -6.215475882468149, 0.0 ], [ 106.862825216217288, -6.215442187372276, 0.0 ], [ 106.862784624942961, -6.215403635950426, 0.0 ], [ 106.862751048612566, -6.215371747459593, 0.0 ], [ 106.862398899139791, -6.21503729504996, 0.0 ], [ 106.862285751838144, -6.21493156320685, 0.0 ], [ 106.862177254216476, -6.214821059851729, 0.0 ], [ 106.862073605700672, -6.214705987700825, 0.0 ], [ 106.861980491728161, -6.214593214200231, 0.0 ], [ 106.861961605547606, -6.214568840560827, 0.0 ], [ 106.861882555599266, -6.214464243672849, 0.0 ], [ 106.861881615961508, -6.214463000566098, 0.0 ], [ 106.861880512830339, -6.214461402923784, 0.0 ], [ 106.86179362867442, -6.214335534773713, 0.0 ], [ 106.861711202857137, -6.214204400354708, 0.0 ], [ 106.86163448852858, -6.214069839319604, 0.0 ], [ 106.861383598951136, -6.21361976001059, 0.0 ], [ 106.861356358438414, -6.213570891187383, 0.0 ], [ 106.861235061620548, -6.213353293502949, 0.0 ], [ 106.861222888550117, -6.213331454249247, 0.0 ], [ 106.861036789962611, -6.212997605130153, 0.0 ], [ 106.861011098145582, -6.212951515386718, 0.0 ], [ 106.860875424689823, -6.21270812557407, 0.0 ], [ 106.860813525376855, -6.212602151249132, 0.0 ], [ 106.86081278606342, -6.212602376295149, 0.0 ], [ 106.860798697784759, -6.212578124016923, 0.0 ], [ 106.860790030838857, -6.212563112019601, 0.0 ], [ 106.860776302784799, -6.212539189271247, 0.0 ], [ 106.860776668399112, -6.212539052636174, 0.0 ], [ 106.860758850315463, -6.212508547290367, 0.0 ], [ 106.860647555339995, -6.212305975460506, 0.0 ], [ 106.86055407305814, -6.212124708819263, 0.0 ], [ 106.860554072892299, -6.212124708497657, 0.0 ] ] ] } },
{ "type": "Feature", "properties": { "OBJECTID": 1204, "toponimi": "Sal. Phb DI Panjaitan Barat/Timur", "kewenangan": "Pemprov DKI", "jenis": "Saluran Drainase Tersier", "panjang": "2381", "lebar": "1.5 - 2", "kedalaman": "1-2", "kota": "Jakarta Timur", "kecamatan": "Jatinegara", "lebar_min": 1.5, "lebar_max": 2.0, "kedalaman_": 1.0, "kedalaman1": 2.0, "Shape_Leng": 0.36987634795000002 }, "geometry": { "type": "MultiLineString", "coordinates": [ [ [ 106.874354592527467, -6.222683014810519, 0.0 ], [ 106.874353769670662, -6.22267238873539, 0.0 ], [ 106.874325241872157, -6.222304248099353, 0.0 ], [ 106.874280503076051, -6.22172691366051, 0.0 ], [ 106.874152396130057, -6.219794346010493, 0.0 ], [ 106.874149667946526, -6.219753190839565, 0.0 ], [ 106.874148574696733, -6.219736703765507, 0.0 ], [ 106.874147644940493, -6.21972269573542, 0.0 ], [ 106.874145386575861, -6.219688616016726, 0.0 ], [ 106.874011921179175, -6.219628718865134, 0.0 ], [ 106.873872975160879, -6.219556510425073, 0.0 ] ] ] } },
{ "type": "Feature", "properties": { "OBJECTID": 1104, "toponimi": "Sal. Phb Cipinang Muara PLN", "kewenangan": "Pemprov DKI", "jenis": "Saluran Drainase Tersier", "panjang": "1910", "lebar": "1 - 2", "kedalaman": "2-3", "kota": "Jakarta Timur", "kecamatan": "Jatinegara", "lebar_min": 1.0, "lebar_max": 2.0, "kedalaman_": 2.0, "kedalaman1": 3.0, "Shape_Leng": 1.4540951906699999 }, "geometry": { "type": "MultiLineString", "coordinates": [ [ [ 106.891289790700981, -6.22863372475201, 0.0 ], [ 106.891289790690976, -6.22863372472985, 0.0 ], [ 106.891269265132891, -6.228588288432158, 0.0 ], [ 106.891260444921087, -6.228568764410154, 0.0 ], [ 106.891258590863117, -6.228565205129067, 0.0 ], [ 106.891250851789181, -6.228552399511611, 0.0 ], [ 106.891225971342834, -6.228511234610114, 0.0 ], [ 106.891223370331474, -6.228507488137284, 0.0 ], [ 106.891175970381951, -6.228447650292187, 0.0 ], [ 106.891173283401002, -6.22844411750411, 0.0 ], [ 106.891170146637052, -6.228440123408804, 0.0 ], [ 106.891166948605004, -6.228436176548278, 0.0 ], [ 106.891163712905055, -6.228432307578986, 0.0 ], [ 106.891160370581588, -6.228428435375188, 0.0 ], [ 106.891156992403964, -6.228424642864248, 0.0 ], [ 106.89115355659122, -6.228420903, 0.0 ], [ 106.891150061336731, -6.22841721578894, 0.0 ], [ 106.891146510267063, -6.228413584834664, 0.0 ], [ 106.891142903382558, -6.228410010137063, 0.0 ], [ 106.891139240676509, -6.228406489887912, 0.0 ], [ 106.891135525775766, -6.228403027690936, 0.0 ], [ 106.891131755072905, -6.228399625367069, 0.0 ], [ 106.891127933975966, -6.228396279280521, 0.0 ], [ 106.891124053450156, -6.228392989463697, 0.0 ], [ 106.891120137043899, -6.228389772106626, 0.0 ], [ 106.891116163002906, -6.228386607396272, 0.0 ], [ 106.891112140407046, -6.228383507957908, 0.0 ], [ 106.891108071050397, -6.228380470168818, 0.0 ], [ 106.891103954939339, -6.228377495837053, 0.0 ], [ 106.891099792073916, -6.228374584962664, 0.0 ], [ 106.891095586080979, -6.228371741149148, 0.0 ], [ 106.891091335147323, -6.228368962594748, 0.0 ], [ 106.891087041079487, -6.228366249293054, 0.0 ], [ 106.891082707498171, -6.228363603039327, 0.0 ], [ 106.891078287331652, -6.228360998686393, 0.0 ], [ 106.891073918193868, -6.228358515305223, 0.0 ], [ 106.891069464284286, -6.228356075626622, 0.0 ], [ 106.891064974481466, -6.228353704791289, 0.0 ], [ 106.891060446985094, -6.228351404613981, 0.0 ], [ 106.891055885402423, -6.228349173273396, 0.0 ], [ 106.891051289746514, -6.228347014386139, 0.0 ], [ 106.891046660010659, -6.228344926143923, 0.0 ], [ 106.891041999822079, -6.228342912150382, 0.0 ], [ 106.891037309167615, -6.228340968788844, 0.0 ], [ 106.891033775114849, -6.228339567381897, 0.0 ], [ 106.890820806778365, -6.228241341859606, 0.0 ], [ 106.890820012241875, -6.22824098666787, 0.0 ], [ 106.890611994060748, -6.228151055961551, 0.0 ], [ 106.890607572949619, -6.228149196618406, 0.0 ], [ 106.890603576875137, -6.228147447865498, 0.0 ], [ 106.890599607704402, -6.228145642959375, 0.0 ], [ 106.890595663624111, -6.228143780098229, 0.0 ], [ 106.890591748260903, -6.228141862885904, 0.0 ], [ 106.890587859795133, -6.228139887712029, 0.0 ], [ 106.890583998239734, -6.228137858193348, 0.0 ], [ 106.890580169015266, -6.228135774310235, 0.0 ], [ 106.890576368508192, -6.228133636075861, 0.0 ], [ 106.890572598518816, -6.228131441675324, 0.0 ], [ 106.890568859060167, -6.228129194725221, 0.0 ], [ 106.890565155552949, -6.228126895206026, 0.0 ], [ 106.890561482570035, -6.228124541329076, 0.0 ], [ 106.890557843738222, -6.22812213669783, 0.0 ], [ 106.890554240857895, -6.228119679497559, 0.0 ], [ 106.890550672128654, -6.228117171542977, 0.0 ], [ 106.890547141164518, -6.228114612821168, 0.0 ], [ 106.890543646158179, -6.228112003338691, 0.0 ], [ 106.890539984167745, -6.228109186502202, 0.0 ], [ 106.890538808332479, -6.228108319124531, 0.0 ], [ 106.890501863312153, -6.228082209746327, 0.0 ], [ 106.890471885583068, -6.228058503919107, 0.0 ], [ 106.890467076745949, -6.228053325960163, 0.0 ], [ 106.89046051525645, -6.228046161556, 0.0 ], [ 106.89045400059274, -6.228038953585207, 0.0 ], [ 106.890447538162803, -6.228031698411714, 0.0 ], [ 106.890441022768357, -6.228024286107538, 0.0 ], [ 106.890436657451843, -6.228019334402227, 0.0 ], [ 106.890432485907212, -6.228014501349068, 0.0 ], [ 106.890428366609171, -6.228009624709871, 0.0 ], [ 106.890424299564117, -6.228004706292954, 0.0 ], [ 106.890420286572819, -6.227999744283525, 0.0 ], [ 106.890416324020805, -6.227994738694521, 0.0 ], [ 106.89041241553555, -6.227989693129581, 0.0 ], [ 106.890408561103783, -6.227984603972236, 0.0 ], [ 106.890404760744985, -6.227979476647079, 0.0 ], [ 106.890401014452564, -6.227974309346028, 0.0 ], [ 106.890397322220281, -6.227969100260761, 0.0 ], [ 106.890394020075831, -6.227964334614729, 0.0 ], [ 106.890391677610324, -6.22796062699088, 0.0 ], [ 106.890388710536214, -6.227956078946174, 0.0 ], [ 106.890385680373754, -6.227951574526312, 0.0 ], [ 106.890382581715272, -6.227947117367075, 0.0 ], [ 106.890379418161714, -6.227942703839035, 0.0 ], [ 106.890376191539104, -6.227938339360665, 0.0 ], [ 106.890372900034379, -6.227934022129967, 0.0 ], [ 106.890369545460842, -6.227929753948805, 0.0 ], [ 106.890366129625448, -6.227925534810733, 0.0 ], [ 106.890362663428306, -6.227921380951095, 0.0 ], [ 106.89035911058113, -6.227917250909673, 0.0 ], [ 106.890355510992521, -6.227913187942009, 0.0 ], [ 106.89035185196856, -6.227909179435716, 0.0 ], [ 106.890348133502627, -6.227905223582479, 0.0 ], [ 106.890344359215177, -6.227901322177664, 0.0 ], [ 106.89034052550501, -6.227897478850733, 0.0 ], [ 106.890336637780337, -6.227893689965682, 0.0 ], [ 106.890332694253644, -6.227889960953831, 0.0 ], [ 106.890328696725078, -6.227886290000368, 0.0 ], [ 106.890324643388055, -6.227882677111885, 0.0 ], [ 106.890320539675969, -6.227879125885348, 0.0 ], [ 106.890316418205188, -6.227875661519936, 0.0 ], [ 106.890312175693964, -6.227872204821256, 0.0 ], [ 106.890308803350052, -6.227869535223547, 0.0 ], [ 106.890294917679967, -6.22785743603915, 0.0 ], [ 106.890285599842969, -6.227849316789325, 0.0 ], [ 106.89027247321323, -6.227835479838791, 0.0 ], [ 106.890267127880534, -6.227829845399744, 0.0 ], [ 106.890264960365457, -6.227827561169402, 0.0 ], [ 106.890261806646308, -6.227823623182902, 0.0 ], [ 106.890257551057928, -6.227816511090172, 0.0 ], [ 106.890254555440137, -6.227808782379906, 0.0 ], [ 106.8902529037086, -6.22780065917012, 0.0 ], [ 106.890252645482647, -6.227792373647178, 0.0 ], [ 106.890252934046856, -6.227791966654178, 0.0 ], [ 106.890254494380386, -6.227789695287614, 0.0 ], [ 106.890254873623562, -6.227789127936851, 0.0 ], [ 106.890256377805471, -6.227786818797547, 0.0 ], [ 106.890256742560695, -6.227786242457217, 0.0 ], [ 106.890257503395375, -6.227785006483592, 0.0 ], [ 106.89025818697715, -6.227783895558034, 0.0 ], [ 106.890258537244478, -6.227783310228408, 0.0 ], [ 106.890259619292578, -6.227781449246864, 0.0 ], [ 106.890259970398546, -6.227780845831337, 0.0 ], [ 106.890260257680993, -6.227780333058562, 0.0 ], [ 106.890261584393002, -6.227777916058168, 0.0 ], [ 106.890262354169494, -6.227776401577152, 0.0 ], [ 106.890276758964632, -6.227745716781382, 0.0 ], [ 106.890379107878132, -6.227527704468334, 0.0 ], [ 106.890381286851024, -6.227523595479991, 0.0 ], [ 106.890383799123001, -6.227518704120011, 0.0 ], [ 106.890386246221794, -6.227513778636331, 0.0 ], [ 106.890388624546134, -6.227508822658205, 0.0 ], [ 106.890390937696978, -6.227503832556246, 0.0 ], [ 106.890393182079976, -6.227498813768233, 0.0 ], [ 106.890395359495713, -6.227493764479286, 0.0 ], [ 106.890397468143362, -6.227488686504389, 0.0 ], [ 106.890399508023165, -6.227483579843335, 0.0 ], [ 106.89040148094837, -6.227478446297979, 0.0 ], [ 106.890403386887002, -6.227473276826908, 0.0 ], [ 106.890405215106782, -6.227468102209551, 0.0 ], [ 106.890406978153294, -6.227462893468298, 0.0 ], [ 106.890408670644419, -6.227457661472295, 0.0 ], [ 106.890410292586495, -6.22745240802965, 0.0 ], [ 106.890411843973197, -6.227447131332177, 0.0 ], [ 106.890413324823854, -6.227441836804553, 0.0 ], [ 106.890414733318494, -6.227436520836879, 0.0 ], [ 106.890416071277315, -6.227431187039037, 0.0 ], [ 106.890417335086028, -6.22742583542418, 0.0 ], [ 106.890418528365473, -6.22742046778746, 0.0 ], [ 106.89041964930162, -6.227415082327048, 0.0 ], [ 106.890420697914323, -6.227409684467909, 0.0 ], [ 106.890421674171094, -6.227404265168567, 0.0 ], [ 106.890422576349181, -6.22739884794306, 0.0 ], [ 106.890423404370921, -6.227393411092026, 0.0 ], [ 106.890424161888802, -6.227387965452217, 0.0 ], [ 106.890424845276371, -6.227382507420102, 0.0 ], [ 106.890425454552755, -6.22737704242043, 0.0 ], [ 106.890425927029028, -6.227372230700226, 0.0 ], [ 106.890432664173431, -6.227321927310023, 0.0 ], [ 106.890434165501802, -6.227310235011194, 0.0 ], [ 106.890435714380274, -6.227298701670764, 0.0 ], [ 106.890437331962005, -6.227287178933838, 0.0 ], [ 106.890439018240357, -6.22727566499218, 0.0 ], [ 106.890440769614401, -6.2272641634753, 0.0 ], [ 106.89044258968525, -6.227252670753689, 0.0 ], [ 106.890444478459315, -6.227241188635601, 0.0 ], [ 106.890446432322236, -6.227229717134074, 0.0 ], [ 106.89044845490146, -6.227218259852582, 0.0 ], [ 106.890450544370339, -6.227206811372802, 0.0 ], [ 106.890452700748426, -6.227195377119633, 0.0 ], [ 106.890454924035467, -6.227183957092858, 0.0 ], [ 106.890457214218699, -6.227172547676304, 0.0 ], [ 106.890459486071734, -6.227161570504467, 0.0 ], [ 106.890492393272709, -6.22702781521857, 0.0 ], [ 106.890516680669649, -6.226954019958886, 0.0 ], [ 106.890522306075951, -6.226936926920091, 0.0 ], [ 106.890544333112032, -6.226869998569274, 0.0 ], [ 106.89054764364792, -6.226859939899626, 0.0 ], [ 106.890548371176251, -6.226857728477864, 0.0 ], [ 106.890556855761488, -6.226831948159549, 0.0 ], [ 106.890565334987102, -6.226806185039181, 0.0 ], [ 106.890567245870642, -6.226800378131933, 0.0 ], [ 106.890569821731148, -6.226792553513266, 0.0 ], [ 106.890625527891586, -6.226623290519298, 0.0 ], [ 106.890689877325315, -6.226412759623445, 0.0 ], [ 106.89070642437494, -6.226358624606402, 0.0 ], [ 106.890707012556689, -6.226356354915028, 0.0 ], [ 106.890781579003487, -6.226006793023367, 0.0 ], [ 106.890788764497202, -6.225981808485172, 0.0 ], [ 106.89079812829074, -6.225949245775756, 0.0 ], [ 106.89083581104407, -6.225818211138419, 0.0 ], [ 106.890837170148913, -6.225813485752324, 0.0 ], [ 106.890840998479788, -6.225800173036378, 0.0 ], [ 106.890844826810408, -6.225786860320405, 0.0 ], [ 106.890846983707959, -6.225779360885977, 0.0 ], [ 106.890850390828589, -6.225767511674142, 0.0 ], [ 106.890920425152103, -6.225587608077586, 0.0 ], [ 106.891056448830881, -6.225331599835618, 0.0 ], [ 106.891057300881954, -6.225329849983817, 0.0 ], [ 106.891057719427465, -6.225328904561826, 0.0 ], [ 106.891061395806886, -6.225320597711307, 0.0 ], [ 106.891066903201491, -6.225308152379698, 0.0 ], [ 106.891072391774998, -6.225295749610056, 0.0 ], [ 106.891075488283604, -6.225288752223928, 0.0 ], [ 106.891135555200435, -6.225153025377276, 0.0 ], [ 106.891136275169401, -6.225151227175215, 0.0 ], [ 106.891136534478946, -6.225150472193183, 0.0 ], [ 106.891191917089586, -6.224980987977012, 0.0 ], [ 106.891194385492824, -6.22497343498723, 0.0 ], [ 106.891198283807057, -6.224961503548218, 0.0 ], [ 106.891203177715326, -6.224946528822739, 0.0 ], [ 106.891205367064131, -6.224940020210576, 0.0 ], [ 106.891212580550416, -6.224918572572026, 0.0 ], [ 106.891216101922225, -6.224908103574091, 0.0 ], [ 106.891269841456335, -6.224748324865811, 0.0 ], [ 106.89127032542622, -6.224746726420297, 0.0 ], [ 106.891303006386806, -6.22462529361125, 0.0 ], [ 106.891304786085442, -6.224618681586946, 0.0 ], [ 106.89130638834159, -6.224612726604143, 0.0 ], [ 106.891306760156553, -6.224611346458244, 0.0 ], [ 106.891310283877601, -6.224598251829496, 0.0 ], [ 106.891313841483836, -6.224585032308071, 0.0 ], [ 106.891314212401923, -6.22458365397355, 0.0 ], [ 106.891315474950432, -6.224578962387616, 0.0 ], [ 106.891339246720662, -6.2244906322352, 0.0 ], [ 106.891342599257641, -6.224478176542901, 0.0 ], [ 106.89134336415708, -6.224475300445093, 0.0 ], [ 106.891343517387043, -6.22447469412219, 0.0 ], [ 106.891343830767497, -6.224473395558326, 0.0 ], [ 106.891344204671967, -6.22447184181006, 0.0 ], [ 106.891344345246893, -6.224471233724244, 0.0 ], [ 106.891344967429902, -6.224468367179091, 0.0 ], [ 106.891345093529779, -6.224467753720375, 0.0 ], [ 106.891345648804176, -6.224464872948727, 0.0 ], [ 106.891345753369563, -6.224464301157558, 0.0 ], [ 106.89134624882054, -6.224461366351895, 0.0 ], [ 106.891346345990002, -6.224460747571887, 0.0 ], [ 106.89134676927975, -6.224457845573839, 0.0 ], [ 106.891346851986953, -6.224457225037388, 0.0 ], [ 106.891347208387302, -6.224454314237584, 0.0 ], [ 106.891347276632629, -6.224453691944675, 0.0 ], [ 106.891347564336812, -6.224450772349642, 0.0 ], [ 106.89134761812646, -6.224450150108563, 0.0 ], [ 106.891347840761, -6.224447225321795, 0.0 ], [ 106.891347880082279, -6.224446599515934, 0.0 ], [ 106.891348034040092, -6.224443671358748, 0.0 ], [ 106.891348058905763, -6.224443045604698, 0.0 ], [ 106.891348145993547, -6.224440114070504, 0.0 ], [ 106.891348156403836, -6.224439488368214, 0.0 ], [ 106.891348176149307, -6.224436421454289, 0.0 ], [ 106.89134817258271, -6.22443592961487, 0.0 ], [ 106.89134812233614, -6.224432996764454, 0.0 ], [ 106.891348105642123, -6.224432371159345, 0.0 ], [ 106.891347988545093, -6.22442944035673, 0.0 ], [ 106.891347957402019, -6.224428816611685, 0.0 ], [ 106.891347773454541, -6.224425887856853, 0.0 ], [ 106.891347726048835, -6.224425264169996, 0.0 ], [ 106.89134747346337, -6.22442234289427, 0.0 ], [ 106.891347413409008, -6.224421719252814, 0.0 ], [ 106.891347093985999, -6.224418803641329, 0.0 ], [ 106.891347019489046, -6.224418183668193, 0.0 ], [ 106.891346633235031, -6.224415275529318, 0.0 ], [ 106.891346544282584, -6.224414655607942, 0.0 ], [ 106.891346091210053, -6.224411758558138, 0.0 ], [ 106.891345987808521, -6.224411140496794, 0.0 ], [ 106.891345467911592, -6.224408252727903, 0.0 ], [ 106.891345350073834, -6.224407640143062, 0.0 ], [ 106.891344765172306, -6.22440476526504, 0.0 ], [ 106.891344632885463, -6.224404154540245, 0.0 ], [ 106.891343981178451, -6.224401294367812, 0.0 ], [ 106.891343834442608, -6.22440068550315, 0.0 ], [ 106.891343117743901, -6.224397841838024, 0.0 ], [ 106.891342837613067, -6.224396817546882, 0.0 ], [ 106.891341789514186, -6.224393266223355, 0.0 ], [ 106.891340596031725, -6.224389483960885, 0.0 ], [ 106.891339330355464, -6.224385725464592, 0.0 ], [ 106.891337996157773, -6.224382006996064, 0.0 ], [ 106.891336580641223, -6.224378287010681, 0.0 ], [ 106.891335098416207, -6.224374608854655, 0.0 ], [ 106.891333545823898, -6.224370959883175, 0.0 ], [ 106.891331922870876, -6.224367341904609, 0.0 ], [ 106.891330229563437, -6.224363756727164, 0.0 ], [ 106.891328465901566, -6.224360204350818, 0.0 ], [ 106.891326635505649, -6.224356686570779, 0.0 ], [ 106.891325109418659, -6.224353880162949, 0.0 ], [ 106.891324153901934, -6.22435196319295, 0.0 ], [ 106.891323817268599, -6.224351307993332, 0.0 ], [ 106.891322572933717, -6.224348968920579, 0.0 ], [ 106.891322218263369, -6.224348322826988, 0.0 ], [ 106.891320838077633, -6.224345892018547, 0.0 ], [ 106.891320538107323, -6.224345383158333, 0.0 ], [ 106.891319169345479, -6.224343115054233, 0.0 ], [ 106.891318780420946, -6.224342490782774, 0.0 ], [ 106.891317350358761, -6.224340260872186, 0.0 ], [ 106.891316943396973, -6.224339645706768, 0.0 ], [ 106.891315453848151, -6.224337455791485, 0.0 ], [ 106.891315030669048, -6.224336853342129, 0.0 ], [ 106.891313481633389, -6.224334703422065, 0.0 ], [ 106.891313042230621, -6.224334111880496, 0.0 ], [ 106.891311435534391, -6.224332007374043, 0.0 ], [ 106.891310981714994, -6.224331426733819, 0.0 ], [ 106.891309317351883, -6.224329365832737, 0.0 ], [ 106.891308889055992, -6.224328848390831, 0.0 ], [ 106.891307127104923, -6.224326784222844, 0.0 ], [ 106.891306642658151, -6.224326229008228, 0.0 ], [ 106.89130487021454, -6.224324262524941, 0.0 ], [ 106.89130436955692, -6.224323721834603, 0.0 ], [ 106.89130254307328, -6.224321802560227, 0.0 ], [ 106.891302028011822, -6.224321276387794, 0.0 ], [ 106.891300151108496, -6.224319406117502, 0.0 ], [ 106.891299623450124, -6.224318894456466, 0.0 ], [ 106.891297696139915, -6.224317076806997, 0.0 ], [ 106.891297154077776, -6.224316579663763, 0.0 ], [ 106.891295178174133, -6.224314816436667, 0.0 ], [ 106.891294621701761, -6.224314332003099, 0.0 ], [ 106.891292528327355, -6.224312563772137, 0.0 ], [ 106.8912920299489, -6.224312155078134, 0.0 ], [ 106.891289962279231, -6.224310500676704, 0.0 ], [ 106.891289380626077, -6.22431004888232, 0.0 ], [ 106.891287267983429, -6.2243084506987, 0.0 ], [ 106.891286673739785, -6.224308015223932, 0.0 ], [ 106.891284519750855, -6.224306476861662, 0.0 ], [ 106.891283914723942, -6.22430605770007, 0.0 ], [ 106.891281717575296, -6.224304577357371, 0.0 ], [ 106.891281101758551, -6.224304172700649, 0.0 ], [ 106.891278866883894, -6.224302753974674, 0.0 ], [ 106.891278240289992, -6.2243023674394, 0.0 ], [ 106.891275965876304, -6.224301008528266, 0.0 ], [ 106.891275433515204, -6.224300697603113, 0.0 ], [ 106.891273019979565, -6.224299342806928, 0.0 ], [ 106.891272373632233, -6.224298990699733, 0.0 ], [ 106.891270029200513, -6.224297758619115, 0.0 ], [ 106.891269373883063, -6.224297424626841, 0.0 ], [ 106.891266997146275, -6.224296254143389, 0.0 ], [ 106.891266332858919, -6.224295938266053, 0.0 ], [ 106.891263925643372, -6.224294834798171, 0.0 ], [ 106.891263252385912, -6.224294537035827, 0.0 ], [ 106.891260816492178, -6.224293498768753, 0.0 ], [ 106.891260136071821, -6.224293219114771, 0.0 ], [ 106.891257671506196, -6.22429224785683, 0.0 ], [ 106.89125698392246, -6.224291986311363, 0.0 ], [ 106.891254458115029, -6.224291069521168, 0.0 ], [ 106.89125361865095, -6.224290781395651, 0.0 ], [ 106.891238974364526, -6.224283032941039, 0.0 ], [ 106.891238252060788, -6.224282663023063, 0.0 ], [ 106.891236179421298, -6.224281639728956, 0.0 ], [ 106.891234432413597, -6.224280721956738, 0.0 ], [ 106.891232708747495, -6.224279762510426, 0.0 ], [ 106.891231010216799, -6.224278757767039, 0.0 ], [ 106.891229338648017, -6.224277713144916, 0.0 ], [ 106.891227692221165, -6.224276625033989, 0.0 ], [ 106.89122607275624, -6.224275497044274, 0.0 ], [ 106.891224483867006, -6.224274329162826, 0.0 ], [ 106.891222923746582, -6.224273121396153, 0.0 ], [ 106.891221394202006, -6.22427187373771, 0.0 ], [ 106.891219897052906, -6.224270589797638, 0.0 ], [ 106.89121843229313, -6.22426926776763, 0.0 ], [ 106.891216999928886, -6.224267909456024, 0.0 ], [ 106.891215603580704, -6.224266516657909, 0.0 ], [ 106.89121424144156, -6.224265089379978, 0.0 ], [ 106.891212915318405, -6.224263627615658, 0.0 ], [ 106.891211627024674, -6.224262133166792, 0.0 ], [ 106.891210374759837, -6.224260607848029, 0.0 ], [ 106.891209163938328, -6.22425904983176, 0.0 ], [ 106.891207989152278, -6.224257462753932, 0.0 ], [ 106.891206855828884, -6.224255848403376, 0.0 ], [ 106.891205782128196, -6.224254232030781, 0.0 ], [ 106.891204978852699, -6.22425294741309, 0.0 ], [ 106.89120422979191, -6.224251664409373, 0.0 ], [ 106.891203518605877, -6.224250361378896, 0.0 ], [ 106.891202845294671, -6.224249038321643, 0.0 ], [ 106.891202213471701, -6.224247695224617, 0.0 ], [ 106.891201621337061, -6.224246333902629, 0.0 ], [ 106.891201070697605, -6.22424495434922, 0.0 ], [ 106.891200559759056, -6.224243560187225, 0.0 ], [ 106.891200090328297, -6.224242151410337, 0.0 ], [ 106.89119966421913, -6.224240729820387, 0.0 ], [ 106.891199281431227, -6.22423929541714, 0.0 ], [ 106.891198940164429, -6.224237850015491, 0.0 ], [ 106.891198642231885, -6.22423639541724, 0.0 ], [ 106.891198387633636, -6.224234931622283, 0.0 ], [ 106.891198176382687, -6.224233462247113, 0.0 ], [ 106.891198010279581, -6.224231985477189, 0.0 ], [ 106.891197887536663, -6.224230506743627, 0.0 ], [ 106.891197808147325, -6.224229024238191, 0.0 ], [ 106.891197772111951, -6.224227537960815, 0.0 ], [ 106.891197783063561, -6.224226053323394, 0.0 ], [ 106.891197835581195, -6.22422457034532, 0.0 ], [ 106.891197933272664, -6.224223087205543, 0.0 ], [ 106.891198076157067, -6.224221609328602, 0.0 ], [ 106.891198260620627, -6.2242201367275, 0.0 ], [ 106.891198490277191, -6.224218669389389, 0.0 ], [ 106.891198763332994, -6.224217210937131, 0.0 ], [ 106.891199028220612, -6.224215994823814, 0.0 ], [ 106.891282857834383, -6.223903550957674, 0.0 ], [ 106.891292207245911, -6.223876068672171, 0.0 ], [ 106.891414568505084, -6.223516387407462, 0.0 ], [ 106.891414829426964, -6.223515578171354, 0.0 ], [ 106.891493755274595, -6.223257308988147, 0.0 ], [ 106.891506989054236, -6.223214002996002, 0.0 ], [ 106.891509885141431, -6.223204525370082, 0.0 ], [ 106.891511893564711, -6.223197954117943, 0.0 ], [ 106.891521169446222, -6.223167600549755, 0.0 ], [ 106.891530194392047, -6.223138069743992, 0.0 ], [ 106.891571507714843, -6.223153419596495, 0.0 ], [ 106.891575891261965, -6.223155146169367, 0.0 ], [ 106.891581484469924, -6.223157349410702, 0.0 ], [ 106.891595956961126, -6.223163049698281, 0.0 ], [ 106.891674302577925, -6.223193907579488, 0.0 ], [ 106.891941208634705, -6.223299033933728, 0.0 ], [ 106.891979360440033, -6.223314061448684, 0.0 ], [ 106.892124654514987, -6.223371289065858, 0.0 ], [ 106.892137369069886, -6.223376296735134, 0.0 ], [ 106.892146137072658, -6.223379749865939, 0.0 ], [ 106.892149881862906, -6.223381224658802, 0.0 ], [ 106.892513146552673, -6.223524303755138, 0.0 ], [ 106.892514695757725, -6.223524733996918, 0.0 ], [ 106.892516294631449, -6.223524905476745, 0.0 ], [ 106.892517900694685, -6.223524813826252, 0.0 ], [ 106.892519469683705, -6.223524461012206, 0.0 ], [ 106.892520960071451, -6.223523856225188, 0.0 ], [ 106.892522331266292, -6.223523017693214, 0.0 ], [ 106.892523548104222, -6.223521965433509, 0.0 ], [ 106.892524577260133, -6.223520728498002, 0.0 ], [ 106.892613832350037, -6.223349124738139, 0.0 ], [ 106.892616984589338, -6.223343064744946, 0.0 ], [ 106.892679062933311, -6.223223713694551, 0.0 ], [ 106.892680446731646, -6.223220591260974, 0.0 ], [ 106.892682411952393, -6.223216341993795, 0.0 ], [ 106.892684447766797, -6.223212126830693, 0.0 ], [ 106.892686554181182, -6.2232079475801, 0.0 ], [ 106.892688729382371, -6.223203802440344, 0.0 ], [ 106.892690975196544, -6.223199696829487, 0.0 ], [ 106.892693257460252, -6.22319567788537, 0.0 ], [ 106.892695667796474, -6.223191597000569, 0.0 ], [ 106.892698116408553, -6.223187608200889, 0.0 ], [ 106.89270063202629, -6.223183660751413, 0.0 ], [ 106.892701890081142, -6.22318175574028, 0.0 ], [ 106.892703211042175, -6.22317975647328, 0.0 ], [ 106.892705857070283, -6.223175895353672, 0.0 ], [ 106.892707211786586, -6.223173987283689, 0.0 ], [ 106.892708566502876, -6.223172079213707, 0.0 ], [ 106.892711339346732, -6.223168309861623, 0.0 ], [ 106.892712435536936, -6.223166870158554, 0.0 ], [ 106.892704054903248, -6.223161334319647, 0.0 ], [ 106.892699834064913, -6.223159126171805, 0.0 ], [ 106.892640213138108, -6.223135600814484, 0.0 ], [ 106.892638200046875, -6.223134806059104, 0.0 ], [ 106.892599470918839, -6.223119523887516, 0.0 ], [ 106.892597707904699, -6.223118676699493, 0.0 ], [ 106.892596392972564, -6.223117817055771, 0.0 ], [ 106.892595409195962, -6.223117091845822, 0.0 ], [ 106.892594787661537, -6.223116604030174, 0.0 ], [ 106.892593847037915, -6.223115818992327, 0.0 ], [ 106.892593256098479, -6.223115296709665, 0.0 ], [ 106.89259236408094, -6.223114460865734, 0.0 ], [ 106.892591803736565, -6.223113904116171, 0.0 ], [ 106.892590962132203, -6.223113017459767, 0.0 ], [ 106.892590434202759, -6.223112429853265, 0.0 ], [ 106.89258964482481, -6.223111494186078, 0.0 ], [ 106.892589152924074, -6.223110875709633, 0.0 ], [ 106.892588421219358, -6.223109898245345, 0.0 ], [ 106.892587965353869, -6.223109250707278, 0.0 ], [ 106.892587289515319, -6.223108231452231, 0.0 ], [ 106.892586875131812, -6.22310756206612, 0.0 ], [ 106.89258625878, -6.223106502815763, 0.0 ], [ 106.892585882251637, -6.223105807978009, 0.0 ], [ 106.892585330833015, -6.223104715945841, 0.0 ], [ 106.892584993986148, -6.223104001074841, 0.0 ], [ 106.892584507513945, -6.223102879877364, 0.0 ], [ 106.892584215788631, -6.223102150378397, 0.0 ], [ 106.892583792442764, -6.223100996405568, 0.0 ], [ 106.892583542205955, -6.223100246866861, 0.0 ], [ 106.892583187465618, -6.22309907637366, 0.0 ], [ 106.892582982357069, -6.223098314015188, 0.0 ], [ 106.892582696209146, -6.223097123385024, 0.0 ], [ 106.892582536267511, -6.223096359056319, 0.0 ], [ 106.89258232051256, -6.223095146474531, 0.0 ], [ 106.892582203873033, -6.22309436390783, 0.0 ], [ 106.89258206038906, -6.223093149258701, 0.0 ], [ 106.892581988903331, -6.223092361105265, 0.0 ], [ 106.892581915870707, -6.223091140778737, 0.0 ], [ 106.892581891397867, -6.223090361498242, 0.0 ], [ 106.892581888790602, -6.223089128261303, 0.0 ], [ 106.892581909452474, -6.223088337969312, 0.0 ], [ 106.892581979168057, -6.223087117130973, 0.0 ], [ 106.892582046816926, -6.223086328478948, 0.0 ], [ 106.892582187029063, -6.223085114621147, 0.0 ], [ 106.892582296308518, -6.223084345710846, 0.0 ], [ 106.892582508778744, -6.223083126169083, 0.0 ], [ 106.892582668633153, -6.223082351652748, 0.0 ], [ 106.892582948063776, -6.223081160803562, 0.0 ], [ 106.892583151323521, -6.22308039698119, 0.0 ], [ 106.892583499489092, -6.223079225776688, 0.0 ], [ 106.892583742598532, -6.223078488935662, 0.0 ], [ 106.892584164874535, -6.223077324698557, 0.0 ], [ 106.89258445497093, -6.22307658949743, 0.0 ], [ 106.89258493883176, -6.223075466630052, 0.0 ], [ 106.892585272359455, -6.223074749356018, 0.0 ], [ 106.892585500203253, -6.223074291044727, 0.0 ], [ 106.89258635846582, -6.223072006824217, 0.0 ], [ 106.892601015176965, -6.223033004860822, 0.0 ], [ 106.892646695550781, -6.222911444115343, 0.0 ], [ 106.89264696959809, -6.222910768645048, 0.0 ], [ 106.892724774442712, -6.222733263040545, 0.0 ], [ 106.892729079604479, -6.222723440407577, 0.0 ], [ 106.89272922302041, -6.222723121636385, 0.0 ], [ 106.892741023770384, -6.22269798946559, 0.0 ], [ 106.892747028606323, -6.222685201491457, 0.0 ], [ 106.892759777314026, -6.22265709853703, 0.0 ], [ 106.892778960766222, -6.222601779619168, 0.0 ], [ 106.89284424519866, -6.222370281203736, 0.0 ], [ 106.892851845023898, -6.222335379496579, 0.0 ], [ 106.892922355402376, -6.222011569619216, 0.0 ], [ 106.892922612054164, -6.222010577762448, 0.0 ], [ 106.892943141308962, -6.221941780540801, 0.0 ], [ 106.892956971214858, -6.221895434510763, 0.0 ], [ 106.89299378907036, -6.221772055683711, 0.0 ], [ 106.893003106918698, -6.221740832188464, 0.0 ], [ 106.893003889867941, -6.22173820556952, 0.0 ], [ 106.893011054351788, -6.221714197592172, 0.0 ], [ 106.893011451631025, -6.221712865275005, 0.0 ], [ 106.893011960059482, -6.221710024455027, 0.0 ], [ 106.893012029234555, -6.221707138194372, 0.0 ], [ 106.893011660309, -6.221704276107533, 0.0 ], [ 106.89301085893662, -6.221701503272496, 0.0 ], [ 106.893009646130054, -6.221698884711738, 0.0 ], [ 106.893008049210252, -6.221696480904754, 0.0 ], [ 106.893006776547153, -6.221695818211979, 0.0 ], [ 106.892976996880435, -6.221642276947406, 0.0 ], [ 106.892985453783155, -6.221637829008714, 0.0 ], [ 106.89298669873682, -6.221637060548409, 0.0 ], [ 106.892989781526509, -6.221635074857743, 0.0 ], [ 106.892992822536655, -6.221633027835369, 0.0 ], [ 106.892995823583917, -6.221630922187212, 0.0 ], [ 106.892998782854804, -6.221628756111425, 0.0 ], [ 106.893001697648714, -6.221626532330158, 0.0 ], [ 106.893004567965704, -6.221624250843358, 0.0 ], [ 106.893007394708931, -6.221621911647754, 0.0 ], [ 106.893010169766853, -6.221619520197404, 0.0 ], [ 106.893012429339336, -6.221617493154762, 0.0 ], [ 106.893012897630882, -6.22161706924307, 0.0 ], [ 106.893030234479042, -6.221598894474906, 0.0 ], [ 106.893030256971912, -6.221598868174251, 0.0 ], [ 106.893030519674241, -6.221598557112808, 0.0 ], [ 106.893030661807117, -6.221598384816823, 0.0 ], [ 106.893044835172859, -6.221580097521131, 0.0 ], [ 106.893057193404161, -6.221560535566503, 0.0 ], [ 106.893064084392421, -6.221547454189315, 0.0 ], [ 106.893068318040093, -6.221539362336972, 0.0 ], [ 106.893071161706047, -6.221533926403637, 0.0 ], [ 106.893106385833093, -6.22146659275213, 0.0 ], [ 106.89313610388723, -6.221409784936609, 0.0 ], [ 106.893158885979133, -6.221367881404334, 0.0 ], [ 106.893160827908304, -6.221364446851167, 0.0 ], [ 106.893171938314808, -6.221345105458804, 0.0 ], [ 106.89320315875257, -6.221293825590074, 0.0 ], [ 106.893236226476688, -6.221243718096563, 0.0 ], [ 106.893236545514597, -6.221243244088082, 0.0 ], [ 106.893266258361479, -6.22120139346624, 0.0 ], [ 106.893279912111794, -6.22118257368615, 0.0 ], [ 106.893311902727774, -6.221138481674639, 0.0 ], [ 106.893335337088089, -6.221109444416459, 0.0 ], [ 106.893337310563965, -6.221106998878422, 0.0 ], [ 106.89337423837641, -6.221066104285488, 0.0 ], [ 106.89341390509189, -6.221027864370658, 0.0 ], [ 106.893456120735507, -6.220992463354676, 0.0 ], [ 106.893544194632454, -6.22092362651445, 0.0 ], [ 106.893630446182954, -6.220852515961352, 0.0 ], [ 106.893643809519205, -6.220841161791104, 0.0 ], [ 106.893698579153821, -6.220794463744756, 0.0 ], [ 106.893751050871415, -6.220754729475932, 0.0 ], [ 106.893812750671884, -6.220713475711835, 0.0 ], [ 106.893838622219107, -6.220698725046669, 0.0 ], [ 106.893865805858169, -6.22068656636305, 0.0 ], [ 106.893868731810315, -6.220685442876581, 0.0 ], [ 106.893876625173718, -6.220682580098095, 0.0 ], [ 106.893881194843473, -6.22068103390977, 0.0 ], [ 106.893889554374766, -6.220678416289589, 0.0 ], [ 106.893889676190312, -6.220678373358204, 0.0 ], [ 106.895871796184295, -6.220425562894065, 0.0 ], [ 106.896020084882807, -6.220428454589633, 0.0 ] ] ] } },
{ "type": "Feature", "properties": { "OBJECTID": 236, "toponimi": "Sal. Phb Viaduk", "kewenangan": "Pemprov DKI", "jenis": "Saluran Drainase Tersier", "panjang": "273", "lebar": "1.5 - 4", "kedalaman": "3-4", "kota": "Jakarta Timur", "kecamatan": "Jatinegara", "lebar_min": 1.5, "lebar_max": 4.0, "kedalaman_": 3.0, "kedalaman1": 4.0, "Shape_Leng": 0.27234474576000001 }, "geometry": { "type": "MultiLineString", "coordinates": [ [ [ 106.873190415445137, -6.21730697205844, 0.0 ], [ 106.873553112037726, -6.217628638391673, 0.0 ], [ 106.873892127242698, -6.218013182806624, 0.0 ], [ 106.874027956107, -6.21839844850853, 0.0 ], [ 106.874120250815864, -6.218945883531848, 0.0 ], [ 106.874328343754769, -6.218914571259443, 0.0 ], [ 106.874559862959714, -6.218879734199756, 0.0 ], [ 106.874592121461518, -6.218876031701598, 0.0 ] ] ] } },
{ "type": "Feature", "properties": { "OBJECTID": 1203, "toponimi": "Sal. Phb DI Panjaitan Barat/Timur", "kewenangan": "Pemprov DKI", "jenis": "Saluran Drainase Tersier", "panjang": "2381", "lebar": "1.5 - 2", "kedalaman": "1-2", "kota": "Jakarta Timur", "kecamatan": "Jatinegara", "lebar_min": 1.5, "lebar_max": 2.0, "kedalaman_": 1.0, "kedalaman1": 2.0, "Shape_Leng": 0.66186234477000006 }, "geometry": { "type": "MultiLineString", "coordinates": [ [ [ 106.876056903584086, -6.231403827127378, 0.0 ], [ 106.876052804571444, -6.231384563164988, 0.0 ], [ 106.87605112112864, -6.23137665290247, 0.0 ], [ 106.875734491940392, -6.229888643600725, 0.0 ], [ 106.87538883908374, -6.228504072208543, 0.0 ], [ 106.875362861602341, -6.228400016580562, 0.0 ], [ 106.874956195171492, -6.226647281344632, 0.0 ], [ 106.874953281036738, -6.226634720184396, 0.0 ], [ 106.874949319466324, -6.226619198676388, 0.0 ], [ 106.874937979134231, -6.226574767564571, 0.0 ], [ 106.874831913251953, -6.226159212269044, 0.0 ], [ 106.874830620576262, -6.226154149757812, 0.0 ], [ 106.875354222504242, -6.226146084924631, 0.0 ] ] ] } },
{ "type": "Feature", "properties": { "OBJECTID": 234, "toponimi": "Sal. Phb Cross Kb. Nanas", "kewenangan": "Pemprov DKI", "jenis": "Saluran Drainase Tersier", "panjang": "150", "lebar": "4", "kedalaman": "2-3", "kota": "Jakarta Timur", "kecamatan": "Jatinegara", "lebar_min": 4.0, "lebar_max": 4.0, "kedalaman_": 2.0, "kedalaman1": 3.0, "Shape_Leng": 0.13595884639 }, "geometry": { "type": "MultiLineString", "coordinates": [ [ [ 106.876167187106631, -6.23192210519003, 0.0 ], [ 106.876683089000309, -6.231926617153801, 0.0 ], [ 106.876747045915948, -6.2319285467962, 0.0 ], [ 106.876801031587362, -6.231930175582023, 0.0 ], [ 106.876847810131778, -6.231931586802152, 0.0 ], [ 106.876874532019883, -6.231932303602971, 0.0 ], [ 106.877292871865535, -6.231943519312775, 0.0 ], [ 106.877301096345249, -6.231943739573322, 0.0 ], [ 106.877384290981453, -6.231947285064717, 0.0 ], [ 106.87738818398735, -6.231947484581331, 0.0 ] ] ] } },
{ "type": "Feature", "properties": { "OBJECTID": 859, "toponimi": "Sal. Phb Bukit Duri Tanjakan", "kewenangan": "Pemprov DKI", "jenis": "Saluran Drainase Tersier", "panjang": "641", "lebar": "2.5", "kedalaman": "1.3 - 2", "kota": "Jakarta Selatan", "kecamatan": "Tebet", "lebar_min": 2.5, "lebar_max": 2.5, "kedalaman_": 1.3, "kedalaman1": 2.0, "Shape_Leng": 0.66351862138999995 }, "geometry": { "type": "MultiLineString", "coordinates": [ [ [ 106.857880867846433, -6.217547015495856, 0.0 ], [ 106.857843460993351, -6.217514853329663, 0.0 ] ] ] } }
]
}
