{
"type": "FeatureCollection",
"name": "saluran_phb_kramat_jati",
"crs": { "type": "name", "properties": { "name": "urn:ogc:def:crs:OGC:1.3:CRS84" } },
"features": [
{ "type": "Feature", "properties": { "OBJECTID": 210, "toponimi": "Sal. Phb Batu Ratna", "kewenangan": "Pemprov DKI", "jenis": "Saluran Drainase Tersier", "panjang": "446", "lebar": "2", "kedalaman": "3", "kota": "Jakarta Timur", "kecamatan": "Kramat Jati", "lebar_min": 2.0, "lebar_max": 2.0, "kedalaman_": 3.0, "kedalaman1": 3.0, "Shape_Leng": 0.44860876378999998 }, "geometry": { "type": "MultiLineString", "coordinates": [ [ [ 106.865720694457323, -6.280448148835366, 0.0 ], [ 106.865724633960255, -6.280437445910191, 0.0 ], [ 106.865782457466196, -6.280284914629058, 0.0 ], [ 106.865782725684753, -6.280284111690364, 0.0 ], [ 106.865809660936421, -6.280194304842254, 0.0 ], [ 106.865834297504975, -6.280112127283512, 0.0 ], [ 106.865836149055852, -6.280106062867256, 0.0 ], [ 106.865838055944252, -6.280100059735925, 0.0 ], [ 106.865840029771647, -6.280094077161407, 0.0 ], [ 106.865842069644231, -6.280088117859338, 0.0 ], [ 106.865844177369056, -6.280082181823278, 0.0 ], [ 106.865846350235429, -6.280076269062821, 0.0 ], [ 106.865848589153387, -6.280070381383142, 0.0 ], [ 106.865850894126282, -6.280064519688293, 0.0 ], [ 106.865853264246979, -6.280058683077427, 0.0 ], [ 106.865855699525341, -6.280052874262837, 0.0 ], [ 106.865858199054671, -6.280047092343745, 0.0 ], [ 106.865860762841137, -6.280041339128306, 0.0 ], [ 106.865863391788594, -6.280035614613502, 0.0 ], [ 106.865866084096112, -6.280029920613852, 0.0 ], [ 106.865868839760523, -6.280024256225282, 0.0 ], [ 106.865871657884895, -6.280018623259289, 0.0 ], [ 106.865874539375611, -6.280013022616758, 0.0 ], [ 106.865877483329385, -6.280007454300994, 0.0 ], [ 106.865880489749387, -6.280001919216085, 0.0 ], [ 106.865883603518441, -6.279996334020052, 0.0 ], [ 106.865887762210377, -6.27998882287234, 0.0 ], [ 106.865891945653118, -6.279981411092985, 0.0 ], [ 106.865896187954164, -6.279974034365695, 0.0 ], [ 106.865900491827375, -6.279966693584896, 0.0 ], [ 106.865904854555652, -6.279959386951919, 0.0 ], [ 106.865909277049113, -6.279952116271956, 0.0 ], [ 106.865913759310715, -6.27994488244901, 0.0 ], [ 106.865918299533462, -6.279937685489625, 0.0 ], [ 106.865922898624163, -6.2799305262947, 0.0 ], [ 106.865927556579479, -6.279923403960025, 0.0 ], [ 106.865932272502377, -6.279916320297167, 0.0 ], [ 106.865937045492458, -6.279909276213486, 0.0 ], [ 106.865941925886261, -6.279902197389003, 0.0 ], [ 106.865946031170097, -6.279896181898002, 0.0 ], [ 106.865950137792069, -6.279890288462629, 0.0 ], [ 106.865954302388104, -6.279884435507332, 0.0 ], [ 106.865958524057689, -6.279878623939383, 0.0 ], [ 106.865962801897425, -6.279872853762224, 0.0 ], [ 106.865967135910452, -6.279867125879771, 0.0 ], [ 106.865971526096743, -6.27986144029216, 0.0 ], [ 106.86597597246282, -6.279855798807615, 0.0 ], [ 106.865980473198178, -6.27985020052844, 0.0 ], [ 106.865984668428894, -6.279845084347165, 0.0 ], [ 106.865990221806982, -6.279839474176946, 0.0 ], [ 106.865996223880316, -6.279833500746276, 0.0 ], [ 106.865998329991939, -6.279831425442036, 0.0 ], [ 106.866002277534889, -6.279827548831237, 0.0 ], [ 106.866008367522568, -6.279821650131526, 0.0 ], [ 106.866010562114198, -6.279819554620491, 0.0 ], [ 106.866014500132877, -6.279815794679031, 0.0 ], [ 106.866018401413797, -6.279812121667054, 0.0 ], [ 106.866020672655253, -6.279809982483452, 0.0 ], [ 106.866026886896734, -6.27980421353836, 0.0 ], [ 106.866032409722223, -6.279799158625825, 0.0 ], [ 106.866033141056676, -6.279798489658455, 0.0 ], [ 106.866039436032182, -6.279792809032226, 0.0 ], [ 106.866045806053066, -6.279787141700593, 0.0 ], [ 106.866046281569282, -6.279786697874942, 0.0 ], [ 106.866049772615639, -6.279783277679835, 0.0 ], [ 106.866053282231434, -6.279779743495465, 0.0 ], [ 106.866056742879906, -6.279776160661566, 0.0 ], [ 106.8660601527572, -6.279772530088621, 0.0 ], [ 106.866063512773295, -6.27976885358175, 0.0 ], [ 106.866066822021367, -6.279765130240089, 0.0 ], [ 106.866070078697362, -6.279761360974226, 0.0 ], [ 106.866073276511884, -6.279757555752197, 0.0 ], [ 106.866076434352991, -6.279753690094494, 0.0 ], [ 106.866079532432124, -6.279749789388021, 0.0 ], [ 106.866082576145061, -6.279745846380328, 0.0 ], [ 106.866085564588133, -6.279741861074602, 0.0 ], [ 106.866088498671431, -6.279737835275882, 0.0 ], [ 106.86609137568415, -6.279733768993903, 0.0 ], [ 106.866094143498842, -6.279729741075662, 0.0 ], [ 106.866094602684626, -6.279729025158711, 0.0 ], [ 106.866096656972658, -6.279725592004009, 0.0 ], [ 106.866098657781762, -6.279722112024178, 0.0 ], [ 106.86609876912695, -6.279721915426261, 0.0 ], [ 106.866100700273421, -6.27971841128276, 0.0 ], [ 106.866102627312941, -6.279714768818693, 0.0 ], [ 106.866104489172145, -6.279711092229357, 0.0 ], [ 106.866106285860823, -6.279707384227199, 0.0 ], [ 106.866108017379005, -6.279703644812001, 0.0 ], [ 106.866109681922595, -6.279699874894582, 0.0 ], [ 106.866111280401853, -6.279696076279911, 0.0 ], [ 106.866112811919521, -6.279692250779488, 0.0 ], [ 106.866114275571874, -6.279688398396535, 0.0 ], [ 106.866115632004195, -6.279684632290309, 0.0 ], [ 106.86611571072396, -6.279684408684247, 0.0 ], [ 106.866116998400258, -6.279680619315249, 0.0 ], [ 106.866118256682256, -6.27967669533257, 0.0 ], [ 106.866119445311213, -6.279672749898666, 0.0 ], [ 106.866120565190784, -6.27966878301025, 0.0 ], [ 106.866121613623008, -6.279664798293629, 0.0 ], [ 106.866122592411926, -6.279660794838165, 0.0 ], [ 106.866123500663477, -6.279656775359483, 0.0 ], [ 106.866124338377901, -6.279652739857676, 0.0 ], [ 106.866125083390543, -6.279648807759655, 0.0 ], [ 106.866125123253141, -6.279648583388058, 0.0 ], [ 106.866125798606348, -6.279644628030552, 0.0 ], [ 106.866126422033659, -6.279640554414371, 0.0 ], [ 106.86612697313592, -6.279636470206293, 0.0 ], [ 106.866127451919425, -6.279632377214628, 0.0 ], [ 106.866127858384402, -6.279628275439323, 0.0 ], [ 106.866128193447111, -6.279624168493743, 0.0 ], [ 106.866128455297229, -6.279620055480194, 0.0 ], [ 106.866128644844906, -6.279615938203698, 0.0 ], [ 106.866128762096437, -6.279611818472596, 0.0 ], [ 106.866128802613872, -6.279608226135294, 0.0 ], [ 106.866129537474464, -6.27959789177859, 0.0 ], [ 106.866130366836259, -6.279587198136946, 0.0 ], [ 106.866131264889503, -6.279576509675267, 0.0 ], [ 106.866132231640549, -6.27956582820178, 0.0 ], [ 106.86613326708634, -6.279555152812431, 0.0 ], [ 106.866134371230046, -6.279544484411294, 0.0 ], [ 106.866135543168113, -6.279533823001574, 0.0 ], [ 106.866136783807292, -6.279523169484337, 0.0 ], [ 106.866138093147399, -6.279512523859367, 0.0 ], [ 106.866139470291657, -6.279501887938367, 0.0 ], [ 106.866140915233402, -6.279491259912973, 0.0 ], [ 106.866142428882625, -6.279480641588209, 0.0 ], [ 106.866144010339013, -6.279470033871488, 0.0 ], [ 106.866145660502966, -6.279459435855359, 0.0 ], [ 106.866147377573625, -6.279448849354739, 0.0 ], [ 106.866149168660669, -6.279438240890508, 0.0 ], [ 106.866172060745114, -6.279303914501598, 0.0 ], [ 106.866173556595726, -6.279293880322194, 0.0 ], [ 106.86617509200542, -6.279284044010833, 0.0 ], [ 106.866176696122722, -6.279274217400155, 0.0 ], [ 106.866178368053525, -6.279264403205746, 0.0 ], [ 106.866180107794619, -6.279254600523554, 0.0 ], [ 106.866181916249715, -6.279244809350288, 0.0 ], [ 106.86618285483911, -6.279239920874386, 0.0 ], [ 106.866183792524737, -6.279235032401623, 0.0 ], [ 106.866184765450129, -6.279230143803217, 0.0 ], [ 106.866753215870958, -6.279404721532742, 0.0 ], [ 106.866766233768487, -6.279407724797355, 0.0 ], [ 106.866767223109548, -6.279407952730837, 0.0 ], [ 106.867316431089918, -6.279534672966697, 0.0 ], [ 106.867321679495149, -6.279532741960436, 0.0 ], [ 106.867402327474096, -6.279219550264137, 0.0 ], [ 106.86741949973613, -6.279208006276519, 0.0 ], [ 106.867448213950652, -6.279215080058823, 0.0 ], [ 106.867709798184947, -6.279359116248399, 0.0 ], [ 106.868169692419684, -6.279602918052004, 0.0 ], [ 106.868330558690388, -6.279661193069515, 0.0 ], [ 106.868473544350749, -6.279681102781963, 0.0 ] ] ] } },
{ "type": "Feature", "properties": { "OBJECTID": 211, "toponimi": "Sal. Phb Batu Tumbuh", "kewenangan": "Pemprov DKI", "jenis": "Saluran Drainase Tersier", "panjang": "925", "lebar": "2.5 - 3", "kedalaman": "3", "kota": "Jakarta Timur", "kecamatan": "Kramat Jati", "lebar_min": 2.5, "lebar_max": 3.0, "kedalaman_": 3.0, "kedalaman1": 3.0, "Shape_Leng": 0.99431255674999997 }, "geometry": { "type": "MultiLineString", "coordinates": [ [ [ 106.871410904034576, -6.277220417206975, 0.0 ], [ 106.871371783997219, -6.277047242604182, 0.0 ], [ 106.871368435701527, -6.277032419301864, 0.0 ], [ 106.87136657667476, -6.277023462217348, 0.0 ], [ 106.871364708764276, -6.277014800821106, 0.0 ], [ 106.871362774041103, -6.277006154130135, 0.0 ], [ 106.871360771604927, -6.276997523051617, 0.0 ], [ 106.871360054336037, -6.276994535595954, 0.0 ], [ 106.871358702359288, -6.276988907582451, 0.0 ], [ 106.871356565403886, -6.276980308630053, 0.0 ], [ 106.871354360738721, -6.27697172619415, 0.0 ], [ 106.871352090180594, -6.27696316298101, 0.0 ], [ 106.871349751912604, -6.276954616284498, 0.0 ], [ 106.871348430400332, -6.276949928476673, 0.0 ], [ 106.871347347751779, -6.276946088810607, 0.0 ], [ 106.871344876791099, -6.276937579658417, 0.0 ], [ 106.871342339940725, -6.276929090633016, 0.0 ], [ 106.871339736297088, -6.276920621737583, 0.0 ], [ 106.871337066763758, -6.276912172968832, 0.0 ], [ 106.871334331347072, -6.27690374613522, 0.0 ], [ 106.871331530044131, -6.27689534033241, 0.0 ], [ 106.871328662857749, -6.2768869564647, 0.0 ], [ 106.871325730698146, -6.276878596337046, 0.0 ], [ 106.871322733558983, -6.276870258141042, 0.0 ], [ 106.871319671449768, -6.276861944589363, 0.0 ], [ 106.871316544367332, -6.276853654777734, 0.0 ], [ 106.871314341851971, -6.276847952047285, 0.0 ], [ 106.871308436109885, -6.276833042949309, 0.0 ], [ 106.871306775116878, -6.276828935913931, 0.0 ], [ 106.871303390878225, -6.276820748285815, 0.0 ], [ 106.8712999425763, -6.276812586202885, 0.0 ], [ 106.871296430221022, -6.276804452377476, 0.0 ], [ 106.871292854715662, -6.276796346806324, 0.0 ], [ 106.871289216057207, -6.276788268585222, 0.0 ], [ 106.871285477821871, -6.27678013918359, 0.0 ], [ 106.871284944732352, -6.276778880705733, 0.0 ], [ 106.87128247695756, -6.276772528840162, 0.0 ], [ 106.871279640750231, -6.276765228935259, 0.0 ], [ 106.871274183573931, -6.276751440281477, 0.0 ], [ 106.871268745779687, -6.276737512319435, 0.0 ], [ 106.871263371148814, -6.27672355971951, 0.0 ], [ 106.871258060588005, -6.276709583382513, 0.0 ], [ 106.87125281319048, -6.27669558240764, 0.0 ], [ 106.871247631689712, -6.276681563114071, 0.0 ], [ 106.871242510609207, -6.27666751015093, 0.0 ], [ 106.871237455425359, -6.276653438869217, 0.0 ], [ 106.871232464314943, -6.276639344754497, 0.0 ], [ 106.871227538181245, -6.276625227803849, 0.0 ], [ 106.871222675220636, -6.276611088927683, 0.0 ], [ 106.871217878143796, -6.276596928116282, 0.0 ], [ 106.871213144240002, -6.2765827453794, 0.0 ], [ 106.87120847621982, -6.276568540707426, 0.0 ], [ 106.871203872279423, -6.276554315010835, 0.0 ], [ 106.87119933332248, -6.276540068286486, 0.0 ], [ 106.871194859352059, -6.276525801438433, 0.0 ], [ 106.871190450368161, -6.276511514466751, 0.0 ], [ 106.871186107274411, -6.276497207368173, 0.0 ], [ 106.871181829167185, -6.276482880146021, 0.0 ], [ 106.87117761605306, -6.276468534608431, 0.0 ], [ 106.871173467925445, -6.276454168947222, 0.0 ], [ 106.8711693856945, -6.276439784967419, 0.0 ], [ 106.87113904207213, -6.27632880155306, 0.0 ], [ 106.871128051499497, -6.276289736394953, 0.0 ], [ 106.871127846301391, -6.276288953231281, 0.0 ], [ 106.871086695511266, -6.27611964743059, 0.0 ], [ 106.871066094608452, -6.276046451538957, 0.0 ], [ 106.871065713120728, -6.276044883299775, 0.0 ], [ 106.871064901175089, -6.276040937783278, 0.0 ], [ 106.871064064629707, -6.276037188554936, 0.0 ], [ 106.871063165789408, -6.276033454015603, 0.0 ], [ 106.871062206464757, -6.276029735062873, 0.0 ], [ 106.871061184851641, -6.276026032607441, 0.0 ], [ 106.871060101857111, -6.276022347550177, 0.0 ], [ 106.871058958387735, -6.276018680791957, 0.0 ], [ 106.871057753543255, -6.276015033240277, 0.0 ], [ 106.871056489137359, -6.276011406696765, 0.0 ], [ 106.871055165169921, -6.276007801161488, 0.0 ], [ 106.871053781647461, -6.276004218442769, 0.0 ], [ 106.871052338573151, -6.276000659444791, 0.0 ], [ 106.871050836850657, -6.275997124164106, 0.0 ], [ 106.871049276486431, -6.275993614409189, 0.0 ], [ 106.871047658387013, -6.27599013108091, 0.0 ], [ 106.87104598255597, -6.275986675083371, 0.0 ], [ 106.871044250803521, -6.275983247314301, 0.0 ], [ 106.871042461328955, -6.275979849588308, 0.0 ], [ 106.871040616839835, -6.275976480991688, 0.0 ], [ 106.871038715535434, -6.275973143339155, 0.0 ], [ 106.871036760132867, -6.275969838429273, 0.0 ], [ 106.871034750632248, -6.275966566262094, 0.0 ], [ 106.871032686129908, -6.275963326840729, 0.0 ], [ 106.871030568442649, -6.27596012287119, 0.0 ], [ 106.871028398477421, -6.275956955254404, 0.0 ], [ 106.871026176230941, -6.275953823086333, 0.0 ], [ 106.871023902613132, -6.275950728171802, 0.0 ], [ 106.871021577627261, -6.275947671415082, 0.0 ], [ 106.87101920308379, -6.275944653713847, 0.0 ], [ 106.871016778082293, -6.275941675975477, 0.0 ], [ 106.871015325288013, -6.27593995062586, 0.0 ], [ 106.87100971746564, -6.275935088260383, 0.0 ], [ 106.871002752453265, -6.2759289577029, 0.0 ], [ 106.870995833342533, -6.275922776348851, 0.0 ], [ 106.870988960133445, -6.275916544198324, 0.0 ], [ 106.870982132822789, -6.27591026034722, 0.0 ], [ 106.870975352320443, -6.275903926600465, 0.0 ], [ 106.870968619530217, -6.275897542954931, 0.0 ], [ 106.870961933545118, -6.2758911085097, 0.0 ], [ 106.870956456815975, -6.27588576014698, 0.0 ], [ 106.870865609469874, -6.275831267105661, 0.0 ], [ 106.87075408790345, -6.275732387283187, 0.0 ], [ 106.870608358013882, -6.275426702452755, 0.0 ], [ 106.870419535147008, -6.27510442569894, 0.0 ], [ 106.870375879673588, -6.274929948815833, 0.0 ], [ 106.870385980537861, -6.274745710418825, 0.0 ], [ 106.870367884609195, -6.274699126371412, 0.0 ], [ 106.870304462546912, -6.274680215648623, 0.0 ], [ 106.870243444128903, -6.274664883997459, 0.0 ], [ 106.870184714176816, -6.274620837424717, 0.0 ], [ 106.870095891449012, -6.274518287719014, 0.0 ], [ 106.870015363306052, -6.274395375859291, 0.0 ], [ 106.86987927886392, -6.274031054592192, 0.0 ], [ 106.869880204232942, -6.273795400993874, 0.0 ], [ 106.869880218516272, -6.273791804236104, 0.0 ], [ 106.869880272190628, -6.273778221006418, 0.0 ], [ 106.869880312366774, -6.273767947916165, 0.0 ], [ 106.869881145680409, -6.273555631647888, 0.0 ], [ 106.869881252248334, -6.273528498644534, 0.0 ], [ 106.869881293636794, -6.273518058282298, 0.0 ], [ 106.869881453052443, -6.273477362847427, 0.0 ], [ 106.869881563704922, -6.273449094217657, 0.0 ], [ 106.869881646021824, -6.273428084201393, 0.0 ], [ 106.869881399064639, -6.273418881744961, 0.0 ], [ 106.869881366744224, -6.273417673012373, 0.0 ], [ 106.86988147265906, -6.273416714235853, 0.0 ], [ 106.869884298356112, -6.273351890190304, 0.0 ], [ 106.8698832323077, -6.273341294650893, 0.0 ], [ 106.869883314577095, -6.27332762090396, 0.0 ], [ 106.869883523713881, -6.273293013834355, 0.0 ], [ 106.869883622190528, -6.273276789423724, 0.0 ], [ 106.86988377854064, -6.27325094646385, 0.0 ], [ 106.869883784227198, -6.273250007032122, 0.0 ], [ 106.869883954666932, -6.273221779779653, 0.0 ], [ 106.869884118135602, -6.273194638435624, 0.0 ], [ 106.869884301450313, -6.273164446420147, 0.0 ], [ 106.869884335512126, -6.273158793555723, 0.0 ], [ 106.869884425791227, -6.273143817804795, 0.0 ], [ 106.869884733845865, -6.273092855221049, 0.0 ], [ 106.869884889725228, -6.273089436979346, 0.0 ], [ 106.869891355199371, -6.272947604375624, 0.0 ], [ 106.869913902512877, -6.272677756415524, 0.0 ], [ 106.869915698114852, -6.272656265605229, 0.0 ], [ 106.869915761354889, -6.272656262667057, 0.0 ], [ 106.869917932448189, -6.272656205189381, 0.0 ], [ 106.869920103747802, -6.272656205576535, 0.0 ], [ 106.869922274346877, -6.272656262927601, 0.0 ], [ 106.869924443341887, -6.272656377245792, 0.0 ], [ 106.869926608025381, -6.27265654944492, 0.0 ], [ 106.869928767490421, -6.272656778624089, 0.0 ], [ 106.86993091993007, -6.272657064789749, 0.0 ], [ 106.869933064440644, -6.272657407945144, 0.0 ], [ 106.869935199211852, -6.2726578071926, 0.0 ], [ 106.869937322439682, -6.272658263442592, 0.0 ], [ 106.86993943231397, -6.272658775797545, 0.0 ], [ 106.869941528831347, -6.272659343353262, 0.0 ], [ 106.869943609281066, -6.272659966119482, 0.0 ], [ 106.869945672759783, -6.272660644099312, 0.0 ], [ 106.86994771745681, -6.272661376395204, 0.0 ], [ 106.86994974156201, -6.272662162109417, 0.0 ], [ 106.869951745075397, -6.272663001241905, 0.0 ], [ 106.869953725286308, -6.272663893802425, 0.0 ], [ 106.869955681281311, -6.272664837081743, 0.0 ], [ 106.86995761125992, -6.27266583289455, 0.0 ], [ 106.869959671841883, -6.27266696567189, 0.0 ], [ 106.869961358897555, -6.272667747164229, 0.0 ], [ 106.869962609344611, -6.27266822461249, 0.0 ], [ 106.869968333475711, -6.272670242133353, 0.0 ], [ 106.869969607180181, -6.272670653495606, 0.0 ], [ 106.869969950012219, -6.27267075896155, 0.0 ], [ 106.869972517961529, -6.272671513801575, 0.0 ], [ 106.869972862568559, -6.272671610219668, 0.0 ], [ 106.869975450154456, -6.272672297178402, 0.0 ], [ 106.869975797436695, -6.272672383641298, 0.0 ], [ 106.869978401945573, -6.272673001824247, 0.0 ], [ 106.86997875100586, -6.272673080143413, 0.0 ], [ 106.869981371533854, -6.272673629553766, 0.0 ], [ 106.869981722365978, -6.272673697921046, 0.0 ], [ 106.869984416776873, -6.272674188297971, 0.0 ], [ 106.8699847088062, -6.272674236983773, 0.0 ], [ 106.869987354137734, -6.272674647066518, 0.0 ], [ 106.869987708519602, -6.272674697338111, 0.0 ], [ 106.869990182741745, -6.272675014000099, 0.0 ], [ 106.869990363538889, -6.272675036862653, 0.0 ], [ 106.869990719695679, -6.272675078086346, 0.0 ], [ 106.869993382595581, -6.272675347059097, 0.0 ], [ 106.869993739623752, -6.2726753792382, 0.0 ], [ 106.869996408597288, -6.272675577665597, 0.0 ], [ 106.869996766493443, -6.272675599895952, 0.0 ], [ 106.869999439736617, -6.272675728688617, 0.0 ], [ 106.869999797597401, -6.272675740973418, 0.0 ], [ 106.870002474200177, -6.272675798326203, 0.0 ], [ 106.870002822992987, -6.272675801601941, 0.0 ], [ 106.870005508380132, -6.27267578839973, 0.0 ], [ 106.870005866173173, -6.272675781697612, 0.0 ], [ 106.870008542273098, -6.272675698004875, 0.0 ], [ 106.870008900033923, -6.272675682261392, 0.0 ], [ 106.870011572268254, -6.272675528058834, 0.0 ], [ 106.870011929089969, -6.272675502373056, 0.0 ], [ 106.870014596554995, -6.272675277663782, 0.0 ], [ 106.870014952441025, -6.272675242939862, 0.0 ], [ 106.870017613326397, -6.272674946826238, 0.0 ], [ 106.870017968276642, -6.272674903064194, 0.0 ], [ 106.870020222499022, -6.272674592127495, 0.0 ], [ 106.870035926842945, -6.272673368812316, 0.0 ], [ 106.870200752448326, -6.272660533719101, 0.0 ], [ 106.870295876406644, -6.272653125485862, 0.0 ], [ 106.87040015919203, -6.272645004616173, 0.0 ], [ 106.870441742945232, -6.272641765766096, 0.0 ], [ 106.870485941831248, -6.272638324087713, 0.0 ], [ 106.870507229528997, -6.272636636886589, 0.0 ], [ 106.870555199560343, -6.2726328336403, 0.0 ], [ 106.870556423169631, -6.272632879903638, 0.0 ], [ 106.870557646382267, -6.272632814958071, 0.0 ], [ 106.870650224254263, -6.272623696062645, 0.0 ], [ 106.870682551040233, -6.272620511948204, 0.0 ], [ 106.870696038524358, -6.27261918351153, 0.0 ], [ 106.870709557909478, -6.272618185879137, 0.0 ], [ 106.870772484560888, -6.272613540787492, 0.0 ], [ 106.870786266815315, -6.272612523227348, 0.0 ], [ 106.870802163789008, -6.272611349834724, 0.0 ], [ 106.870899999999153, -6.272604128011412, 0.0 ], [ 106.871028858587536, -6.272598893905887, 0.0 ], [ 106.871030177387539, -6.272598775273019, 0.0 ], [ 106.87108647390771, -6.272590931437612, 0.0 ], [ 106.871066566297657, -6.27218359121152, 0.0 ], [ 106.871038501858905, -6.272023412044204, 0.0 ], [ 106.871025131348347, -6.271961261575195, 0.0 ], [ 106.871082837406561, -6.271927330741339, 0.0 ], [ 106.871111472583067, -6.271911607497453, 0.0 ], [ 106.871244375010335, -6.27183863005923, 0.0 ], [ 106.871287882905932, -6.271807418061733, 0.0 ], [ 106.871316947052151, -6.271786568562449, 0.0 ], [ 106.871366825111451, -6.271750786845142, 0.0 ], [ 106.871387289847917, -6.27173042374851, 0.0 ], [ 106.871553702505764, -6.271564833962033, 0.0 ], [ 106.871611195181231, -6.271492896155401, 0.0 ], [ 106.871632511050421, -6.271469742524213, 0.0 ], [ 106.871661399633609, -6.271444268017551, 0.0 ], [ 106.871662679424077, -6.271442840316049, 0.0 ], [ 106.871665976917413, -6.271439391868131, 0.0 ], [ 106.871666933976869, -6.271438427339413, 0.0 ], [ 106.871667182489603, -6.271438182331584, 0.0 ], [ 106.871668164035384, -6.271437243031604, 0.0 ], [ 106.871693857634284, -6.271437366439805, 0.0 ], [ 106.87227368376756, -6.271459216886191, 0.0 ], [ 106.872643815807791, -6.27130898602513, 0.0 ] ] ] } },
{ "type": "Feature", "properties": { "OBJECTID": 214, "toponimi": "Sal. Phb Induk Kramat Jati", "kewenangan": "Pemprov DKI", "jenis": "Saluran Drainase Tersier", "panjang": "5649", "lebar": "2.5", "kedalaman": "2.5", "kota": "Jakarta Timur", "kecamatan": "Kramat Jati", "lebar_min": 2.5, "lebar_max": 2.5, "kedalaman_": 2.5, "kedalaman1": 2.5, "Shape_Leng": 5.76522284135 }, "geometry": { "type": "MultiLineString", "coordinates": [ [ [ 106.867679450262344, -6.292783736404011, 0.0 ], [ 106.867655421255066, -6.292733367150221, 0.0 ], [ 106.867631475242689, -6.292682957814453, 0.0 ], [ 106.867603610757996, -6.292623579758022, 0.0 ], [ 106.867574084716793, -6.292565011429319, 0.0 ], [ 106.867542919877494, -6.292507299762434, 0.0 ], [ 106.867507740522683, -6.292438014858679, 0.0 ], [ 106.86747320249394, -6.292368406683169, 0.0 ], [ 106.86743931033152, -6.292298481548791, 0.0 ], [ 106.867411655798804, -6.29223563439819, 0.0 ], [ 106.867384992821513, -6.292172360556385, 0.0 ], [ 106.867359328680024, -6.29210867446409, 0.0 ], [ 106.867334667950132, -6.292044592379876, 0.0 ], [ 106.86730803715264, -6.291971344731706, 0.0 ], [ 106.867281407272102, -6.291898097980649, 0.0 ], [ 106.867254776494889, -6.291824850324923, 0.0 ], [ 106.867221983913197, -6.291745759470341, 0.0 ], [ 106.867189190440911, -6.29166666861373, 0.0 ], [ 106.867177499540276, -6.291637068741789, 0.0 ], [ 106.867139934844758, -6.29155489369789, 0.0 ], [ 106.867102371067787, -6.291472718644318, 0.0 ], [ 106.867064147094268, -6.291391901265595, 0.0 ], [ 106.867025922235129, -6.291311084787742, 0.0 ], [ 106.866997410097369, -6.291254000990842, 0.0 ], [ 106.866985090525702, -6.291217627651861, 0.0 ], [ 106.866974153473166, -6.291179226786185, 0.0 ], [ 106.866961790261868, -6.291135436855384, 0.0 ], [ 106.866955926293556, -6.291113293469245, 0.0 ], [ 106.866952384062103, -6.291092009769331, 0.0 ], [ 106.86694973955565, -6.291066292523593, 0.0 ], [ 106.866949980009892, -6.291028602152158, 0.0 ], [ 106.866952596104198, -6.290977255139023, 0.0 ], [ 106.866954266334361, -6.29094470065713, 0.0 ], [ 106.866950030072616, -6.29092061566659, 0.0 ], [ 106.866943737604274, -6.290900189888242, 0.0 ], [ 106.866936337097556, -6.290879704779168, 0.0 ], [ 106.86692393728751, -6.290844389577287, 0.0 ], [ 106.866907102871892, -6.290794733217194, 0.0 ], [ 106.866878620347848, -6.290712513910832, 0.0 ], [ 106.86686967856572, -6.290688815531303, 0.0 ], [ 106.866787759793198, -6.290415606344789, 0.0 ], [ 106.866713995010642, -6.290100532030517, 0.0 ], [ 106.866631081778579, -6.289727342623489, 0.0 ], [ 106.866542342418228, -6.289287081472065, 0.0 ], [ 106.866480758053314, -6.28894065277282, 0.0 ], [ 106.866393240597262, -6.288529460113682, 0.0 ], [ 106.866311437931657, -6.288154030564871, 0.0 ], [ 106.866208003089483, -6.287666855531582, 0.0 ], [ 106.866119372589608, -6.287256785996679, 0.0 ], [ 106.866072788492573, -6.287042253514268, 0.0 ], [ 106.866022639915272, -6.286768468445891, 0.0 ], [ 106.865958909791743, -6.286446649079158, 0.0 ], [ 106.865954413332531, -6.286125735787745, 0.0 ], [ 106.865969437148792, -6.285951239767567, 0.0 ], [ 106.865998166155762, -6.285859442741325, 0.0 ], [ 106.866049181704568, -6.285749674827344, 0.0 ], [ 106.866150226568081, -6.285567044542705, 0.0 ], [ 106.866222415748865, -6.28544042814694, 0.0 ], [ 106.866426864290887, -6.285109823398559, 0.0 ], [ 106.866595691705996, -6.284818482876716, 0.0 ], [ 106.866652350689193, -6.284724350191674, 0.0 ], [ 106.866737842184349, -6.28456749490106, 0.0 ], [ 106.867023251655866, -6.28406327631229, 0.0 ], [ 106.867102065360839, -6.283914272095016, 0.0 ], [ 106.867138680301977, -6.283840339171682, 0.0 ], [ 106.867206210721989, -6.283661182037009, 0.0 ], [ 106.867256049259424, -6.283534645439349, 0.0 ], [ 106.86732022333571, -6.283354382764365, 0.0 ], [ 106.867343483928877, -6.283296152891344, 0.0 ], [ 106.867374503060063, -6.283220003083369, 0.0 ], [ 106.867444448290399, -6.283091157833268, 0.0 ], [ 106.867496732664321, -6.283023877762903, 0.0 ], [ 106.867594571941936, -6.28288263285059, 0.0 ], [ 106.867724716371882, -6.282712198721613, 0.0 ], [ 106.867812485776199, -6.282567635361269, 0.0 ], [ 106.867902626207254, -6.282461083050541, 0.0 ], [ 106.867957073243701, -6.282373667053283, 0.0 ], [ 106.867985937461427, -6.282319889099312, 0.0 ], [ 106.868064714837772, -6.28216082091902, 0.0 ], [ 106.868151143899965, -6.281953641805812, 0.0 ], [ 106.868196634851927, -6.281861784962528, 0.0 ], [ 106.86821545719998, -6.28181251660671, 0.0 ], [ 106.868223123968718, -6.281768878450578, 0.0 ], [ 106.868230636093728, -6.281681630974968, 0.0 ], [ 106.868243284385727, -6.281468005659989, 0.0 ], [ 106.868256299611247, -6.281357255042899, 0.0 ], [ 106.868249390728053, -6.281300251351242, 0.0 ], [ 106.868227372688864, -6.281080040129916, 0.0 ], [ 106.868178431377558, -6.280916117966815, 0.0 ], [ 106.868163444449465, -6.280855327599033, 0.0 ], [ 106.868148456626443, -6.280794538136988, 0.0 ], [ 106.868146414721821, -6.280743668897338, 0.0 ], [ 106.868144373722558, -6.280692799654294, 0.0 ], [ 106.868152096542033, -6.280611916642337, 0.0 ], [ 106.868163912202121, -6.280549915756005, 0.0 ], [ 106.868183192474774, -6.280485390955531, 0.0 ], [ 106.868205182921685, -6.280420191024528, 0.0 ], [ 106.868231224655403, -6.280350313022632, 0.0 ], [ 106.868249451568474, -6.28030663264537, 0.0 ], [ 106.868267678479427, -6.280262952268408, 0.0 ], [ 106.868287087733378, -6.280219143801427, 0.0 ], [ 106.868306497888369, -6.280175335331463, 0.0 ], [ 106.868322861698317, -6.280126111933878, 0.0 ], [ 106.86833922550646, -6.280076888536605, 0.0 ], [ 106.868363821767019, -6.279999492265659, 0.0 ], [ 106.868379670406412, -6.279950489512867, 0.0 ], [ 106.868395519047525, -6.279901487664592, 0.0 ], [ 106.868417267455214, -6.279836077935496, 0.0 ], [ 106.86843901676329, -6.279770668203743, 0.0 ], [ 106.868456281009827, -6.279725885491097, 0.0 ], [ 106.868473544350749, -6.279681102781963, 0.0 ], [ 106.868490031595854, -6.279630010972723, 0.0 ], [ 106.868506517938698, -6.279578920071192, 0.0 ], [ 106.868510308018486, -6.279529628553698, 0.0 ], [ 106.868503808116699, -6.279480620609598, 0.0 ], [ 106.86847459730329, -6.279415882880964, 0.0 ], [ 106.868438807823225, -6.279354542020177, 0.0 ], [ 106.86840726319484, -6.279298966230853, 0.0 ], [ 106.868375718574413, -6.279243390437498, 0.0 ], [ 106.868345393481505, -6.279182907984532, 0.0 ], [ 106.868315068400506, -6.279122426431684, 0.0 ], [ 106.868286023050018, -6.279062772124659, 0.0 ], [ 106.868256976807501, -6.279003118721291, 0.0 ], [ 106.868228591215868, -6.278948060559594, 0.0 ], [ 106.868200205628199, -6.278893001490357, 0.0 ], [ 106.868170126877445, -6.278836465655115, 0.0 ], [ 106.868140048134507, -6.278779929816153, 0.0 ], [ 106.868109468105288, -6.278717873212866, 0.0 ], [ 106.86807888718144, -6.278655816608746, 0.0 ], [ 106.86805037369146, -6.278592242690694, 0.0 ], [ 106.868021859310005, -6.278528669676198, 0.0 ], [ 106.867998040891806, -6.278466364695925, 0.0 ], [ 106.867974223384806, -6.278404059709554, 0.0 ], [ 106.867952594957586, -6.278338875326318, 0.0 ], [ 106.867930967444693, -6.278273691841417, 0.0 ], [ 106.867913229300498, -6.278220765602928, 0.0 ], [ 106.867895490260878, -6.278167840270052, 0.0 ], [ 106.867872235289056, -6.278096539679374, 0.0 ], [ 106.86784898032937, -6.278025239989704, 0.0 ], [ 106.867824053400227, -6.277945985218746, 0.0 ], [ 106.867799126481799, -6.277866730444104, 0.0 ], [ 106.867768686294639, -6.277789366929395, 0.0 ], [ 106.867732528105805, -6.277714508417704, 0.0 ], [ 106.867690855822147, -6.277642576417952, 0.0 ], [ 106.867652146374624, -6.27759117252385, 0.0 ], [ 106.867613436028535, -6.277539767723573, 0.0 ], [ 106.867574726597539, -6.277488363819045, 0.0 ], [ 106.867526369608925, -6.277427587544145, 0.0 ], [ 106.867478011728551, -6.277366811264608, 0.0 ], [ 106.867429654763853, -6.277306034973832, 0.0 ], [ 106.867377472799419, -6.277252324694611, 0.0 ], [ 106.867324078732821, -6.277220567892838, 0.0 ], [ 106.867270684674949, -6.27718881198783, 0.0 ], [ 106.867219302457883, -6.277159211628228, 0.0 ], [ 106.867167919341867, -6.277129611265217, 0.0 ], [ 106.867123107936962, -6.27709998745716, 0.0 ], [ 106.86707829563619, -6.277070364551159, 0.0 ], [ 106.867033872908294, -6.277040522350052, 0.0 ], [ 106.866989449278108, -6.277010679242758, 0.0 ], [ 106.866943308507174, -6.27698251945365, 0.0 ], [ 106.866897166840147, -6.276954360566299, 0.0 ], [ 106.866852963502865, -6.276925223703349, 0.0 ], [ 106.866808760169917, -6.276896086835213, 0.0 ], [ 106.866765294950511, -6.276860318999014, 0.0 ], [ 106.866721829739745, -6.276824552061552, 0.0 ], [ 106.866544859611807, -6.276595937331482, 0.0 ], [ 106.866413470335615, -6.276331841154022, 0.0 ], [ 106.866290547510104, -6.276019177172869, 0.0 ], [ 106.866193645461678, -6.2757958789195, 0.0 ], [ 106.866139579817244, -6.275676421643738, 0.0 ], [ 106.866110038935815, -6.275540104043761, 0.0 ], [ 106.866105365979436, -6.275483091349281, 0.0 ], [ 106.866104053244484, -6.275428303550222, 0.0 ], [ 106.866105207160274, -6.275300360210518, 0.0 ], [ 106.866096051989828, -6.275239414154004, 0.0 ], [ 106.866046699432928, -6.275012270081414, 0.0 ], [ 106.866005743635171, -6.274809159157963, 0.0 ], [ 106.865994397143851, -6.274761115908505, 0.0 ], [ 106.865958346892526, -6.274679614849616, 0.0 ], [ 106.865864877206988, -6.27447866746598, 0.0 ], [ 106.865815500648679, -6.274420696485159, 0.0 ], [ 106.865772908170115, -6.274385064613705, 0.0 ], [ 106.865702892001551, -6.274348431884191, 0.0 ], [ 106.865685516237519, -6.274328661215334, 0.0 ], [ 106.865641113989938, -6.274261815418837, 0.0 ], [ 106.865622341563423, -6.274218246120872, 0.0 ], [ 106.865603568234164, -6.274174675920288, 0.0 ], [ 106.865587390886077, -6.27412830716355, 0.0 ], [ 106.865571213542026, -6.274081938405283, 0.0 ], [ 106.865556101316898, -6.274032716869924, 0.0 ], [ 106.865540989099188, -6.273983496237305, 0.0 ], [ 106.865526340826264, -6.273930578682927, 0.0 ], [ 106.865511692557831, -6.273877661127078, 0.0 ], [ 106.865500497022012, -6.273825290942634, 0.0 ], [ 106.865489301492957, -6.273772921661209, 0.0 ], [ 106.865479670718983, -6.27372327553601, 0.0 ], [ 106.865470039041313, -6.273673628509014, 0.0 ], [ 106.865463813402329, -6.273606829346239, 0.0 ], [ 106.865467803055779, -6.273539859083744, 0.0 ], [ 106.86546747109702, -6.27347955515242, 0.0 ], [ 106.865458113152584, -6.273419982274419, 0.0 ], [ 106.865442629491938, -6.273359805537615, 0.0 ], [ 106.8654251129649, -6.273300189379357, 0.0 ], [ 106.865398647193103, -6.27322908981106, 0.0 ], [ 106.865369026978556, -6.273159246488968, 0.0 ], [ 106.865345367201328, -6.273104761560998, 0.0 ], [ 106.86532170833712, -6.273050277531246, 0.0 ], [ 106.865294410790113, -6.272988688067747, 0.0 ], [ 106.865268558587999, -6.272921144135128, 0.0 ], [ 106.865255961618914, -6.272871300600213, 0.0 ], [ 106.865247682883009, -6.272811552075551, 0.0 ], [ 106.865241765116451, -6.272751523898299, 0.0 ], [ 106.865237362031934, -6.272695639480529, 0.0 ], [ 106.865230311521671, -6.272640026692362, 0.0 ], [ 106.865219119780491, -6.272575230710531, 0.0 ], [ 106.865205347387302, -6.27251093396568, 0.0 ], [ 106.865191505826147, -6.272452086789344, 0.0 ], [ 106.865169605863059, -6.272384266564058, 0.0 ], [ 106.865144007812688, -6.272318297642532, 0.0 ], [ 106.86511028384092, -6.272246981558221, 0.0 ], [ 106.865085986432305, -6.272196365924795, 0.0 ], [ 106.86507403850986, -6.27214150201996, 0.0 ], [ 106.865072253959738, -6.272085340642445, 0.0 ], [ 106.865083205485064, -6.272030229759294, 0.0 ], [ 106.865098253060935, -6.271982524670764, 0.0 ], [ 106.865113946534933, -6.271935028854752, 0.0 ], [ 106.865108310856087, -6.271913918884824, 0.0 ], [ 106.865104405843226, -6.271857314788405, 0.0 ], [ 106.865160671302561, -6.27179671081521, 0.0 ], [ 106.865188808368458, -6.271725441235431, 0.0 ], [ 106.865171001410431, -6.271679911858191, 0.0 ], [ 106.865143974230705, -6.271639181085599, 0.0 ], [ 106.865114850603177, -6.271591037397575, 0.0 ], [ 106.865096098863191, -6.271537980695356, 0.0 ], [ 106.865093366117279, -6.271475109363343, 0.0 ], [ 106.865106414507054, -6.271413547127926, 0.0 ], [ 106.865135589809611, -6.2713598216401, 0.0 ], [ 106.86517538923178, -6.271313425365463, 0.0 ], [ 106.865261130273879, -6.27130594390337, 0.0 ], [ 106.865347286432225, -6.271331353995481, 0.0 ], [ 106.865408646775094, -6.271333940233777, 0.0 ], [ 106.86546888093406, -6.271321950121759, 0.0 ], [ 106.865531538980008, -6.27124707756284, 0.0 ], [ 106.865545914529136, -6.271204533961234, 0.0 ], [ 106.86556031483785, -6.271168699982101, 0.0 ], [ 106.865572409056796, -6.271112745986539, 0.0 ], [ 106.86558226785229, -6.27105679994995, 0.0 ], [ 106.865591171713888, -6.271003944991691, 0.0 ], [ 106.865622706614957, -6.270964061797339, 0.0 ], [ 106.865670817077316, -6.270927324806666, 0.0 ], [ 106.865720772679808, -6.270893140897585, 0.0 ], [ 106.865773864452635, -6.270863237827355, 0.0 ], [ 106.865826955318028, -6.270833335660928, 0.0 ], [ 106.865885636307283, -6.270795218356112, 0.0 ], [ 106.865917035416871, -6.270732659515129, 0.0 ], [ 106.865931103889821, -6.270655101025575, 0.0 ], [ 106.865939255802218, -6.27060271438838, 0.0 ], [ 106.865946988228799, -6.270550264146246, 0.0 ], [ 106.865945933576199, -6.27052251768048, 0.0 ], [ 106.865915406307508, -6.270473493871867, 0.0 ], [ 106.865869415242628, -6.270436667873864, 0.0 ], [ 106.865854950133027, -6.27042657208134, 0.0 ], [ 106.865830752899797, -6.270402837452212, 0.0 ], [ 106.865798500849991, -6.27032589595156, 0.0 ], [ 106.865779507957967, -6.270244654112236, 0.0 ], [ 106.865788018841826, -6.270188520295711, 0.0 ], [ 106.865814512079851, -6.270138313369257, 0.0 ], [ 106.865835403471365, -6.27009709285847, 0.0 ], [ 106.865848594247453, -6.270041545451366, 0.0 ], [ 106.865850331931156, -6.27002886938758, 0.0 ], [ 106.865812712340485, -6.269632122315975, 0.0 ], [ 106.86580290158129, -6.269562303384305, 0.0 ], [ 106.865793089927195, -6.269492485358805, 0.0 ], [ 106.865829181891939, -6.269422982224484, 0.0 ], [ 106.865875520942993, -6.269390996552442, 0.0 ], [ 106.865916910771816, -6.26935281607062, 0.0 ], [ 106.865937785063096, -6.269317720350283, 0.0 ], [ 106.865934259442312, -6.269290054106855, 0.0 ], [ 106.865925493303905, -6.269238557710644, 0.0 ], [ 106.865847417737797, -6.269004098874349, 0.0 ], [ 106.865792655984066, -6.268889787503824, 0.0 ], [ 106.865762434793012, -6.268838367464172, 0.0 ], [ 106.865712158350917, -6.268809446286286, 0.0 ], [ 106.865702246818387, -6.268807092794321, 0.0 ], [ 106.865642157151825, -6.26880372802777, 0.0 ], [ 106.86557350670553, -6.26880611971497, 0.0 ], [ 106.865513483170446, -6.268821362143536, 0.0 ], [ 106.865476339235499, -6.268834376687065, 0.0 ], [ 106.865428466394974, -6.268847428505276, 0.0 ], [ 106.86538127701381, -6.268851175068233, 0.0 ], [ 106.865336221607791, -6.268852050584127, 0.0 ], [ 106.865285410141382, -6.268842927670473, 0.0 ], [ 106.865005346260091, -6.268725124914284, 0.0 ], [ 106.864925153008542, -6.268699646403611, 0.0 ], [ 106.864887955654055, -6.268697631375351, 0.0 ], [ 106.864809257555322, -6.268717092932338, 0.0 ], [ 106.864747222437714, -6.268743218480203, 0.0 ], [ 106.864704699449348, -6.268852866204272, 0.0 ], [ 106.864694798940747, -6.268884390334863, 0.0 ], [ 106.864666231015946, -6.26889594304751, 0.0 ], [ 106.864599646757156, -6.268876141171853, 0.0 ], [ 106.864481451511168, -6.268823602673926, 0.0 ], [ 106.864427690384616, -6.268789442428767, 0.0 ], [ 106.864340497431627, -6.26868620538637, 0.0 ], [ 106.864320377813854, -6.268640998793698, 0.0 ], [ 106.864321991213544, -6.268591538627495, 0.0 ], [ 106.864336144938278, -6.2685379018859, 0.0 ], [ 106.86434569427513, -6.268483565431031, 0.0 ], [ 106.864352014379151, -6.268428759451808, 0.0 ], [ 106.864353532372419, -6.268339971705377, 0.0 ], [ 106.864349471090151, -6.268251264378556, 0.0 ], [ 106.864336815035827, -6.268167648157348, 0.0 ], [ 106.864317324552161, -6.268085357314051, 0.0 ], [ 106.864285442914266, -6.268009803972491, 0.0 ], [ 106.864236494976112, -6.267944023718901, 0.0 ], [ 106.864198107875794, -6.267909247270965, 0.0 ], [ 106.864159745080414, -6.267874443607629, 0.0 ], [ 106.86408974575329, -6.267820627790169, 0.0 ], [ 106.864036037780664, -6.267782313599785, 0.0 ], [ 106.863985701000857, -6.267739661045339, 0.0 ], [ 106.863935929998746, -6.267686103294634, 0.0 ], [ 106.8638922031692, -6.26762750238457, 0.0 ], [ 106.863855025302996, -6.267564535540896, 0.0 ], [ 106.863826034886131, -6.267479474642487, 0.0 ], [ 106.863824177388608, -6.267419734830771, 0.0 ], [ 106.863844748590068, -6.267363623219597, 0.0 ], [ 106.863880888351773, -6.267307516843185, 0.0 ], [ 106.863909112798993, -6.267244533590159, 0.0 ], [ 106.863931115632653, -6.267179114063318, 0.0 ], [ 106.863943504942654, -6.267107467454453, 0.0 ], [ 106.863955894255426, -6.267035821750236, 0.0 ], [ 106.863959763119766, -6.266998090362404, 0.0 ], [ 106.863972600741661, -6.266945317253036, 0.0 ], [ 106.863997532472212, -6.266897071643338, 0.0 ], [ 106.86404426187444, -6.266861021513572, 0.0 ], [ 106.864113930696561, -6.266821540850109, 0.0 ], [ 106.864156584066464, -6.266778108332256, 0.0 ], [ 106.864188181488785, -6.266726065994631, 0.0 ], [ 106.864208384073294, -6.266666670911346, 0.0 ], [ 106.864235172037752, -6.266582126920219, 0.0 ], [ 106.864261960000462, -6.266497583834267, 0.0 ], [ 106.864284023799456, -6.266426700302272, 0.0 ], [ 106.864306086688231, -6.266355815870092, 0.0 ], [ 106.864328150480418, -6.266284932339466, 0.0 ], [ 106.864350213365555, -6.266214048812707, 0.0 ], [ 106.864359606752714, -6.266166170377977, 0.0 ], [ 106.864363349975847, -6.266143191595879, 0.0 ], [ 106.864372872467129, -6.266131675004901, 0.0 ], [ 106.864382400847092, -6.266122071579679, 0.0 ], [ 106.864393848858697, -6.266114376324783, 0.0 ], [ 106.864437744250495, -6.266087904908662, 0.0 ], [ 106.864481638736848, -6.266061434397418, 0.0 ], [ 106.864520757587584, -6.266036415752917, 0.0 ], [ 106.864559875533644, -6.266011398013966, 0.0 ], [ 106.864615176438164, -6.265965270449636, 0.0 ], [ 106.864672328098408, -6.265901912198728, 0.0 ], [ 106.864716098526614, -6.265840514710901, 0.0 ], [ 106.864757963814853, -6.265781038086886, 0.0 ], [ 106.86476353490481, -6.265734130745485, 0.0 ], [ 106.864746193014625, -6.265697830111877, 0.0 ], [ 106.864730777551628, -6.265665350808542, 0.0 ], [ 106.86468852491295, -6.265615741916529, 0.0 ], [ 106.864628052591115, -6.265551844376011, 0.0 ], [ 106.864567580287499, -6.265487947728106, 0.0 ], [ 106.864533032456961, -6.265453622340791, 0.0 ], [ 106.864506120556044, -6.26541544252672, 0.0 ], [ 106.864492664605635, -6.265396352166557, 0.0 ], [ 106.864483027523818, -6.265375335043331, 0.0 ], [ 106.86446189488413, -6.265348616512528, 0.0 ], [ 106.864444600593757, -6.265325712517357, 0.0 ], [ 106.864419662684796, -6.26530474978346, 0.0 ], [ 106.864404321992254, -6.265293321578607, 0.0 ], [ 106.864388973601734, -6.265279979309526, 0.0 ], [ 106.864367895325017, -6.265268571498536, 0.0 ], [ 106.864343018566302, -6.265264832648427, 0.0 ], [ 106.864314317051708, -6.265261107392235, 0.0 ], [ 106.864279898329158, -6.265263142921046, 0.0 ], [ 106.86424547281409, -6.26526326528478, 0.0 ], [ 106.864216764504249, -6.265257625956085, 0.0 ], [ 106.864174674987055, -6.265253948277491, 0.0 ], [ 106.864119184782723, -6.265246490041281, 0.0 ], [ 106.864094301229358, -6.265240837111375, 0.0 ], [ 106.864065599713769, -6.265237111840702, 0.0 ], [ 106.864046446953111, -6.265229524449295, 0.0 ], [ 106.86401961751173, -6.265214309782611, 0.0 ], [ 106.863992773580804, -6.265195266982883, 0.0 ], [ 106.863971668141176, -6.265176203787492, 0.0 ], [ 106.863937113574408, -6.265139965179728, 0.0 ], [ 106.863919798934816, -6.265111319860374, 0.0 ], [ 106.863910182254514, -6.265096043111752, 0.0 ], [ 106.863900571467852, -6.265082681337439, 0.0 ], [ 106.86389094120581, -6.265063577357511, 0.0 ], [ 106.863889346054577, -6.265045401417284, 0.0 ], [ 106.863889281531883, -6.265027220941843, 0.0 ], [ 106.863890184063592, -6.265011907715063, 0.0 ], [ 106.863893951085799, -6.264995626811303, 0.0 ], [ 106.86389771131816, -6.264977432744297, 0.0 ], [ 106.863903409053762, -6.264965929756197, 0.0 ], [ 106.863911011018104, -6.264952505909728, 0.0 ], [ 106.863919576641436, -6.264940992730325, 0.0 ], [ 106.8639348027517, -6.264919886328758, 0.0 ], [ 106.863950994111221, -6.264901648086227, 0.0 ], [ 106.86397289339132, -6.264874777504178, 0.0 ], [ 106.863997644478772, -6.264843112011017, 0.0 ], [ 106.864024310883494, -6.264812396304587, 0.0 ], [ 106.864046203363273, -6.264783611654368, 0.0 ], [ 106.864050017927752, -6.264780727413359, 0.0 ], [ 106.864057658148795, -6.26477782957681, 0.0 ], [ 106.864070085878282, -6.264776828817534, 0.0 ], [ 106.864084429831181, -6.264776777841583, 0.0 ], [ 106.864100686611991, -6.264776720067421, 0.0 ], [ 106.864117902750237, -6.264777615476761, 0.0 ], [ 106.864129393193863, -6.264781880215862, 0.0 ], [ 106.864148061161771, -6.264787555240502, 0.0 ], [ 106.864162430588465, -6.264794681335818, 0.0 ], [ 106.864175349883183, -6.264797506105244, 0.0 ], [ 106.864183956254593, -6.264797475517873, 0.0 ], [ 106.864192562626087, -6.264797444930497, 0.0 ], [ 106.864201163901299, -6.264795978566546, 0.0 ], [ 106.864212633970055, -6.264794502910672, 0.0 ], [ 106.86423414525359, -6.264792990662789, 0.0 ], [ 106.864320203869767, -6.264791249901728, 0.0 ], [ 106.864387625984349, -6.264792445149242, 0.0 ], [ 106.864429222989031, -6.264792297294171, 0.0 ], [ 106.86445646675557, -6.264789329771077, 0.0 ], [ 106.864473669304758, -6.264786397939147, 0.0 ], [ 106.864489431913043, -6.264782036335084, 0.0 ], [ 106.864498028091887, -6.264779135094633, 0.0 ], [ 106.864526687965892, -6.264771139063225, 0.0 ], [ 106.864549602613494, -6.264761009761899, 0.0 ], [ 106.864572527454371, -6.264753752011919, 0.0 ], [ 106.86458828076907, -6.264746518850235, 0.0 ], [ 106.864605457837939, -6.26473641084707, 0.0 ], [ 106.864618327073188, -6.264724881458966, 0.0 ], [ 106.864632640445507, -6.264716218525137, 0.0 ], [ 106.864646938531592, -6.26470325007146, 0.0 ], [ 106.864669792022696, -6.264675896880154, 0.0 ], [ 106.864681206028507, -6.264658632200757, 0.0 ], [ 106.86470116015542, -6.264622678168479, 0.0 ], [ 106.864726693882801, -6.264542208248851, 0.0 ], [ 106.86474516729038, -6.264493340047204, 0.0 ], [ 106.864760772814776, -6.264444482945189, 0.0 ], [ 106.864776346858662, -6.264387013903867, 0.0 ], [ 106.864803381666079, -6.264325198547033, 0.0 ], [ 106.864826199466378, -6.264287798541615, 0.0 ], [ 106.864843328101927, -6.26426405428269, 0.0 ], [ 106.864857600690442, -6.264243908757507, 0.0 ], [ 106.864866145897523, -6.264226654277049, 0.0 ], [ 106.864878979445578, -6.264205078073723, 0.0 ], [ 106.864891822284378, -6.264186373425219, 0.0 ], [ 106.864903246467719, -6.264171979393461, 0.0 ], [ 106.864914645168625, -6.26415040829103, 0.0 ], [ 106.864923205659551, -6.264137459329483, 0.0 ], [ 106.864926013292276, -6.264120225246566, 0.0 ], [ 106.86492879544636, -6.264095814997278, 0.0 ], [ 106.864930123272103, -6.264065667646962, 0.0 ], [ 106.864934369943413, -6.264049864242182, 0.0 ], [ 106.864935743635399, -6.264032635256978, 0.0 ], [ 106.864934273117314, -6.264022592640162, 0.0 ], [ 106.864934201773181, -6.264002498108608, 0.0 ], [ 106.864928387765403, -6.263980989102538, 0.0 ], [ 106.864923465221096, -6.263941055727797, 0.0 ], [ 106.864911704714885, -6.263860718393976, 0.0 ], [ 106.864906753246132, -6.263812890966932, 0.0 ], [ 106.864901801779467, -6.263765063539527, 0.0 ], [ 106.864897293474499, -6.263707426291755, 0.0 ], [ 106.864892786079139, -6.26364978994456, 0.0 ], [ 106.864891270610016, -6.263626829862011, 0.0 ], [ 106.864888340680452, -6.263609616174907, 0.0 ], [ 106.864881117316287, -6.26359528843333, 0.0 ], [ 106.864872449822073, -6.263578095141132, 0.0 ], [ 106.864860888067042, -6.26355373497528, 0.0 ], [ 106.864845013404036, -6.26352652035983, 0.0 ], [ 106.864832021906039, -6.263503601068721, 0.0 ], [ 106.864814704758317, -6.263474237887783, 0.0 ], [ 106.864800299704768, -6.263457064987191, 0.0 ], [ 106.864780146897743, -6.263437041831973, 0.0 ], [ 106.864764322287243, -6.26342417954935, 0.0 ], [ 106.864747079024824, -6.263415628786304, 0.0 ], [ 106.864729845952724, -6.263409948670361, 0.0 ], [ 106.864704016724602, -6.263407169790634, 0.0 ], [ 106.864679601959963, -6.26339864451425, 0.0 ], [ 106.864659500106512, -6.263392974591765, 0.0 ], [ 106.864652322606375, -6.263391565211742, 0.0 ], [ 106.864636514188845, -6.263383009344601, 0.0 ], [ 106.864619270928671, -6.263374458576305, 0.0 ], [ 106.864570398276982, -6.263368423455831, 0.0 ], [ 106.864521524724665, -6.263362389237785, 0.0 ], [ 106.864495846166989, -6.263356237322421, 0.0 ], [ 106.864479086214175, -6.263350712837944, 0.0 ], [ 106.864469996562661, -6.263347717133652, 0.0 ], [ 106.864439828953408, -6.263334905809682, 0.0 ], [ 106.864409634973256, -6.263314918317963, 0.0 ], [ 106.864382320868557, -6.26329779127453, 0.0 ], [ 106.864363642770627, -6.263289245594596, 0.0 ], [ 106.86434209079907, -6.263279275235917, 0.0 ], [ 106.864324857732313, -6.263273595103971, 0.0 ], [ 106.864309044225834, -6.263263603447925, 0.0 ], [ 106.864296124068176, -6.263260778673849, 0.0 ], [ 106.864268855812426, -6.263256569993024, 0.0 ], [ 106.8642372992107, -6.26325668212351, 0.0 ], [ 106.864204292483919, -6.263252492925333, 0.0 ], [ 106.86417558938507, -6.263248289337596, 0.0 ], [ 106.864151205189174, -6.263248375977969, 0.0 ], [ 106.864123951307363, -6.263248472813419, 0.0 ], [ 106.86408379344843, -6.263250050385639, 0.0 ], [ 106.864057979502888, -6.263251577896193, 0.0 ], [ 106.86403646318405, -6.263251654341913, 0.0 ], [ 106.864016371522041, -6.263248855039936, 0.0 ], [ 106.864002002144687, -6.263241728927097, 0.0 ], [ 106.863983294398182, -6.263224571280858, 0.0 ], [ 106.863970328407945, -6.263208829029459, 0.0 ], [ 106.863942988852571, -6.263184524882399, 0.0 ], [ 106.863909139571859, -6.263144814491199, 0.0 ], [ 106.863875289392951, -6.263105104099415, 0.0 ], [ 106.863832104898975, -6.26306219722909, 0.0 ], [ 106.863807633235496, -6.263037882882842, 0.0 ], [ 106.863801865119797, -6.263029291316615, 0.0 ], [ 106.863797526756301, -6.263019259780626, 0.0 ], [ 106.863797486019664, -6.263007777183297, 0.0 ], [ 106.863800308970767, -6.262994848618432, 0.0 ], [ 106.863808864393675, -6.262980464799432, 0.0 ], [ 106.863811651701482, -6.26295748941408, 0.0 ], [ 106.863817333249173, -6.262941680009164, 0.0 ], [ 106.863827292057124, -6.262918679148571, 0.0 ], [ 106.863832968513776, -6.262901434871164, 0.0 ], [ 106.863834367712855, -6.26289138295372, 0.0 ], [ 106.863834306607941, -6.262874159057947, 0.0 ], [ 106.863832825935845, -6.262861245781069, 0.0 ], [ 106.863829906234869, -6.26284690272529, 0.0 ], [ 106.863826991627832, -6.262833995446202, 0.0 ], [ 106.863822622711481, -6.262815351057935, 0.0 ], [ 106.863818278353548, -6.262803883748087, 0.0 ], [ 106.863808217706932, -6.262798178114755, 0.0 ], [ 106.863799585908353, -6.262791032514818, 0.0 ], [ 106.863789524358481, -6.262785326884199, 0.0 ], [ 106.863778033960671, -6.262781061219423, 0.0 ], [ 106.863767978404738, -6.262776790457592, 0.0 ], [ 106.863759356790595, -6.262772515506153, 0.0 ], [ 106.863749267237566, -6.26275891581453, 0.0 ], [ 106.863711718515688, -6.262687282047041, 0.0 ], [ 106.863678514155239, -6.26262711468193, 0.0 ], [ 106.863648223506175, -6.262579856405806, 0.0 ], [ 106.863630919187813, -6.262554081694226, 0.0 ], [ 106.863612190212379, -6.262531182727331, 0.0 ], [ 106.863583924568516, -6.262500003038641, 0.0 ], [ 106.863549411017772, -6.262459718111961, 0.0 ], [ 106.863514896568859, -6.26241943318454, 0.0 ], [ 106.863475843294722, -6.262361759424937, 0.0 ], [ 106.863436790933619, -6.262304085656619, 0.0 ], [ 106.863397737678511, -6.26224641188599, 0.0 ], [ 106.863358650848923, -6.262179268128662, 0.0 ], [ 106.863319564034299, -6.262112125269572, 0.0 ], [ 106.863253640428667, -6.262061524242384, 0.0 ], [ 106.863211682230073, -6.262027284658892, 0.0 ], [ 106.863169724036553, -6.261993045070325, 0.0 ], [ 106.863151137333091, -6.261976366144126, 0.0 ], [ 106.863131986404483, -6.261969256970342, 0.0 ], [ 106.863098517040598, -6.261969375800779, 0.0 ], [ 106.863065013748852, -6.261959926094923, 0.0 ], [ 106.863026712800661, -6.261945708639946, 0.0 ], [ 106.862990835673841, -6.26194105123168, 0.0 ], [ 106.862954942489509, -6.26193161000217, 0.0 ], [ 106.862911826021204, -6.261907840073305, 0.0 ], [ 106.862859070037061, -6.261862574657568, 0.0 ], [ 106.86280871424421, -6.261819693103733, 0.0 ], [ 106.86278462908146, -6.261769542024773, 0.0 ], [ 106.862775041352151, -6.261762398887726, 0.0 ], [ 106.862739079433922, -6.261733819665768, 0.0 ], [ 106.862685169267181, -6.261699921721076, 0.0 ], [ 106.862631259106436, -6.261666023768701, 0.0 ], [ 106.862589315968449, -6.261636269566066, 0.0 ], [ 106.862547373738224, -6.261606515355544, 0.0 ], [ 106.862484747880259, -6.261596340757122, 0.0 ], [ 106.862421304876875, -6.261595762120715, 0.0 ], [ 106.862358504027597, -6.26160479325562, 0.0 ], [ 106.862288673694778, -6.261633778685208, 0.0 ], [ 106.862238488822868, -6.26169035697837, 0.0 ], [ 106.862218015550667, -6.261763179648733, 0.0 ], [ 106.862213405102551, -6.261825257123016, 0.0 ], [ 106.862222534263623, -6.261886831050941, 0.0 ], [ 106.862244956865425, -6.261944894894129, 0.0 ], [ 106.862266400061912, -6.262026937654791, 0.0 ], [ 106.862260926221936, -6.262111563265091, 0.0 ], [ 106.862229091208931, -6.262190155882666, 0.0 ], [ 106.862209034972452, -6.26223736873106, 0.0 ], [ 106.862203141834939, -6.262288330570999, 0.0 ], [ 106.862193030736151, -6.262358887733698, 0.0 ], [ 106.862182920537734, -6.262429443989548, 0.0 ], [ 106.862172809439116, -6.262500001153093, 0.0 ], [ 106.862161923754712, -6.262588083565835, 0.0 ], [ 106.862159031091423, -6.26261500687252, 0.0 ], [ 106.862147151269497, -6.262635981097163, 0.0 ], [ 106.862129338641012, -6.262668937427166, 0.0 ], [ 106.862111493311673, -6.262692922859358, 0.0 ], [ 106.86209064933503, -6.262713929800905, 0.0 ], [ 106.862072825200471, -6.262743896134967, 0.0 ], [ 106.862049024960044, -6.26277388367719, 0.0 ], [ 106.862037145131225, -6.262794857901604, 0.0 ], [ 106.862022288749998, -6.262818832725866, 0.0 ], [ 106.86201340847272, -6.262842786342131, 0.0 ], [ 106.861998562689863, -6.262869752069689, 0.0 ], [ 106.86198072794933, -6.262896728404352, 0.0 ], [ 106.861959862759988, -6.262911753537893, 0.0 ], [ 106.861939018766222, -6.262932759573459, 0.0 ], [ 106.861924140280536, -6.262950754402112, 0.0 ], [ 106.86189138555639, -6.262983763755927, 0.0 ], [ 106.86187648587466, -6.262995778585491, 0.0 ], [ 106.861864575146058, -6.263007781904046, 0.0 ], [ 106.861849686959673, -6.263022785825174, 0.0 ], [ 106.861834787272485, -6.263034799750007, 0.0 ], [ 106.861813922076067, -6.26304982578467, 0.0 ], [ 106.861790047628631, -6.263058881518916, 0.0 ], [ 106.861751252293999, -6.263073970272648, 0.0 ], [ 106.86172441008064, -6.263089017513939, 0.0 ], [ 106.861709532486572, -6.263107012336651, 0.0 ], [ 106.861685741902377, -6.26313998987586, 0.0 ], [ 106.861673862956351, -6.263160964095282, 0.0 ], [ 106.861647094911774, -6.263196943140525, 0.0 ], [ 106.861617296419922, -6.263220970980748, 0.0 ], [ 106.861584531063656, -6.26325099032607, 0.0 ], [ 106.861557731219847, -6.263277998466205, 0.0 ], [ 106.861519000339598, -6.263311029013722, 0.0 ], [ 106.861465294674588, -6.263335141674252, 0.0 ], [ 106.861441462587024, -6.263356158302343, 0.0 ], [ 106.86141166407873, -6.263380187040363, 0.0 ], [ 106.861384832431995, -6.263398224271726, 0.0 ], [ 106.86136396720282, -6.263413249392238, 0.0 ], [ 106.861328138691988, -6.263422347524084, 0.0 ], [ 106.861292300488827, -6.263428455650369, 0.0 ], [ 106.861256450783486, -6.263431572873194, 0.0 ], [ 106.861235511385715, -6.263425666179337, 0.0 ], [ 106.861208542903199, -6.263404829779257, 0.0 ], [ 106.861196535897449, -6.263389921280862, 0.0 ], [ 106.861184529792865, -6.263375011874633, 0.0 ], [ 106.861172523692161, -6.263360103372062, 0.0 ], [ 106.861163516238975, -6.263348173365374, 0.0 ], [ 106.861154477006892, -6.263327273356826, 0.0 ], [ 106.861145469558068, -6.263315344253648, 0.0 ], [ 106.861139440476833, -6.263300414546597, 0.0 ], [ 106.861121414985163, -6.26327356543419, 0.0 ], [ 106.86109743366795, -6.263252718428214, 0.0 ], [ 106.861082450109151, -6.263240810522046, 0.0 ], [ 106.861064477591142, -6.263228913217732, 0.0 ], [ 106.86102855464506, -6.263211098604848, 0.0 ], [ 106.861000055058682, -6.263202624696341, 0.0 ], [ 106.860974721839639, -6.263199328496683, 0.0 ], [ 106.860956791694633, -6.263199392095102, 0.0 ], [ 106.860923909769369, -6.263196517783375, 0.0 ], [ 106.860888039790851, -6.263193654971858, 0.0 ], [ 106.86085516755584, -6.263193771563976, 0.0 ], [ 106.860822285632921, -6.263190898149781, 0.0 ], [ 106.860789435481934, -6.263196994736794, 0.0 ], [ 106.8607565738387, -6.263200102228155, 0.0 ], [ 106.860681966710317, -6.263228774455058, 0.0 ], [ 106.86060441826946, -6.263270913636334, 0.0 ], [ 106.860562677168431, -6.263297974727698, 0.0 ], [ 106.860508993517129, -6.26332806820704, 0.0 ], [ 106.860458266146097, -6.263349180177477, 0.0 ], [ 106.860419502495105, -6.263373239759513, 0.0 ], [ 106.860389693329964, -6.263394277547645, 0.0 ], [ 106.860359884162193, -6.263415315334706, 0.0 ], [ 106.860312197781127, -6.263451368517461, 0.0 ], [ 106.86028536607698, -6.263469405704821, 0.0 ], [ 106.860240647468146, -6.263499467377238, 0.0 ], [ 106.860192929299387, -6.263526548739076, 0.0 ], [ 106.860163088351129, -6.263538616512959, 0.0 ], [ 106.860124303490352, -6.263556695172539, 0.0 ], [ 106.860097462088717, -6.2635717423482, 0.0 ], [ 106.860073607838686, -6.263586778027748, 0.0 ], [ 106.860040810584024, -6.263607826397823, 0.0 ], [ 106.859993050043599, -6.263622947737559, 0.0 ], [ 106.859945257735802, -6.263629098162113, 0.0 ], [ 106.859909408885429, -6.263632215296042, 0.0 ], [ 106.859873537957796, -6.263629352425505, 0.0 ], [ 106.859843622879254, -6.263620487453712, 0.0 ], [ 106.859816675590309, -6.263605630974281, 0.0 ], [ 106.85979569293437, -6.263587763308122, 0.0 ], [ 106.859786696992472, -6.263578824173502, 0.0 ], [ 106.859774690012003, -6.263563915631861, 0.0 ], [ 106.859771670191634, -6.263554955311696, 0.0 ], [ 106.859762599242373, -6.263525084351347, 0.0 ], [ 106.859759537077537, -6.263504163115394, 0.0 ], [ 106.859756474913354, -6.263483241879404, 0.0 ], [ 106.859756730455757, -6.263455374918241, 0.0 ], [ 106.859754288832605, -6.263441030113676, 0.0 ], [ 106.859754229549296, -6.263424284470124, 0.0 ], [ 106.859751796395912, -6.263412332029493, 0.0 ], [ 106.859758901070592, -6.26339316859702, 0.0 ], [ 106.859775525732459, -6.263362010352285, 0.0 ], [ 106.859785020311151, -6.263342838448112, 0.0 ], [ 106.85979452336197, -6.263326059812037, 0.0 ], [ 106.859799245695655, -6.263309297218687, 0.0 ], [ 106.859806367307073, -6.263294918514281, 0.0 ], [ 106.859815878823042, -6.263280531337974, 0.0 ], [ 106.85981823575321, -6.26327095340735, 0.0 ], [ 106.859827738798984, -6.26325417386714, 0.0 ], [ 106.859837242750999, -6.263237395227915, 0.0 ], [ 106.859846711917399, -6.263211046232302, 0.0 ], [ 106.859846652633337, -6.26319430058945, 0.0 ], [ 106.859846593352529, -6.263177555850831, 0.0 ], [ 106.859844151730613, -6.26316321104687, 0.0 ], [ 106.859836946332635, -6.263153667013298, 0.0 ], [ 106.859832105433995, -6.263136938320371, 0.0 ], [ 106.859817685273086, -6.263115459699898, 0.0 ], [ 106.859803265110401, -6.26309398017462, 0.0 ], [ 106.85979124422893, -6.263074885441951, 0.0 ], [ 106.859774441730323, -6.263055806753821, 0.0 ], [ 106.85976003004042, -6.26303671959023, 0.0 ], [ 106.859750407531564, -6.263020007844354, 0.0 ], [ 106.859731189729587, -6.262993761436999, 0.0 ], [ 106.859723974967309, -6.262981825943882, 0.0 ], [ 106.859707189411822, -6.262967531979993, 0.0 ], [ 106.859695177002763, -6.262950828703145, 0.0 ], [ 106.859680782256078, -6.262936526263776, 0.0 ], [ 106.859668778317143, -6.26292221534989, 0.0 ], [ 106.859659181218944, -6.262912680693182, 0.0 ], [ 106.859647177277907, -6.262898368874265, 0.0 ], [ 106.85963781798938, -6.262887095588115, 0.0 ], [ 106.859616857447136, -6.262875208811301, 0.0 ], [ 106.859583933188816, -6.262860373490287, 0.0 ], [ 106.85956001544082, -6.262857468217892, 0.0 ], [ 106.859521114167208, -6.262842654075377, 0.0 ], [ 106.859512138510539, -6.262839695844678, 0.0 ], [ 106.859473206394327, -6.262815911684404, 0.0 ], [ 106.859455191577368, -6.262792052487557, 0.0 ], [ 106.859449172227812, -6.262780112751441, 0.0 ], [ 106.85944009073927, -6.262747251771811, 0.0 ], [ 106.859425054304381, -6.262720391976766, 0.0 ], [ 106.859412868351356, -6.26265464883342, 0.0 ], [ 106.859397651111024, -6.262576954458082, 0.0 ], [ 106.859384907067565, -6.262514615625295, 0.0 ], [ 106.859372162128849, -6.262452277698496, 0.0 ] ], [ [ 106.87120111696585, -6.296799095593916, 0.0 ], [ 106.870156575429178, -6.296779802749083, 0.0 ], [ 106.868823354272621, -6.296753958510982, 0.0 ], [ 106.86787848169854, -6.29674968559069, 0.0 ], [ 106.867838246951578, -6.296730691447885, 0.0 ], [ 106.867813116442818, -6.296656143815751, 0.0 ], [ 106.867805602808332, -6.296572208637077, 0.0 ], [ 106.867809686359834, -6.296406904578882, 0.0 ], [ 106.867812477533832, -6.296187187077272, 0.0 ], [ 106.867813885478711, -6.295780687105412, 0.0 ], [ 106.867818283617666, -6.295610343996471, 0.0 ], [ 106.867824486765443, -6.295344811857791, 0.0 ], [ 106.86783069762069, -6.29508142704683, 0.0 ], [ 106.867838232405816, -6.294787979035229, 0.0 ], [ 106.867846126914102, -6.294595438290014, 0.0 ], [ 106.867849932243715, -6.294459449572222, 0.0 ], [ 106.867855183331642, -6.294327749489832, 0.0 ], [ 106.867862079277543, -6.29405577370663, 0.0 ], [ 106.867866408511404, -6.293866108254807, 0.0 ], [ 106.867878388413644, -6.293815969164804, 0.0 ], [ 106.867949694033584, -6.293754882873839, 0.0 ], [ 106.868075959061102, -6.293662111130972, 0.0 ], [ 106.867920219535137, -6.293312710736012, 0.0 ], [ 106.867845896929126, -6.293129767784094, 0.0 ], [ 106.867745616355506, -6.292936985558685, 0.0 ], [ 106.867712614354687, -6.292860537455407, 0.0 ], [ 106.867679611465988, -6.292784090254412, 0.0 ] ] ] } },
{ "type": "Feature", "properties": { "OBJECTID": 209, "toponimi": "Sal. Phb Batu Ampar", "kewenangan": "Pemprov DKI", "jenis": "Saluran Drainase Tersier", "panjang": "2393", "lebar": "3", "kedalaman": "2", "kota": "Jakarta Timur", "kecamatan": "Kramat Jati", "lebar_min": 3.0, "lebar_max": 3.0, "kedalaman_": 2.0, "kedalaman1": 2.0, "Shape_Leng": 2.4177583984000002 }, "geometry": { "type": "MultiLineString", "coordinates": [ [ [ 106.858255770850391, -6.284738446665492, 0.0 ], [ 106.858263068919115, -6.284669868598513, 0.0 ], [ 106.858255770850391, -6.284738446665492, 0.0 ], [ 106.858206774352354, -6.284744463438124, 0.0 ], [ 106.858207203153384, -6.28474052883974, 0.0 ], [ 106.858208131264348, -6.284732667529801, 0.0 ], [ 106.858209128977677, -6.284724813205781, 0.0 ], [ 106.858209551679053, -6.284721705930904, 0.0 ], [ 106.858210198107017, -6.284716967669525, 0.0 ], [ 106.858211335047599, -6.284709133646271, 0.0 ], [ 106.858212543400953, -6.284701307506706, 0.0 ], [ 106.85821382935427, -6.284693450350009, 0.0 ], [ 106.858215168072036, -6.2846856933671, 0.0 ], [ 106.858216586190579, -6.284677903552385, 0.0 ], [ 106.858218072130043, -6.284670127963202, 0.0 ], [ 106.858219627694211, -6.284662365688868, 0.0 ], [ 106.858221251979586, -6.284654616732661, 0.0 ], [ 106.858222945896358, -6.284646882899639, 0.0 ], [ 106.858224709444229, -6.284639164189853, 0.0 ], [ 106.858226540822557, -6.284631462418024, 0.0 ], [ 106.858228451640002, -6.284623738664064, 0.0 ], [ 106.858240363537121, -6.284577823121723, 0.0 ], [ 106.858248658983214, -6.284545846227564, 0.0 ], [ 106.858282320361738, -6.284416096088092, 0.0 ], [ 106.858288279859352, -6.284392738668387, 0.0 ], [ 106.858288650977471, -6.284391136995123, 0.0 ], [ 106.858295721656503, -6.284360580360907, 0.0 ], [ 106.858327696800899, -6.284222401354625, 0.0 ], [ 106.858336675542134, -6.284183600184051, 0.0 ], [ 106.858367217854493, -6.284051613405186, 0.0 ], [ 106.858367572060857, -6.284050084124535, 0.0 ], [ 106.858374771793052, -6.284018973690117, 0.0 ], [ 106.858409793236731, -6.283867632025559, 0.0 ], [ 106.858415459555815, -6.283843141838869, 0.0 ], [ 106.85841992533328, -6.283823841247432, 0.0 ], [ 106.858439461608441, -6.2837394241086, 0.0 ], [ 106.858439612139662, -6.283738810556608, 0.0 ], [ 106.85844000520666, -6.283737282946174, 0.0 ], [ 106.858440089043569, -6.283736972523128, 0.0 ], [ 106.858440319291645, -6.283736160677894, 0.0 ], [ 106.858440408585409, -6.283735860181148, 0.0 ], [ 106.858440848104678, -6.283734436383472, 0.0 ], [ 106.858440946415044, -6.283734130429712, 0.0 ], [ 106.8584412119707, -6.283733337446298, 0.0 ], [ 106.858441313049639, -6.283733047757494, 0.0 ], [ 106.858441822180751, -6.283731633658083, 0.0 ], [ 106.85844193228273, -6.283731340320651, 0.0 ], [ 106.858442236715291, -6.283730553528141, 0.0 ], [ 106.858442357631475, -6.283730252014799, 0.0 ], [ 106.858447851711489, -6.283710952290233, 0.0 ], [ 106.85845629814483, -6.283692750568115, 0.0 ], [ 106.858467487082507, -6.283676096054998, 0.0 ], [ 106.858481142575343, -6.283661399313663, 0.0 ], [ 106.858496929767625, -6.283649022291639, 0.0 ], [ 106.858514457582118, -6.283639271078714, 0.0 ], [ 106.85853329494303, -6.283632384095193, 0.0 ], [ 106.858551875175181, -6.283628664375527, 0.0 ], [ 106.858554232781728, -6.283628439904093, 0.0 ], [ 106.8585569564423, -6.283628242160595, 0.0 ], [ 106.85855780738143, -6.283628170420749, 0.0 ], [ 106.858576601323023, -6.283626362228415, 0.0 ], [ 106.85859545062084, -6.283624620746233, 0.0 ], [ 106.858614309191609, -6.2836229461379, 0.0 ], [ 106.858633171630061, -6.283621342943392, 0.0 ], [ 106.85865204063731, -6.283619808440593, 0.0 ], [ 106.858670915312757, -6.283618343537044, 0.0 ], [ 106.858689795656701, -6.28361694823257, 0.0 ], [ 106.858708679861877, -6.283615622533659, 0.0 ], [ 106.858727570638891, -6.283614366430608, 0.0 ], [ 106.858746464373638, -6.28361317993636, 0.0 ], [ 106.858765362873001, -6.283612063044437, 0.0 ], [ 106.858784265233865, -6.283611015758019, 0.0 ], [ 106.858803170552164, -6.283610038080376, 0.0 ], [ 106.858822081542144, -6.283609130905985, 0.0 ], [ 106.858840993679436, -6.283608292442563, 0.0 ], [ 106.858859908774264, -6.283607523587913, 0.0 ], [ 106.85887882773045, -6.283606824338767, 0.0 ], [ 106.858897748743942, -6.283606195605774, 0.0 ], [ 106.858916671808345, -6.283605635580516, 0.0 ], [ 106.858935642093485, -6.283605141390053, 0.0 ], [ 106.858936760585223, -6.283605094014974, 0.0 ], [ 106.858954719395314, -6.283603994018804, 0.0 ], [ 106.858972608879071, -6.283602964792578, 0.0 ], [ 106.858990501320577, -6.283602005175124, 0.0 ], [ 106.859008397616805, -6.283601113354945, 0.0 ], [ 106.859026298677904, -6.283600291137195, 0.0 ], [ 106.859044202690413, -6.28359953671996, 0.0 ], [ 106.859062106949807, -6.283598851921156, 0.0 ], [ 106.85908001597096, -6.283598235820565, 0.0 ], [ 106.859097926139384, -6.283597688431098, 0.0 ], [ 106.859115838358733, -6.283597209749372, 0.0 ], [ 106.859122565135138, -6.283597056542689, 0.0 ], [ 106.859129058100876, -6.283537158532626, 0.0 ], [ 106.859129444830486, -6.283533592076204, 0.0 ], [ 106.859138400776388, -6.283450975659017, 0.0 ], [ 106.859143271219665, -6.28340313670274, 0.0 ], [ 106.859148140762855, -6.283355298653951, 0.0 ], [ 106.859152542078633, -6.283319631286922, 0.0 ], [ 106.859152052513664, -6.283279726354141, 0.0 ], [ 106.85914672769772, -6.283240053797873, 0.0 ], [ 106.859136723715395, -6.283201055194539, 0.0 ], [ 106.859110122878249, -6.283196302577558, 0.0 ], [ 106.859107927140755, -6.283195797726759, 0.0 ], [ 106.859103552583619, -6.283194717441098, 0.0 ], [ 106.859099196748446, -6.283193565660632, 0.0 ], [ 106.859094860541887, -6.283192343286207, 0.0 ], [ 106.859090543963788, -6.283191050318008, 0.0 ], [ 106.859086249725252, -6.28318968674623, 0.0 ], [ 106.859081977829277, -6.283188253475116, 0.0 ], [ 106.859077744559798, -6.283186755871639, 0.0 ], [ 106.859073507390335, -6.283185177812232, 0.0 ], [ 106.859069310660956, -6.283183537222357, 0.0 ], [ 106.859065141702089, -6.283181828722191, 0.0 ], [ 106.859061001414261, -6.283180051404231, 0.0 ], [ 106.859056889803867, -6.283178207076932, 0.0 ], [ 106.859052809581442, -6.283176295730503, 0.0 ], [ 106.859048760750568, -6.28317431826919, 0.0 ], [ 106.859039893536348, -6.283169688869934, 0.0 ], [ 106.85903681526581, -6.283167991863271, 0.0 ], [ 106.858851799882956, -6.283065857907493, 0.0 ], [ 106.858807851708747, -6.283039977152731, 0.0 ], [ 106.858794310860986, -6.283030961123756, 0.0 ], [ 106.858780731361563, -6.283022002193394, 0.0 ], [ 106.858767114120269, -6.283013102166754, 0.0 ], [ 106.858760665657385, -6.283008927092548, 0.0 ], [ 106.858753459134022, -6.283004260139636, 0.0 ], [ 106.858739766405961, -6.282995477016252, 0.0 ], [ 106.858726035936002, -6.282986752796581, 0.0 ], [ 106.858712268624842, -6.282978086573233, 0.0 ], [ 106.858698465378893, -6.28296947924709, 0.0 ], [ 106.858684624394385, -6.282960931728811, 0.0 ], [ 106.858670747472047, -6.282952442203707, 0.0 ], [ 106.858657317277945, -6.282944305519282, 0.0 ], [ 106.858628898402458, -6.282927331542196, 0.0 ], [ 106.858622463987501, -6.282923549723133, 0.0 ], [ 106.858615979157648, -6.282919820524109, 0.0 ], [ 106.858609434861137, -6.282916139456556, 0.0 ], [ 106.858602867315099, -6.282912527187267, 0.0 ], [ 106.858596266561023, -6.282908978326727, 0.0 ], [ 106.858590491719823, -6.282905944611965, 0.0 ], [ 106.858569533267158, -6.282895416061305, 0.0 ], [ 106.858562770993316, -6.28289218513249, 0.0 ], [ 106.858555977325125, -6.282889019414283, 0.0 ], [ 106.858549154969936, -6.282885917992957, 0.0 ], [ 106.85854230302732, -6.282882881775769, 0.0 ], [ 106.858535422404088, -6.282879911663678, 0.0 ], [ 106.858528513997513, -6.282877005845174, 0.0 ], [ 106.8585215778171, -6.282874167032768, 0.0 ], [ 106.85851461566682, -6.282871394315842, 0.0 ], [ 106.85850762664316, -6.28286868769761, 0.0 ], [ 106.858500612556597, -6.282866048075755, 0.0 ], [ 106.858496098635015, -6.282864398661361, 0.0 ], [ 106.858440055547703, -6.282846344711627, 0.0 ], [ 106.858436448385362, -6.282845330408212, 0.0 ], [ 106.858349450881676, -6.282821747215963, 0.0 ], [ 106.858228995170919, -6.282789093946262, 0.0 ], [ 106.858222667984435, -6.282787263810921, 0.0 ], [ 106.858220809704719, -6.282786875297041, 0.0 ], [ 106.858043274617259, -6.282738748516858, 0.0 ], [ 106.857930990820563, -6.282708309347424, 0.0 ], [ 106.857578507500065, -6.282612756063939, 0.0 ], [ 106.857577237852524, -6.282612476668112, 0.0 ], [ 106.857575423243858, -6.282612172082971, 0.0 ], [ 106.857573848038555, -6.282611853085213, 0.0 ], [ 106.857572290722175, -6.282611482487131, 0.0 ], [ 106.857570785669722, -6.28261107101639, 0.0 ], [ 106.857569242426095, -6.282610591869648, 0.0 ], [ 106.857567768646433, -6.282610080830773, 0.0 ], [ 106.857566799564097, -6.282609707239389, 0.0 ], [ 106.857563406154284, -6.282608834122366, 0.0 ], [ 106.85754761157456, -6.282592890278509, 0.0 ], [ 106.857537766598682, -6.28256836656982, 0.0 ], [ 106.85752717953072, -6.282541992881343, 0.0 ], [ 106.857527008247331, -6.282508477350234, 0.0 ], [ 106.857526529403643, -6.282414487567948, 0.0 ], [ 106.857526311793123, -6.282371985799929, 0.0 ], [ 106.857525878382404, -6.282286982257113, 0.0 ], [ 106.85752505883282, -6.282213867017433, 0.0 ], [ 106.857524238386205, -6.282140752684792, 0.0 ], [ 106.857523418843172, -6.282067637444587, 0.0 ], [ 106.857522542163267, -6.281989875951908, 0.0 ], [ 106.857522511951359, -6.281980338122853, 0.0 ], [ 106.857539422607218, -6.281942056709844, 0.0 ], [ 106.85753951246366, -6.281938602516832, 0.0 ], [ 106.857539544996413, -6.28193503641206, 0.0 ], [ 106.857539517184236, -6.28193152567501, 0.0 ], [ 106.857539427751647, -6.281927965428264, 0.0 ], [ 106.857539279707638, -6.281924439747575, 0.0 ], [ 106.857539043094633, -6.281920399916891, 0.0 ], [ 106.857538270097407, -6.281902192065998, 0.0 ], [ 106.857537868722389, -6.281892715229193, 0.0 ], [ 106.857537189300658, -6.281876687869015, 0.0 ], [ 106.857534244650793, -6.281807182329921, 0.0 ], [ 106.857530896634131, -6.281728146615418, 0.0 ], [ 106.857530285593199, -6.281715093683821, 0.0 ], [ 106.857529479065931, -6.281697876906081, 0.0 ], [ 106.857529420422509, -6.281696628475509, 0.0 ], [ 106.857528023699572, -6.281668159769918, 0.0 ], [ 106.857527872699748, -6.281665074423404, 0.0 ], [ 106.857526691422962, -6.281642066051853, 0.0 ], [ 106.857526253613628, -6.281633526049331, 0.0 ], [ 106.857525078789934, -6.281611572804368, 0.0 ], [ 106.857524993618043, -6.28160997817644, 0.0 ], [ 106.857524564971214, -6.281601983347161, 0.0 ], [ 106.857523877990204, -6.281589683846588, 0.0 ], [ 106.857522871596487, -6.281571654038363, 0.0 ], [ 106.857522804045558, -6.281570441805685, 0.0 ], [ 106.857520973560511, -6.281538905031906, 0.0 ], [ 106.857519739874178, -6.281518443852232, 0.0 ], [ 106.857519148452567, -6.281508629535762, 0.0 ], [ 106.857519071663901, -6.281507360374074, 0.0 ], [ 106.857518044764873, -6.281490937322864, 0.0 ], [ 106.857517405903181, -6.281489913374711, 0.0 ], [ 106.857516979805339, -6.281489262087348, 0.0 ], [ 106.857516036077868, -6.281487883888514, 0.0 ], [ 106.857515582032988, -6.281487250783474, 0.0 ], [ 106.85751457972296, -6.281485915287941, 0.0 ], [ 106.857514099547728, -6.281485303071272, 0.0 ], [ 106.857512956069598, -6.281483909306871, 0.0 ], [ 106.857512534160108, -6.281483419848463, 0.0 ], [ 106.857511421029443, -6.281482175161916, 0.0 ], [ 106.85751117250031, -6.281481909318477, 0.0 ], [ 106.85751088950353, -6.281481606527072, 0.0 ], [ 106.857509723234259, -6.281480410853591, 0.0 ], [ 106.857509168295266, -6.281479864905726, 0.0 ], [ 106.8575079516079, -6.281478720948197, 0.0 ], [ 106.857507373262095, -6.281478199495561, 0.0 ], [ 106.857505991958135, -6.281477010010555, 0.0 ], [ 106.857505508931695, -6.281476612992978, 0.0 ], [ 106.85750419865586, -6.281475577866392, 0.0 ], [ 106.857503577123836, -6.281475109008117, 0.0 ], [ 106.857502223677784, -6.281474130996605, 0.0 ], [ 106.857501583263442, -6.281473688425934, 0.0 ], [ 106.857500188460776, -6.281472769331264, 0.0 ], [ 106.857499530077249, -6.281472355757421, 0.0 ], [ 106.857497947232048, -6.28147141020581, 0.0 ], [ 106.857497421185911, -6.281471112798042, 0.0 ], [ 106.857495952725145, -6.281470316930093, 0.0 ], [ 106.857495261114039, -6.281469961340123, 0.0 ], [ 106.857493759448147, -6.281469229785133, 0.0 ], [ 106.857493052581816, -6.281468904086422, 0.0 ], [ 106.857492286953445, -6.281468570458965, 0.0 ], [ 106.857505065416049, -6.281239680612889, 0.0 ], [ 106.857504111871918, -6.281181512440005, 0.0 ], [ 106.857516875918478, -6.280944982531874, 0.0 ], [ 106.857663772490255, -6.280946609257707, 0.0 ], [ 106.857928273843697, -6.28092112856918, 0.0 ], [ 106.857967077704402, -6.280742204006003, 0.0 ], [ 106.857974189767987, -6.28071082264468, 0.0 ], [ 106.858006942757683, -6.280383257454361, 0.0 ], [ 106.857960825865831, -6.280356508122593, 0.0 ], [ 106.857890813796061, -6.280312559795977, 0.0 ], [ 106.857858480681969, -6.280292263291277, 0.0 ], [ 106.857827102995046, -6.280272567367476, 0.0 ], [ 106.857820801736295, -6.280268611456401, 0.0 ], [ 106.857777883982266, -6.28024375489546, 0.0 ], [ 106.857734966234787, -6.280218899233885, 0.0 ], [ 106.857683592134819, -6.280187533832882, 0.0 ], [ 106.857632218043179, -6.280156169329141, 0.0 ], [ 106.857573604947802, -6.280123958006608, 0.0 ], [ 106.85751499276185, -6.280091746672134, 0.0 ], [ 106.857450562426052, -6.280055997225099, 0.0 ], [ 106.857386131197188, -6.280020248674953, 0.0 ], [ 106.857327392723789, -6.279988347886221, 0.0 ], [ 106.85726865335576, -6.279956447996109, 0.0 ], [ 106.85720229080944, -6.279916776809933, 0.0 ], [ 106.857135928274758, -6.27987710651639, 0.0 ], [ 106.857098055107997, -6.279848610833428, 0.0 ], [ 106.857074438474839, -6.279807504020526, 0.0 ], [ 106.857070201031632, -6.279785444999005, 0.0 ], [ 106.857067867629482, -6.279763176689395, 0.0 ], [ 106.857067699216401, -6.279743194539826, 0.0 ], [ 106.857069654855309, -6.279725675910359, 0.0 ], [ 106.857087065686301, -6.27965081693165, 0.0 ], [ 106.857087980920468, -6.279647471923888, 0.0 ], [ 106.857151275638344, -6.279470684670369, 0.0 ], [ 106.85718474333126, -6.27937720639431, 0.0 ], [ 106.857218188657541, -6.279283793297799, 0.0 ], [ 106.857221279530677, -6.279274777841992, 0.0 ], [ 106.857229730222173, -6.279250123170846, 0.0 ], [ 106.857439346488647, -6.278750260921458, 0.0 ], [ 106.857457995182159, -6.278707518592577, 0.0 ], [ 106.857480208805768, -6.278661533063953, 0.0 ], [ 106.857514287842875, -6.278601105843147, 0.0 ], [ 106.857551877724745, -6.278564240210808, 0.0 ], [ 106.857593535882103, -6.278532047281041, 0.0 ], [ 106.857647743185296, -6.278486608235137, 0.0 ], [ 106.857701950481854, -6.278441170090538, 0.0 ], [ 106.857740424504343, -6.278408000213695, 0.0 ], [ 106.857778897618033, -6.278374830338727, 0.0 ], [ 106.857815857434147, -6.278336117031432, 0.0 ], [ 106.857852817248101, -6.278297404627307, 0.0 ], [ 106.85789536119951, -6.278247968105073, 0.0 ], [ 106.857937905146301, -6.278198532485767, 0.0 ], [ 106.857970891894482, -6.278157796214956, 0.0 ], [ 106.858003878637902, -6.278117059943482, 0.0 ], [ 106.858027415801999, -6.278046306706845, 0.0 ], [ 106.858020267417828, -6.277986649689546, 0.0 ], [ 106.85800583989564, -6.277928325013825, 0.0 ], [ 106.857987119021985, -6.277855872777229, 0.0 ], [ 106.85796122436146, -6.277785666606641, 0.0 ], [ 106.857943766900846, -6.277716831927193, 0.0 ], [ 106.857944598096509, -6.277639311212452, 0.0 ], [ 106.857945419020268, -6.277562715485055, 0.0 ], [ 106.857939501687753, -6.277373910859802, 0.0 ], [ 106.857939938562012, -6.277373015099601, 0.0 ], [ 106.857940363622305, -6.277372100394047, 0.0 ], [ 106.857941696062127, -6.277365116489281, 0.0 ], [ 106.857943588671887, -6.277355567315836, 0.0 ], [ 106.857945618670556, -6.277345775341128, 0.0 ], [ 106.857959862426469, -6.277277070458862, 0.0 ], [ 106.857959927326988, -6.277276770953032, 0.0 ], [ 106.857960148921492, -6.277275811761853, 0.0 ], [ 106.857960220172686, -6.277275519466781, 0.0 ], [ 106.857961344854914, -6.277271104100867, 0.0 ], [ 106.857962616775538, -6.277266420582357, 0.0 ], [ 106.857963965571258, -6.277261756682479, 0.0 ], [ 106.857965390341377, -6.277257113308502, 0.0 ], [ 106.857966892002182, -6.277252494073889, 0.0 ], [ 106.857968493797131, -6.277247828371927, 0.0 ], [ 106.857970118793858, -6.277243335281317, 0.0 ], [ 106.857971844831155, -6.277238796624243, 0.0 ], [ 106.857973645974653, -6.277234288442028, 0.0 ], [ 106.857973788323633, -6.277233915424811, 0.0 ], [ 106.857975175749687, -6.277230462956067, 0.0 ], [ 106.857976621088312, -6.277227033789853, 0.0 ], [ 106.85797812253864, -6.277223629740821, 0.0 ], [ 106.857979681004366, -6.277220250805861, 0.0 ], [ 106.857981294681281, -6.277216897895363, 0.0 ], [ 106.857982964479632, -6.27721357281454, 0.0 ], [ 106.857984689499006, -6.27721027647067, 0.0 ], [ 106.857985755120097, -6.277208317904695, 0.0 ], [ 106.857985974138742, -6.277207906640789, 0.0 ], [ 106.857986462497692, -6.277207005272926, 0.0 ], [ 106.857988273981874, -6.277203629960677, 0.0 ], [ 106.857990652551948, -6.277199385550779, 0.0 ], [ 106.857993089156125, -6.277195198800825, 0.0 ], [ 106.857995600863262, -6.277191041621447, 0.0 ], [ 106.857998179589231, -6.277186927603732, 0.0 ], [ 106.858000824430349, -6.277182856750763, 0.0 ], [ 106.858003536293367, -6.277178829963534, 0.0 ], [ 106.858006312470835, -6.277174848155849, 0.0 ], [ 106.858009155676683, -6.277170912222116, 0.0 ], [ 106.858012061393168, -6.277167022178518, 0.0 ], [ 106.858015031439848, -6.277163181635146, 0.0 ], [ 106.858018063103131, -6.277159389697423, 0.0 ], [ 106.858021118599225, -6.277155693515621, 0.0 ], [ 106.858024310398065, -6.277151957971352, 0.0 ], [ 106.858027525135711, -6.277148320898535, 0.0 ], [ 106.858030797888361, -6.277144736060963, 0.0 ], [ 106.858034130463295, -6.277141203451988, 0.0 ], [ 106.85803752016885, -6.277137728506219, 0.0 ], [ 106.858040966095004, -6.277134309418506, 0.0 ], [ 106.858044465534164, -6.277130947102639, 0.0 ], [ 106.858048021200503, -6.277127642453191, 0.0 ], [ 106.858051631283487, -6.277124394572327, 0.0 ], [ 106.858055347139953, -6.277121161686701, 0.0 ], [ 106.858059006615449, -6.277118082707593, 0.0 ], [ 106.858062769153648, -6.277115018733313, 0.0 ], [ 106.858066023832052, -6.277112452942805, 0.0 ], [ 106.858133034903673, -6.277057084229815, 0.0 ], [ 106.858138429347221, -6.277052751358056, 0.0 ], [ 106.858143450481009, -6.277048637712704, 0.0 ], [ 106.858148354197283, -6.27704453804642, 0.0 ], [ 106.858153317075448, -6.277040304355197, 0.0 ], [ 106.858158144535167, -6.277036104598286, 0.0 ], [ 106.858163032947729, -6.277031766289279, 0.0 ], [ 106.858167789556262, -6.277027461901842, 0.0 ], [ 106.858172619703581, -6.277023000834427, 0.0 ], [ 106.858172863759705, -6.277022770312732, 0.0 ], [ 106.858177282031775, -6.277018609982621, 0.0 ], [ 106.85818194675025, -6.277014128706782, 0.0 ], [ 106.85818656433166, -6.277009605102969, 0.0 ], [ 106.858186867754824, -6.277009298421553, 0.0 ], [ 106.858191138374522, -6.27700503463756, 0.0 ], [ 106.858195666177608, -6.277000420032705, 0.0 ], [ 106.858200193656984, -6.276995714109233, 0.0 ], [ 106.858204583971613, -6.276991059305295, 0.0 ], [ 106.858209022566612, -6.276986259665134, 0.0 ], [ 106.858213316813078, -6.27698152382818, 0.0 ], [ 106.858217616125216, -6.276976687612045, 0.0 ], [ 106.858221863792039, -6.276971811796328, 0.0 ], [ 106.858223027297399, -6.276970446912833, 0.0 ], [ 106.85822608862577, -6.276966867345836, 0.0 ], [ 106.858230251916723, -6.276961895085011, 0.0 ], [ 106.85823431497748, -6.27695694216715, 0.0 ], [ 106.858238386686082, -6.276951879815827, 0.0 ], [ 106.858242441841583, -6.276946736149243, 0.0 ], [ 106.858246356301535, -6.276941667122769, 0.0 ], [ 106.858249360219901, -6.27693769626029, 0.0 ], [ 106.858250233515804, -6.276936542170874, 0.0 ], [ 106.85825412115004, -6.276931297833522, 0.0 ], [ 106.858258209839775, -6.27692567303724, 0.0 ], [ 106.85826126583548, -6.276921608861925, 0.0 ], [ 106.85826745553149, -6.276913479331264, 0.0 ], [ 106.85827348654658, -6.276905448916815, 0.0 ], [ 106.858279412855197, -6.276897449615233, 0.0 ], [ 106.858281538626031, -6.276894538827198, 0.0 ], [ 106.858285325270188, -6.276889354522449, 0.0 ], [ 106.858291154568576, -6.276881263341343, 0.0 ], [ 106.85829691872236, -6.276873147979249, 0.0 ], [ 106.85830266719141, -6.276864941353157, 0.0 ], [ 106.858308341528371, -6.276856724140341, 0.0 ], [ 106.858313981292, -6.276848440142738, 0.0 ], [ 106.858319561316492, -6.276840127424138, 0.0 ], [ 106.858325077093767, -6.27683178871315, 0.0 ], [ 106.858330548403174, -6.276823395910603, 0.0 ], [ 106.858335946499992, -6.276814997038863, 0.0 ], [ 106.858341293839217, -6.276806554043751, 0.0 ], [ 106.85834658682559, -6.276798072362767, 0.0 ], [ 106.858351805689495, -6.276789582807598, 0.0 ], [ 106.858357013332068, -6.276780986601867, 0.0 ], [ 106.85836211451867, -6.276772437790064, 0.0 ], [ 106.858367195483595, -6.276763792305442, 0.0 ], [ 106.8583723613106, -6.276754870752293, 0.0 ], [ 106.858481004867244, -6.276571703801141, 0.0 ], [ 106.8584812402555, -6.276571322316192, 0.0 ], [ 106.858482047201278, -6.276570059059482, 0.0 ], [ 106.858482296162421, -6.276569682951356, 0.0 ], [ 106.858527089893812, -6.276504446472962, 0.0 ], [ 106.858546397518424, -6.276476327425772, 0.0 ], [ 106.858546656460618, -6.276475963036191, 0.0 ], [ 106.858547534138609, -6.276474770956617, 0.0 ], [ 106.858547801264265, -6.276474421004478, 0.0 ], [ 106.858548267228301, -6.27647382984129, 0.0 ], [ 106.858550884904673, -6.276470509532909, 0.0 ], [ 106.858554227147934, -6.276466392804262, 0.0 ], [ 106.858557556330979, -6.276462415361929, 0.0 ], [ 106.858560982212921, -6.276458442097011, 0.0 ], [ 106.858564466106756, -6.276454520163078, 0.0 ], [ 106.858568008015354, -6.276450650464088, 0.0 ], [ 106.85857160613827, -6.276446834814954, 0.0 ], [ 106.858575261369282, -6.276443070499877, 0.0 ], [ 106.858578971920409, -6.276439362950192, 0.0 ], [ 106.858582735978331, -6.276435710364041, 0.0 ], [ 106.858586553546033, -6.276432113645518, 0.0 ], [ 106.858590423723186, -6.276428573702002, 0.0 ], [ 106.858594347416656, -6.276425091434448, 0.0 ], [ 106.858598337231541, -6.276421654139921, 0.0 ], [ 106.85860234542578, -6.276418303578945, 0.0 ], [ 106.858606418841106, -6.276414998898413, 0.0 ], [ 106.858610541267623, -6.276411755526423, 0.0 ], [ 106.858614709090929, -6.276408573475825, 0.0 ], [ 106.858618925925541, -6.276405452733685, 0.0 ], [ 106.858623187262978, -6.276402396028684, 0.0 ], [ 106.858627493096975, -6.276399401552316, 0.0 ], [ 106.858631843437024, -6.276396472017165, 0.0 ], [ 106.858636236472847, -6.276393606525358, 0.0 ], [ 106.858640672210797, -6.276390806885337, 0.0 ], [ 106.858645148843806, -6.276388073103377, 0.0 ], [ 106.858649650139398, -6.276385414278774, 0.0 ], [ 106.858654218479316, -6.276382805848725, 0.0 ], [ 106.858658810584728, -6.276380274187588, 0.0 ], [ 106.858663441781275, -6.276377809295099, 0.0 ], [ 106.858668108467299, -6.27637541480069, 0.0 ], [ 106.858672807928926, -6.276373089809843, 0.0 ], [ 106.85867754197028, -6.276370833411959, 0.0 ], [ 106.85868230879025, -6.276368647421793, 0.0 ], [ 106.858687109295971, -6.276366532740245, 0.0 ], [ 106.858691937168601, -6.276364491198132, 0.0 ], [ 106.858693100217948, -6.276364017812825, 0.0 ], [ 106.85869680052771, -6.276362519149882, 0.0 ], [ 106.858701686735699, -6.276360620257087, 0.0 ], [ 106.858706550674924, -6.276358811858817, 0.0 ], [ 106.858711204628321, -6.276357158816491, 0.0 ], [ 106.858785710701, -6.276330300400213, 0.0 ], [ 106.858824345815435, -6.276316373065747, 0.0 ], [ 106.858847027778523, -6.2763089960083, 0.0 ], [ 106.858931303361061, -6.276283132723499, 0.0 ], [ 106.858995205275988, -6.276263522568136, 0.0 ], [ 106.859058233654068, -6.276243725635408, 0.0 ], [ 106.859066450722892, -6.276241127755484, 0.0 ], [ 106.859074580003337, -6.27623849040438, 0.0 ], [ 106.859082627810992, -6.276235810847149, 0.0 ], [ 106.859090657328764, -6.276233069872263, 0.0 ], [ 106.859098715478879, -6.2762302492299, 0.0 ], [ 106.859106756239726, -6.27622736626257, 0.0 ], [ 106.859114719145239, -6.276224441980462, 0.0 ], [ 106.859122688125495, -6.276221447152595, 0.0 ], [ 106.859130640616726, -6.276218389092312, 0.0 ], [ 106.859138523381674, -6.276215288784279, 0.0 ], [ 106.859146448306944, -6.276212101527581, 0.0 ], [ 106.859154576901986, -6.276208761649608, 0.0 ], [ 106.859155505411039, -6.276208399403187, 0.0 ], [ 106.859155744545134, -6.276208309946876, 0.0 ], [ 106.859164482674444, -6.276205115281642, 0.0 ], [ 106.859173339294259, -6.27620195455343, 0.0 ], [ 106.859177947337542, -6.276200351399327, 0.0 ], [ 106.859182220560598, -6.276198864261724, 0.0 ], [ 106.859191126467067, -6.276195842598139, 0.0 ], [ 106.859200055216292, -6.276192892281516, 0.0 ], [ 106.85920900679848, -6.276190010599425, 0.0 ], [ 106.859217980319656, -6.276187200267667, 0.0 ], [ 106.859226975773439, -6.276184459477756, 0.0 ], [ 106.859235993163125, -6.276181789133899, 0.0 ], [ 106.85924503068162, -6.276179189242457, 0.0 ], [ 106.859254087428283, -6.27617666071095, 0.0 ], [ 106.859263165210606, -6.276174203532723, 0.0 ], [ 106.859265416666233, -6.276173612358003, 0.0 ], [ 106.859268895692168, -6.276172396574017, 0.0 ], [ 106.859273953119214, -6.276171387661408, 0.0 ], [ 106.859281374842524, -6.276169502364549, 0.0 ], [ 106.859290506692147, -6.276167258374532, 0.0 ], [ 106.859299656869922, -6.276165086651635, 0.0 ], [ 106.859308823565286, -6.276162986298186, 0.0 ], [ 106.859318004974156, -6.276160958224743, 0.0 ], [ 106.859327202900758, -6.276159001520742, 0.0 ], [ 106.859336416444648, -6.276157117093468, 0.0 ], [ 106.85934564379852, -6.276155304949468, 0.0 ], [ 106.859354884962571, -6.276153565088607, 0.0 ], [ 106.859364092979504, -6.276151905815097, 0.0 ], [ 106.859373406010249, -6.276150302226104, 0.0 ], [ 106.859382685900201, -6.276148781032776, 0.0 ], [ 106.859391700539135, -6.27614737380055, 0.0 ], [ 106.859423461305767, -6.276142165194212, 0.0 ], [ 106.8594530995545, -6.276137215478958, 0.0 ], [ 106.85947295049678, -6.276133899970215, 0.0 ], [ 106.85952311336284, -6.27612552204256, 0.0 ], [ 106.859541779495544, -6.276122404228309, 0.0 ], [ 106.859562938963236, -6.276118870688722, 0.0 ], [ 106.85958147234615, -6.276115775044448, 0.0 ], [ 106.859587323096505, -6.276114758790856, 0.0 ], [ 106.859593472107534, -6.276113764081785, 0.0 ], [ 106.859599633121775, -6.276112841662384, 0.0 ], [ 106.85960580434147, -6.276111994251511, 0.0 ], [ 106.859611984853572, -6.27611121913995, 0.0 ], [ 106.859618174657811, -6.276110516327618, 0.0 ], [ 106.859624371953657, -6.276109887629381, 0.0 ], [ 106.859630575834359, -6.276109332144169, 0.0 ], [ 106.859636787206639, -6.276108850772953, 0.0 ], [ 106.859643003356567, -6.276108442621264, 0.0 ], [ 106.85964922338367, -6.276108108596318, 0.0 ], [ 106.859655449995628, -6.27610784778448, 0.0 ], [ 106.85965622428813, -6.276107824238941, 0.0 ], [ 106.859661672349546, -6.276107660224294, 0.0 ], [ 106.859667902198225, -6.276107547682138, 0.0 ], [ 106.859674092549213, -6.276107508516843, 0.0 ], [ 106.859680359967157, -6.276107543218269, 0.0 ], [ 106.859686587887623, -6.276107651296571, 0.0 ], [ 106.859692814263852, -6.276107833520867, 0.0 ], [ 106.859699039092746, -6.276108088987116, 0.0 ], [ 106.859705259669838, -6.276108419513261, 0.0 ], [ 106.859711475985776, -6.276108822386791, 0.0 ], [ 106.859717686239478, -6.276109299422478, 0.0 ], [ 106.859723890431184, -6.276109850620234, 0.0 ], [ 106.8597300885545, -6.276110474171912, 0.0 ], [ 106.859736280615735, -6.276111171885741, 0.0 ], [ 106.859742461190194, -6.276111942876706, 0.0 ], [ 106.859748632988698, -6.276112787135358, 0.0 ], [ 106.859754794204036, -6.276113704668002, 0.0 ], [ 106.859761009932484, -6.276114706093358, 0.0 ], [ 106.859767082168347, -6.276115757756737, 0.0 ], [ 106.859773207109953, -6.276116893319281, 0.0 ], [ 106.859775816699155, -6.27611740936394, 0.0 ], [ 106.859821753737663, -6.276129739803782, 0.0 ], [ 106.859826962579518, -6.276131678796375, 0.0 ], [ 106.859832128274192, -6.276133681232875, 0.0 ], [ 106.859837265301294, -6.276135753391106, 0.0 ], [ 106.859842375464964, -6.276137894360471, 0.0 ], [ 106.859847455150714, -6.276140104153694, 0.0 ], [ 106.859852506159413, -6.276142380956191, 0.0 ], [ 106.859857525783454, -6.276144725681763, 0.0 ], [ 106.859862513119253, -6.276147138333457, 0.0 ], [ 106.859867467257047, -6.276149617106347, 0.0 ], [ 106.859872388199648, -6.276152162904492, 0.0 ], [ 106.859877275037348, -6.276154773922869, 0.0 ], [ 106.85988212596304, -6.276157450167849, 0.0 ], [ 106.859886923776386, -6.276160182659016, 0.0 ], [ 106.859891717367077, -6.276162998347331, 0.0 ], [ 106.859896456032132, -6.276165868479985, 0.0 ], [ 106.859901156067778, -6.276168802040593, 0.0 ], [ 106.859905816567391, -6.276171798128304, 0.0 ], [ 106.859910436627388, -6.276174856746161, 0.0 ], [ 106.859915015340931, -6.276177976993382, 0.0 ], [ 106.859919550900969, -6.276181158876409, 0.0 ], [ 106.859924044204575, -6.276184400583613, 0.0 ], [ 106.859928492547496, -6.276187703932938, 0.0 ], [ 106.85993289772405, -6.276191065301505, 0.0 ], [ 106.859937256126258, -6.276194486510333, 0.0 ], [ 106.859941568651365, -6.276197965748015, 0.0 ], [ 106.859945819893667, -6.276201490410984, 0.0 ], [ 106.859950051542668, -6.276205095613283, 0.0 ], [ 106.859954220098615, -6.276208745343233, 0.0 ], [ 106.859958340060189, -6.276212451303305, 0.0 ], [ 106.859962409614013, -6.276216211691684, 0.0 ], [ 106.859966427859518, -6.276220027415658, 0.0 ], [ 106.859970395690894, -6.27622389575971, 0.0 ], [ 106.859974310400418, -6.27622781763751, 0.0 ], [ 106.859978171981766, -6.276231791240796, 0.0 ], [ 106.859981980434867, -6.276235816569515, 0.0 ], [ 106.859985733949571, -6.276239892726033, 0.0 ], [ 106.859989432522312, -6.27624401880621, 0.0 ], [ 106.85999307615343, -6.276248194809995, 0.0 ], [ 106.859996650330984, -6.276252405418329, 0.0 ], [ 106.860000192246048, -6.276256691186087, 0.0 ], [ 106.860003664701139, -6.276261009750011, 0.0 ], [ 106.860006775416025, -6.276264987828682, 0.0 ], [ 106.86000694416488, -6.276265179814094, 0.0 ], [ 106.860009978890602, -6.276268623807415, 0.0 ], [ 106.860013447819199, -6.276272457757017, 0.0 ], [ 106.86001696808836, -6.276276245412347, 0.0 ], [ 106.860020506146668, -6.276279953438871, 0.0 ], [ 106.860024124569009, -6.276283645809264, 0.0 ], [ 106.860027827882703, -6.276287325219815, 0.0 ], [ 106.860031474642284, -6.276290854741654, 0.0 ], [ 106.860035238024224, -6.276294401028037, 0.0 ], [ 106.860039048219178, -6.27629789832375, 0.0 ], [ 106.860042902503409, -6.276301343021824, 0.0 ], [ 106.860046770052634, -6.276304706298838, 0.0 ], [ 106.860050717049461, -6.27630805030637, 0.0 ], [ 106.860054705411912, -6.276311338109242, 0.0 ], [ 106.860056188813317, -6.276312529035649, 0.0 ], [ 106.8600587043384, -6.27631454721314, 0.0 ], [ 106.860062779072294, -6.276317729827294, 0.0 ], [ 106.860066905140286, -6.276320864338716, 0.0 ], [ 106.860071051740192, -6.276323928253173, 0.0 ], [ 106.86007518445949, -6.276326899993138, 0.0 ], [ 106.860079464535659, -6.276329892005133, 0.0 ], [ 106.86008293463172, -6.276332272069618, 0.0 ], [ 106.860083727097518, -6.276332786430592, 0.0 ], [ 106.860084886587074, -6.276333602379333, 0.0 ], [ 106.86008805096148, -6.276335640855459, 0.0 ], [ 106.860092337400289, -6.276338388722963, 0.0 ], [ 106.86009677298081, -6.276341150527046, 0.0 ], [ 106.860101192879867, -6.276343821971371, 0.0 ], [ 106.860102511248414, -6.27634459486043, 0.0 ], [ 106.860105618834396, -6.276346417445176, 0.0 ], [ 106.860110078009569, -6.27634895312672, 0.0 ], [ 106.860114650987569, -6.276351474841545, 0.0 ], [ 106.86011909513131, -6.276353848732763, 0.0 ], [ 106.860123733640663, -6.276356249058022, 0.0 ], [ 106.860128374584889, -6.276358571617331, 0.0 ], [ 106.860132937420445, -6.276360781434768, 0.0 ], [ 106.860137639374884, -6.276362981716318, 0.0 ], [ 106.860142395361279, -6.276365130269057, 0.0 ], [ 106.860147097683637, -6.276367179555486, 0.0 ], [ 106.86015180246018, -6.276369156500752, 0.0 ], [ 106.860156639998337, -6.276371114891212, 0.0 ], [ 106.860161453745349, -6.276372989279748, 0.0 ], [ 106.86016625908421, -6.276374785940845, 0.0 ], [ 106.860171087697921, -6.276376521036755, 0.0 ], [ 106.860175996569609, -6.276378210639693, 0.0 ], [ 106.860180867189626, -6.276379815387962, 0.0 ], [ 106.860185819874715, -6.276381374636921, 0.0 ], [ 106.860190731597385, -6.276382849040895, 0.0 ], [ 106.860194638164586, -6.276383966258415, 0.0 ], [ 106.860197698818808, -6.276384276358973, 0.0 ], [ 106.860203470083349, -6.276384796538576, 0.0 ], [ 106.860209225743247, -6.276385248057875, 0.0 ], [ 106.86021498297923, -6.276385634472323, 0.0 ], [ 106.860220728227972, -6.276385953117684, 0.0 ], [ 106.860226497648867, -6.276386208386386, 0.0 ], [ 106.86023226773905, -6.276386397649377, 0.0 ], [ 106.860237951745546, -6.276386518502359, 0.0 ], [ 106.860243799078191, -6.276386576388427, 0.0 ], [ 106.860249567565333, -6.276386568551231, 0.0 ], [ 106.86025525811057, -6.27638649498768, 0.0 ], [ 106.860261100219333, -6.276386353978087, 0.0 ], [ 106.86026679392009, -6.276386151109103, 0.0 ], [ 106.860272623810701, -6.27638587723214, 0.0 ], [ 106.86027829988447, -6.276385545131649, 0.0 ], [ 106.860284069677078, -6.276385141269864, 0.0 ], [ 106.860289813941421, -6.276384673303773, 0.0 ], [ 106.860295567007398, -6.276384139303132, 0.0 ], [ 106.860301355969455, -6.276383535554978, 0.0 ], [ 106.860307030884854, -6.276382877058564, 0.0 ], [ 106.860312686603777, -6.276382156243678, 0.0 ], [ 106.860318521816936, -6.276381345279632, 0.0 ], [ 106.860324102108933, -6.276380503575998, 0.0 ], [ 106.860329860981878, -6.276379569013959, 0.0 ], [ 106.860335568139192, -6.276378574961519, 0.0 ], [ 106.860341132386708, -6.276377540729848, 0.0 ], [ 106.860346833650837, -6.276376413787484, 0.0 ], [ 106.860352786592671, -6.276375167506639, 0.0 ], [ 106.860353656151148, -6.276374998956758, 0.0 ], [ 106.860370164205207, -6.27637205062342, 0.0 ], [ 106.860422873530624, -6.276357098495237, 0.0 ], [ 106.860437069084725, -6.276353071583707, 0.0 ], [ 106.860504615765464, -6.276333911233772, 0.0 ], [ 106.86050528016986, -6.276333731658542, 0.0 ], [ 106.860568246850107, -6.276317456457619, 0.0 ], [ 106.860575354746047, -6.276315748568447, 0.0 ], [ 106.860582338297874, -6.276314139673759, 0.0 ], [ 106.860589333830504, -6.276312596739739, 0.0 ], [ 106.860596343141253, -6.276311117047443, 0.0 ], [ 106.860603442089015, -6.276309688573291, 0.0 ], [ 106.860603855674043, -6.276309615675411, 0.0 ], [ 106.860608938211286, -6.276308809191587, 0.0 ], [ 106.860614110375963, -6.276308051213554, 0.0 ], [ 106.860619291797803, -6.276307355589189, 0.0 ], [ 106.860624480669657, -6.276306722324879, 0.0 ], [ 106.860629676091122, -6.276306152328114, 0.0 ], [ 106.860634878959402, -6.27630564378726, 0.0 ], [ 106.860640087470571, -6.276305197612983, 0.0 ], [ 106.8606453007243, -6.276304814712582, 0.0 ], [ 106.860650518717165, -6.276304494181919, 0.0 ], [ 106.860653918324928, -6.276304325682029, 0.0 ], [ 106.86073521908591, -6.276303147068345, 0.0 ], [ 106.860800118061505, -6.276320853029229, 0.0 ], [ 106.86086232171624, -6.276346473578676, 0.0 ], [ 106.860934710512552, -6.276366715272277, 0.0 ], [ 106.861009452870476, -6.276374657520441, 0.0 ], [ 106.861062926990257, -6.276373815552506, 0.0 ], [ 106.861115632127152, -6.276382892168041, 0.0 ], [ 106.861195498030142, -6.27641506829352, 0.0 ], [ 106.861273307797305, -6.276451945175636, 0.0 ], [ 106.861332277778857, -6.276484506587704, 0.0 ], [ 106.861387599170016, -6.276522948015999, 0.0 ], [ 106.86140175165751, -6.276569904651713, 0.0 ], [ 106.861378994168078, -6.276616305355822, 0.0 ], [ 106.861356235771865, -6.276662706063287, 0.0 ], [ 106.861323737578971, -6.276723865541819, 0.0 ], [ 106.861334254449048, -6.276753382225044, 0.0 ], [ 106.86134477131742, -6.276782898003535, 0.0 ], [ 106.861356748343567, -6.276820544165316, 0.0 ], [ 106.861383464614306, -6.276837292658509, 0.0 ], [ 106.861445213253205, -6.276874452634761, 0.0 ], [ 106.861500944773454, -6.276901654852104, 0.0 ], [ 106.861558741792479, -6.276924245767201, 0.0 ], [ 106.861602035476849, -6.276937219228245, 0.0 ], [ 106.861610689656374, -6.276939904532354, 0.0 ], [ 106.861619250414023, -6.276942490711571, 0.0 ], [ 106.86162783081933, -6.276945011721673, 0.0 ], [ 106.86163642996857, -6.276947467565925, 0.0 ], [ 106.861645047858659, -6.276949857340187, 0.0 ], [ 106.86165368358904, -6.27695218195178, 0.0 ], [ 106.861662337156645, -6.276954440496582, 0.0 ], [ 106.861671007661229, -6.276956633881939, 0.0 ], [ 106.861679694192432, -6.276958760302691, 0.0 ], [ 106.861688395853406, -6.276960821570545, 0.0 ], [ 106.861697113541226, -6.276962815873808, 0.0 ], [ 106.861705846355306, -6.276964744119867, 0.0 ], [ 106.861714593389181, -6.276966605407915, 0.0 ], [ 106.861723354645946, -6.276968400641953, 0.0 ], [ 106.861732129218609, -6.276970128921125, 0.0 ], [ 106.861740916203871, -6.276971790248658, 0.0 ], [ 106.861747171564929, -6.276894141902715, 0.0 ], [ 106.861743779200566, -6.276824351505741, 0.0 ], [ 106.861740387740355, -6.276754560200985, 0.0 ], [ 106.861741803547147, -6.27669295789857, 0.0 ], [ 106.861762398611972, -6.276637878673837, 0.0 ], [ 106.861801684125538, -6.276606379312179, 0.0 ], [ 106.861846840509244, -6.276584111273761, 0.0 ], [ 106.861914611860627, -6.276582435372663, 0.0 ], [ 106.861995513541075, -6.276583382730954, 0.0 ], [ 106.862076360665966, -6.276586524650889, 0.0 ], [ 106.862151674794987, -6.276588050624066, 0.0 ], [ 106.862165915836712, -6.276558934155337, 0.0 ], [ 106.862163603611307, -6.276484929292212, 0.0 ], [ 106.862161290485957, -6.276410924431832, 0.0 ], [ 106.862174482820308, -6.276379365959413, 0.0 ], [ 106.862222090357832, -6.276372292518656, 0.0 ], [ 106.862269697892941, -6.276365219073928, 0.0 ], [ 106.862354366833955, -6.276358351952624, 0.0 ], [ 106.862407613680674, -6.276353319906508, 0.0 ], [ 106.862882469467991, -6.276338663222463, 0.0 ], [ 106.862884664421884, -6.276338956495757, 0.0 ], [ 106.862886878293821, -6.276338979359982, 0.0 ], [ 106.863583575449127, -6.276299129610411, 0.0 ], [ 106.863591584125132, -6.276298671632469, 0.0 ], [ 106.86361755156517, -6.276297185906069, 0.0 ], [ 106.863618256219652, -6.276297145423475, 0.0 ], [ 106.86364815623395, -6.276291892560735, 0.0 ], [ 106.863648656312023, -6.276290732561243, 0.0 ], [ 106.863649725146402, -6.276288414126175, 0.0 ], [ 106.863650851909313, -6.276286123513681, 0.0 ], [ 106.863651531304001, -6.276284823636477, 0.0 ], [ 106.863652072483376, -6.276283787359587, 0.0 ], [ 106.863653107486016, -6.276281865063789, 0.0 ], [ 106.863654104525722, -6.276279939286514, 0.0 ], [ 106.863654119777223, -6.276279908491058, 0.0 ], [ 106.863654309072089, -6.276279525360759, 0.0 ], [ 106.863655189801236, -6.2762776705213, 0.0 ], [ 106.863655379867893, -6.276277250318011, 0.0 ], [ 106.863656196340244, -6.276275366774437, 0.0 ], [ 106.863656372830874, -6.276274940290381, 0.0 ], [ 106.863657125052654, -6.276273029850954, 0.0 ], [ 106.863657276320339, -6.276272625156302, 0.0 ], [ 106.863657973240919, -6.276270663377009, 0.0 ], [ 106.863658119871715, -6.276270225245256, 0.0 ], [ 106.863658429937999, -6.276269246752681, 0.0 ], [ 106.863661359278012, -6.276255749985952, 0.0 ], [ 106.863661386475684, -6.276255521138576, 0.0 ], [ 106.863661596982936, -6.276253479716914, 0.0 ], [ 106.863661636911388, -6.276253019361086, 0.0 ], [ 106.863661776914128, -6.276250970957171, 0.0 ], [ 106.863661801478656, -6.27625050975193, 0.0 ], [ 106.863661871893115, -6.276248457979073, 0.0 ], [ 106.863661880193106, -6.276247996831706, 0.0 ], [ 106.863661880929499, -6.276245916374013, 0.0 ], [ 106.863661873058405, -6.276245481504688, 0.0 ], [ 106.863661799392901, -6.276243314513104, 0.0 ], [ 106.863661467983334, -6.276236764203206, 0.0 ], [ 106.863658168471886, -6.276171550380188, 0.0 ], [ 106.863657524126438, -6.276158816780404, 0.0 ], [ 106.86365729660919, -6.276154294114814, 0.0 ], [ 106.863656566777436, -6.276139880903757, 0.0 ], [ 106.863652944598343, -6.276068286719684, 0.0 ], [ 106.863654813220464, -6.276016180083998, 0.0 ], [ 106.863659813673635, -6.275951617545079, 0.0 ], [ 106.863662472655747, -6.275924596522494, 0.0 ], [ 106.863662296374926, -6.275924573641945, 0.0 ], [ 106.863669495236564, -6.275868393814661, 0.0 ], [ 106.863673936944423, -6.275833732686777, 0.0 ], [ 106.863681779379036, -6.275787527893034, 0.0 ], [ 106.863683826502651, -6.275775467348812, 0.0 ], [ 106.863692399975434, -6.275724951666358, 0.0 ], [ 106.863692475005237, -6.275724452307059, 0.0 ], [ 106.863696907598424, -6.275690785779934, 0.0 ], [ 106.863697498675009, -6.275687009743329, 0.0 ], [ 106.863698339116141, -6.275681193050901, 0.0 ], [ 106.863699110846923, -6.275675365753267, 0.0 ], [ 106.863699812066855, -6.275669529665086, 0.0 ], [ 106.86370030904115, -6.275664954692513, 0.0 ], [ 106.863706914832264, -6.27561478597523, 0.0 ], [ 106.863706971784183, -6.275614284872078, 0.0 ], [ 106.863711534895259, -6.275565733720946, 0.0 ], [ 106.863711806452599, -6.275562564603818, 0.0 ], [ 106.863711920115662, -6.275561240519897, 0.0 ], [ 106.86371223915971, -6.275556686976159, 0.0 ], [ 106.863712485901686, -6.275552129168967, 0.0 ], [ 106.863712660348142, -6.275547568906702, 0.0 ], [ 106.86371276159214, -6.275543005288299, 0.0 ], [ 106.863712791418436, -6.275538431978438, 0.0 ], [ 106.863712748119369, -6.275533877011826, 0.0 ], [ 106.863712633412291, -6.275529315066174, 0.0 ], [ 106.863712445518743, -6.275524754285182, 0.0 ], [ 106.863712185352327, -6.275520197378007, 0.0 ], [ 106.863711852915813, -6.275515645248783, 0.0 ], [ 106.863711449116195, -6.275511098798556, 0.0 ], [ 106.863710972152901, -6.275506559841847, 0.0 ], [ 106.863710423832757, -6.275502028372358, 0.0 ], [ 106.863709803262097, -6.275497507105675, 0.0 ], [ 106.863709111341237, -6.275492995134426, 0.0 ], [ 106.863708347147295, -6.275488487037085, 0.0 ], [ 106.863707513480904, -6.275484008119898, 0.0 ], [ 106.863706608451423, -6.275479534881516, 0.0 ], [ 106.863705631187301, -6.275475076366698, 0.0 ], [ 106.863704584405966, -6.275470634374062, 0.0 ], [ 106.863703466300123, -6.27546620890997, 0.0 ], [ 106.863702279589987, -6.275461802677291, 0.0 ], [ 106.863701021561951, -6.275457414781433, 0.0 ], [ 106.863699694936059, -6.275453047925232, 0.0 ], [ 106.863698298812139, -6.275448703016064, 0.0 ], [ 106.863696834093631, -6.275444380050621, 0.0 ], [ 106.863695319945322, -6.275440132305781, 0.0 ], [ 106.863678043455693, -6.27539287135051, 0.0 ], [ 106.863673430973662, -6.275380252233676, 0.0 ], [ 106.863651541105156, -6.275320372162345, 0.0 ], [ 106.863641818458873, -6.275227819727567, 0.0 ], [ 106.863628742868315, -6.275170929961835, 0.0 ], [ 106.863621077347403, -6.275124038953162, 0.0 ], [ 106.863619680000554, -6.275092401296122, 0.0 ], [ 106.863621292234001, -6.275082298886161, 0.0 ], [ 106.86362444075975, -6.275076065303042, 0.0 ], [ 106.863664827681433, -6.275042582756896, 0.0 ], [ 106.863746311812704, -6.275015299292481, 0.0 ], [ 106.863994703776044, -6.274932434822916, 0.0 ], [ 106.864009126975745, -6.274927654768447, 0.0 ], [ 106.864021514085366, -6.274923549225393, 0.0 ], [ 106.864059786610099, -6.274901514425859, 0.0 ], [ 106.864083032324928, -6.27490357271647, 0.0 ], [ 106.864098662388642, -6.274905055948616, 0.0 ], [ 106.864125481703667, -6.274907600609013, 0.0 ], [ 106.864126521321097, -6.274907739764507, 0.0 ], [ 106.864149075262347, -6.274911682055486, 0.0 ], [ 106.864192240548221, -6.274912481378371, 0.0 ], [ 106.864276427073861, -6.274921750336593, 0.0 ], [ 106.864317523982891, -6.274914906075316, 0.0 ], [ 106.864352872085519, -6.274905210689266, 0.0 ], [ 106.864384279687329, -6.274862996123151, 0.0 ], [ 106.864518026624594, -6.274556312546012, 0.0 ], [ 106.864560001221008, -6.274527456277854, 0.0 ], [ 106.864651851833344, -6.274540526086435, 0.0 ], [ 106.86471315649888, -6.27456901464461, 0.0 ], [ 106.864759112430306, -6.274584161023383, 0.0 ], [ 106.864801134650676, -6.2745687013906, 0.0 ], [ 106.864865651614352, -6.274424937528702, 0.0 ], [ 106.864902365463436, -6.274387937289164, 0.0 ], [ 106.86517207068033, -6.274431118461309, 0.0 ], [ 106.865250842419826, -6.274439765520411, 0.0 ], [ 106.865282708891897, -6.274443263210686, 0.0 ], [ 106.865292841694668, -6.274444284075783, 0.0 ], [ 106.865302977864076, -6.274445235309096, 0.0 ], [ 106.865313120107629, -6.27444611599671, 0.0 ], [ 106.86531963951245, -6.274446637980786, 0.0 ], [ 106.865323016261087, -6.274446908049481, 0.0 ], [ 106.865323330819905, -6.274446939478626, 0.0 ], [ 106.865332126361665, -6.274447972339011, 0.0 ], [ 106.86534118652142, -6.274448968090654, 0.0 ], [ 106.865350255475661, -6.274449895999408, 0.0 ], [ 106.865359334115027, -6.274450752445591, 0.0 ], [ 106.865368418828567, -6.274451538346058, 0.0 ], [ 106.865377509619407, -6.274452254605057, 0.0 ], [ 106.86538660196976, -6.27445290123867, 0.0 ], [ 106.865395701304237, -6.274453479131674, 0.0 ], [ 106.865404806709577, -6.274453985574855, 0.0 ], [ 106.865413913674359, -6.274454422392682, 0.0 ], [ 106.865423022195387, -6.274454788680988, 0.0 ], [ 106.865432136793714, -6.274455085327784, 0.0 ], [ 106.865441252041492, -6.274455310544139, 0.0 ], [ 106.865450367951581, -6.274455467946605, 0.0 ], [ 106.865459484507937, -6.274455553014427, 0.0 ], [ 106.865468616180465, -6.274455569312715, 0.0 ], [ 106.865477721392068, -6.274455513372997, 0.0 ], [ 106.86548683629843, -6.274455388682987, 0.0 ], [ 106.865495952764292, -6.274455194367654, 0.0 ], [ 106.865505067168769, -6.274454928631505, 0.0 ], [ 106.865514177711304, -6.274454593289263, 0.0 ], [ 106.86552328529217, -6.274454187433582, 0.0 ], [ 106.865532391728152, -6.274453713770462, 0.0 ], [ 106.8655414951929, -6.274453166881476, 0.0 ], [ 106.865550662550518, -6.274452546528434, 0.0 ], [ 106.865568675735332, -6.274451092683316, 0.0 ], [ 106.865569288154447, -6.274451033540342, 0.0 ], [ 106.865573041051562, -6.274450614208109, 0.0 ], [ 106.865576940015487, -6.274450106652819, 0.0 ], [ 106.865580830586723, -6.27444952589115, 0.0 ], [ 106.865584728119458, -6.274448870060114, 0.0 ], [ 106.865588576618094, -6.274448146592289, 0.0 ], [ 106.865592428467139, -6.274447348972075, 0.0 ], [ 106.865596266505435, -6.274446479068904, 0.0 ], [ 106.865600085314398, -6.274445537806197, 0.0 ], [ 106.86560388670145, -6.274444525177596, 0.0 ], [ 106.865607667959083, -6.274443442096797, 0.0 ], [ 106.865611429987425, -6.274442287656499, 0.0 ], [ 106.865615166471287, -6.274441064591645, 0.0 ], [ 106.865618714070095, -6.274439831349791, 0.0 ], [ 106.865619080457122, -6.274439699846841, 0.0 ], [ 106.865622190119311, -6.274438551346949, 0.0 ], [ 106.865640407445753, -6.274431999165448, 0.0 ], [ 106.865640855012657, -6.274431827590604, 0.0 ], [ 106.865641772635982, -6.274431456332112, 0.0 ], [ 106.865642241788933, -6.27443125665172, 0.0 ], [ 106.865666360546101, -6.274420423084881, 0.0 ], [ 106.865666920737837, -6.274420160693662, 0.0 ], [ 106.865704009218845, -6.274402129084834, 0.0 ], [ 106.865705806949393, -6.274401254695202, 0.0 ], [ 106.865734870604456, -6.274365163214974, 0.0 ] ] ] } },
{ "type": "Feature", "properties": { "OBJECTID": 212, "toponimi": "Sal. Phb Bulak Rantai", "kewenangan": "Pemprov DKI", "jenis": "Saluran Drainase Tersier", "panjang": "780", "lebar": "2", "kedalaman": "2.5", "kota": "Jakarta Timur", "kecamatan": "Kramat Jati", "lebar_min": 2.0, "lebar_max": 2.0, "kedalaman_": 2.5, "kedalaman1": 2.5, "Shape_Leng": 1.3773207215800001 }, "geometry": { "type": "MultiLineString", "coordinates": [ [ [ 106.869788736836043, -6.284071887256105, 0.0 ], [ 106.869794810856462, -6.283764463836915, 0.0 ], [ 106.869809393154995, -6.282826656120472, 0.0 ], [ 106.869818131286863, -6.282260862515877, 0.0 ], [ 106.86982092761626, -6.282039571024197, 0.0 ], [ 106.869836697830976, -6.281769192101142, 0.0 ], [ 106.869837525940028, -6.281331409998187, 0.0 ], [ 106.86985244661048, -6.280823007766685, 0.0 ], [ 106.869839147370342, -6.280781190469814, 0.0 ], [ 106.869813998034203, -6.280768123166276, 0.0 ], [ 106.869786500516099, -6.280767025244462, 0.0 ], [ 106.869310681333488, -6.280750784408016, 0.0 ], [ 106.869310399639261, -6.28067184140149, 0.0 ], [ 106.869284114629778, -6.280675523879195, 0.0 ], [ 106.869237473942505, -6.280669709558485, 0.0 ], [ 106.869257360622228, -6.280212721979057, 0.0 ], [ 106.869235758322063, -6.280188877158288, 0.0 ], [ 106.869204670250198, -6.280186595833004, 0.0 ], [ 106.869023030239362, -6.280202794228915, 0.0 ], [ 106.868692094276582, -6.280254212569671, 0.0 ], [ 106.868668686484028, -6.280059328890927, 0.0 ], [ 106.868651592927137, -6.279958916271696, 0.0 ], [ 106.868598749927841, -6.279889730450598, 0.0 ], [ 106.868494516251502, -6.279616112640405, 0.0 ] ], [ [ 106.868641901530268, -6.282938479237839, 0.0 ], [ 106.86863149309346, -6.283371511077441, 0.0 ], [ 106.868621877820274, -6.284027017902816, 0.0 ], [ 106.86863153956601, -6.284054493945556, 0.0 ] ], [ [ 106.869788736836043, -6.284071887256105, 0.0 ], [ 106.869759372753563, -6.284083818519456, 0.0 ], [ 106.868660488711456, -6.284060474524964, 0.0 ], [ 106.86863153956601, -6.284054493945556, 0.0 ] ], [ [ 106.86863153956601, -6.284054493945556, 0.0 ], [ 106.868623406230824, -6.284120308950124, 0.0 ], [ 106.868268367716041, -6.284117989828518, 0.0 ], [ 106.86824811522834, -6.284137199422288, 0.0 ], [ 106.868242261401846, -6.284506821492058, 0.0 ], [ 106.868218366493366, -6.285180320505418, 0.0 ], [ 106.868227058149529, -6.285271194497825, 0.0 ], [ 106.86827611151709, -6.285282980217787, 0.0 ], [ 106.869374759766799, -6.285306563812286, 0.0 ], [ 106.869735796572229, -6.285314842344296, 0.0 ], [ 106.869762031431804, -6.285296806587664, 0.0 ], [ 106.869774995994305, -6.284910414551247, 0.0 ], [ 106.869788736836043, -6.284071887256105, 0.0 ] ] ] } },
{ "type": "Feature", "properties": { "OBJECTID": 215, "toponimi": "Sal. Phb PLN/Gading", "kewenangan": "Pemprov DKI", "jenis": "Saluran Drainase Tersier", "panjang": "1302", "lebar": "2.5", "kedalaman": "2", "kota": "Jakarta Timur", "kecamatan": "Kramat Jati", "lebar_min": 2.5, "lebar_max": 2.5, "kedalaman_": 2.0, "kedalaman1": 2.0, "Shape_Leng": 0.86571626486999997 }, "geometry": { "type": "MultiLineString", "coordinates": [ [ [ 106.865661056436707, -6.265317433858416, 0.0 ], [ 106.865769212476238, -6.265308250818455, 0.0 ], [ 106.865941968954644, -6.265303615471889, 0.0 ], [ 106.866013275020521, -6.265301874453483, 0.0 ], [ 106.86672885357487, -6.265291790161523, 0.0 ], [ 106.867312305295215, -6.26528253246443, 0.0 ], [ 106.868150909988472, -6.265251318543524, 0.0 ], [ 106.868250875081415, -6.265247494150439, 0.0 ], [ 106.868287635768468, -6.265247748373842, 0.0 ], [ 106.868342119478612, -6.264965704344258, 0.0 ], [ 106.868417200401865, -6.264565682109384, 0.0 ], [ 106.868428541262489, -6.264506561805073, 0.0 ], [ 106.868480508420447, -6.264235669513336, 0.0 ], [ 106.868495741441563, -6.264168819327184, 0.0 ], [ 106.868503111512496, -6.264136476024069, 0.0 ], [ 106.868524769762061, -6.264041427814868, 0.0 ], [ 106.868527783091793, -6.264028203826392, 0.0 ], [ 106.868530796424679, -6.264014980742008, 0.0 ], [ 106.868565384323091, -6.263863192628316, 0.0 ], [ 106.868712612399051, -6.263279398052893, 0.0 ], [ 106.868781708607315, -6.263296889561734, 0.0 ], [ 106.86878338951206, -6.263297475792855, 0.0 ], [ 106.868785091863955, -6.263297995040475, 0.0 ], [ 106.868786813849525, -6.263298445502739, 0.0 ], [ 106.868788552761345, -6.263298828093475, 0.0 ], [ 106.868790304975448, -6.263299140112992, 0.0 ], [ 106.868792067784625, -6.263299382475253, 0.0 ], [ 106.86879383938161, -6.263299555186608, 0.0 ], [ 106.868795617049344, -6.26329965644849, 0.0 ], [ 106.868797396273379, -6.263299687181043, 0.0 ], [ 106.868799176146837, -6.263299646483399, 0.0 ], [ 106.868800952158423, -6.26329953617991, 0.0 ], [ 106.868802723398161, -6.263299354465604, 0.0 ], [ 106.868804485351404, -6.26329910226061, 0.0 ], [ 106.868806235310956, -6.263298780478737, 0.0 ], [ 106.868807972373119, -6.26329838912322, 0.0 ], [ 106.868809692023305, -6.26329792911429, 0.0 ], [ 106.868811391554075, -6.263297401365723, 0.0 ], [ 106.868813069158563, -6.263296805883958, 0.0 ], [ 106.868814721228674, -6.263296144490259, 0.0 ], [ 106.868816346864307, -6.263295418091801, 0.0 ], [ 106.868817941547533, -6.26329462670479, 0.0 ], [ 106.868819503480992, -6.263293773048145, 0.0 ], [ 106.868821905649156, -6.263292643345024, 0.0 ], [ 106.868824336046217, -6.263291575023594, 0.0 ], [ 106.868826793771603, -6.263290568991217, 0.0 ], [ 106.868829275217749, -6.263289627068936, 0.0 ], [ 106.868831780384525, -6.263288749256871, 0.0 ], [ 106.868834307464866, -6.263287935561456, 0.0 ], [ 106.868836854654958, -6.263287186893168, 0.0 ], [ 106.868839420150749, -6.263286504162692, 0.0 ], [ 106.868842002142159, -6.263285886472215, 0.0 ], [ 106.868844598831529, -6.263285336540702, 0.0 ], [ 106.868847209309024, -6.263284852563009, 0.0 ], [ 106.868849830870317, -6.263284436357102, 0.0 ], [ 106.868852462608587, -6.263284087022049, 0.0 ], [ 106.868855101816706, -6.263283805471653, 0.0 ], [ 106.868857747587498, -6.26328359080498, 0.0 ], [ 106.868860398120603, -6.263283444836827, 0.0 ], [ 106.868863051608713, -6.263283367573478, 0.0 ], [ 106.868865706238452, -6.263283357213229, 0.0 ], [ 106.868868360209092, -6.263283415570743, 0.0 ], [ 106.868871011710354, -6.263283541748301, 0.0 ], [ 106.868873659841739, -6.263283736653242, 0.0 ], [ 106.868876300982805, -6.263283998490182, 0.0 ], [ 106.868878935136649, -6.263284328163396, 0.0 ], [ 106.869006573156781, -6.263322137121651, 0.0 ], [ 106.869150281115225, -6.263356156459093, 0.0 ], [ 106.869160974536953, -6.263341868050189, 0.0 ], [ 106.869169780669068, -6.263327904625985, 0.0 ], [ 106.869182864527318, -6.26330715839717, 0.0 ], [ 106.869391078883197, -6.263336659457612, 0.0 ], [ 106.869413442484401, -6.263339828383319, 0.0 ], [ 106.869414258609538, -6.263339886957501, 0.0 ], [ 106.86941488387194, -6.263337854912671, 0.0 ], [ 106.869467871560161, -6.26313145117834, 0.0 ], [ 106.869510925176343, -6.262912014261692, 0.0 ], [ 106.869515131519861, -6.262893552804887, 0.0 ], [ 106.869595504789729, -6.262906663207493, 0.0 ], [ 106.869652331963181, -6.262752400791088, 0.0 ], [ 106.86969413854527, -6.262676657650104, 0.0 ], [ 106.869774997758213, -6.262288827352352, 0.0 ], [ 106.86985260769147, -6.262062723995152, 0.0 ], [ 106.869998026917813, -6.262081343034091, 0.0 ], [ 106.870180736698501, -6.262098873442199, 0.0 ], [ 106.870341311295675, -6.261539475170904, 0.0 ], [ 106.870312337550104, -6.261533825327123, 0.0 ] ] ] } },
{ "type": "Feature", "properties": { "OBJECTID": 178, "toponimi": "Sal. Phb Gedong", "kewenangan": "Pemprov DKI", "jenis": "Saluran Drainase Tersier", "panjang": "1565", "lebar": "1.5 - 2", "kedalaman": "2", "kota": "Jakarta Timur", "kecamatan": "Pasar Rebo", "lebar_min": 1.5, "lebar_max": 2.0, "kedalaman_": 2.0, "kedalaman1": 2.0, "Shape_Leng": 1.89809826982 }, "geometry": { "type": "MultiLineString", "coordinates": [ [ [ 106.862450389020339, -6.294064472533059, 0.0 ], [ 106.86243791710217, -6.294030119618707, 0.0 ], [ 106.862436960082405, -6.294029080544453, 0.0 ], [ 106.862436736909103, -6.294028832698502, 0.0 ], [ 106.862434875114303, -6.2940267082517, 0.0 ], [ 106.862434685467989, -6.294026486506606, 0.0 ], [ 106.862432848697111, -6.294024284213485, 0.0 ], [ 106.862432638135658, -6.294024025472766, 0.0 ], [ 106.862430881747244, -6.294021812042976, 0.0 ], [ 106.86243067749183, -6.294021547854888, 0.0 ], [ 106.862429827682391, -6.294020418886979, 0.0 ] ] ] } },
{ "type": "Feature", "properties": { "OBJECTID": 714, "toponimi": "Sal. Phb Teluk Peleng/Poltangan", "kewenangan": "Pemprov DKI", "jenis": "Saluran Drainase Tersier", "panjang": "1528", "lebar": "1.5 - 3", "kedalaman": "1.5 - 2", "kota": "Jakarta Selatan", "kecamatan": "Pasar Minggu", "lebar_min": 1.5, "lebar_max": 3.0, "kedalaman_": 1.5, "kedalaman1": 2.0, "Shape_Leng": 1.58302323285 }, "geometry": { "type": "MultiLineString", "coordinates": [ [ [ 106.847333006035356, -6.285614934677086, 0.0 ], [ 106.847348159859379, -6.285588557199357, 0.0 ] ] ] } },
{ "type": "Feature", "properties": { "OBJECTID": 217, "toponimi": "Sal. Phb Tengah", "kewenangan": "Pemprov DKI", "jenis": "Saluran Drainase Tersier", "panjang": "1398", "lebar": "1.5", "kedalaman": "2.5", "kota": "Jakarta Timur", "kecamatan": "Kramat Jati", "lebar_min": 1.5, "lebar_max": 1.5, "kedalaman_": 2.5, "kedalaman1": 2.5, "Shape_Leng": 1.4058476693699999 }, "geometry": { "type": "MultiLineString", "coordinates": [ [ [ 106.861834462543129, -6.293766579893615, 0.0 ], [ 106.861832303269694, -6.293745127750524, 0.0 ], [ 106.861831200702042, -6.29373392108939, 0.0 ], [ 106.86181593151359, -6.293578685452708, 0.0 ], [ 106.861769977167029, -6.293564495874969, 0.0 ], [ 106.861756350830746, -6.293363596452751, 0.0 ], [ 106.861742802096771, -6.293184226440839, 0.0 ], [ 106.86202534807758, -6.293170300493898, 0.0 ], [ 106.862007922434671, -6.29270818136665, 0.0 ], [ 106.862008727431004, -6.292691399226875, 0.0 ], [ 106.862012236862327, -6.292618261539661, 0.0 ], [ 106.862025282965902, -6.292346413099507, 0.0 ], [ 106.862046161565104, -6.291606342849812, 0.0 ], [ 106.862042702969077, -6.29160291397335, 0.0 ], [ 106.862039814602667, -6.291598991204847, 0.0 ], [ 106.862037566387841, -6.291594671039403, 0.0 ], [ 106.862036010190522, -6.291590054557338, 0.0 ], [ 106.862035185261846, -6.291585252829414, 0.0 ], [ 106.862035110989027, -6.291580381518273, 0.0 ], [ 106.86203578778786, -6.291575557257953, 0.0 ], [ 106.862160410629528, -6.291243093578968, 0.0 ], [ 106.862163509835142, -6.291237456891381, 0.0 ], [ 106.862167493059147, -6.291232407464113, 0.0 ], [ 106.862172251448442, -6.291228081308172, 0.0 ], [ 106.86242840512422, -6.291032409052204, 0.0 ], [ 106.862443868164689, -6.291020596319072, 0.0 ], [ 106.862746459365496, -6.290789449435175, 0.0 ], [ 106.862990335474294, -6.290610345998044, 0.0 ], [ 106.863051368439471, -6.290566277851781, 0.0 ], [ 106.863051649622278, -6.290566068893965, 0.0 ], [ 106.863078744081108, -6.290545419074495, 0.0 ], [ 106.863293873540215, -6.290387427863316, 0.0 ], [ 106.863501071007789, -6.290229198168504, 0.0 ], [ 106.863516405145248, -6.290217488046239, 0.0 ], [ 106.863552368631801, -6.290190023627403, 0.0 ], [ 106.863605628973346, -6.290149350231172, 0.0 ], [ 106.863627158534428, -6.2901308676073, 0.0 ], [ 106.863629167441928, -6.290129142552201, 0.0 ], [ 106.863637401556318, -6.290120887203711, 0.0 ], [ 106.863652960382467, -6.290105287519329, 0.0 ], [ 106.863707976315226, -6.290050127858519, 0.0 ], [ 106.863714566303855, -6.290043520314753, 0.0 ], [ 106.863772344632238, -6.289985590420467, 0.0 ], [ 106.863781896017841, -6.289976013926363, 0.0 ], [ 106.863793371546549, -6.289964508340836, 0.0 ], [ 106.863799303347122, -6.289958561367283, 0.0 ], [ 106.863814333635304, -6.289943492495286, 0.0 ], [ 106.86382302064051, -6.289934782549698, 0.0 ], [ 106.863844194607708, -6.289916425058944, 0.0 ], [ 106.863852568213176, -6.289910040806169, 0.0 ], [ 106.863867735678809, -6.289898475033231, 0.0 ], [ 106.864036057487681, -6.289770130512135, 0.0 ], [ 106.864067094413329, -6.289746465718292, 0.0 ], [ 106.864406625952242, -6.28948757460377, 0.0 ], [ 106.864405410476721, -6.289485766116515, 0.0 ], [ 106.86440932154288, -6.289489130071989, 0.0 ], [ 106.864412644627919, -6.289493076590918, 0.0 ], [ 106.864414335704893, -6.28949573057126, 0.0 ], [ 106.864414361157131, -6.289495772975604, 0.0 ], [ 106.864441108837738, -6.289537584062789, 0.0 ], [ 106.864451416818895, -6.289553697239244, 0.0 ], [ 106.864458311826766, -6.28956447544059, 0.0 ], [ 106.864592978972411, -6.289764839519816, 0.0 ], [ 106.864602741105259, -6.289781184292961, 0.0 ], [ 106.86461528762122, -6.289802192688949, 0.0 ], [ 106.864623574133688, -6.28981606661088, 0.0 ], [ 106.864626065147519, -6.289820237259256, 0.0 ], [ 106.864623667111672, -6.289816222342525, 0.0 ], [ 106.864623574133688, -6.28981606661088, 0.0 ], [ 106.864622855340954, -6.289814862683055, 0.0 ], [ 106.86461528762122, -6.289802192688949, 0.0 ], [ 106.864629262229656, -6.289825591085357, 0.0 ], [ 106.8646356427532, -6.289836274374003, 0.0 ], [ 106.864651962813838, -6.289867186940419, 0.0 ], [ 106.864701465560714, -6.289944570201802, 0.0 ], [ 106.864733602641266, -6.289994805896656, 0.0 ], [ 106.864787984073999, -6.290079810906128, 0.0 ], [ 106.864794577420199, -6.290090118208361, 0.0 ], [ 106.864846038354997, -6.290161676238417, 0.0 ], [ 106.864902281578381, -6.290229534578992, 0.0 ], [ 106.86493892703642, -6.29026462589374, 0.0 ], [ 106.864978626872571, -6.290296216276222, 0.0 ], [ 106.865021049414722, -6.290324039280923, 0.0 ], [ 106.865046192684531, -6.290338058804992, 0.0 ], [ 106.865060067890681, -6.290345733436754, 0.0 ], [ 106.865072451001993, -6.290352582479762, 0.0 ], [ 106.865137967333141, -6.290388821145395, 0.0 ], [ 106.865161213035449, -6.290400056321254, 0.0 ], [ 106.865381819580918, -6.290506676411489, 0.0 ], [ 106.865392768787046, -6.290512038714918, 0.0 ], [ 106.86542587251499, -6.290531781096466, 0.0 ], [ 106.865456244406772, -6.290555515112258, 0.0 ], [ 106.865487914860495, -6.29058813591138, 0.0 ], [ 106.865514426642648, -6.290625075272168, 0.0 ], [ 106.865524473128289, -6.290641326775635, 0.0 ], [ 106.865538913929214, -6.290664686393655, 0.0 ], [ 106.865593284041921, -6.29075684584718, 0.0 ], [ 106.865619723929754, -6.290806050264743, 0.0 ], [ 106.865630687878806, -6.290827449436641, 0.0 ], [ 106.86566625259286, -6.290897466465497, 0.0 ], [ 106.865691280240384, -6.290939096420178, 0.0 ], [ 106.86569131751051, -6.290939158673472, 0.0 ], [ 106.865793243025294, -6.291103771459983, 0.0 ], [ 106.865793585776146, -6.29110435702977, 0.0 ], [ 106.865794840415262, -6.291106502619612, 0.0 ], [ 106.865874120809082, -6.291242054565067, 0.0 ], [ 106.865881665007393, -6.291254954263676, 0.0 ], [ 106.86589099205753, -6.291270900007249, 0.0 ], [ 106.865891294924268, -6.291271450457494, 0.0 ], [ 106.865974029947921, -6.291421454638725, 0.0 ], [ 106.865978084328077, -6.291429522360369, 0.0 ], [ 106.865984130838598, -6.291440535018216, 0.0 ], [ 106.865984976828173, -6.291443632329628, 0.0 ], [ 106.865987407053439, -6.291459955326326, 0.0 ], [ 106.86598892260325, -6.291470138789093, 0.0 ], [ 106.865989407733096, -6.291473400136727, 0.0 ], [ 106.865989892589454, -6.2915067208873, 0.0 ], [ 106.865988751130104, -6.291516289073677, 0.0 ], [ 106.865986029512172, -6.291539098770537, 0.0 ], [ 106.865985948013076, -6.291539809724326, 0.0 ], [ 106.865984417517708, -6.291549495935982, 0.0 ], [ 106.865987120351065, -6.291595115161325, 0.0 ], [ 106.865986501444951, -6.29161919219919, 0.0 ], [ 106.865985953042255, -6.291640489625206, 0.0 ], [ 106.86598322959523, -6.291746354633217, 0.0 ], [ 106.865983708191507, -6.291790581274436, 0.0 ], [ 106.865983995678192, -6.291817209300529, 0.0 ], [ 106.865984098153447, -6.291826681723684, 0.0 ], [ 106.8659863352309, -6.29185496823063, 0.0 ], [ 106.865996376312637, -6.29192793440711, 0.0 ], [ 106.866008062952091, -6.291982688720641, 0.0 ], [ 106.866023201068899, -6.292036590745511, 0.0 ], [ 106.86605856581248, -6.292145983286528, 0.0 ], [ 106.866079190347847, -6.292202069119671, 0.0 ], [ 106.86608469276517, -6.292215576460767, 0.0 ], [ 106.86611086190176, -6.292273693094044, 0.0 ], [ 106.866140414621697, -6.29233016202536, 0.0 ], [ 106.866156450267496, -6.292358297054137, 0.0 ], [ 106.866165383306281, -6.292373969330069, 0.0 ], [ 106.866174818529075, -6.292389578328986, 0.0 ], [ 106.866194810650683, -6.292422649443552, 0.0 ], [ 106.866242910289444, -6.292502217335835, 0.0 ], [ 106.866328741735941, -6.292642166996564, 0.0 ], [ 106.86636258520673, -6.292702274240643, 0.0 ], [ 106.866393705872767, -6.292763837852188, 0.0 ], [ 106.866429024257442, -6.292843491170125, 0.0 ], [ 106.866450345664489, -6.292897073596282, 0.0 ], [ 106.866490021568836, -6.292999581820597, 0.0 ], [ 106.866508846132021, -6.293052356716648, 0.0 ], [ 106.866517755488132, -6.29307733367833, 0.0 ], [ 106.866557700213491, -6.293189321851296, 0.0 ], [ 106.86656967003843, -6.29322288091824, 0.0 ], [ 106.866569967595879, -6.293223715289783, 0.0 ], [ 106.866620942957496, -6.293366627561241, 0.0 ], [ 106.866639636009168, -6.293423052065919, 0.0 ], [ 106.866655619737713, -6.293471297362496, 0.0 ], [ 106.866659699261461, -6.293483613584062, 0.0 ], [ 106.866660417239089, -6.293485780074541, 0.0 ], [ 106.866661693020021, -6.29348954130089, 0.0 ], [ 106.866662051776984, -6.293489800413719, 0.0 ], [ 106.86666452683528, -6.293491587208858, 0.0 ], [ 106.866673643740043, -6.293496233596525, 0.0 ], [ 106.866676003758982, -6.293497435817429, 0.0 ], [ 106.866685333683407, -6.293500498275854, 0.0 ], [ 106.866693383543776, -6.293501889919136, 0.0 ], [ 106.86670155085811, -6.293502011715127, 0.0 ], [ 106.866709638627654, -6.293500860751495, 0.0 ], [ 106.866717649382394, -6.293498386386621, 0.0 ], [ 106.866735073562182, -6.293493004074875, 0.0 ], [ 106.866736538203924, -6.293492464485951, 0.0 ], [ 106.866738051304736, -6.29349208385427, 0.0 ], [ 106.866746747463836, -6.293493029248395, 0.0 ], [ 106.86674871020017, -6.293494064717204, 0.0 ], [ 106.866750494126563, -6.293495382920121, 0.0 ], [ 106.866752060284639, -6.293496955063791, 0.0 ], [ 106.866753373301549, -6.293498744204334, 0.0 ], [ 106.866754182807242, -6.293500225021301, 0.0 ], [ 106.866754817307495, -6.293501788741598, 0.0 ], [ 106.866755338480175, -6.29350375340578, 0.0 ], [ 106.866758668880308, -6.293516314616213, 0.0 ], [ 106.866760647747597, -6.293522879811579, 0.0 ], [ 106.866793445330401, -6.29351552573859, 0.0 ], [ 106.866900346932113, -6.293491556071195, 0.0 ], [ 106.867153343635451, -6.293371039631345, 0.0 ], [ 106.867383516138887, -6.293219505573777, 0.0 ], [ 106.86768386277646, -6.292968442996331, 0.0 ], [ 106.867745616355506, -6.292936985558685, 0.0 ] ], [ [ 106.862310495645673, -6.293763066076117, 0.0 ], [ 106.86230959308368, -6.293759420127484, 0.0 ], [ 106.862309444330236, -6.293759009268583, 0.0 ], [ 106.862309126233569, -6.29375824187327, 0.0 ], [ 106.862308772050739, -6.293757490881469, 0.0 ], [ 106.862308384492323, -6.293756756283376, 0.0 ], [ 106.862307962661276, -6.29375603989066, 0.0 ], [ 106.862307507474128, -6.293755345316507, 0.0 ], [ 106.862307021638415, -6.293754671647243, 0.0 ], [ 106.862306567129934, -6.293754100589825, 0.0 ] ], [ [ 106.862429827682391, -6.294020418886979, 0.0 ], [ 106.862428976972453, -6.294019290826499, 0.0 ], [ 106.862428779929743, -6.294019022091877, 0.0 ], [ 106.862427135289096, -6.294016724177308, 0.0 ], [ 106.862426728324465, -6.294016122559136, 0.0 ], [ 106.862422293884947, -6.294009167359634, 0.0 ], [ 106.862417888064542, -6.294002128875922, 0.0 ], [ 106.862413540846759, -6.293995053112958, 0.0 ], [ 106.862409253141578, -6.293987941875614, 0.0 ], [ 106.862408400741458, -6.293986500641014, 0.0 ] ] ] } },
{ "type": "Feature", "properties": { "OBJECTID": 213, "toponimi": "Sal. Phb Gardu", "kewenangan": "Pemprov DKI", "jenis": "Saluran Drainase Tersier", "panjang": "731", "lebar": "2 - 3", "kedalaman": "2", "kota": "Jakarta Timur", "kecamatan": "Kramat Jati", "lebar_min": 2.0, "lebar_max": 3.0, "kedalaman_": 2.0, "kedalaman1": 2.0, "Shape_Leng": 0.77259661185999995 }, "geometry": { "type": "MultiLineString", "coordinates": [ [ [ 106.855237004303135, -6.283989258687188, 0.0 ], [ 106.855223641833319, -6.283995136093783, 0.0 ], [ 106.854882042980535, -6.284145383616085, 0.0 ], [ 106.854298819202484, -6.284361590753869, 0.0 ], [ 106.854272352171179, -6.284369130339757, 0.0 ], [ 106.854205622590356, -6.284385951007527, 0.0 ], [ 106.854118671347621, -6.284402814435796, 0.0 ], [ 106.854031922046019, -6.284414700654088, 0.0 ], [ 106.854030921336573, -6.284414838017415, 0.0 ], [ 106.854006261502533, -6.284413700316706, 0.0 ], [ 106.853798898742667, -6.284404136226826, 0.0 ], [ 106.853676246655084, -6.284398479719311, 0.0 ], [ 106.853638278133843, -6.284396728239106, 0.0 ], [ 106.853598834685414, -6.284394908747614, 0.0 ], [ 106.853512980747837, -6.284390949062239, 0.0 ], [ 106.85290371775001, -6.284345306357418, 0.0 ], [ 106.852867583772579, -6.284342598953292, 0.0 ], [ 106.852857222076551, -6.284341822829874, 0.0 ], [ 106.852190348242999, -6.284265173656045, 0.0 ], [ 106.851462816212077, -6.284172200375858, 0.0 ], [ 106.850704046317119, -6.284073823901855, 0.0 ], [ 106.850624249033018, -6.284061125289341, 0.0 ], [ 106.850548847972675, -6.284043362283205, 0.0 ], [ 106.850537661524683, -6.284040098975817, 0.0 ], [ 106.850477557176291, -6.284021182370303, 0.0 ], [ 106.85046367445392, -6.284016410519056, 0.0 ], [ 106.850393433210385, -6.283988480044025, 0.0 ], [ 106.85034373705038, -6.283965082650202, 0.0 ], [ 106.850316478652942, -6.283952248717968, 0.0 ], [ 106.850252135047441, -6.283921954676029, 0.0 ], [ 106.850037720252161, -6.283838960072981, 0.0 ], [ 106.849810079905254, -6.283758409972878, 0.0 ], [ 106.849736883259538, -6.283732340656872, 0.0 ], [ 106.849665352216149, -6.283701993284418, 0.0 ], [ 106.849595736539897, -6.283667471854948, 0.0 ], [ 106.849541024291966, -6.283636595719402, 0.0 ], [ 106.849478752594365, -6.283597056432784, 0.0 ], [ 106.849456571087913, -6.283582287671823, 0.0 ], [ 106.849444263172884, -6.283562622327884, 0.0 ], [ 106.849433879819287, -6.283542922148713, 0.0 ], [ 106.849422956106167, -6.283522197658803, 0.0 ], [ 106.849415621171659, -6.283504188327039, 0.0 ], [ 106.849396919235375, -6.283450211037713, 0.0 ], [ 106.84939272170773, -6.283436062221755, 0.0 ], [ 106.84938408827675, -6.283391184050806, 0.0 ], [ 106.849378725749148, -6.283354704805117, 0.0 ], [ 106.84936459169468, -6.283258549495543, 0.0 ], [ 106.849303066892872, -6.283238585296924, 0.0 ], [ 106.848799768972043, -6.283471561930488, 0.0 ] ] ] } },
{ "type": "Feature", "properties": { "OBJECTID": 216, "toponimi": "Sal. Phb Sodetan Batu Ampar", "kewenangan": "Pemprov DKI", "jenis": "Saluran Drainase Tersier", "panjang": "472", "lebar": "2", "kedalaman": "1.5", "kota": "Jakarta Timur", "kecamatan": "Kramat Jati", "lebar_min": 2.0, "lebar_max": 2.0, "kedalaman_": 1.5, "kedalaman1": 1.5, "Shape_Leng": 0.44891245847 }, "geometry": { "type": "MultiLineString", "coordinates": [ [ [ 106.864014652995351, -6.28155588729676, 0.0 ], [ 106.864049533874606, -6.281554179842098, 0.0 ], [ 106.864291168929441, -6.281556162366316, 0.0 ], [ 106.864582233244491, -6.281577906965733, 0.0 ], [ 106.864829822833642, -6.281612600118364, 0.0 ], [ 106.865051678718586, -6.281656121705876, 0.0 ], [ 106.865141475955667, -6.281673536496147, 0.0 ], [ 106.865168088137978, -6.28167947773176, 0.0 ], [ 106.865171779551872, -6.281680301814987, 0.0 ], [ 106.865201167980146, -6.281686862439913, 0.0 ], [ 106.865490516246552, -6.281751459454015, 0.0 ], [ 106.865612586406925, -6.281769149661029, 0.0 ], [ 106.865849997839092, -6.281812700385428, 0.0 ], [ 106.865888682568638, -6.281819796520673, 0.0 ], [ 106.866289441702364, -6.281893311117891, 0.0 ], [ 106.866302999984228, -6.281895797986657, 0.0 ], [ 106.866316330411408, -6.281898243172814, 0.0 ], [ 106.866425254193643, -6.281918224176193, 0.0 ], [ 106.866823410992183, -6.28199705858598, 0.0 ], [ 106.866914843357222, -6.282017146200173, 0.0 ], [ 106.866941319569364, -6.282022963046771, 0.0 ], [ 106.866969653222995, -6.282029188267913, 0.0 ], [ 106.867178542542206, -6.282090940306679, 0.0 ], [ 106.867383753940089, -6.282164262228882, 0.0 ], [ 106.867426334596402, -6.282181384919851, 0.0 ], [ 106.867427685488479, -6.282181896367137, 0.0 ], [ 106.867434158858217, -6.282184179745362, 0.0 ], [ 106.867440325767845, -6.282186423530843, 0.0 ], [ 106.867446469406687, -6.282188729785707, 0.0 ], [ 106.867452590671988, -6.282191096698403, 0.0 ], [ 106.867458686856182, -6.282193525182729, 0.0 ], [ 106.867464758859597, -6.282196014331442, 0.0 ], [ 106.867470805778638, -6.282198564147731, 0.0 ], [ 106.867476826709918, -6.282201174634722, 0.0 ], [ 106.867482821653255, -6.282203845792504, 0.0 ], [ 106.867488788794944, -6.282206575819215, 0.0 ], [ 106.867494729045347, -6.282209366520007, 0.0 ], [ 106.867500640590563, -6.282212216092856, 0.0 ], [ 106.867506523430691, -6.282215124537966, 0.0 ], [ 106.867512377565632, -6.282218091855218, 0.0 ], [ 106.867518201188417, -6.282221118051062, 0.0 ], [ 106.867523994295681, -6.282224202221516, 0.0 ], [ 106.867529755980655, -6.282227343465451, 0.0 ], [ 106.867535486249878, -6.282230543591241, 0.0 ], [ 106.867541184189946, -6.282233799889717, 0.0 ], [ 106.8675468489038, -6.282237114172331, 0.0 ], [ 106.867552480381761, -6.282240483726756, 0.0 ], [ 106.867558077726642, -6.282243910364429, 0.0 ], [ 106.867563640935302, -6.282247393181174, 0.0 ], [ 106.867569169097635, -6.282250930371995, 0.0 ], [ 106.867574661316624, -6.282254523748446, 0.0 ], [ 106.867580117585661, -6.282258171502135, 0.0 ], [ 106.867585536097806, -6.282261873639563, 0.0 ], [ 106.867590918660028, -6.282265630154315, 0.0 ], [ 106.867596262561563, -6.282269441056036, 0.0 ], [ 106.867601797902992, -6.282273470982739, 0.0 ], [ 106.867608294259256, -6.282278145753997, 0.0 ], [ 106.867614542682091, -6.282282722858058, 0.0 ], [ 106.86762075153419, -6.282287352543912, 0.0 ], [ 106.867626920818992, -6.282292035715832, 0.0 ], [ 106.867633049629589, -6.282296771472903, 0.0 ], [ 106.867639137962783, -6.282301558910929, 0.0 ], [ 106.867645185821743, -6.28230639893411, 0.0 ], [ 106.867651191392952, -6.282311289740576, 0.0 ], [ 106.867657154679492, -6.2823162322345, 0.0 ], [ 106.867663076581863, -6.282321225508502, 0.0 ], [ 106.867668954386062, -6.282326268668142, 0.0 ], [ 106.867674789902537, -6.282331362611004, 0.0 ], [ 106.86768058131743, -6.282336505535439, 0.0 ], [ 106.867686328634136, -6.282341698345498, 0.0 ], [ 106.867692031849487, -6.282346940137027, 0.0 ], [ 106.867697690056673, -6.282352230009155, 0.0 ], [ 106.867703302355196, -6.282357568869178, 0.0 ], [ 106.867708868738774, -6.282362954908868, 0.0 ], [ 106.867714389207308, -6.282368388128301, 0.0 ], [ 106.867719863760655, -6.282373868527357, 0.0 ], [ 106.867725290591963, -6.282379396112491, 0.0 ], [ 106.867730669694524, -6.282384969075546, 0.0 ], [ 106.867736001975402, -6.282390588317285, 0.0 ], [ 106.867741390842781, -6.282396365583276, 0.0 ], [ 106.867743865353503, -6.282398776253875, 0.0 ], [ 106.867805775505744, -6.282453578159663, 0.0 ], [ 106.867809801991271, -6.282457142408656, 0.0 ], [ 106.867817277547744, -6.282463759410896, 0.0 ], [ 106.867822723545345, -6.282468579880534, 0.0 ], [ 106.867827827811439, -6.282473098679997, 0.0 ], [ 106.867828291010397, -6.282473508414341, 0.0 ], [ 106.867830383116711, -6.282475360780837, 0.0 ], [ 106.867864785912673, -6.282505813580812, 0.0 ] ] ] } },
{ "type": "Feature", "properties": { "OBJECTID": 1133, "toponimi": "Sal. Phb Usaha", "kewenangan": "Pemprov DKI", "jenis": "Saluran Drainase Tersier", "panjang": "1414", "lebar": "1.5 - 2", "kedalaman": "3", "kota": "Jakarta Timur", "kecamatan": "Kramat Jati", "lebar_min": 1.5, "lebar_max": 2.0, "kedalaman_": 3.0, "kedalaman1": 3.0, "Shape_Leng": 0.8021146686 }, "geometry": { "type": "MultiLineString", "coordinates": [ [ [ 106.863863845000424, -6.254221289819668, 0.0 ], [ 106.863941783049114, -6.254051094926967, 0.0 ], [ 106.864235974811407, -6.253416585321983, 0.0 ], [ 106.864565974602073, -6.252632673064046, 0.0 ], [ 106.864966220330373, -6.25170306238524, 0.0 ], [ 106.865301819469437, -6.250880854900064, 0.0 ], [ 106.865628046615939, -6.250112266238323, 0.0 ], [ 106.865625307078133, -6.250081415430408, 0.0 ], [ 106.865136795209764, -6.249848709174966, 0.0 ], [ 106.865188960788643, -6.249727715761976, 0.0 ], [ 106.865046499583258, -6.249666022657486, 0.0 ], [ 106.865011599300246, -6.249599164110204, 0.0 ], [ 106.86465355731842, -6.249417427134503, 0.0 ], [ 106.864254748637478, -6.249199951255693, 0.0 ], [ 106.863721546293036, -6.248835828393124, 0.0 ], [ 106.863486236334438, -6.248723640904188, 0.0 ] ] ] } },
{ "type": "Feature", "properties": { "OBJECTID": 1132, "toponimi": "Sal. Phb PLN/Gading", "kewenangan": "Pemprov DKI", "jenis": "Saluran Drainase Tersier", "panjang": "1302", "lebar": "2.5", "kedalaman": "2", "kota": "Jakarta Timur", "kecamatan": "Kramat Jati", "lebar_min": 2.5, "lebar_max": 2.5, "kedalaman_": 2.0, "kedalaman1": 2.0, "Shape_Leng": 0.67587055034 }, "geometry": { "type": "MultiLineString", "coordinates": [ [ [ 106.869534828573066, -6.260910267455732, 0.0 ], [ 106.869563664464536, -6.260915274091418, 0.0 ], [ 106.869596037651846, -6.260926592654467, 0.0 ], [ 106.869626123275083, -6.260943059456905, 0.0 ], [ 106.86965557219564, -6.260962151464467, 0.0 ], [ 106.869913057327281, -6.261139401409675, 0.0 ], [ 106.869926344130633, -6.261149298814138, 0.0 ], [ 106.869964678006454, -6.261177855426695, 0.0 ], [ 106.86996999995246, -6.261184453937123, 0.0 ], [ 106.86997581255801, -6.261194868923949, 0.0 ], [ 106.869979784862281, -6.261206115052624, 0.0 ], [ 106.869981801876321, -6.261217871759407, 0.0 ], [ 106.869981805473131, -6.261229801099665, 0.0 ], [ 106.86997979623392, -6.261241558590253, 0.0 ], [ 106.86997123331912, -6.261264949620498, 0.0 ], [ 106.869960559999896, -6.261289443095757, 0.0 ], [ 106.869886807703736, -6.261399073656357, 0.0 ], [ 106.869956715744223, -6.261425397532337, 0.0 ], [ 106.870018252515976, -6.261444159984285, 0.0 ], [ 106.870091773541873, -6.26146657588705, 0.0 ], [ 106.870165295477847, -6.26148899267854, 0.0 ], [ 106.870238816510607, -6.261511408556833, 0.0 ], [ 106.870312337550104, -6.261533825327123, 0.0 ], [ 106.870328664121061, -6.261486400548028, 0.0 ], [ 106.870344990690029, -6.261438975769205, 0.0 ], [ 106.870361973369725, -6.261374324601524, 0.0 ], [ 106.870378956050459, -6.261309674338543, 0.0 ], [ 106.87039457376342, -6.261264404867335, 0.0 ], [ 106.87041019057429, -6.26121913630383, 0.0 ], [ 106.870484779255278, -6.261218870470857, 0.0 ], [ 106.870559367029543, -6.261218604630469, 0.0 ], [ 106.870622497640539, -6.261223403071331, 0.0 ], [ 106.87068562825371, -6.261228202408403, 0.0 ], [ 106.870759083843865, -6.261232246134516, 0.0 ], [ 106.87083563040639, -6.261244891758841, 0.0 ], [ 106.870912176966044, -6.261257536466722, 0.0 ], [ 106.870988723529393, -6.261270182066497, 0.0 ], [ 106.870999529284958, -6.261271480780187, 0.0 ], [ 106.871003714227044, -6.261244485140507, 0.0 ], [ 106.871015462659784, -6.261055522159083, 0.0 ], [ 106.871015639547437, -6.261052671649773, 0.0 ], [ 106.871017160798147, -6.261028212603814, 0.0 ], [ 106.871017547925618, -6.261021981634854, 0.0 ], [ 106.871017673568545, -6.261019964933912, 0.0 ], [ 106.871026013780579, -6.260885816402745, 0.0 ], [ 106.871035597626204, -6.260619278797946, 0.0 ], [ 106.871035800716442, -6.260613636182181, 0.0 ], [ 106.87103685061156, -6.260584438361826, 0.0 ], [ 106.871037056305852, -6.260571659286031, 0.0 ], [ 106.871037067460961, -6.260570985655028, 0.0 ], [ 106.871037108062851, -6.260568431288373, 0.0 ], [ 106.871037147330782, -6.26056600983655, 0.0 ], [ 106.871040967435235, -6.260328916509432, 0.0 ], [ 106.871042058336627, -6.26026123523454, 0.0 ], [ 106.871042495679077, -6.260234082975057, 0.0 ], [ 106.871042503719096, -6.260233549498301, 0.0 ], [ 106.871043818066326, -6.260151982405359, 0.0 ], [ 106.871053450970479, -6.259982710299318, 0.0 ], [ 106.871054244360593, -6.259968769105047, 0.0 ], [ 106.871054706095634, -6.259960651814702, 0.0 ], [ 106.871054827747116, -6.259959036570422, 0.0 ], [ 106.871054830597615, -6.25995856821089, 0.0 ], [ 106.871054868566247, -6.25995298947409, 0.0 ], [ 106.871056974508505, -6.259927030169052, 0.0 ], [ 106.871078831018181, -6.259927651170159, 0.0 ], [ 106.871109069755462, -6.259928509919899, 0.0 ], [ 106.871117763741452, -6.259928756503788, 0.0 ], [ 106.871214976932691, -6.259932719149718, 0.0 ], [ 106.871405908327134, -6.259938861205939, 0.0 ], [ 106.871595805823247, -6.259942151574839, 0.0 ], [ 106.871598170581962, -6.259941687452233, 0.0 ], [ 106.871600426450854, -6.259940839454538, 0.0 ], [ 106.871602511165634, -6.259939630407461, 0.0 ], [ 106.8716043688258, -6.259938093963745, 0.0 ], [ 106.871605946267096, -6.259936270999854, 0.0 ], [ 106.871606226093036, -6.259935685921862, 0.0 ], [ 106.871608550879472, -6.259932116189682, 0.0 ], [ 106.871611911798738, -6.259926955077507, 0.0 ], [ 106.871616776257952, -6.259917740729113, 0.0 ], [ 106.87162075224586, -6.2599081950134, 0.0 ], [ 106.871632991935485, -6.259838957750007, 0.0 ], [ 106.871634246606206, -6.259829973268102, 0.0 ], [ 106.871644232815257, -6.259758448405537, 0.0 ], [ 106.871671865373997, -6.259560532018344, 0.0 ], [ 106.871723628461126, -6.259562378178771, 0.0 ], [ 106.871784598132479, -6.259564553166636, 0.0 ], [ 106.871856367979589, -6.259578650623138, 0.0 ], [ 106.871928138731292, -6.259592748065307, 0.0 ], [ 106.871999908580449, -6.259606845499859, 0.0 ], [ 106.872068510611498, -6.259626536435377, 0.0 ], [ 106.872137113545534, -6.259646226452968, 0.0 ], [ 106.872205715582027, -6.259665917367497, 0.0 ], [ 106.872262370330475, -6.259687245800924, 0.0 ], [ 106.872319025078824, -6.259708573322841, 0.0 ], [ 106.872375679833311, -6.259729901741323, 0.0 ], [ 106.872409174439767, -6.259736958498694, 0.0 ], [ 106.872447441174018, -6.25974160675847, 0.0 ], [ 106.872528705959795, -6.259736532128628, 0.0 ], [ 106.872609970743653, -6.25973145839073, 0.0 ], [ 106.872691256823984, -6.259732363698912, 0.0 ], [ 106.87277254200049, -6.259733269901857, 0.0 ], [ 106.872855043870942, -6.259740152693075, 0.0 ], [ 106.872937545739759, -6.259747035470723, 0.0 ], [ 106.873020135173419, -6.259778238608835, 0.0 ], [ 106.873102723710048, -6.259809441734157, 0.0 ], [ 106.873185312249845, -6.259840643939428, 0.0 ], [ 106.873231968344243, -6.25985827106312, 0.0 ] ] ] } },
{ "type": "Feature", "properties": { "OBJECTID": 218, "toponimi": "Sal. Phb Usaha", "kewenangan": "Pemprov DKI", "jenis": "Saluran Drainase Tersier", "panjang": "1414", "lebar": "1.5 - 2", "kedalaman": "3", "kota": "Jakarta Timur", "kecamatan": "Kramat Jati", "lebar_min": 1.5, "lebar_max": 2.0, "kedalaman_": 3.0, "kedalaman1": 3.0, "Shape_Leng": 0.64084401453999995 }, "geometry": { "type": "MultiLineString", "coordinates": [ [ [ 106.863607190242746, -6.257856906169601, 0.0 ], [ 106.863441961857006, -6.257105370846523, 0.0 ], [ 106.863405766939607, -6.256605998879516, 0.0 ], [ 106.863429442859129, -6.255731311101921, 0.0 ], [ 106.863471342603063, -6.255141713267562, 0.0 ], [ 106.863672290719762, -6.254639585958465, 0.0 ], [ 106.863863845000424, -6.254221289819668, 0.0 ], [ 106.863807041078203, -6.254193609054176, 0.0 ], [ 106.863769652627553, -6.25416694800879, 0.0 ], [ 106.863749374888727, -6.254111520303185, 0.0 ], [ 106.863664085803876, -6.254060150479024, 0.0 ], [ 106.863598946551861, -6.254027846475497, 0.0 ], [ 106.86357512458089, -6.254051853961772, 0.0 ], [ 106.863296383025997, -6.253918876847506, 0.0 ], [ 106.863506194957722, -6.253489442005327, 0.0 ], [ 106.863071476174781, -6.253326397740135, 0.0 ], [ 106.862897464818047, -6.253002616087485, 0.0 ] ] ] } }
]
}
