{
"type": "FeatureCollection",
"name": "saluran_phb_pasar_rebo",
"crs": { "type": "name", "properties": { "name": "urn:ogc:def:crs:OGC:1.3:CRS84" } },
"features": [
{ "type": "Feature", "properties": { "OBJECTID": 171, "toponimi": "Sal. Phb Enjong", "kewenangan": "Pemprov DKI", "jenis": "Saluran Drainase Tersier", "panjang": "943", "lebar": "1.2", "kedalaman": "1", "kota": "Jakarta Timur", "kecamatan": "Pasar Rebo", "lebar_min": 1.2, "lebar_max": 1.2, "kedalaman_": 1.0, "kedalaman1": 1.0, "Shape_Leng": 0.92445108108999996 }, "geometry": { "type": "MultiLineString", "coordinates": [ [ [ 106.856455127652609, -6.334988831396179 ], [ 106.856486471806747, -6.334690648470657 ], [ 106.856513574752952, -6.334580507765915 ], [ 106.856591374721958, -6.334271629747519 ], [ 106.856656528808429, -6.334103939095173 ], [ 106.85670036877471, -6.333993739414283 ], [ 106.856741937306566, -6.333917038641036 ], [ 106.856758546083356, -6.333881095135626 ], [ 106.856747654335763, -6.333844054742151 ], [ 106.856730844606261, -6.333823780460952 ], [ 106.856669728906397, -6.333783331183329 ], [ 106.856625358808458, -6.333745214373789 ], [ 106.856618078523212, -6.333715337325348 ], [ 106.856727934630086, -6.333344146060423 ], [ 106.85675521281766, -6.333283046074881 ], [ 106.856839712103223, -6.333176288613981 ], [ 106.856858322945698, -6.333031491340757 ], [ 106.85686052596462, -6.332978853543736 ], [ 106.856849599140887, -6.332932243704771 ], [ 106.856915756275072, -6.332710724290508 ], [ 106.856922749206078, -6.332660462653208 ], [ 106.856916635479422, -6.332622208062282 ], [ 106.856980122671374, -6.332322950893302 ], [ 106.857020363904027, -6.332209174625074 ], [ 106.857123851212307, -6.332003030624156 ], [ 106.857154236683769, -6.331962039673011 ], [ 106.857191724452889, -6.331927431953635 ], [ 106.857261655835444, -6.331870166681033 ], [ 106.857331588105595, -6.331812901400174 ], [ 106.857401519455593, -6.331755636117424 ], [ 106.857460539663933, -6.331711766036991 ], [ 106.857519560768296, -6.331667896853594 ], [ 106.857578580954879, -6.331624026765355 ], [ 106.857613696879554, -6.331581438414123 ], [ 106.857648811898287, -6.331538850969541 ], [ 106.857680981219644, -6.331508235117638 ], [ 106.857732145151942, -6.331440471033282 ], [ 106.857732887994032, -6.331369697539773 ], [ 106.857733631742363, -6.331298924042904 ], [ 106.857734374589668, -6.331228150549093 ], [ 106.857750735252054, -6.331151904378734 ], [ 106.857782863919155, -6.331080854010253 ], [ 106.85783160932283, -6.331011257728885 ], [ 106.857891789103135, -6.330951283216748 ], [ 106.85794367093753, -6.330917008228613 ], [ 106.857995552764095, -6.330882733237332 ], [ 106.858042142680802, -6.330872996927559 ], [ 106.858113858934118, -6.330869152563285 ], [ 106.858171765584217, -6.33084801323886 ], [ 106.858218046007792, -6.330807578390414 ], [ 106.858264327324434, -6.330767142632565 ], [ 106.858310607733003, -6.330726707779994 ], [ 106.858337923905864, -6.330690202448717 ], [ 106.858365240078484, -6.33065369802125 ], [ 106.858389726935712, -6.330592209300417 ], [ 106.858414214692516, -6.330530720576718 ], [ 106.858438701541644, -6.330469231856688 ], [ 106.858452836692635, -6.330410272039181 ], [ 106.858466971845388, -6.330351313126341 ], [ 106.85848265834062, -6.330308196663529 ], [ 106.858498343930322, -6.330265080204137 ], [ 106.858524748908152, -6.330210561972451 ], [ 106.85855115388172, -6.330156043740902 ], [ 106.858589620059007, -6.330103475992555 ], [ 106.858628087132999, -6.330050908240349 ], [ 106.858666553296189, -6.329998340490635 ], [ 106.858708491035898, -6.329941374264408 ], [ 106.858750428767181, -6.329884408037349 ], [ 106.858792366493518, -6.329827442713596 ], [ 106.858834304208159, -6.329770476484883 ], [ 106.858883832629957, -6.329705110620445 ], [ 106.858933361944125, -6.329639744751465 ], [ 106.858982891246725, -6.329574378881333 ], [ 106.859032419634246, -6.329509013013118 ], [ 106.859068382565596, -6.329452666720182 ], [ 106.859104344586484, -6.329396320430107 ], [ 106.859158540999971, -6.329340706317303 ], [ 106.859212736495024, -6.329285091301152 ], [ 106.859266932885461, -6.329229477183612 ], [ 106.859315774674329, -6.329180859585957 ], [ 106.859385590791462, -6.329147117959684 ], [ 106.859428349029727, -6.329123525589121 ], [ 106.859465490746658, -6.32909181052553 ], [ 106.859525132236769, -6.329054516736501 ], [ 106.859594506860475, -6.329031003546316 ], [ 106.859663880574999, -6.329007491256087 ], [ 106.859733255181297, -6.328983978050939 ], [ 106.859777641076747, -6.328993268392785 ], [ 106.859850659527908, -6.329019321346641 ], [ 106.859867302240417, -6.32899294727522 ], [ 106.859879027931768, -6.32892891295651 ], [ 106.859922748543099, -6.328868950274524 ], [ 106.859966468241723, -6.328808987594963 ], [ 106.86001886448166, -6.328751386226073 ], [ 106.860055859741522, -6.328733311711145 ], [ 106.86011704823224, -6.328710665036144 ], [ 106.8601782358121, -6.328688018358723 ], [ 106.860223885139149, -6.328666025883644 ], [ 106.860269534461381, -6.328644033405729 ], [ 106.860342880529643, -6.328594729427086 ], [ 106.860382932047813, -6.328592322857471 ], [ 106.860414869360326, -6.328590403758446 ] ] ] } },
{ "type": "Feature", "properties": { "OBJECTID": 172, "toponimi": "Sal. Phb Gongseng", "kewenangan": "Pemprov DKI", "jenis": "Saluran Drainase Tersier", "panjang": "5009", "lebar": "2 - 3", "kedalaman": "1.5- 3", "kota": "Jakarta Timur", "kecamatan": "Pasar Rebo", "lebar_min": 2.0, "lebar_max": 3.0, "kedalaman_": 1.5, "kedalaman1": 3.0, "Shape_Leng": 4.3702840213099998 }, "geometry": { "type": "MultiLineString", "coordinates": [ [ [ 106.862129907378289, -6.347983703030449 ], [ 106.862061728446861, -6.347802313302324 ], [ 106.862041444637484, -6.34770270810052 ], [ 106.862020838558678, -6.347513394172235 ], [ 106.86209857086628, -6.347272779506528 ], [ 106.862156596295151, -6.347093150185382 ], [ 106.862300245482615, -6.347020644184621 ], [ 106.86259631059832, -6.346851233698166 ], [ 106.862732083964502, -6.346743315035299 ], [ 106.862791824195355, -6.34673313188583 ], [ 106.862871486998586, -6.346721770384138 ], [ 106.863034643647012, -6.346532903103714 ], [ 106.863156905572183, -6.346361902472257 ], [ 106.86324070492492, -6.346269675997974 ], [ 106.863305774133849, -6.346201882859515 ], [ 106.863353179527579, -6.346147442474309 ], [ 106.863399532713245, -6.34610851205511 ], [ 106.863433617918247, -6.346044153140244 ], [ 106.863467628379595, -6.345958750391117 ], [ 106.86349517091989, -6.345922102818064 ], [ 106.863516052283444, -6.345879941289701 ], [ 106.863513678988397, -6.34583564826258 ], [ 106.863489205841347, -6.345802510592415 ], [ 106.863449231223669, -6.345768321107143 ], [ 106.863429175158629, -6.345731844786918 ], [ 106.863463296169769, -6.345677452200039 ], [ 106.863508526363887, -6.34563409639193 ], [ 106.863545956505703, -6.345576370049112 ], [ 106.863593294154882, -6.345503101878798 ], [ 106.863637406256629, -6.345456427336533 ], [ 106.863683612069565, -6.345376518635375 ], [ 106.863697657079655, -6.34528011279021 ], [ 106.86373392044095, -6.345205777784999 ], [ 106.863802166328725, -6.34509810108169 ], [ 106.864384610056618, -6.345442210453314 ], [ 106.8645212502079, -6.345278256425471 ], [ 106.864706366185118, -6.345039470414161 ], [ 106.864896024717765, -6.344832787049265 ], [ 106.865036960781183, -6.344621847833466 ], [ 106.864997464522432, -6.344522398832178 ], [ 106.865029838140813, -6.344449079604579 ], [ 106.865062212659268, -6.344375761278412 ], [ 106.865082796239747, -6.344314924694147 ], [ 106.865103379814002, -6.344254087206174 ], [ 106.865123963388328, -6.344193250622818 ], [ 106.865133067235249, -6.344145489591245 ], [ 106.865136085489794, -6.344096962050311 ], [ 106.865127616334263, -6.34401238491991 ], [ 106.865127821342071, -6.343961339503956 ], [ 106.865128026351385, -6.343910294087919 ], [ 106.865127164282228, -6.343870107735131 ], [ 106.86511845079005, -6.343840714453989 ], [ 106.865101811029689, -6.343801302793987 ], [ 106.865094405237897, -6.343736739707084 ], [ 106.865087041644955, -6.343683658265482 ], [ 106.865072434865695, -6.343611226062961 ], [ 106.865057828093356, -6.343538793858544 ], [ 106.865046354468589, -6.343469377467875 ], [ 106.865029357909251, -6.343401103909942 ], [ 106.864995886238702, -6.343335677145185 ], [ 106.864956822177518, -6.343277208046278 ], [ 106.864917757222628, -6.343218738944935 ], [ 106.864883994538943, -6.343138720233235 ], [ 106.864875428530738, -6.343083729925213 ], [ 106.864866861619191, -6.343028738715555 ], [ 106.864845295807498, -6.342950108272071 ], [ 106.864816192966757, -6.342873947059116 ], [ 106.864816189524404, -6.3428729895767 ], [ 106.864815711471991, -6.342872991297144 ], [ 106.864815709752364, -6.342872513007989 ], [ 106.864814749304543, -6.342871559873862 ], [ 106.864814747584916, -6.342871081584755 ], [ 106.864814742423036, -6.342869645813248 ], [ 106.864814262651009, -6.342869169244514 ], [ 106.864814260931382, -6.342868690955375 ], [ 106.864813781159356, -6.342868214386641 ], [ 106.864813779436588, -6.342867735193431 ], [ 106.864813777716961, -6.342867256904273 ], [ 106.864813296225435, -6.342866302046448 ], [ 106.864813294505808, -6.342865823757307 ], [ 106.864812814733781, -6.342865347188571 ], [ 106.864812334958472, -6.342864869715766 ], [ 106.864812331519346, -6.342863913137534 ], [ 106.864811850843608, -6.342863436572048 ], [ 106.864811849124067, -6.34286295828294 ], [ 106.864811367629315, -6.342862002520925 ], [ 106.864810887857146, -6.34286152595227 ], [ 106.864810886137619, -6.342861047663111 ], [ 106.864810882698492, -6.342860091084845 ], [ 106.864810404646093, -6.342860092805298 ], [ 106.864809924873924, -6.342859616236557 ], [ 106.86480944337913, -6.342858660474604 ], [ 106.864809441659631, -6.342858182185426 ], [ 106.864808960983879, -6.342857705620005 ], [ 106.864808479489085, -6.34285674985805 ], [ 106.864807997997502, -6.342855795000197 ], [ 106.86480751822549, -6.342855318431487 ], [ 106.864807038453463, -6.342854841862739 ], [ 106.864806558681423, -6.342854365293977 ], [ 106.86480607800253, -6.34285388782443 ], [ 106.864805596510877, -6.342852932966572 ], [ 106.86480511673895, -6.342852456397857 ], [ 106.864804638686437, -6.342852458118268 ], [ 106.864804635247282, -6.342851501539999 ], [ 106.864804155472115, -6.342851024067128 ], [ 106.864803675700074, -6.342850547498412 ], [ 106.864803193304851, -6.342849592643852 ], [ 106.864803191585224, -6.342849114354658 ], [ 106.864802713532768, -6.342849116075099 ], [ 106.864802711813283, -6.34284863778599 ], [ 106.864802232038002, -6.342848160313133 ], [ 106.864801750546448, -6.342847205455218 ], [ 106.864801748826807, -6.342846727166108 ], [ 106.864801269054794, -6.342846250597404 ], [ 106.864801267335295, -6.342845772308259 ], [ 106.864800789282896, -6.342845774028665 ], [ 106.864800308604003, -6.342845296559022 ], [ 106.864799828831934, -6.342844819990352 ], [ 106.864799827112307, -6.342844341701189 ], [ 106.864799347340394, -6.342843865132499 ], [ 106.864798867568382, -6.342843388563757 ], [ 106.864798389515983, -6.342843390284126 ], [ 106.86479790884033, -6.342842913718668 ], [ 106.864794059433635, -6.342836228724829 ], [ 106.864794057714008, -6.342835750435698 ], [ 106.864794055994508, -6.342835272146587 ], [ 106.864793576222581, -6.342834795577835 ], [ 106.864793094727787, -6.342833839815833 ], [ 106.864792614955761, -6.342833363247064 ], [ 106.864792613236261, -6.342832884957901 ], [ 106.864792134280123, -6.342832886681564 ], [ 106.864792132560609, -6.342832408392416 ], [ 106.864791652788583, -6.342831931823712 ], [ 106.864791173016684, -6.342831455254959 ], [ 106.864791171293788, -6.342830976061724 ], [ 106.864790691521875, -6.342830499492953 ], [ 106.864790689802348, -6.342830021203772 ], [ 106.864790688082735, -6.342829542914693 ], [ 106.864790208310808, -6.342829066345936 ], [ 106.864790206591351, -6.342828588056753 ], [ 106.864789728538796, -6.342828589777195 ], [ 106.864789725096529, -6.342827632294812 ], [ 106.864789244420763, -6.342827155729275 ], [ 106.864789240981779, -6.342826199151028 ], [ 106.864789239262251, -6.342825720861862 ], [ 106.86478875948697, -6.342825243389 ], [ 106.864788281434556, -6.342825245109389 ], [ 106.864788277995544, -6.342824288531124 ], [ 106.864787798223517, -6.342823811962348 ], [ 106.864787796504032, -6.342823333673215 ], [ 106.864787316731963, -6.342822857104487 ], [ 106.864786835237297, -6.342821901342458 ], [ 106.864786354561645, -6.342821424776964 ], [ 106.864785874789746, -6.342820948208182 ], [ 106.864785873070119, -6.3428204699191 ], [ 106.864785391575452, -6.342819514157066 ], [ 106.864784911803412, -6.342819037588301 ], [ 106.864784910083898, -6.342818559299185 ], [ 106.864784430312, -6.342818082730402 ], [ 106.864784426872845, -6.342817126152137 ], [ 106.864783947097692, -6.342816648679214 ], [ 106.864783466422054, -6.342816172113766 ], [ 106.864782986650113, -6.342815695544981 ], [ 106.864782506878086, -6.342815218976194 ], [ 106.864782027106202, -6.342814742407491 ], [ 106.864781545611521, -6.342813786645451 ], [ 106.864781543891908, -6.34281330835625 ], [ 106.864781062400482, -6.342812353498394 ], [ 106.86478058172483, -6.342811876932874 ], [ 106.864780580005331, -6.342811398643774 ], [ 106.864780100230035, -6.342810921170813 ], [ 106.864780098510636, -6.342810442881661 ], [ 106.864780096791009, -6.342809964592577 ], [ 106.864779618738609, -6.342809966312938 ], [ 106.86477961701911, -6.342809488023821 ], [ 106.864779137247183, -6.342809011455046 ], [ 106.864779135527556, -6.342808533165877 ], [ 106.864779133804817, -6.342808053972606 ], [ 106.864778654032889, -6.34280757740388 ], [ 106.864778172541463, -6.342806622545968 ], [ 106.864777690146326, -6.342805667691324 ], [ 106.864777212093927, -6.342805669411681 ], [ 106.86477720865166, -6.342804711929257 ], [ 106.864776728879761, -6.342804235360444 ], [ 106.86477672716012, -6.342803757071342 ], [ 106.864776247388207, -6.342803280502612 ], [ 106.864776245668708, -6.342802802213443 ], [ 106.864775765893526, -6.342802324740542 ], [ 106.864775286121599, -6.34280184817176 ], [ 106.864775284402114, -6.342801369882556 ], [ 106.864774802006849, -6.342800415027959 ], [ 106.864774322234936, -6.342799938459241 ], [ 106.864773842459869, -6.34279946098627 ], [ 106.86477384074027, -6.342798982697167 ], [ 106.864772884635414, -6.342798986137902 ], [ 106.864772881196416, -6.342798029559613 ], [ 106.864772401424503, -6.342797552990809 ], [ 106.864772399705004, -6.342797074701707 ], [ 106.86477239798225, -6.342796595508433 ], [ 106.864771919026126, -6.342796597232034 ], [ 106.864771917306598, -6.342796118942864 ], [ 106.864771435815172, -6.34279516408499 ], [ 106.864770957762772, -6.342795165805371 ], [ 106.864770956043273, -6.342794687516201 ], [ 106.86477095432376, -6.342794209227097 ], [ 106.864770472829065, -6.342793253465 ], [ 106.864770471109608, -6.342792775175862 ], [ 106.864770469390109, -6.342792296886759 ], [ 106.864769511565768, -6.34279182203833 ], [ 106.864769509846226, -6.342791343749159 ], [ 106.864769508123501, -6.342790864555868 ], [ 106.864769506403988, -6.342790386266698 ], [ 106.86476902572835, -6.342789909701224 ], [ 106.864769024008837, -6.342789431412053 ], [ 106.864768542517425, -6.342788476554189 ], [ 106.864768540794685, -6.342787997360847 ], [ 106.864768061022744, -6.342787520792104 ], [ 106.864768059303259, -6.342787042502965 ], [ 106.864768057583774, -6.342786564213776 ], [ 106.864768055864232, -6.342786085924672 ], [ 106.864768052421965, -6.342785128442276 ], [ 106.86476757436958, -6.342785130162584 ], [ 106.864767572650081, -6.34278465187343 ], [ 106.864767089439127, -6.34278321872639 ], [ 106.864767087716388, -6.342782739533098 ], [ 106.86476660794446, -6.34278226296435 ], [ 106.864766606224975, -6.342781784675127 ], [ 106.864766602785963, -6.342780828096885 ], [ 106.864766123829938, -6.342780829820492 ], [ 106.864766122110311, -6.342780351531389 ], [ 106.864765642335271, -6.342779874058452 ], [ 106.864765640615772, -6.34277939576928 ], [ 106.86476563717676, -6.342778439191001 ], [ 106.864765159124346, -6.342778440911372 ], [ 106.864765157404861, -6.34277796262225 ], [ 106.864765153962608, -6.342777005139768 ], [ 106.864764674190667, -6.342776528571034 ], [ 106.864764670751654, -6.342775571992672 ], [ 106.864764190979756, -6.342775095423921 ], [ 106.864764189260228, -6.342774617134798 ], [ 106.864764185817961, -6.342773659652315 ], [ 106.864763706046148, -6.342773183083561 ], [ 106.864763225370552, -6.34277270651801 ], [ 106.864763223651025, -6.342772228228887 ], [ 106.864762742156358, -6.342771272466821 ], [ 106.864762740436873, -6.342770794177699 ], [ 106.864762262384559, -6.342770795898015 ], [ 106.864761782612675, -6.342770319329257 ], [ 106.864761297679081, -6.342768406988826 ], [ 106.86476129595944, -6.342767928699702 ], [ 106.864760816187697, -6.342767452130945 ], [ 106.86476081446817, -6.342766973841754 ], [ 106.864760333792518, -6.342766497276246 ], [ 106.864760330350251, -6.342765539793811 ], [ 106.864759852297993, -6.342765541514123 ], [ 106.864759847139482, -6.342764106646718 ], [ 106.86475936736754, -6.342763630077856 ], [ 106.864759365648183, -6.342763151788782 ], [ 106.864758885873016, -6.342762674315816 ], [ 106.864758884153488, -6.342762196026658 ], [ 106.864757921170792, -6.342760286310781 ], [ 106.864757440491886, -6.342759808841082 ], [ 106.86475695728106, -6.342758375693999 ], [ 106.864756955561589, -6.342757897404859 ], [ 106.864756475789775, -6.342757420836091 ], [ 106.864755994295251, -6.342756465073943 ], [ 106.864755511084297, -6.342755031926876 ], [ 106.864755509364812, -6.342754553637717 ], [ 106.864755505922545, -6.342753596155263 ], [ 106.864754545475108, -6.342752643020941 ], [ 106.864754063983824, -6.342751688162992 ], [ 106.864754060541685, -6.342750730680554 ], [ 106.864753582489243, -6.342750732400859 ], [ 106.864753102717344, -6.342750255832103 ], [ 106.864752619506532, -6.342748822684994 ], [ 106.864752139731493, -6.342748345212048 ], [ 106.864752138011994, -6.34274786692282 ], [ 106.864751657336484, -6.34274739035728 ], [ 106.864751653897471, -6.34274643377901 ], [ 106.864751175845157, -6.342746435499309 ], [ 106.864751174125672, -6.342745957210167 ], [ 106.86475117240289, -6.342745478016938 ], [ 106.864750692631077, -6.342745001448059 ], [ 106.864750211139679, -6.342744046590137 ], [ 106.86475020942018, -6.342743568300977 ], [ 106.864749729648381, -6.342743091732146 ], [ 106.864749248153856, -6.342742135970036 ], [ 106.864748765758819, -6.342741181115347 ], [ 106.864748764039305, -6.342740702826203 ], [ 106.86474828426752, -6.342740226257353 ], [ 106.864747323001069, -6.342738793926441 ], [ 106.864747321281541, -6.342738315637297 ], [ 106.864746843229256, -6.342738317357607 ], [ 106.864746360015204, -6.342736883306396 ], [ 106.864745879339679, -6.342736406740728 ], [ 106.864745877620166, -6.342735928451633 ], [ 106.864745399567894, -6.342735930171941 ], [ 106.86474539612901, -6.342734973593685 ], [ 106.864744918076596, -6.342734975313992 ], [ 106.864744916357083, -6.34273449702483 ], [ 106.864744914634443, -6.342734017831582 ], [ 106.864744433143159, -6.342733062973633 ], [ 106.864744431423631, -6.342732584684453 ], [ 106.864743949932347, -6.3427316298265 ], [ 106.864743470157151, -6.342731152353474 ], [ 106.864742991201169, -6.342731154077065 ], [ 106.864742987762256, -6.342730197498805 ], [ 106.864742506270971, -6.342729242640818 ], [ 106.864742504551486, -6.342728764351639 ], [ 106.86474202133742, -6.342727330300351 ], [ 106.864741541565621, -6.342726853731556 ], [ 106.864741061793808, -6.342726377162695 ], [ 106.864740582022023, -6.3427259005939 ], [ 106.864740580299255, -6.342725421400617 ], [ 106.864740099623731, -6.342724944834989 ], [ 106.864740097904374, -6.342724466545876 ], [ 106.864739614693576, -6.342723033398701 ], [ 106.864739612970808, -6.342722554205452 ], [ 106.864739131479638, -6.342721599347455 ], [ 106.864739129760125, -6.342721121058275 ], [ 106.864738173655411, -6.342721124498955 ], [ 106.864738171935912, -6.342720646209775 ], [ 106.864738168493773, -6.342719688727326 ], [ 106.864737687002474, -6.342718733869345 ], [ 106.864737204607593, -6.342717779014631 ], [ 106.864736724835794, -6.342717302445762 ], [ 106.864736245060712, -6.342716824972754 ], [ 106.864736243341227, -6.342716346683641 ], [ 106.864735761850042, -6.342715391825623 ], [ 106.864735760130543, -6.342714913536524 ], [ 106.864735280358744, -6.342714436967635 ], [ 106.864734798864177, -6.342713481205545 ], [ 106.864734797144692, -6.342713002916363 ], [ 106.86473431646931, -6.342712526350775 ], [ 106.864734314749782, -6.342712048061594 ], [ 106.864733356925711, -6.342711573213093 ], [ 106.864733355202944, -6.342711094019808 ], [ 106.864732873711759, -6.342710139161817 ], [ 106.86473287199226, -6.342709660872618 ], [ 106.864732392220475, -6.342709184303775 ], [ 106.864731912445436, -6.342708706830827 ], [ 106.864731910726036, -6.342708228541644 ], [ 106.864731909006551, -6.342707750252529 ], [ 106.864731430050526, -6.342707751976035 ], [ 106.864731426611641, -6.34270679539772 ], [ 106.864730946839842, -6.342706318828906 ], [ 106.864730945117074, -6.342705839635603 ], [ 106.864730463625918, -6.342704884777607 ], [ 106.864729980415234, -6.342703451630411 ], [ 106.864729978692466, -6.342702972437174 ], [ 106.864729498920667, -6.342702495868292 ], [ 106.864729019148868, -6.342702019299408 ], [ 106.864728538473486, -6.342701542733828 ], [ 106.864728536753958, -6.342701064444694 ], [ 106.864728056982173, -6.342700587875845 ], [ 106.864728055259533, -6.342700108682505 ], [ 106.864727575487734, -6.342699632113689 ], [ 106.864727573768377, -6.342699153824487 ], [ 106.864727572048849, -6.342698675535369 ], [ 106.864727093996564, -6.342698677255685 ], [ 106.86472709227705, -6.342698198966517 ], [ 106.864727088834925, -6.342697241484045 ], [ 106.864726610782625, -6.34269724320436 ], [ 106.864726609063268, -6.342696764915242 ], [ 106.864726607343741, -6.342696286626023 ], [ 106.864726125852442, -6.342695331768053 ], [ 106.864726124133057, -6.342694853478918 ], [ 106.864725641734907, -6.342693897719976 ], [ 106.864725640015408, -6.342693419430841 ], [ 106.864725638296022, -6.342692941141673 ], [ 106.864725636576637, -6.342692462852471 ], [ 106.864725156804838, -6.342691986283649 ], [ 106.864725151643185, -6.342690550512041 ], [ 106.864724671871429, -6.342690073943217 ], [ 106.864724670152029, -6.342689595654032 ], [ 106.86472419038023, -6.342689119085138 ], [ 106.86472418865759, -6.342688639891867 ], [ 106.864723708885805, -6.342688163323041 ], [ 106.864723707166405, -6.342687685033889 ], [ 106.86472370544692, -6.342687206744704 ], [ 106.864723224771495, -6.342686730179045 ], [ 106.86472272091784, -6.342679554849592 ], [ 106.864722717478983, -6.342678598271304 ], [ 106.864722712317459, -6.34267716249971 ], [ 106.864722708878574, -6.342676205921355 ], [ 106.864722703720176, -6.342674771053915 ], [ 106.864722701997536, -6.342674291860591 ], [ 106.864722698558651, -6.342673335282287 ], [ 106.864722696839266, -6.342672856993135 ], [ 106.864722695119767, -6.342672378703965 ], [ 106.864722693400367, -6.342671900414812 ], [ 106.864722691677741, -6.34267142122154 ], [ 106.864722211905942, -6.34267094465269 ], [ 106.864722210186443, -6.342670466363521 ], [ 106.864721728695258, -6.342669511505485 ], [ 106.864721248923601, -6.342669034936633 ], [ 106.864721245481476, -6.342668077454191 ], [ 106.864721243762091, -6.342667599165038 ], [ 106.864721242042592, -6.342667120875869 ], [ 106.864720760551506, -6.342666166017797 ], [ 106.864720758828767, -6.342665686824538 ], [ 106.864720757109382, -6.342665208535369 ], [ 106.864720755389882, -6.342664730246217 ], [ 106.864720753670497, -6.342664251957062 ], [ 106.864720271275587, -6.342663297102275 ], [ 106.864720269552961, -6.342662817908967 ], [ 106.864719310009491, -6.342661864771173 ], [ 106.864719308290105, -6.342661386482003 ], [ 106.864718830237791, -6.342661388202367 ], [ 106.864718828518306, -6.342660909913215 ], [ 106.864718348746635, -6.34266043334429 ], [ 106.864718347023995, -6.342659954150981 ], [ 106.86471834358511, -6.342658997572723 ], [ 106.86471786553281, -6.342658999292969 ], [ 106.864717863813325, -6.342658521003798 ], [ 106.86471786209394, -6.342658042714628 ], [ 106.864717381418529, -6.34265756614897 ], [ 106.864716899924076, -6.342656610386869 ], [ 106.864716898204719, -6.342656132097697 ], [ 106.864716418432906, -6.342655655528838 ], [ 106.864716416713549, -6.342655177239665 ], [ 106.864716414994149, -6.342654698950494 ], [ 106.864716413271509, -6.342654219757187 ], [ 106.864715935219238, -6.342654221477496 ], [ 106.864715931780367, -6.342653264899153 ], [ 106.864715930060825, -6.342652786609998 ], [ 106.864715450289168, -6.342652310041118 ], [ 106.864714970517511, -6.34265183347222 ], [ 106.864714489838846, -6.342651356002438 ], [ 106.864714488119461, -6.342650877713266 ], [ 106.864714486399961, -6.342650399424161 ], [ 106.864714004908905, -6.342649444566141 ], [ 106.86471352513712, -6.342648967997209 ], [ 106.86471352169508, -6.342648010514777 ], [ 106.86471304364278, -6.342648012235031 ], [ 106.864713041923395, -6.342647533945876 ], [ 106.864713040203895, -6.342647055656687 ], [ 106.864713038484496, -6.342646577367515 ], [ 106.864712560432238, -6.34264657908782 ], [ 106.864712558712711, -6.342646100798664 ], [ 106.864712078937799, -6.34264562332564 ], [ 106.864712077218414, -6.34264514503645 ], [ 106.864712073779657, -6.342644188458173 ], [ 106.864711593104246, -6.342643711892523 ], [ 106.864711589662093, -6.342642754410057 ], [ 106.864711109890393, -6.342642277841184 ], [ 106.864711108171036, -6.342641799552013 ], [ 106.864710630118751, -6.342641801272246 ], [ 106.864709672294651, -6.342641326423607 ], [ 106.864709670575294, -6.342640848134501 ], [ 106.864709668855909, -6.34264036984531 ], [ 106.864709667133269, -6.342639890651983 ], [ 106.864709189080955, -6.3426398923723 ], [ 106.864708706686187, -6.342638937517502 ], [ 106.864708704966802, -6.342638459228311 ], [ 106.864708225195002, -6.342637982659436 ], [ 106.864708221753006, -6.342637025176917 ], [ 106.864707743700691, -6.342637026897232 ], [ 106.864707741981306, -6.342636548608057 ], [ 106.864707740261949, -6.342636070318935 ], [ 106.864707258770764, -6.342635115460799 ], [ 106.864706778999107, -6.34263463889192 ], [ 106.864706777276425, -6.342634159698659 ], [ 106.864706299224153, -6.342634161418903 ], [ 106.864706297504767, -6.342633683129713 ], [ 106.864706295785382, -6.342633204840588 ], [ 106.864705335338314, -6.342632251706029 ], [ 106.864704855563389, -6.342631774232977 ], [ 106.86470485384389, -6.342631295943802 ], [ 106.864703892581147, -6.342629864516844 ], [ 106.86470341108685, -6.342628908754665 ], [ 106.864703409367451, -6.342628430465508 ], [ 106.86470292869204, -6.342627953899822 ], [ 106.864702448920369, -6.342627477330923 ], [ 106.864702447200983, -6.342626999041795 ], [ 106.864701965706686, -6.34262604327958 ], [ 106.864701963987287, -6.342625564990371 ], [ 106.864701485935029, -6.342625566710693 ], [ 106.86470148421563, -6.342625088421483 ], [ 106.86470148249623, -6.342624610132289 ], [ 106.864701002724573, -6.342624133563404 ], [ 106.864700522952916, -6.342623656994513 ], [ 106.864700042274251, -6.342623179524671 ], [ 106.864700040554865, -6.342622701235546 ], [ 106.864700038835466, -6.34262222294642 ], [ 106.864699559063666, -6.342621746377461 ], [ 106.864699081011494, -6.342621748097747 ], [ 106.864699075850112, -6.342620312326079 ], [ 106.864698596078426, -6.342619835757186 ], [ 106.864698594358927, -6.342619357467994 ], [ 106.864698592639527, -6.34261887917885 ], [ 106.86469811458737, -6.342618880899099 ], [ 106.864698112868012, -6.342618402609956 ], [ 106.864697633096313, -6.342617926040996 ], [ 106.864697631373573, -6.342617446847714 ], [ 106.864697629654316, -6.342616968558503 ], [ 106.864697147259506, -6.342616013703735 ], [ 106.864697145540148, -6.342615535414556 ], [ 106.864696667487848, -6.342615537134772 ], [ 106.864696664045809, -6.342614579652363 ], [ 106.864696184274152, -6.342614103083466 ], [ 106.864695706221852, -6.342614104803695 ], [ 106.86469474495911, -6.342612673376687 ], [ 106.86469426084183, -6.342611239328495 ], [ 106.864693777631373, -6.342609806181271 ], [ 106.864693297859716, -6.342609329612369 ], [ 106.864692818084748, -6.342608852139296 ], [ 106.864692816365391, -6.342608373850067 ], [ 106.864692336593691, -6.342607897281164 ], [ 106.864691856822191, -6.342607420712259 ], [ 106.864691376146766, -6.34260694414659 ], [ 106.86469137442738, -6.342606465857445 ], [ 106.864690414880911, -6.342605511815445 ], [ 106.864689936828597, -6.342605513535684 ], [ 106.86468993510924, -6.342605035246471 ], [ 106.864689455337526, -6.342604558677564 ], [ 106.864689453618169, -6.342604080388417 ], [ 106.864688493167961, -6.342603126349663 ], [ 106.864688491448575, -6.342602648060502 ], [ 106.864688489729218, -6.342602169771321 ], [ 106.864688009957646, -6.342601693202377 ], [ 106.864688006518875, -6.342600736624033 ], [ 106.864687526743964, -6.34260025915095 ], [ 106.864687525024564, -6.342599780861839 ], [ 106.864687046972264, -6.34259978258204 ], [ 106.864687045252907, -6.342599304292892 ], [ 106.864687041814136, -6.342598347714548 ], [ 106.864686562042564, -6.342597871145635 ], [ 106.864686558600567, -6.342596913663121 ], [ 106.864685599872971, -6.342596438817708 ], [ 106.864685598153599, -6.34259596052856 ], [ 106.864685596434242, -6.34259548223933 ], [ 106.864685591272817, -6.34259404646775 ], [ 106.864685587834074, -6.342593089889339 ], [ 106.864685586114675, -6.342592611600192 ], [ 106.86468558095325, -6.342591175828579 ], [ 106.864685579233878, -6.342590697539415 ], [ 106.864685577514521, -6.342590219250218 ], [ 106.864685575795122, -6.342589740961054 ], [ 106.864685574075708, -6.342589262671872 ], [ 106.864685572353096, -6.342588783478589 ], [ 106.864685570633711, -6.342588305189424 ], [ 106.864685568914354, -6.342587826900259 ], [ 106.864685567195096, -6.342587348611078 ], [ 106.864685565475696, -6.342586870321899 ], [ 106.864685562033657, -6.342585912839416 ], [ 106.864685560314285, -6.342585434550268 ], [ 106.864686039270168, -6.342585432826822 ], [ 106.864686037550811, -6.342584954537657 ], [ 106.86468603411204, -6.342583997959312 ], [ 106.86468603239264, -6.342583519670147 ], [ 106.864686030670001, -6.342583040476847 ], [ 106.864686028950644, -6.342582562187665 ], [ 106.86468650528353, -6.342582082178222 ], [ 106.864686503564172, -6.342581603889059 ], [ 106.864686501844787, -6.342581125599894 ], [ 106.864686500125387, -6.342580647310747 ], [ 106.864686498402733, -6.342580168117396 ], [ 106.864686496683376, -6.342579689828267 ], [ 106.864686493244619, -6.342578733249921 ], [ 106.864686491525362, -6.342578254960739 ], [ 106.864686488083194, -6.342577297478292 ], [ 106.864686964416109, -6.342576817468866 ], [ 106.864686962696709, -6.342576339179686 ], [ 106.864687439029638, -6.342575859170309 ], [ 106.864687437310252, -6.342575380881129 ], [ 106.864687435590881, -6.342574902591949 ], [ 106.864687433868255, -6.342574423398714 ], [ 106.864687910201042, -6.342573943389323 ], [ 106.864687908481642, -6.342573465100144 ], [ 106.864687905042999, -6.342572508521815 ], [ 106.864687903323613, -6.342572030232636 ], [ 106.864688379653131, -6.342571549319091 ], [ 106.864688855170428, -6.342570591017283 ], [ 106.864688851731515, -6.342569634438957 ], [ 106.864688850012257, -6.342569156149775 ], [ 106.864689328064415, -6.342569154429531 ], [ 106.864689326341775, -6.342568675236214 ], [ 106.86468932462239, -6.342568196947101 ], [ 106.864689322903033, -6.342567718657836 ], [ 106.864689321183647, -6.342567240368706 ], [ 106.864690275568734, -6.342566758639137 ], [ 106.864690273849348, -6.34256628034994 ], [ 106.864690272126708, -6.342565801156624 ], [ 106.864690746740237, -6.342564842858103 ], [ 106.864690745020837, -6.342564364568923 ], [ 106.86469074330148, -6.342563886279725 ], [ 106.864690741582095, -6.34256340799058 ], [ 106.864691217911627, -6.342562927077002 ], [ 106.864691693428739, -6.342561968775195 ], [ 106.864691691709481, -6.342561490486081 ], [ 106.864691689990067, -6.34256101219692 ], [ 106.864691688270611, -6.342560533907724 ], [ 106.864691686548099, -6.342560054714406 ], [ 106.864692162880885, -6.342559574705048 ], [ 106.864692161161486, -6.34255909641587 ], [ 106.864692635775015, -6.342558138117316 ], [ 106.864692634052375, -6.342557658924 ], [ 106.864693110385161, -6.342557178914575 ], [ 106.864693108665804, -6.342556700625464 ], [ 106.864693106946405, -6.342556222336199 ], [ 106.864693105227033, -6.342555744047105 ], [ 106.864693583279333, -6.342555742326859 ], [ 106.864693581559806, -6.342555264037663 ], [ 106.864693578117908, -6.342554306555234 ], [ 106.864694054450695, -6.342553826545861 ], [ 106.864694529967835, -6.342552868243971 ], [ 106.864695006300593, -6.342552388234632 ], [ 106.86469500457811, -6.342551909041299 ], [ 106.864695002858724, -6.342551430752171 ], [ 106.864695479191496, -6.342550950742745 ], [ 106.864695477472111, -6.342550472453566 ], [ 106.864695475752754, -6.342549994164473 ], [ 106.86469595208554, -6.342549514155014 ], [ 106.864696426695815, -6.342548554952323 ], [ 106.86469642497643, -6.342548076663196 ], [ 106.864696899589816, -6.342547118364575 ], [ 106.864696897870459, -6.342546640075446 ], [ 106.864696896147819, -6.342546160882098 ], [ 106.86469689442842, -6.342545682592935 ], [ 106.864696892709048, -6.342545204303792 ], [ 106.864696890989649, -6.342544726014595 ], [ 106.864697366506917, -6.342543767712774 ], [ 106.864697842836463, -6.342543286799264 ], [ 106.864697841117078, -6.342542808510119 ], [ 106.864697839397692, -6.342542330220942 ], [ 106.864698314011079, -6.342541371922389 ], [ 106.864698788621354, -6.342540412719666 ], [ 106.864698786901869, -6.342539934430556 ], [ 106.864698785182483, -6.342539456141344 ], [ 106.864699259795998, -6.342538497842775 ], [ 106.864699736128784, -6.342538017833419 ], [ 106.864699734406145, -6.34253753864007 ], [ 106.864700211642671, -6.342537058627513 ], [ 106.864700209923285, -6.342536580338284 ], [ 106.864700208203899, -6.342536102049139 ], [ 106.864700684536714, -6.342535622039715 ], [ 106.864700682817315, -6.342535143750605 ], [ 106.864700681094689, -6.342534664557276 ], [ 106.864701157427604, -6.342534184547867 ], [ 106.864701153988818, -6.342533227969528 ], [ 106.864701152269433, -6.342532749680384 ], [ 106.864701628602219, -6.342532269670944 ], [ 106.864702104931737, -6.342531788757434 ], [ 106.86470210321238, -6.342531310468306 ], [ 106.864702577825781, -6.342530352169738 ], [ 106.864702576106396, -6.342529873880562 ], [ 106.864702572664385, -6.342528916398086 ], [ 106.864702570945113, -6.342528438108943 ], [ 106.864703048181497, -6.342527958096284 ], [ 106.864703522794926, -6.342526999797716 ], [ 106.864704473737987, -6.342525560585656 ], [ 106.864704472018474, -6.342525082296463 ], [ 106.864704950070774, -6.342525080576213 ], [ 106.864704946631988, -6.342524123997944 ], [ 106.864705422964803, -6.34252364398852 ], [ 106.864705421242164, -6.342523164795224 ], [ 106.864705896759276, -6.342522206493388 ], [ 106.86470589503989, -6.342521728204262 ], [ 106.864705893320533, -6.342521249915103 ], [ 106.864705891601147, -6.34252077162596 ], [ 106.86470636793068, -6.342520290712366 ], [ 106.86470636449188, -6.34251933413408 ], [ 106.864706842544066, -6.34251933241385 ], [ 106.864706840824709, -6.342518854124672 ], [ 106.864706839105324, -6.342518375835479 ], [ 106.864707313715471, -6.342517416632775 ], [ 106.864707311996071, -6.34251693834365 ], [ 106.864707788328857, -6.34251645833416 ], [ 106.8647077866095, -6.342515980045117 ], [ 106.864707784890115, -6.342515501755874 ], [ 106.864708259500262, -6.342514542553188 ], [ 106.864708736736759, -6.342514062540596 ], [ 106.864708735017402, -6.342513584251387 ], [ 106.864708733298016, -6.342513105962227 ], [ 106.864709687682961, -6.342512624232606 ], [ 106.864710162293093, -6.34251166502992 ], [ 106.864710638625922, -6.342511185020545 ], [ 106.864710636906523, -6.342510706731369 ], [ 106.864711111519924, -6.342509748432822 ], [ 106.864711109800567, -6.342509270143611 ], [ 106.86471158703381, -6.342508789226883 ], [ 106.864711585314438, -6.342508310937707 ], [ 106.864711583595039, -6.342507832648565 ], [ 106.864712059927825, -6.342507352639157 ], [ 106.86471253626064, -6.342506872629766 ], [ 106.864712534541113, -6.34250639434061 ], [ 106.864712532818473, -6.342505915147314 ], [ 106.864713009151387, -6.342505435137905 ], [ 106.864717304254697, -6.342498594253933 ], [ 106.864718016623343, -6.342497155900364 ], [ 106.864719449105948, -6.342496433754738 ], [ 106.864720878101053, -6.342494992822389 ], [ 106.864721593050476, -6.342494272354639 ], [ 106.86472230799977, -6.342493551886803 ], [ 106.864722305422262, -6.34249283490517 ], [ 106.864722302841628, -6.342492117019302 ], [ 106.864723016887339, -6.342491396554801 ], [ 106.864723726678477, -6.342489241219549 ], [ 106.864723724097843, -6.342488523333697 ], [ 106.864723721517066, -6.342487805447862 ], [ 106.864724433888995, -6.342486367998413 ], [ 106.86472443130836, -6.342485650112661 ], [ 106.86472442615009, -6.342484215245145 ], [ 106.864724423569442, -6.342483497359343 ], [ 106.864725135938087, -6.342482059005741 ], [ 106.864725847406262, -6.342480621559546 ], [ 106.864725844825529, -6.342479903673729 ], [ 106.864726559774923, -6.342479183205961 ], [ 106.8647272747275, -6.342478463642279 ], [ 106.864727272146723, -6.342477745756446 ], [ 106.864727987096003, -6.342477025288711 ], [ 106.864727984515369, -6.342476307402878 ], [ 106.864728695983587, -6.342474869956649 ], [ 106.864728690822162, -6.342473434185032 ], [ 106.864729403193962, -6.342471996735633 ], [ 106.864730835673313, -6.342471273685832 ], [ 106.864730830515171, -6.342469838818318 ], [ 106.8647322569294, -6.342467680000203 ], [ 106.864732251771258, -6.342466245132708 ], [ 106.864732966720553, -6.342465524664906 ], [ 106.864732961562424, -6.342464089797479 ], [ 106.864733679092453, -6.342464087215459 ], [ 106.864733676511719, -6.342463369329712 ], [ 106.864733673930928, -6.342462651443847 ], [ 106.86473438797664, -6.342461930979348 ], [ 106.864735102929174, -6.342461211415715 ], [ 106.864735095187015, -6.342459057758273 ], [ 106.864735810139578, -6.342458338194623 ], [ 106.864735804978167, -6.342456902422994 ], [ 106.864736519927462, -6.34245618195521 ], [ 106.864736517350096, -6.342455464973532 ], [ 106.86473794634496, -6.342454024041198 ], [ 106.864738653555335, -6.342451150820125 ], [ 106.864738648397207, -6.342449715952652 ], [ 106.864739363346359, -6.342448995484868 ], [ 106.864739360765711, -6.342448277599087 ], [ 106.864739355607583, -6.342446842731581 ], [ 106.864739350446172, -6.342445406960005 ], [ 106.864740064491741, -6.342444686495489 ], [ 106.864740061914247, -6.342443969513831 ], [ 106.864740776863528, -6.342443249046045 ], [ 106.864740774282893, -6.342442531160182 ], [ 106.864740769124637, -6.342441096292761 ], [ 106.864740766544003, -6.342440378406965 ], [ 106.864740758805098, -6.342438225653681 ], [ 106.864741476335126, -6.342438223071694 ], [ 106.864741468592968, -6.342436069414307 ], [ 106.864742180964768, -6.342434631964815 ], [ 106.86474217838402, -6.342433914079019 ], [ 106.864742175803386, -6.342433196193206 ], [ 106.86474216548369, -6.34243032555416 ], [ 106.864742876951908, -6.342428888107956 ], [ 106.864742869212975, -6.342426735354675 ], [ 106.864743586743018, -6.342426732772722 ], [ 106.864743579000859, -6.342424579115268 ], [ 106.864744288791911, -6.342422423780036 ], [ 106.864744286211277, -6.342421705894222 ], [ 106.86474428363374, -6.342420988912548 ], [ 106.864744281053092, -6.342420271026787 ], [ 106.864744998583063, -6.342420268444752 ], [ 106.864745712628618, -6.342419547980291 ], [ 106.864745710047856, -6.342418830094464 ], [ 106.864746425000405, -6.342418110530804 ], [ 106.864746417258232, -6.342415956873404 ], [ 106.86474641468088, -6.342415239891761 ], [ 106.864747127049284, -6.342413801538122 ], [ 106.864747121891099, -6.342412366670721 ], [ 106.864747834259674, -6.34241092831708 ], [ 106.864748543147101, -6.342408772985069 ], [ 106.86474853798569, -6.342407337213464 ], [ 106.864749250357477, -6.342405899764064 ], [ 106.8647492477767, -6.342405181878219 ], [ 106.864749242618572, -6.342403747010819 ], [ 106.864749954987118, -6.342402308657197 ], [ 106.86474995240647, -6.342401590771422 ], [ 106.864749949828948, -6.342400873789698 ], [ 106.864749947248214, -6.342400155903936 ], [ 106.864750662197494, -6.342399435436143 ], [ 106.864750659616718, -6.342398717550368 ], [ 106.86475137366557, -6.342397997989926 ], [ 106.864751371084793, -6.342397280104152 ], [ 106.864751368504017, -6.34239656221836 ], [ 106.86475208345334, -6.342395841750532 ], [ 106.864752078295155, -6.342394406883067 ], [ 106.864752793244364, -6.342393686415356 ], [ 106.864753508193559, -6.34239296594758 ], [ 106.864753505616036, -6.342392248965909 ], [ 106.864753503035374, -6.342391531080097 ], [ 106.864753500454739, -6.342390813194238 ], [ 106.864754214500223, -6.342390092729765 ], [ 106.864754209342053, -6.342388657862301 ], [ 106.864754921710457, -6.342387219508733 ], [ 106.864754919133091, -6.342386502527043 ], [ 106.864755634082258, -6.3423857820593 ], [ 106.864755631501509, -6.342385064173492 ], [ 106.864755628920861, -6.342384346287684 ], [ 106.864756341292662, -6.342382908838219 ], [ 106.864756338711899, -6.342382190952411 ], [ 106.86475704759917, -6.342380035620425 ], [ 106.864757042437816, -6.342378599848792 ], [ 106.864757039857153, -6.342377881963035 ], [ 106.864757754809574, -6.342377162399412 ], [ 106.864757749648049, -6.342375726627798 ], [ 106.86475846201985, -6.34237428917837 ], [ 106.864758456858468, -6.342372853406754 ], [ 106.864759885856344, -6.342371413378558 ], [ 106.864759880694919, -6.342369977606928 ], [ 106.864760595644114, -6.342369257139236 ], [ 106.86476059306662, -6.342368540157583 ], [ 106.864761305435138, -6.342367101804 ], [ 106.864761300276854, -6.342365666936526 ], [ 106.864762012645414, -6.342364228582911 ], [ 106.864762724113476, -6.34236279113675 ], [ 106.864762718951937, -6.342361355365139 ], [ 106.864762716371288, -6.342360637479384 ], [ 106.864763431323638, -6.342359917915712 ], [ 106.864764141111408, -6.342357761676327 ], [ 106.864764856063843, -6.34235704211267 ], [ 106.864765567528508, -6.34235560376236 ], [ 106.864766277319561, -6.34235344842718 ], [ 106.864766992268727, -6.34235272795937 ], [ 106.864767707217766, -6.34235200749156 ], [ 106.86476842126649, -6.342351287931224 ], [ 106.864769131054274, -6.342349131691839 ], [ 106.864769843425918, -6.342347694242396 ], [ 106.864770558375113, -6.342346973774585 ], [ 106.864770555794351, -6.3423462558888 ], [ 106.864771269843061, -6.342345536328443 ], [ 106.864771267262284, -6.342344818442658 ], [ 106.864771982211337, -6.342344097974864 ], [ 106.864772694582996, -6.342342660525372 ], [ 106.864772692002362, -6.342341942639569 ], [ 106.864773404370766, -6.34234050428604 ], [ 106.864774835949319, -6.342339782143659 ], [ 106.864774833368557, -6.342339064257873 ], [ 106.864775548317752, -6.342338343790061 ], [ 106.864776260689283, -6.342336906340618 ], [ 106.864776258108648, -6.342336188454818 ], [ 106.864777687103171, -6.342334747522511 ], [ 106.864777684525635, -6.342334030540883 ], [ 106.864777681945, -6.342333312655048 ], [ 106.864778396894053, -6.342332592187303 ], [ 106.864778394313305, -6.342331874301486 ], [ 106.864779106684978, -6.342330436852009 ], [ 106.864779820730305, -6.34232971638755 ], [ 106.864779812991529, -6.342327563634321 ], [ 106.864780527940596, -6.342326843166491 ], [ 106.864780525359819, -6.342326125280676 ], [ 106.864781952680531, -6.342323967363522 ], [ 106.864782666726001, -6.342323246898944 ], [ 106.864782664148478, -6.342322529917298 ], [ 106.864783376516783, -6.342321091563754 ], [ 106.864783373936149, -6.342320373677921 ], [ 106.864784086307679, -6.342318936228496 ], [ 106.864784083727031, -6.342318218342749 ], [ 106.86478479609859, -6.342316780893259 ], [ 106.864785510144031, -6.342316060428765 ], [ 106.864785507563298, -6.342315342542931 ], [ 106.864786219934828, -6.342313905093508 ], [ 106.864786934883881, -6.342313184625746 ], [ 106.864787649832934, -6.342312464157966 ], [ 106.8647876472523, -6.342311746272118 ], [ 106.864788361300882, -6.342311026711744 ], [ 106.864789791199001, -6.342309585776181 ], [ 106.864789786040859, -6.342308150908742 ], [ 106.864791212454463, -6.342305992090618 ], [ 106.864791207296335, -6.342304557223213 ], [ 106.864791919664626, -6.342303118869636 ], [ 106.864791917087118, -6.342302401888029 ], [ 106.864791914506469, -6.3423016840022 ], [ 106.864792629455408, -6.342300963534418 ], [ 106.864792624297266, -6.342299528666947 ], [ 106.864792621716603, -6.342298810781203 ], [ 106.864793334084936, -6.342297372427611 ], [ 106.864794048133518, -6.342296652867253 ], [ 106.864794042971994, -6.342295217095662 ], [ 106.864794757921018, -6.342294496627866 ], [ 106.86479475276289, -6.342293061760445 ], [ 106.864795465131209, -6.342291623406871 ], [ 106.864795462553673, -6.342290906425197 ], [ 106.864796891548067, -6.342289465492854 ], [ 106.864796886389797, -6.342288030625505 ], [ 106.864796883809149, -6.34228731273966 ], [ 106.864797598758216, -6.342286592271913 ], [ 106.864797593599945, -6.342285157404445 ], [ 106.864797591019311, -6.342284439518719 ], [ 106.864798305968264, -6.342283719050922 ], [ 106.864799020917317, -6.342282998583092 ], [ 106.864799018339795, -6.342282281601468 ], [ 106.864799015759047, -6.34228156371566 ], [ 106.864799013178398, -6.342280845829881 ], [ 106.864799010597622, -6.34228012794409 ], [ 106.86479972206547, -6.342278690497974 ], [ 106.864799719484694, -6.342277972612163 ], [ 106.864799716904045, -6.342277254726403 ], [ 106.864799711745917, -6.342275819858954 ], [ 106.86479970916514, -6.342275101973144 ], [ 106.864799706584392, -6.34227438408735 ], [ 106.8648004215367, -6.342273664523725 ], [ 106.864800418955923, -6.342272946637934 ], [ 106.864801131324228, -6.342271508284379 ], [ 106.864801128746734, -6.342270791302722 ], [ 106.864801121004547, -6.342268637645396 ], [ 106.864801115846404, -6.342267202777929 ], [ 106.864801830795329, -6.342266482310153 ], [ 106.864801825633933, -6.342265046538635 ], [ 106.864801823056453, -6.342264329556961 ], [ 106.864801820475805, -6.342263611671187 ], [ 106.864802529362876, -6.342261456339231 ], [ 106.864802526782228, -6.342260738453421 ], [ 106.864803239150376, -6.342259300099905 ], [ 106.864803236573024, -6.342258583118231 ], [ 106.864803951521935, -6.34225786265044 ], [ 106.864803948941173, -6.342257144764716 ], [ 106.864804661312732, -6.342255707315268 ], [ 106.864804658731984, -6.342254989429493 ], [ 106.864805372777298, -6.342254268964919 ], [ 106.864805370196549, -6.342253551079161 ], [ 106.86480608256808, -6.342252113629731 ], [ 106.864806787197338, -6.342248522522963 ], [ 106.864806784616704, -6.342247804637203 ], [ 106.864807496988107, -6.342246367187743 ], [ 106.864807489249245, -6.342244214434573 ], [ 106.864808918243511, -6.342242773502208 ], [ 106.864808915662863, -6.342242055616452 ], [ 106.864808913085341, -6.342241338634816 ], [ 106.864808907923816, -6.342239902863287 ], [ 106.864810335244314, -6.342237744946051 ], [ 106.864811047612477, -6.342236306592453 ], [ 106.864811045035083, -6.342235589610833 ], [ 106.864811039873572, -6.342234153839271 ], [ 106.86481174876063, -6.342231998507324 ], [ 106.864811743599262, -6.342230562735778 ], [ 106.864812458551427, -6.342229843172158 ], [ 106.864812455970679, -6.342229125286353 ], [ 106.864812453390044, -6.342228407400579 ], [ 106.864813168338969, -6.342227686932773 ], [ 106.86481316060005, -6.342225534179627 ], [ 106.864813875549004, -6.342224813711787 ], [ 106.864813870390748, -6.342223378844413 ], [ 106.864813867810085, -6.342222660958624 ], [ 106.864814581855299, -6.342221940494103 ], [ 106.864815289065319, -6.342219067273087 ], [ 106.864815286487811, -6.342218350291502 ], [ 106.864815998856002, -6.342216911937892 ], [ 106.864815996275212, -6.342216194052138 ], [ 106.864815991117069, -6.342214759184748 ], [ 106.864816706066009, -6.342214038716926 ], [ 106.864817420111251, -6.342213318252442 ], [ 106.864817414953066, -6.342211883384968 ], [ 106.864818127321257, -6.342210445031475 ], [ 106.864818842273451, -6.342209725467823 ], [ 106.864818837111926, -6.342208289696199 ], [ 106.864818834531292, -6.342207571810446 ], [ 106.864819549483371, -6.342206852246846 ], [ 106.864819546902723, -6.342206134361024 ], [ 106.86481954174117, -6.342204698589518 ], [ 106.864819539163804, -6.342203981607867 ], [ 106.864820253209018, -6.342203261143316 ], [ 106.864820250628242, -6.342202543257545 ], [ 106.864820248047494, -6.342201825371792 ], [ 106.864820245470099, -6.342201108390109 ], [ 106.864820242889351, -6.34220039050439 ], [ 106.864820957838276, -6.342199670036584 ], [ 106.864825225995077, -6.342189607763543 ], [ 106.864825940040319, -6.342188887298955 ], [ 106.864828082309501, -6.342186008914028 ], [ 106.864829511303526, -6.342184567981718 ], [ 106.86482950872599, -6.342183851000088 ], [ 106.864830221094039, -6.342182412646499 ], [ 106.864830936043006, -6.342181692178741 ], [ 106.864830933465512, -6.342180975197129 ], [ 106.864830930884722, -6.342180257311346 ], [ 106.864830928304073, -6.342179539425564 ], [ 106.864831642349188, -6.342178818961043 ], [ 106.864831639771651, -6.342178101979397 ], [ 106.864832352139828, -6.342176663625807 ], [ 106.864832349559066, -6.342175945740092 ], [ 106.864833064511259, -6.342175226176439 ], [ 106.864833061930526, -6.342174508290622 ], [ 106.864833774298575, -6.342173069937103 ], [ 106.864833771721166, -6.342172352955474 ], [ 106.864834483185646, -6.342170914605204 ], [ 106.864835200715063, -6.342170912023179 ], [ 106.864835913086509, -6.342169474573713 ], [ 106.86483662803532, -6.342168754105939 ], [ 106.864837342080421, -6.342168033641485 ], [ 106.864837339499786, -6.342167315755685 ], [ 106.86483733692225, -6.342166598774043 ], [ 106.864838051871089, -6.342165878306252 ], [ 106.864838766819901, -6.342165157838442 ], [ 106.864839476610555, -6.342163002503312 ], [ 106.864839471449031, -6.34216156673177 ], [ 106.864840180336003, -6.342159411399808 ], [ 106.864840895284786, -6.342158690932052 ], [ 106.864840887545881, -6.342156538178831 ], [ 106.864841597336408, -6.342154382843686 ], [ 106.864841594755788, -6.342153664957923 ], [ 106.864843021172192, -6.342151507043988 ], [ 106.864843736121003, -6.34215078657623 ], [ 106.864843728382098, -6.342148633823032 ], [ 106.864843723220702, -6.342147198051475 ], [ 106.864844433011243, -6.342145042716315 ], [ 106.864845147960025, -6.342144322248526 ], [ 106.864845862005154, -6.34214360178397 ], [ 106.864845854266107, -6.342141449030824 ], [ 106.864845851685473, -6.342140731145062 ], [ 106.864847281586265, -6.34213929111362 ], [ 106.864847276424825, -6.342137855342115 ], [ 106.864847986215395, -6.342135700006926 ], [ 106.864848697682973, -6.342134262560782 ], [ 106.864848695102225, -6.342133544675022 ], [ 106.864849407470274, -6.342132106321455 ], [ 106.864850834790388, -6.342129948404271 ], [ 106.864851548835489, -6.342129227939766 ], [ 106.864852261206792, -6.34212779049032 ], [ 106.864852965835809, -6.342124199383664 ], [ 106.864853678207112, -6.342122761934236 ], [ 106.864854389671436, -6.342121323583906 ], [ 106.864854387090688, -6.342120605698215 ], [ 106.864855809252546, -6.342117012913619 ], [ 106.864856519039847, -6.342114856674347 ], [ 106.864856516462325, -6.342114139692643 ], [ 106.864857227926635, -6.342112701342346 ], [ 106.864858652665887, -6.342109825539391 ], [ 106.864858644926869, -6.342107672786274 ], [ 106.864859359875709, -6.342106952318503 ], [ 106.864860073920667, -6.342106231853965 ], [ 106.864860786291956, -6.342104794404538 ], [ 106.864860778553052, -6.342102641651406 ], [ 106.864861493501735, -6.342101921183633 ], [ 106.864861488340225, -6.342100485412073 ], [ 106.864861485762717, -6.342099768430487 ], [ 106.864862198130766, -6.342098330076942 ], [ 106.864862904436833, -6.342095456859292 ], [ 106.864863619385517, -6.342094736391505 ], [ 106.864863616808023, -6.342094019409835 ], [ 106.864865044124755, -6.342091860588535 ], [ 106.864865758173011, -6.342091141028169 ], [ 106.864866470540917, -6.342089702674641 ], [ 106.864866465382761, -6.342088267807251 ], [ 106.864867180331473, -6.342087547339464 ], [ 106.864867177750696, -6.342086829453642 ], [ 106.864867892699408, -6.342086108985921 ], [ 106.864869319115542, -6.342083951071992 ], [ 106.864870034064239, -6.342083230604202 ], [ 106.864870743854766, -6.342081075268991 ], [ 106.864870741274046, -6.342080357383238 ], [ 106.864871452741482, -6.342078919937118 ], [ 106.864872885219654, -6.342078196887339 ], [ 106.864873600168309, -6.342077476419512 ], [ 106.864873597590829, -6.342076759437881 ], [ 106.864874311635802, -6.342076038973374 ], [ 106.864874309055068, -6.342075321087624 ], [ 106.864875021426215, -6.342073883638251 ], [ 106.864875733794179, -6.342072445284674 ], [ 106.864876446165354, -6.3420710078353 ], [ 106.864877160210341, -6.342070287370761 ], [ 106.864877875159024, -6.34206956690295 ], [ 106.86487930505956, -6.342068126871516 ], [ 106.864880731472425, -6.342065968053463 ], [ 106.864880728894931, -6.342065251071887 ], [ 106.864881443843629, -6.342064530604056 ], [ 106.864882156211436, -6.342063092250513 ], [ 106.864882867678915, -6.342061654804409 ], [ 106.864882865098139, -6.342060936918612 ], [ 106.864883580046836, -6.342060216450866 ], [ 106.864884294998802, -6.342059496887208 ], [ 106.864885009947358, -6.342058776419428 ], [ 106.864885004785847, -6.342057340647901 ], [ 106.864885718834088, -6.342056621087509 ], [ 106.864885716253298, -6.342055903201762 ], [ 106.864885713672535, -6.342055185315965 ], [ 106.864887143573057, -6.342053745284593 ], [ 106.864887140992423, -6.342053027398797 ], [ 106.864888567408485, -6.342050869484879 ], [ 106.864889279776264, -6.342049431131302 ], [ 106.864889994724976, -6.342048710663524 ], [ 106.864889992147454, -6.342047993681931 ], [ 106.864890707096052, -6.342047273214167 ], [ 106.864891423721758, -6.34204727063535 ], [ 106.864891418560248, -6.342045834863843 ], [ 106.864892848460656, -6.342044394832385 ], [ 106.864892845880021, -6.342043676946623 ], [ 106.864892843299117, -6.342042959060895 ], [ 106.864893560828577, -6.342042956478839 ], [ 106.864894989825387, -6.342041516450631 ], [ 106.864894984663735, -6.342040080679213 ], [ 106.864895702193195, -6.342040078097138 ], [ 106.864896414564257, -6.342038640647733 ], [ 106.864897123447705, -6.342036484411715 ], [ 106.864897120870211, -6.342035767430111 ], [ 106.864897835818766, -6.342035046962294 ], [ 106.864898548186588, -6.342033608608785 ], [ 106.864899265715906, -6.342033606026727 ], [ 106.86489926055765, -6.342032171159361 ], [ 106.864899974602608, -6.342031450694863 ], [ 106.864900692131954, -6.342031448112806 ], [ 106.864900686973698, -6.342030013245457 ], [ 106.8649021194516, -6.342029290195615 ], [ 106.864902116870837, -6.34202857230984 ], [ 106.864902830915682, -6.342027851845324 ], [ 106.864902828338188, -6.342027134863702 ], [ 106.864903543286744, -6.342026414395935 ], [ 106.864904255654565, -6.342024976042343 ], [ 106.864904973183897, -6.342024973460296 ], [ 106.864904970606389, -6.342024256478676 ], [ 106.864904968025613, -6.342023538592969 ], [ 106.86490568465122, -6.342023536014176 ], [ 106.864905682070486, -6.342022818128437 ], [ 106.864905676912215, -6.342021383261059 ], [ 106.864906391860799, -6.342020662793258 ], [ 106.864906389280023, -6.342019944907536 ], [ 106.864907104228578, -6.342019224439714 ], [ 106.864907819180416, -6.342018504876083 ], [ 106.864907816599668, -6.342017786990359 ], [ 106.864908530644527, -6.342017066525825 ], [ 106.864909960544907, -6.342015626494337 ], [ 106.864909955383396, -6.34201419072286 ], [ 106.864911384380051, -6.34201275069464 ], [ 106.864911381799317, -6.342012032808921 ], [ 106.864912094166996, -6.342010594455378 ], [ 106.864912806538058, -6.34200915700599 ], [ 106.864913516328272, -6.342007001670816 ], [ 106.864914230373088, -6.342006281206261 ], [ 106.864915657692762, -6.342004123289087 ], [ 106.864917801634604, -6.342001961888938 ], [ 106.864918514005566, -6.342000524439548 ], [ 106.864918511424818, -6.341999806553796 ], [ 106.864919226373374, -6.341999086086022 ], [ 106.864920655369957, -6.341997646057781 ], [ 106.864922082689461, -6.341995488140566 ], [ 106.864922797638016, -6.341994767672825 ], [ 106.864923511682761, -6.341994047208252 ], [ 106.86492493900225, -6.341991889291019 ], [ 106.864924936421531, -6.341991171405337 ], [ 106.864925651369987, -6.341990450937477 ], [ 106.864926365418071, -6.341989731377089 ], [ 106.864926362837338, -6.341989013491339 ], [ 106.864927077785779, -6.341988293023578 ], [ 106.864927790156713, -6.341986855574191 ], [ 106.864928505105297, -6.341986135106398 ], [ 106.864929216569251, -6.341984696756056 ], [ 106.864929928940214, -6.341983259306667 ], [ 106.864930643888655, -6.34198253883889 ], [ 106.864930641307893, -6.341981820953125 ], [ 106.864931356259589, -6.3419811013895 ], [ 106.864932070304462, -6.341980380924906 ], [ 106.864932782672142, -6.341978942571413 ], [ 106.864933495043104, -6.341977505121941 ], [ 106.864934209991532, -6.341976784654213 ], [ 106.864934207410784, -6.34197606676845 ], [ 106.864935633826448, -6.341973908854518 ], [ 106.864936348774904, -6.34197318838672 ], [ 106.864936343616634, -6.341971753519331 ], [ 106.864937772609963, -6.34197031258699 ], [ 106.864937770032327, -6.341969595605382 ], [ 106.864938484980783, -6.341968875137601 ], [ 106.864939202509987, -6.341968872555548 ], [ 106.864939197348463, -6.341967436784058 ], [ 106.864939912300159, -6.341966717220397 ], [ 106.864940623764127, -6.341965278870108 ], [ 106.864940621183379, -6.341964560984382 ], [ 106.864941333554199, -6.341963123534942 ], [ 106.864942766031859, -6.341962400485089 ], [ 106.864943472337586, -6.341959527267483 ], [ 106.864944184708506, -6.34195808981806 ], [ 106.864944899656862, -6.341957369350294 ], [ 106.864944897076086, -6.341956651464537 ], [ 106.864945609447048, -6.341955214015097 ], [ 106.864946320910846, -6.341953775664826 ], [ 106.864947035859458, -6.341953055197008 ], [ 106.864948463178735, -6.341950897279855 ], [ 106.864949174645844, -6.341949459833652 ], [ 106.864949172065067, -6.341948741947978 ], [ 106.864949887013523, -6.341948021480161 ], [ 106.864950599384343, -6.341946584030723 ], [ 106.864951314332814, -6.341945863562938 ], [ 106.864951311752037, -6.341945145677232 ], [ 106.864952023219132, -6.341943708231097 ], [ 106.864952738167588, -6.34194298776326 ], [ 106.864953450535168, -6.341941549409738 ], [ 106.864954165486864, -6.341940829846055 ], [ 106.864954879531467, -6.341940109381471 ], [ 106.864954876950733, -6.341939391495731 ], [ 106.864955591899189, -6.341938671027962 ], [ 106.864955589321568, -6.341937954046379 ], [ 106.864957019218338, -6.341936513110722 ], [ 106.864957016637561, -6.341935795224968 ], [ 106.864957733263068, -6.341935792646155 ], [ 106.864957730685546, -6.341935075664568 ], [ 106.864958443053112, -6.341933637311027 ], [ 106.864959155423946, -6.341932199861676 ], [ 106.864959152843213, -6.341931481975904 ], [ 106.864959867791512, -6.341930761508118 ], [ 106.864960584417005, -6.341930758929301 ], [ 106.864960579255353, -6.341929323157828 ], [ 106.864961294207092, -6.341928603594161 ], [ 106.86496200915542, -6.341927883126355 ], [ 106.864962006574629, -6.341927165240602 ], [ 106.864963430409318, -6.341924289440912 ], [ 106.864964862886865, -6.341923566391018 ], [ 106.864964860309371, -6.341922849409469 ], [ 106.864965577838419, -6.341922846827366 ], [ 106.864966291883178, -6.341922126362826 ], [ 106.864966289302302, -6.341921408477093 ], [ 106.864967721779848, -6.341920685427179 ], [ 106.864968436731417, -6.341919965863458 ], [ 106.864969150776162, -6.341919245398918 ], [ 106.8649698631436, -6.341917807045427 ], [ 106.864970578095338, -6.34191708748172 ], [ 106.864971293043652, -6.341916367013894 ], [ 106.864972007088255, -6.34191564654932 ], [ 106.864972722036583, -6.341914926081476 ], [ 106.86497343698818, -6.341914206517837 ], [ 106.864974154517384, -6.341914203935739 ], [ 106.864974868562015, -6.341913483471196 ], [ 106.864974865981253, -6.341912765585447 ], [ 106.864975583510343, -6.341912763003334 ], [ 106.864975580929553, -6.341912045117669 ], [ 106.864976298458657, -6.341912042535555 ], [ 106.864977730035733, -6.341911320393014 ], [ 106.864978444984104, -6.341910599925201 ], [ 106.864979159932417, -6.341909879457334 ], [ 106.864979877461508, -6.341909876875215 ], [ 106.864980591506225, -6.34190915641067 ], [ 106.864982026564405, -6.341909151246478 ], [ 106.864982744093624, -6.341909148664353 ], [ 106.864983460718989, -6.341909146085549 ], [ 106.864984178248221, -6.341909143503441 ], [ 106.864984893199818, -6.34190842393969 ], [ 106.864985610728908, -6.341908421357581 ], [ 106.864987044883492, -6.34190841619666 ], [ 106.864987762412582, -6.341908413614549 ], [ 106.864988479941786, -6.341908411032434 ], [ 106.864989196567294, -6.341908408453555 ], [ 106.86498991409637, -6.34190840587144 ], [ 106.864991346573817, -6.341907682821512 ], [ 106.864992063199296, -6.34190768024263 ], [ 106.864992780728386, -6.341907677660511 ], [ 106.86499349825759, -6.341907675078406 ], [ 106.86499421578668, -6.341907672496218 ], [ 106.864994932412216, -6.341907669917397 ], [ 106.864996367470368, -6.341907664753117 ], [ 106.86499636488962, -6.341906946867393 ], [ 106.864997082418711, -6.341906944285303 ], [ 106.86499779904419, -6.341906941706446 ], [ 106.86499851657328, -6.341906939124269 ], [ 106.86499923410237, -6.34190693654219 ], [ 106.864999949050713, -6.341906216074341 ], [ 106.865000665676092, -6.341906213495463 ], [ 106.865002100734387, -6.341906208331182 ], [ 106.865002818263477, -6.341906205749067 ], [ 106.865003534888956, -6.341906203170185 ], [ 106.865004252418075, -6.341906200588017 ], [ 106.865004969947165, -6.341906198005899 ], [ 106.865004967369657, -6.341905481024332 ], [ 106.865005684898762, -6.341905478442213 ], [ 106.865006401524226, -6.341905475863343 ], [ 106.865007116472455, -6.341904755395488 ], [ 106.865007831420684, -6.341904034927596 ], [ 106.865008548949888, -6.341904032345491 ], [ 106.865009262994491, -6.341903311880867 ], [ 106.865009980523581, -6.341903309298758 ], [ 106.865010698052686, -6.341903306716584 ], [ 106.86501141300414, -6.341902587152894 ], [ 106.865012129629633, -6.341902584574002 ], [ 106.865012847158724, -6.341902581991824 ], [ 106.865012844577848, -6.341901864106142 ], [ 106.865014277055266, -6.341901141056167 ], [ 106.865014993680774, -6.341901138477271 ], [ 106.865015711209878, -6.341901135895105 ], [ 106.865016426158064, -6.341900415427225 ], [ 106.865017143687155, -6.341900412845109 ], [ 106.865017860312676, -6.341900410266225 ], [ 106.865018577841738, -6.341900407684041 ], [ 106.865018575264145, -6.341899690702463 ], [ 106.865039057950113, -6.341876902034847 ], [ 106.86505247233481, -6.341817286560027 ], [ 106.865075143128536, -6.341738261843665 ], [ 106.865104816457659, -6.34169813376977 ], [ 106.865145910776022, -6.34166982794349 ], [ 106.865226155801608, -6.341643703072681 ], [ 106.865275622821699, -6.341635988953871 ], [ 106.865325089842074, -6.341628275734869 ], [ 106.865372446851552, -6.341632411754492 ], [ 106.865445607012404, -6.341630712641143 ], [ 106.865508567066172, -6.341585273116054 ], [ 106.865562239368273, -6.341550272875745 ], [ 106.865615912565744, -6.341515272628715 ], [ 106.865679525595198, -6.341451888797035 ], [ 106.865710800423429, -6.341372114313553 ], [ 106.865718457790791, -6.341325211116925 ], [ 106.865735578011126, -6.341280881424247 ], [ 106.865755507619454, -6.341237749562635 ], [ 106.865775437225224, -6.341194617700993 ], [ 106.865828270253644, -6.341125531322903 ], [ 106.865866842402355, -6.34108017866728 ], [ 106.86590772530468, -6.341017739213327 ], [ 106.865948165254821, -6.340955012025686 ], [ 106.86597300306056, -6.340880284172385 ], [ 106.865980691836796, -6.340824278794847 ], [ 106.865986906530466, -6.340777277723213 ], [ 106.86599685401589, -6.34073092324315 ], [ 106.866010777320852, -6.340680925195 ], [ 106.866025187311649, -6.340631065538398 ], [ 106.866045776073321, -6.340584274021555 ], [ 106.866074361263102, -6.340541896708342 ], [ 106.866152446622891, -6.340513626752038 ], [ 106.86620660401141, -6.340513790725109 ], [ 106.866260761398337, -6.34051395469251 ], [ 106.866319131541488, -6.340521578088429 ], [ 106.86637703168482, -6.34053219499932 ], [ 106.866463133588724, -6.340539062115636 ], [ 106.86653414335747, -6.340523966625899 ], [ 106.866599976053863, -6.340493356488373 ], [ 106.86664241586945, -6.340453016044711 ], [ 106.86667856975572, -6.340406952368002 ], [ 106.866698179913072, -6.340346642819355 ], [ 106.86670323098447, -6.340283424610689 ], [ 106.866672377169621, -6.340214399955713 ], [ 106.866640966239217, -6.340180672570706 ], [ 106.866605202705387, -6.340151606373527 ], [ 106.866576400558813, -6.340121090167827 ], [ 106.866553309276497, -6.340082897061903 ], [ 106.866564873322915, -6.340018424852127 ], [ 106.866576436464982, -6.339953952646106 ], [ 106.866588000510149, -6.339889480437197 ], [ 106.866598481161702, -6.339807962589393 ], [ 106.86660080184754, -6.339725805051889 ], [ 106.866591154658266, -6.339650115488072 ], [ 106.866574438715816, -6.339575668357969 ], [ 106.866550224454997, -6.339491070214824 ], [ 106.866526009302163, -6.339406472071221 ], [ 106.866498992073772, -6.339340543842702 ], [ 106.866471975758031, -6.339274615607465 ], [ 106.866441107560178, -6.339230454161383 ], [ 106.866403771771047, -6.339191611596281 ], [ 106.866356672832723, -6.339126233936879 ], [ 106.866331152631332, -6.339077523439538 ], [ 106.86630563243898, -6.339028813843616 ], [ 106.86626805111591, -6.338967169499232 ], [ 106.866230469806354, -6.338905526053449 ], [ 106.866192887600064, -6.338843881701281 ], [ 106.866155306307746, -6.338782237340462 ], [ 106.866118875362574, -6.338724596024203 ], [ 106.866082443522814, -6.338666954706075 ], [ 106.866039784271024, -6.338610050072413 ], [ 106.866002400505693, -6.338549545111378 ], [ 106.865976389431196, -6.338497248679052 ], [ 106.865950378363095, -6.3384449522438 ], [ 106.865921139500699, -6.338391955855044 ], [ 106.865886169697347, -6.338342556900447 ], [ 106.865842389979164, -6.338294719462807 ], [ 106.865788315357932, -6.338258941538572 ], [ 106.865741594036635, -6.338232196728347 ], [ 106.865694872722614, -6.338205452816572 ], [ 106.865661035309145, -6.338168884166683 ], [ 106.86562861306497, -6.338131052749486 ], [ 106.865602531546259, -6.33807346997093 ], [ 106.865584509195244, -6.338012875405717 ], [ 106.865574882610446, -6.337950393511094 ], [ 106.86557713096343, -6.337877462132204 ], [ 106.865580743543077, -6.337829075318383 ], [ 106.865581565060737, -6.337780561114601 ], [ 106.865569557201198, -6.337719572398252 ], [ 106.865544080774541, -6.337662878018707 ], [ 106.865522893148551, -6.337588794971054 ], [ 106.865526850285534, -6.337525386277078 ], [ 106.865530806523338, -6.337461978490662 ], [ 106.865559535087826, -6.33739161367247 ], [ 106.865604215047441, -6.337330140747731 ], [ 106.865646051183532, -6.337270206065087 ], [ 106.86567908266224, -6.337204997504815 ], [ 106.865689699351137, -6.33714870040801 ], [ 106.865693738623122, -6.337091552659702 ], [ 106.865704913311617, -6.337011734815057 ], [ 106.865718989605483, -6.336932378499265 ], [ 106.865734009647724, -6.336853858744224 ], [ 106.865710928951458, -6.336818537077673 ], [ 106.865636673337548, -6.336805660558293 ], [ 106.865563531026822, -6.336787489842636 ], [ 106.86550607188309, -6.336777255390942 ], [ 106.865450572722622, -6.336759189370518 ], [ 106.865398717698852, -6.336701004862626 ], [ 106.865377966378617, -6.336655519383741 ], [ 106.865368728520139, -6.336606380417457 ], [ 106.865376081109758, -6.336520651418753 ], [ 106.865395855760141, -6.336436912987699 ], [ 106.865420134163742, -6.336375494477918 ], [ 106.865449315670276, -6.33631625089845 ], [ 106.865483208290883, -6.336259572627838 ], [ 106.865527764496406, -6.336217997802274 ], [ 106.865572814225601, -6.336176958264809 ], [ 106.865615700653947, -6.336134700478943 ], [ 106.865649924528626, -6.336077163880487 ], [ 106.865681896586239, -6.336013894030155 ], [ 106.865713867730705, -6.33595062327919 ], [ 106.865745839775968, -6.335887353429247 ], [ 106.86577476205747, -6.335818353198249 ], [ 106.865803684333244, -6.33574935296777 ], [ 106.86581779298713, -6.335683276693794 ], [ 106.865810874159209, -6.335621103315776 ], [ 106.865803956238864, -6.33555892993379 ], [ 106.865797488865738, -6.33548910039956 ], [ 106.865791021493962, -6.335419269960425 ], [ 106.865783728169447, -6.335365038168822 ], [ 106.865769596131017, -6.335312175442369 ], [ 106.865749209376602, -6.335228041683609 ], [ 106.86574319193187, -6.33514484357717 ], [ 106.865747654218282, -6.335061548108243 ], [ 106.86575042369833, -6.335033787985703 ], [ 106.865737753717397, -6.334967808017063 ], [ 106.865718421962555, -6.33491094232497 ], [ 106.865699089309786, -6.334854076634011 ], [ 106.86567718305912, -6.334800005881038 ], [ 106.865644206326209, -6.334751886265229 ], [ 106.865600522270782, -6.334705155042403 ], [ 106.865556838226709, -6.334658424717595 ], [ 106.865513738047355, -6.334632597135927 ], [ 106.865466778805327, -6.334614731805923 ], [ 106.865390778134255, -6.334584644609015 ], [ 106.865313550407365, -6.334557869190379 ], [ 106.865256344448056, -6.334524707196201 ], [ 106.865200448294317, -6.334489379566406 ], [ 106.865120923255304, -6.334449475070389 ], [ 106.865081608764299, -6.334420909628694 ], [ 106.865051262563469, -6.334371481232124 ], [ 106.865011461806503, -6.334329300125404 ], [ 106.864962051525751, -6.334285939279722 ], [ 106.86491264034926, -6.334242578430207 ], [ 106.864853145492191, -6.33418729190791 ], [ 106.864836762879904, -6.334152902665108 ], [ 106.864799346862668, -6.334120503099693 ], [ 106.864751417126854, -6.334090054496382 ], [ 106.864710237932073, -6.334041983246887 ], [ 106.864671682630515, -6.333991780521864 ], [ 106.864637536558618, -6.333937838656289 ], [ 106.864603390498075, -6.333883897690397 ], [ 106.864563329246678, -6.333816959114301 ], [ 106.864515895640338, -6.333755030698857 ], [ 106.864472783212378, -6.333710652583406 ], [ 106.864420931446062, -6.33367690702574 ], [ 106.864351901388758, -6.333658991562878 ], [ 106.864281198687507, -6.333649658870224 ], [ 106.864224747369136, -6.333643163729724 ], [ 106.864194718754689, -6.3336038795771 ], [ 106.86419267904364, -6.333535109981438 ], [ 106.864169244604653, -6.333501104074698 ], [ 106.864111848373994, -6.333497722589218 ], [ 106.86404541076466, -6.333473440679736 ], [ 106.864001058582332, -6.333440407720949 ], [ 106.863956705501366, -6.333407374759886 ], [ 106.863909438907939, -6.333394984976717 ], [ 106.863879450817777, -6.333366984449619 ], [ 106.863858876052802, -6.333333337142888 ], [ 106.86381708549952, -6.333265449895515 ], [ 106.863775294055159, -6.333197562644681 ], [ 106.863730509768189, -6.333127451074572 ], [ 106.863685725498186, -6.333057340401005 ], [ 106.863674183606392, -6.333005948326425 ], [ 106.863668040432728, -6.332959620903615 ], [ 106.863661896357627, -6.332913293483631 ], [ 106.863651560765476, -6.332864888005704 ], [ 106.863620820928091, -6.33279382906139 ], [ 106.863580885971146, -6.332742887937788 ], [ 106.863535591873131, -6.332696651361752 ], [ 106.86347681567409, -6.332641841204157 ], [ 106.863418039483875, -6.332587030132115 ], [ 106.863359263309064, -6.332532219953735 ], [ 106.863304850424385, -6.332467410464796 ], [ 106.863250437553944, -6.332402600965962 ], [ 106.863196025598285, -6.332337790549921 ], [ 106.863141612756451, -6.332272981031451 ], [ 106.863087199928813, -6.332208171503089 ], [ 106.863065417792754, -6.332168179519733 ], [ 106.863043635660702, -6.332128187534536 ], [ 106.863025936798465, -6.332059833039275 ], [ 106.863008237039566, -6.331991478545188 ], [ 106.862990538191568, -6.331923124045681 ], [ 106.862983213022375, -6.331880808032207 ], [ 106.862989450051629, -6.331827067311306 ], [ 106.862984978697654, -6.331773150740272 ], [ 106.862949712477402, -6.331706119672774 ], [ 106.862901322784325, -6.331647858949814 ], [ 106.862844677729683, -6.331600627749918 ], [ 106.862782655843489, -6.331560728611803 ], [ 106.862703613730105, -6.331522018920271 ], [ 106.862624572526087, -6.331483308305858 ], [ 106.862545530430765, -6.331444598583222 ], [ 106.862501707363933, -6.331425737899871 ], [ 106.862457884299488, -6.331406877211823 ], [ 106.862397716246022, -6.331363793268235 ], [ 106.862337547301038, -6.331320710221987 ], [ 106.862277379265663, -6.331277626258484 ], [ 106.862218742362657, -6.331228317133379 ], [ 106.862160105470224, -6.331179007998313 ], [ 106.862155591303988, -6.331120174769406 ], [ 106.862168675834582, -6.331034963982196 ], [ 106.862181759464306, -6.330949754103147 ], [ 106.862194843994246, -6.330864543317264 ], [ 106.862193931032763, -6.330810002740802 ], [ 106.862155285717392, -6.330734785746248 ], [ 106.862116641319233, -6.330659568742023 ], [ 106.862077996034103, -6.330584352638912 ], [ 106.862039350759289, -6.330509135625247 ], [ 106.862015618930542, -6.330425332638702 ], [ 106.861991887116233, -6.330341530552726 ], [ 106.861968155310038, -6.33025772755899 ], [ 106.86195167107627, -6.330194870370783 ], [ 106.861935186851937, -6.330132014084929 ], [ 106.861918702630319, -6.330069156893098 ], [ 106.861896913209023, -6.329993520455192 ], [ 106.861875122893352, -6.329917884017474 ], [ 106.861853333493968, -6.32984224847779 ], [ 106.861831543196871, -6.329766612034108 ], [ 106.861788782428661, -6.32974379990465 ], [ 106.86174602166345, -6.329720987770583 ], [ 106.861695111112994, -6.329659211492865 ], [ 106.861644200572172, -6.329597434302293 ], [ 106.861593290047409, -6.32953565800716 ], [ 106.861541830614982, -6.329487399839542 ], [ 106.86149037119192, -6.329439141663985 ], [ 106.861445335462065, -6.329381888551921 ], [ 106.861400298842355, -6.329324636340353 ], [ 106.861335323219734, -6.329274393153277 ], [ 106.861270346705211, -6.329224149957448 ], [ 106.86120537110574, -6.329173906746568 ], [ 106.861158823735082, -6.329128561271038 ], [ 106.861112276372637, -6.32908321578888 ], [ 106.861086930028392, -6.329015845117873 ], [ 106.861061582789191, -6.328948474446858 ], [ 106.861044541673138, -6.328896863216605 ], [ 106.861027500561761, -6.32884525198467 ], [ 106.860988263434379, -6.328771472721527 ], [ 106.860949025413404, -6.328697692551122 ], [ 106.860909788312767, -6.328623913275038 ], [ 106.860879182637987, -6.328556801025014 ], [ 106.860848576973183, -6.328489688770537 ], [ 106.860817971318156, -6.328422576511874 ], [ 106.860805506653065, -6.328347025894749 ], [ 106.860793042901648, -6.328271476176907 ], [ 106.860780578249958, -6.328195925556575 ], [ 106.860781381411556, -6.32814259215228 ], [ 106.860795265562885, -6.328091092518173 ], [ 106.860822623489426, -6.328018868452677 ], [ 106.860849980507155, -6.327946644391083 ], [ 106.860850884688134, -6.327897297034427 ], [ 106.860844607840733, -6.327848342491695 ], [ 106.860827152250863, -6.327760940038988 ], [ 106.860792080068876, -6.327679008432773 ], [ 106.860740895839996, -6.327606059430541 ], [ 106.860705164863916, -6.327569570162472 ], [ 106.860710659462697, -6.327524687336885 ], [ 106.860716154061578, -6.327479804511358 ], [ 106.86071901336382, -6.327427045108544 ], [ 106.860726023109208, -6.32738156734817 ], [ 106.860733654622734, -6.327342665974089 ], [ 106.860737148177961, -6.327316638279957 ], [ 106.860737632975344, -6.327284938765859 ], [ 106.860733181671733, -6.327267573284355 ], [ 106.860726133647532, -6.32725109051606 ], [ 106.860716653854439, -6.327235877751373 ], [ 106.860704964961968, -6.32722228952434 ], [ 106.86069134012223, -6.327210645830531 ], [ 106.860662005402204, -6.327197892957794 ], [ 106.860639852706271, -6.327187805114734 ], [ 106.860629971910001, -6.327182757362436 ], [ 106.860620454966224, -6.327175597110319 ], [ 106.860612152150154, -6.327167058197136 ], [ 106.860605260285325, -6.327157343352265 ], [ 106.860599942859764, -6.327146683453182 ], [ 106.860596328199293, -6.327135332107222 ], [ 106.860594086420093, -6.327093476065521 ], [ 106.860594266768942, -6.327060283075131 ], [ 106.860594739977373, -6.327025593567418 ], [ 106.860593997143738, -6.326984928350242 ], [ 106.860594810124923, -6.32696160101483 ], [ 106.860596177632615, -6.326926310658882 ], [ 106.860599916813882, -6.326885330113592 ], [ 106.86060069448888, -6.326852134983594 ], [ 106.860601461463133, -6.326815948955225 ], [ 106.860598388491027, -6.326811271026657 ], [ 106.860594645032904, -6.326807109962314 ], [ 106.860590317279915, -6.326803561293761 ], [ 106.860585504926092, -6.326800706037532 ], [ 106.860580316647599, -6.326798609807525 ], [ 106.860574871899544, -6.326797320095981 ], [ 106.860569294590803, -6.326796866296187 ], [ 106.86055015922291, -6.326794841719179 ], [ 106.860532194372382, -6.32680021343814 ], [ 106.860516678814506, -6.3268074452677 ], [ 106.86050308059815, -6.326815867327864 ], [ 106.860487556480066, -6.326820706799609 ], [ 106.860464604241642, -6.326821028603627 ], [ 106.860446426447609, -6.326819419216164 ], [ 106.860429450239607, -6.326819240414872 ], [ 106.86040936884865, -6.326820030231495 ], [ 106.860386654319754, -6.326820111580271 ], [ 106.860357953535896, -6.326817583282271 ], [ 106.860333563753812, -6.326816952730987 ], [ 106.860314669352363, -6.326815345905079 ], [ 106.860281660127939, -6.32681163593384 ], [ 106.860258464183246, -6.326810522806873 ], [ 106.86023407777877, -6.326811089336953 ], [ 106.860216151434713, -6.326812828022408 ], [ 106.860202894250648, -6.326814022866055 ], [ 106.860189612516194, -6.326813154520736 ], [ 106.860176623492379, -6.326810242645741 ], [ 106.860164240106357, -6.326805358452757 ], [ 106.860143152145639, -6.326792037134265 ], [ 106.860130640886524, -6.326780457242532 ], [ 106.860119884995129, -6.326767228219063 ], [ 106.860111098687256, -6.326752615117933 ], [ 106.86010445922237, -6.326736909345811 ], [ 106.86010009785025, -6.326720424173886 ], [ 106.860102095454607, -6.326677356743191 ], [ 106.860106283190888, -6.326645046313877 ], [ 106.860112153121747, -6.326614883553069 ], [ 106.860119928357875, -6.326582798974533 ], [ 106.860128197942885, -6.326555020009952 ], [ 106.860134310715864, -6.32652605166999 ], [ 106.860143516695047, -6.326492766678742 ], [ 106.860149554837548, -6.326477798508161 ], [ 106.860158049104399, -6.32646407469871 ], [ 106.860168751516895, -6.326451996678059 ], [ 106.860181350658493, -6.326441915468155 ], [ 106.860205621530682, -6.326409054830518 ], [ 106.860220839425992, -6.326385556561732 ], [ 106.860237484635647, -6.326359899490087 ], [ 106.860240095115401, -6.326320926583677 ], [ 106.860240476033709, -6.326293773512403 ], [ 106.860241074603096, -6.326260519343131 ], [ 106.860240991600548, -6.326237314559857 ], [ 106.860233291847521, -6.326190454576544 ], [ 106.860225296707725, -6.326161058456869 ], [ 106.860215115292846, -6.326121982168027 ], [ 106.860204200064331, -6.326078602026352 ], [ 106.860187169470223, -6.326029861358403 ], [ 106.860179831040156, -6.325999126547278 ], [ 106.860172897153632, -6.325965779998138 ], [ 106.860158756235876, -6.325922770351172 ], [ 106.860155457762431, -6.325903046313514 ], [ 106.860155095819124, -6.325862235055553 ], [ 106.860158775700668, -6.325821588348735 ], [ 106.860159186993712, -6.325769067351771 ], [ 106.860164970082778, -6.325714622976208 ], [ 106.860192405203279, -6.32566421587974 ], [ 106.860214342999157, -6.325580887466814 ], [ 106.8602183879064, -6.325508387959652 ], [ 106.86022459213612, -6.325438033509486 ], [ 106.860225850050782, -6.325388509461651 ], [ 106.860227107066066, -6.325338986321102 ], [ 106.860221905365819, -6.325288408553733 ], [ 106.860216702767502, -6.325237831693281 ], [ 106.860211399693227, -6.325158906385016 ], [ 106.86019179974771, -6.32509366778757 ], [ 106.860174776687671, -6.325023769000521 ], [ 106.860156864881773, -6.324962591234796 ], [ 106.860130856248318, -6.32491053370881 ], [ 106.860104837356047, -6.324855605531393 ], [ 106.860072954013802, -6.324800531979258 ], [ 106.860073296850288, -6.3247293612616 ], [ 106.860089894565945, -6.324690427795566 ], [ 106.860114883709784, -6.324658042908013 ], [ 106.86012012510659, -6.324619150093264 ], [ 106.860123162978184, -6.324553617972946 ], [ 106.860128163237462, -6.324511732371473 ], [ 106.860099189713907, -6.324432891782093 ], [ 106.860051118346135, -6.324362492905978 ], [ 106.860009163696063, -6.324330945279842 ], [ 106.859967209054133, -6.324299398552926 ], [ 106.85990129185069, -6.324253225205655 ], [ 106.859895316684131, -6.324246629998976 ], [ 106.859890554558078, -6.324239110927184 ], [ 106.859887144524578, -6.324230889010102 ], [ 106.859885186849411, -6.324222205297827 ], [ 106.859884739377904, -6.324213315458701 ], [ 106.859885815688784, -6.324204478936034 ], [ 106.859899952627927, -6.324146058032014 ], [ 106.85988442425203, -6.324082957614897 ], [ 106.859857478453634, -6.324036166481734 ], [ 106.859843908514762, -6.323985499293606 ], [ 106.859830337676186, -6.32393483210747 ], [ 106.859823532995577, -6.323904236412156 ], [ 106.859822560268398, -6.323900339377001 ], [ 106.859822270327044, -6.323896333208281 ], [ 106.859822672634934, -6.323892337220403 ], [ 106.859823754057288, -6.323888469000319 ], [ 106.859825482475841, -6.323884844394533 ], [ 106.859827807667273, -6.323881570272766 ], [ 106.859830659491649, -6.323878743630413 ], [ 106.859833954209236, -6.323876448853428 ], [ 106.859862484651359, -6.323831372373098 ], [ 106.859872871656307, -6.323794016285585 ], [ 106.859881535168284, -6.323733097809345 ], [ 106.859881342755628, -6.32367927336459 ], [ 106.859869761077974, -6.323616518670722 ], [ 106.859861836579782, -6.323573486740885 ], [ 106.859861633482652, -6.32351667139513 ], [ 106.859863661998162, -6.323448604920764 ], [ 106.859861744716355, -6.323413804602205 ], [ 106.859858389858147, -6.323378291530211 ], [ 106.859848955970463, -6.323347824589585 ], [ 106.859839885965883, -6.323318791237155 ], [ 106.859840088235259, -6.32327501232681 ], [ 106.85982667979485, -6.323244738629164 ], [ 106.859807470854932, -6.323221841875512 ], [ 106.859786833747378, -6.323200864322947 ], [ 106.859764770178444, -6.323182283358081 ], [ 106.859747500748767, -6.323167035125237 ], [ 106.859735513747296, -6.323157986755885 ], [ 106.859723035840105, -6.323145592063699 ], [ 106.859717719210408, -6.323129822764844 ], [ 106.85971420534986, -6.323105189027527 ], [ 106.859714030928004, -6.323056387986798 ], [ 106.859711369225664, -6.323014054211171 ], [ 106.859708666488331, -6.32296023874151 ], [ 106.859702805136763, -6.322925811478398 ], [ 106.859683957927118, -6.322870617974597 ], [ 106.859663666357477, -6.32281255895015 ], [ 106.859649907476509, -6.322776007151071 ], [ 106.859635383642754, -6.322726180598424 ], [ 106.859616208477377, -6.322679600320034 ], [ 106.859600696499683, -6.322654178585997 ], [ 106.859586585667259, -6.322619780830411 ], [ 106.8595742220582, -6.322572100237652 ], [ 106.859554650966643, -6.322515114566298 ], [ 106.859545905138106, -6.322476392037491 ], [ 106.859537894763804, -6.322442689448415 ], [ 106.859532077036164, -6.322420462665454 ], [ 106.859524399209235, -6.32239055180879 ], [ 106.859520182767909, -6.322377424120335 ], [ 106.859517966236311, -6.322363815501503 ], [ 106.859517798584037, -6.322350026860087 ], [ 106.859518728669386, -6.32230911692789 ], [ 106.859521109524792, -6.322272865428421 ], [ 106.859528836519885, -6.322227265752122 ], [ 106.859537675671191, -6.322191709048423 ], [ 106.859544673621372, -6.322142882345018 ], [ 106.859549533689488, -6.32209765187334 ], [ 106.859554446703982, -6.322067491638559 ], [ 106.85956041417991, -6.322031228214278 ], [ 106.859567228349931, -6.322018219294875 ], [ 106.859576133852258, -6.322006542849683 ], [ 106.859586876144007, -6.321996533421719 ], [ 106.859599148992643, -6.321988475106151 ], [ 106.859612602600208, -6.321982598809164 ], [ 106.859669113455624, -6.321939335458953 ], [ 106.859728867556143, -6.321900367888714 ], [ 106.859742714897124, -6.321877981248638 ], [ 106.859753428712807, -6.321853935847357 ], [ 106.859760815371303, -6.321828668179553 ], [ 106.859764741862833, -6.321802636222525 ], [ 106.859766688304603, -6.321745215535285 ], [ 106.859765802822565, -6.321698210877168 ], [ 106.859763850965933, -6.321653721771012 ], [ 106.859762815614502, -6.321635584546166 ], [ 106.859761848839412, -6.321621970554022 ], [ 106.859760797251454, -6.321610416526199 ], [ 106.859756731318896, -6.32156834455031 ], [ 106.85973460979514, -6.321499885256804 ], [ 106.859714700150221, -6.321448284121832 ], [ 106.859683671924955, -6.321396722755745 ], [ 106.859675000492146, -6.321378811757076 ], [ 106.859661196802492, -6.321329700513907 ], [ 106.85965313902723, -6.321282722410317 ], [ 106.859646532019212, -6.321240402739249 ], [ 106.859642824893825, -6.321206685659065 ], [ 106.859641815545572, -6.321169772693477 ], [ 106.8596443217196, -6.321132931239899 ], [ 106.859650321115069, -6.321096495915016 ], [ 106.859666662743237, -6.321052659271026 ], [ 106.859683266064252, -6.320981909571145 ], [ 106.859691328731671, -6.320929849429026 ], [ 106.859692976711415, -6.320889294976121 ], [ 106.859692146010261, -6.320857361447929 ], [ 106.859691931854641, -6.320833337055022 ], [ 106.859689408042144, -6.320797962950373 ], [ 106.859683433940717, -6.320731958529431 ], [ 106.85967423829095, -6.320701370461513 ], [ 106.859660695900615, -6.320658358599231 ], [ 106.859626998800735, -6.320595802309168 ], [ 106.859600534744942, -6.320549965969311 ], [ 106.859572656201152, -6.320509876058526 ], [ 106.859542862111738, -6.320468836401067 ], [ 106.859509704603624, -6.320423502286212 ], [ 106.859478009451351, -6.320385818404236 ], [ 106.859442457465363, -6.320339535346016 ], [ 106.859417952623303, -6.32030661052515 ], [ 106.859401605205392, -6.320281789392542 ], [ 106.859397732813278, -6.320270859367056 ], [ 106.859395433046672, -6.320259492436992 ], [ 106.859394752802658, -6.32024791537718 ], [ 106.859395704648833, -6.320236357797683 ], [ 106.859396499268541, -6.320190902262235 ], [ 106.859397971961897, -6.320152115145734 ], [ 106.859396640786784, -6.320120975438615 ], [ 106.859392282794516, -6.320076050077903 ], [ 106.859388581744142, -6.320043767857076 ], [ 106.859388328672495, -6.320032370100307 ], [ 106.859389998128123, -6.320021092954883 ], [ 106.859393542463422, -6.320010258469936 ], [ 106.859412185153431, -6.31995816049617 ], [ 106.859432630304127, -6.319908747742494 ], [ 106.859439932428913, -6.319892951389708 ], [ 106.859449593321017, -6.31987265748141 ], [ 106.859461111514136, -6.319852186047041 ], [ 106.859478601837637, -6.31980990316266 ], [ 106.859492837325988, -6.319779052277497 ], [ 106.859509739491799, -6.319741613237523 ], [ 106.859527519920618, -6.319699087003163 ], [ 106.859538160259632, -6.319665856583881 ], [ 106.859546992797647, -6.319628446399075 ], [ 106.859554328554992, -6.319590443017024 ], [ 106.859559845832166, -6.319545269872618 ], [ 106.859562694294397, -6.319506086341174 ], [ 106.859566448629181, -6.319469291960325 ], [ 106.85957168922954, -6.319430400054436 ], [ 106.859575786758086, -6.319404428970036 ], [ 106.859583690989098, -6.319350505937188 ], [ 106.859599295328977, -6.319281399050293 ], [ 106.859604745699741, -6.319234191801298 ], [ 106.859610195170262, -6.319186985459892 ], [ 106.859606861192546, -6.319123632509459 ], [ 106.859603526317457, -6.319060280465993 ], [ 106.859560067979558, -6.318993414580372 ], [ 106.859520747140493, -6.31897173161676 ], [ 106.859484841869971, -6.318965657495518 ], [ 106.859440902589341, -6.318966291979495 ], [ 106.859417450727449, -6.318968826982553 ], [ 106.859392524396668, -6.31897220811856 ], [ 106.859377551549017, -6.318972195643878 ], [ 106.859362722242992, -6.318970119377473 ], [ 106.85934832037411, -6.318966019895441 ], [ 106.859334620030054, -6.318959974879315 ], [ 106.859309676831458, -6.318945980050618 ], [ 106.859287246872, -6.318928231232349 ], [ 106.859267887487007, -6.318907171275859 ], [ 106.859252535193235, -6.31887175531127 ], [ 106.859242813765761, -6.318827773158295 ], [ 106.859242708387853, -6.318811168756161 ], [ 106.85924499557386, -6.318794723069763 ], [ 106.85924962684328, -6.318778778042477 ], [ 106.859256504885579, -6.318763666750612 ], [ 106.85926548805061, -6.318749705250166 ], [ 106.859287790221458, -6.31870130214006 ], [ 106.859290759717581, -6.318681832333983 ], [ 106.859290942422916, -6.318662139218306 ], [ 106.859288335230119, -6.318642617919002 ], [ 106.859282990154966, -6.318623663365107 ], [ 106.859275016097754, -6.318605657624207 ], [ 106.859239850077927, -6.318533537846947 ], [ 106.85921580631188, -6.318495826557704 ], [ 106.859195410043171, -6.318408343043475 ], [ 106.859189955148352, -6.31835381947949 ], [ 106.859194498114135, -6.318286819931302 ], [ 106.859205388833345, -6.318256639238463 ], [ 106.859210700181492, -6.318219074374861 ], [ 106.85921004513925, -6.318181141146652 ], [ 106.859203439725874, -6.318143782528336 ], [ 106.859191048107547, -6.318107926498308 ], [ 106.85917317800461, -6.318074465259597 ], [ 106.859151278176526, -6.318034592602746 ], [ 106.85912937745212, -6.3179947208513 ], [ 106.859082861980411, -6.317925514102446 ], [ 106.859064653950455, -6.31789206039278 ], [ 106.859051699721505, -6.317868706288937 ], [ 106.859027424212812, -6.31783289091143 ], [ 106.85898315421916, -6.317755540546009 ], [ 106.858961729040232, -6.317714709581897 ], [ 106.858940303865282, -6.317673878615787 ], [ 106.858915660890062, -6.317602199476524 ], [ 106.858896738118446, -6.317525715112689 ], [ 106.858886027463114, -6.317472166906842 ], [ 106.858878191827358, -6.317420522520549 ], [ 106.858879440684262, -6.317368367375852 ], [ 106.858880681806951, -6.317314298165296 ], [ 106.858884760476556, -6.317251128454385 ], [ 106.858889806257594, -6.317191304273395 ], [ 106.858898124921254, -6.317110416083166 ], [ 106.858909355364943, -6.317041479443021 ], [ 106.858925410608506, -6.31698448661355 ], [ 106.85894575536571, -6.316923651175234 ], [ 106.858950479414432, -6.316907366762673 ], [ 106.858952188332978, -6.316899291988975 ], [ 106.858952490538499, -6.316891044123329 ], [ 106.858951377859171, -6.316882865508062 ], [ 106.858948881884047, -6.31687499834338 ], [ 106.85894507754179, -6.316867674729068 ], [ 106.858943901043588, -6.316865414931874 ] ] ] } },
{ "type": "Feature", "properties": { "OBJECTID": 173, "toponimi": "Sal. Phb Suwuk", "kewenangan": "Pemprov DKI", "jenis": "Saluran Drainase Tersier", "panjang": "1712", "lebar": "1.5", "kedalaman": "1.5", "kota": "Jakarta Timur", "kecamatan": "Pasar Rebo", "lebar_min": 1.5, "lebar_max": 1.5, "kedalaman_": 1.5, "kedalaman1": 1.5, "Shape_Leng": 2.0847770633199998 }, "geometry": { "type": "MultiLineString", "coordinates": [ [ [ 106.860457609987463, -6.34063614362777 ], [ 106.860492567744856, -6.340569326084035 ], [ 106.860524326146077, -6.340500926907478 ], [ 106.860552813454873, -6.340431101870019 ], [ 106.860577966065335, -6.340360005810178 ], [ 106.860597279957545, -6.340300529171196 ], [ 106.86061659294333, -6.340241052535886 ], [ 106.860635906830211, -6.340181575897746 ], [ 106.860651568523124, -6.340131581553928 ], [ 106.860667229310508, -6.340081587213622 ], [ 106.860676028439045, -6.340034906807261 ], [ 106.860679382866934, -6.339970105035482 ], [ 106.86068273639259, -6.33990530326705 ], [ 106.860686090823393, -6.33984050149541 ], [ 106.860684302179777, -6.339758274376266 ], [ 106.860682512636814, -6.339676047259931 ], [ 106.860665584601691, -6.339622880579681 ], [ 106.860649901468278, -6.339583465200451 ], [ 106.860646704984276, -6.339525464462848 ], [ 106.8606435085062, -6.339467464629052 ], [ 106.860636525584965, -6.339395363664554 ], [ 106.860629541764808, -6.339323262702518 ], [ 106.860622558853194, -6.339251161736271 ], [ 106.860615575042814, -6.339179060772528 ], [ 106.860610344598413, -6.339121632426257 ], [ 106.86060440409625, -6.33906427263074 ], [ 106.860598071431511, -6.339016755034214 ], [ 106.860589478994143, -6.33896959364503 ], [ 106.86058343812455, -6.338909946702867 ], [ 106.860584267901842, -6.338850000243203 ], [ 106.86059226169084, -6.338777308463189 ], [ 106.86059593999137, -6.338704271412281 ], [ 106.860593675120057, -6.33867270202409 ], [ 106.860521583085415, -6.338672063790183 ], [ 106.860449491048158, -6.338671425546241 ], [ 106.860435711031258, -6.338671303200561 ], [ 106.860434620058811, -6.338671244728513 ], [ 106.860373120678673, -6.338667950946067 ], [ 106.860254333048815, -6.338661588755053 ], [ 106.860200779492914, -6.338658187783213 ], [ 106.860147940189492, -6.338648827687149 ], [ 106.860096476162269, -6.338633625443329 ], [ 106.86004702791314, -6.338612771338534 ], [ 106.860000216311747, -6.338586525350057 ], [ 106.859894943227872, -6.338538481078706 ], [ 106.859787583787551, -6.338495303179442 ], [ 106.859678362435176, -6.338457083974482 ], [ 106.859567508985506, -6.338423901300473 ], [ 106.859455255034504, -6.338395825754951 ], [ 106.859341834846873, -6.338372916171863 ] ], [ [ 106.859524604406602, -6.339637695744774 ], [ 106.859577555734333, -6.339567572318868 ], [ 106.859614185618526, -6.339487691953846 ], [ 106.859623190990391, -6.33939866842696 ], [ 106.85962166225552, -6.339338987176543 ], [ 106.859629403063224, -6.339330586957884 ], [ 106.859669864442196, -6.339328587410879 ], [ 106.859676280097304, -6.339317321260411 ], [ 106.859675353410537, -6.339258953394243 ], [ 106.859676913857925, -6.339212733843325 ], [ 106.859677054500366, -6.339166487739679 ], [ 106.859676194816586, -6.339093526609195 ], [ 106.859675336042841, -6.339020566379288 ], [ 106.859674760576567, -6.338952522819308 ], [ 106.859674184206185, -6.338884478358181 ], [ 106.859673608745425, -6.338816434797706 ] ], [ [ 106.860015053478506, -6.338817842035181 ], [ 106.859953842950873, -6.338817742446024 ], [ 106.859892631517411, -6.338817642852841 ], [ 106.859831420985628, -6.338817543249205 ], [ 106.859752515319016, -6.338816989027852 ], [ 106.859673608745425, -6.338816434797706 ] ], [ [ 106.859673608745425, -6.338816434797706 ], [ 106.859609081191977, -6.338825039588586 ], [ 106.859558954988344, -6.338829109933717 ], [ 106.859508676165433, -6.338830183555231 ], [ 106.859460331454386, -6.338817439302415 ], [ 106.859403226579019, -6.338762143575341 ], [ 106.859391936434335, -6.338680848285295 ], [ 106.859390731806783, -6.338611476960669 ], [ 106.859377191063643, -6.338569422737546 ], [ 106.85933678912339, -6.338504498447576 ], [ 106.859329909519857, -6.338452850781952 ], [ 106.85934071671322, -6.338380411991616 ], [ 106.859341834846873, -6.338372916171863 ] ], [ [ 106.859341834846873, -6.338372916171863 ], [ 106.859342051074407, -6.338371470560293 ], [ 106.859347132065352, -6.338296908556727 ], [ 106.859328692496348, -6.338222336858264 ], [ 106.859294058137934, -6.33816552563344 ], [ 106.85925942378816, -6.338108714404051 ], [ 106.859214232754283, -6.338041893167979 ], [ 106.859171023379218, -6.337994203024908 ], [ 106.85911151469044, -6.337935089471777 ], [ 106.859086524613602, -6.33790073083376 ], [ 106.859093140291975, -6.337878698224882 ], [ 106.859138913841235, -6.337841215211846 ], [ 106.859175939273783, -6.337764530555561 ], [ 106.859184765606727, -6.3376991584923 ], [ 106.859189815765831, -6.337633385865034 ], [ 106.859190330358615, -6.337571421515469 ], [ 106.8591878755728, -6.337509503073012 ], [ 106.859182456442639, -6.337447774279419 ], [ 106.859172721407418, -6.337399964117122 ], [ 106.859166784258107, -6.337344485780345 ], [ 106.859169888200952, -6.337276534791989 ], [ 106.859172992145673, -6.3372085838037 ], [ 106.859172755701806, -6.337142558881673 ], [ 106.859156253329218, -6.337074678175933 ], [ 106.859138841123254, -6.337019718363178 ], [ 106.859121428925761, -6.336964759452875 ], [ 106.859112594950432, -6.336919991241864 ], [ 106.859105804766585, -6.336874867605406 ], [ 106.859098467201164, -6.336828553352635 ], [ 106.859092082528619, -6.336782097348435 ], [ 106.859086165972002, -6.336732360302843 ], [ 106.859067637431096, -6.336712902434821 ], [ 106.859022165546989, -6.336701103472712 ], [ 106.858992786338518, -6.336676090496724 ], [ 106.85898280359045, -6.336648177096437 ], [ 106.858991135371454, -6.336571117009958 ], [ 106.858999467153311, -6.336494056923901 ], [ 106.85900401761451, -6.336429290597311 ], [ 106.859008567173348, -6.336364524274201 ], [ 106.859013117637105, -6.336299757947905 ], [ 106.859015832661399, -6.336256687927798 ], [ 106.859036753187326, -6.336223121311957 ], [ 106.859102607539199, -6.33618460887415 ], [ 106.859132054309896, -6.336128047116007 ], [ 106.859131869302601, -6.336076375434594 ], [ 106.85911532246979, -6.335996054631648 ], [ 106.859100384887199, -6.335948481002528 ], [ 106.85909106683836, -6.335899494836764 ], [ 106.859081230819513, -6.335823456459156 ], [ 106.859071393906206, -6.335747418987673 ], [ 106.859058117272227, -6.33567206291516 ], [ 106.859044839741486, -6.335596706844246 ], [ 106.859031563124759, -6.335521351672543 ], [ 106.859018285607931, -6.335445995598281 ], [ 106.859005009001791, -6.335370639519106 ], [ 106.859017130126162, -6.335283518003674 ], [ 106.859052294703957, -6.335221194399302 ], [ 106.859066455657981, -6.335169471306182 ], [ 106.859051617744427, -6.335085604604346 ], [ 106.859035071903278, -6.335005283779805 ], [ 106.859032070261293, -6.334958444938808 ], [ 106.859032823136261, -6.334911515791219 ], [ 106.859035969989918, -6.334855525684675 ], [ 106.859039116847924, -6.334799536482385 ], [ 106.859043634239754, -6.334725519885603 ], [ 106.859048150733017, -6.334651504196299 ], [ 106.859052668128498, -6.334577487599809 ], [ 106.859060841226636, -6.334508596206945 ], [ 106.859068433917145, -6.334439638178401 ], [ 106.859071553564945, -6.334393213205709 ], [ 106.859074796146018, -6.334346796834165 ], [ 106.859075740218202, -6.334292182604749 ], [ 106.859071536516012, -6.334237721538147 ], [ 106.85906987928098, -6.334181707958125 ], [ 106.85907304888994, -6.334125759361926 ], [ 106.859084653892282, -6.334059556379807 ], [ 106.859098450950626, -6.333993775921231 ], [ 106.859114424960637, -6.333928490372557 ], [ 106.859119244315167, -6.333905507617207 ], [ 106.859106646369398, -6.333892993162795 ], [ 106.859034269449353, -6.333879497588462 ], [ 106.859006107408163, -6.333860460273018 ], [ 106.859002454358603, -6.333841933700203 ], [ 106.859008714885519, -6.333753995940472 ], [ 106.859018816813986, -6.333737213929473 ], [ 106.859087425082294, -6.333699888813764 ], [ 106.859158350086801, -6.333675353678101 ], [ 106.859218221826254, -6.333668679897979 ], [ 106.859278092658343, -6.3336620061146 ], [ 106.859325377105378, -6.333646047468337 ], [ 106.859353927584678, -6.333606473466499 ], [ 106.85935845547391, -6.33353261416489 ], [ 106.859357702624848, -6.333458619174395 ], [ 106.859356838684548, -6.333417714772564 ], [ 106.859310929311434, -6.33341716136725 ], [ 106.859265019940423, -6.333416608862072 ], [ 106.859254224796558, -6.333406599686613 ], [ 106.85925108794217, -6.333333335650927 ], [ 106.859259425049231, -6.333268859561076 ], [ 106.85926776306016, -6.333204383468327 ], [ 106.859276100167733, -6.333139907379098 ], [ 106.859286611052255, -6.333070494964024 ], [ 106.859297122837177, -6.333001081642023 ], [ 106.859307633721457, -6.332931669227864 ], [ 106.859451414764735, -6.332782892897582 ], [ 106.859628219578454, -6.332704163198658 ] ], [ [ 106.860015831654721, -6.333333337481772 ], [ 106.859984533281704, -6.333273007056008 ], [ 106.859962882126439, -6.333236244051474 ], [ 106.859894856438501, -6.333202517935429 ], [ 106.859856950676544, -6.333166770676322 ], [ 106.859828497188374, -6.33309988939601 ], [ 106.859837517663451, -6.333081676365287 ], [ 106.859817192755401, -6.333009970325221 ], [ 106.859799464807679, -6.332966972676339 ], [ 106.859781736867077, -6.332923975930133 ], [ 106.859736321559012, -6.332860983603437 ], [ 106.859677284728093, -6.332800192867412 ], [ 106.85964843888118, -6.332757235950132 ], [ 106.859629275036824, -6.332720559845574 ], [ 106.859627980285026, -6.332716585308117 ], [ 106.85962736453439, -6.33271245101509 ], [ 106.859627445362349, -6.332708270826749 ], [ 106.859628219578454, -6.332704163198658 ] ], [ [ 106.859628219578454, -6.332704163198658 ], [ 106.859629665898765, -6.332700241226016 ], [ 106.859631744953262, -6.33269661445259 ], [ 106.859634397461761, -6.332693384355712 ], [ 106.859637550550161, -6.332690641611936 ], [ 106.859641115023067, -6.33268846158546 ], [ 106.859685957768804, -6.33265815825728 ], [ 106.859730800512011, -6.332627855830959 ], [ 106.85979998963424, -6.332585982515006 ], [ 106.859866797086383, -6.332546510115883 ], [ 106.859846359913107, -6.332500231961206 ], [ 106.859825922747817, -6.332453954708636 ], [ 106.859784199451298, -6.332425407312184 ], [ 106.859735511662237, -6.332411816045891 ], [ 106.859689473712336, -6.332375566250787 ], [ 106.859664513846027, -6.332322536703023 ], [ 106.859652161710258, -6.332256235127391 ], [ 106.859658297728771, -6.332189071654721 ], [ 106.859706124880958, -6.332124310325058 ], [ 106.859723959790145, -6.332096974460677 ], [ 106.859758365544209, -6.332023169962332 ], [ 106.859792770390371, -6.331949366371715 ], [ 106.859827176129599, -6.331875561874101 ], [ 106.859871515073223, -6.331838084097136 ], [ 106.859920832814595, -6.331789104834067 ], [ 106.859936331611763, -6.331710248770555 ], [ 106.85995182950397, -6.331631392710984 ], [ 106.859967328301707, -6.331552537553053 ], [ 106.859982826191242, -6.331473681494875 ], [ 106.859998324983067, -6.331394825434097 ], [ 106.859982356269825, -6.331339114511534 ], [ 106.859940296048265, -6.331278262932536 ], [ 106.859876763759701, -6.331230645509056 ], [ 106.859866798306768, -6.331224187587916 ], [ 106.859857922095841, -6.331216299010838 ], [ 106.859850337290084, -6.331207158980121 ], [ 106.859844218155075, -6.331196979347252 ], [ 106.859839705588797, -6.33118599107071 ], [ 106.859836902615314, -6.3311744478484 ], [ 106.859835873436523, -6.331162613462892 ], [ 106.85983915313183, -6.331077078802675 ], [ 106.85985563749108, -6.331006448810247 ], [ 106.85989370735696, -6.330954281137806 ], [ 106.859938710482481, -6.330918834438041 ], [ 106.85998371360138, -6.330883387736092 ], [ 106.860046782302902, -6.330823714631858 ], [ 106.860102146941841, -6.330760719241792 ], [ 106.860131219493994, -6.330699912072438 ], [ 106.860160291137291, -6.330639104906467 ], [ 106.860165251278829, -6.330618099942645 ], [ 106.860166765604248, -6.330596570258563 ], [ 106.860164794558131, -6.330575078378832 ], [ 106.860159389845933, -6.330554183788605 ], [ 106.860149120160216, -6.330534426874202 ], [ 106.860136100308566, -6.33051636515363 ], [ 106.860120604565708, -6.330500379196224 ], [ 106.860102960363776, -6.330486805077742 ], [ 106.860047323002746, -6.330473847183475 ], [ 106.859991685642925, -6.330460889282339 ], [ 106.859937213879164, -6.330439554743983 ], [ 106.85988274211519, -6.330418219294494 ], [ 106.859875426031053, -6.330416489638554 ], [ 106.859868476381877, -6.330413621245557 ], [ 106.859862069645928, -6.330409686719744 ], [ 106.859856367032691, -6.330404784940314 ], [ 106.85985151267576, -6.330399041068291 ], [ 106.859847630899012, -6.330392600226865 ], [ 106.859844818974665, -6.330385623911123 ], [ 106.859843148029498, -6.330378290888323 ], [ 106.859862103762367, -6.330330078654097 ], [ 106.859881059496118, -6.330281867324215 ], [ 106.859899981149724, -6.330224385837994 ], [ 106.859897568878921, -6.330203835852869 ], [ 106.85989186956472, -6.33018394592035 ], [ 106.85988303237599, -6.330165238106007 ], [ 106.859850481112957, -6.330088802802967 ], [ 106.859846717836803, -6.330084919384733 ], [ 106.859843666386993, -6.330080453854626 ], [ 106.859841416693001, -6.330075536088631 ], [ 106.859840031615974, -6.330070307813428 ], [ 106.85983955236145, -6.330064919875102 ], [ 106.859839993044233, -6.330059528641411 ], [ 106.859841340668723, -6.330054290577528 ], [ 106.859843555107091, -6.330049355916363 ], [ 106.859846574523402, -6.330044869544023 ], [ 106.859850309910385, -6.330040959264782 ], [ 106.859906014134197, -6.329989026812773 ], [ 106.859961717446183, -6.329937095265337 ], [ 106.859997128223512, -6.329893908138291 ], [ 106.860032539899038, -6.329850721007348 ], [ 106.860070879632119, -6.329813126420643 ], [ 106.860101230500462, -6.329775697883425 ], [ 106.860122636600067, -6.329744043663808 ], [ 106.860145956148315, -6.329712741537809 ], [ 106.860155932669954, -6.329694525094644 ], [ 106.860162570604047, -6.329678473399522 ], [ 106.860168436946452, -6.329664989549863 ], [ 106.860173906518781, -6.32965250078538 ], [ 106.860179506487853, -6.329640086598512 ], [ 106.860185101146655, -6.329627198654568 ], [ 106.860191969940971, -6.32960899244086 ], [ 106.860204792545758, -6.329584067838639 ], [ 106.860222618767395, -6.329554579231187 ], [ 106.860234011477104, -6.329531094641973 ], [ 106.860248285323536, -6.329510948712268 ], [ 106.860263251854676, -6.329483862737687 ], [ 106.860268476157913, -6.329473796172876 ], [ 106.860269364606296, -6.329454894391382 ], [ 106.860268594916548, -6.329440065428854 ], [ 106.860274754754997, -6.32942425414322 ], [ 106.860287115528692, -6.329404115067417 ], [ 106.860295152479225, -6.329378250112845 ], [ 106.86030130118877, -6.32935932948624 ], [ 106.860303842732222, -6.329334440813066 ], [ 106.860306347416312, -6.329299505327863 ], [ 106.860313435987635, -6.329275796558707 ], [ 106.860319560725856, -6.329250178055587 ], [ 106.860323067035438, -6.329227964930504 ], [ 106.860327767065897, -6.329204982615757 ], [ 106.860335572249312, -6.329181272183754 ], [ 106.860345281077599, -6.32915492203944 ], [ 106.860357354477557, -6.329121148468465 ], [ 106.860366579274029, -6.329093126471913 ], [ 106.860377215076554, -6.329058640154259 ], [ 106.860385731774471, -6.329033251778822 ], [ 106.860390440364569, -6.329012661821813 ], [ 106.860391062847029, -6.328986105534105 ], [ 106.860390991786787, -6.328966249693483 ], [ 106.860393743646881, -6.32893346611151 ], [ 106.860400071849099, -6.328898038633243 ], [ 106.860403990154865, -6.328857117115834 ], [ 106.860404347484859, -6.328823385519039 ], [ 106.860408058042623, -6.328791076799391 ], [ 106.860411301641193, -6.328762118734075 ], [ 106.860414070625652, -6.328734119866633 ], [ 106.86041289975573, -6.328707689351785 ], [ 106.860411717808518, -6.328677910799523 ], [ 106.860410893711403, -6.328648130061042 ], [ 106.860412539989142, -6.328613723869539 ], [ 106.860412476639567, -6.328596021692801 ], [ 106.860414869360326, -6.328590403758446 ], [ 106.860420538409187, -6.328577094214896 ], [ 106.860424526059887, -6.328555549343965 ], [ 106.860431151946329, -6.328536387409628 ], [ 106.860437236442564, -6.328499525011236 ], [ 106.860441904797625, -6.328467692062068 ], [ 106.860447310303741, -6.328441596937039 ], [ 106.860453655674917, -6.328410714573802 ], [ 106.860459790677567, -6.328387965816797 ], [ 106.860486829374565, -6.328327530332404 ], [ 106.860496061865589, -6.328301661098624 ], [ 106.860514441239175, -6.328226000869557 ], [ 106.860532819703636, -6.32815033974033 ], [ 106.860551199072546, -6.328074679512614 ], [ 106.860571799775798, -6.328029348358152 ], [ 106.86060110300852, -6.327989097202201 ], [ 106.860626778904006, -6.327948097744159 ], [ 106.860649975914654, -6.327889396627161 ], [ 106.86066508387897, -6.327828109680101 ], [ 106.860677476055628, -6.327749838916552 ], [ 106.860689868231816, -6.327671568153511 ], [ 106.860702260407677, -6.327593297391129 ], [ 106.860705164863916, -6.327569570162472 ] ] ] } },
{ "type": "Feature", "properties": { "OBJECTID": 174, "toponimi": "Sal. Phb Kenanga", "kewenangan": "Pemprov DKI", "jenis": "Saluran Drainase Tersier", "panjang": "1143", "lebar": "1.5 - 2", "kedalaman": "1.5", "kota": "Jakarta Timur", "kecamatan": "Pasar Rebo", "lebar_min": 1.5, "lebar_max": 2.0, "kedalaman_": 1.5, "kedalaman1": 1.5, "Shape_Leng": 1.6590863093699999 }, "geometry": { "type": "MultiLineString", "coordinates": [ [ [ 106.856607151394641, -6.347145796911907 ], [ 106.856545740458785, -6.347124870734651 ], [ 106.856481561776178, -6.347115390211103 ], [ 106.856424991227129, -6.347105086748416 ], [ 106.856371696859014, -6.347083488595889 ], [ 106.85630909019163, -6.347044610171883 ], [ 106.856246484432617, -6.347005730830252 ], [ 106.856183877781277, -6.346966852385579 ], [ 106.85610933478236, -6.346919364862265 ], [ 106.856033833051683, -6.346873418726748 ], [ 106.855957403385602, -6.346829033759675 ], [ 106.855889844402299, -6.346792674810329 ], [ 106.855822286327211, -6.346756314941956 ], [ 106.855754727359226, -6.346719955969399 ], [ 106.855677121782961, -6.346688385220802 ], [ 106.855596010702939, -6.346667416475514 ], [ 106.855532840862836, -6.346654725161966 ], [ 106.855469670116975, -6.346642032938811 ], [ 106.855406500278789, -6.346629341607994 ], [ 106.855358760726332, -6.346618746875532 ], [ 106.855311020274115, -6.346608153045441 ], [ 106.855285068554366, -6.346572361929491 ], [ 106.855276286133943, -6.346523591646452 ], [ 106.855267503716576, -6.346474821362645 ], [ 106.855256126060027, -6.346402376948664 ], [ 106.855244748409504, -6.34632993253333 ], [ 106.855233384891903, -6.346261435605203 ], [ 106.855222021379973, -6.346192938675711 ], [ 106.855220280678694, -6.346107541174204 ], [ 106.855240864684205, -6.346046465933791 ], [ 106.855261448683422, -6.345985389789734 ], [ 106.855289842421755, -6.345901798440766 ], [ 106.855318236154517, -6.345818207092669 ], [ 106.855346629881495, -6.345734615745465 ], [ 106.855371260733804, -6.345668501624271 ], [ 106.855395890678167, -6.345602387506934 ], [ 106.855420521522035, -6.345536273386808 ], [ 106.855439233551579, -6.345475602684291 ], [ 106.855457946482304, -6.345414931979005 ], [ 106.855476658506774, -6.345354261277387 ], [ 106.855499471121789, -6.345290687113445 ], [ 106.855524361465456, -6.345227898450636 ], [ 106.855551303572298, -6.345165963193681 ], [ 106.85558404947011, -6.345095992720771 ], [ 106.855616796261728, -6.345026021340893 ], [ 106.855649542146139, -6.344956050868705 ], [ 106.855678737243778, -6.344895900480284 ], [ 106.855707932339655, -6.34483575099627 ], [ 106.85573712742692, -6.344775600608346 ], [ 106.855762334303506, -6.344719453637127 ], [ 106.855786046833515, -6.344662659220015 ], [ 106.855808249796638, -6.344605257194329 ], [ 106.855830257229272, -6.344540946321519 ], [ 106.855852263758194, -6.34447663635656 ], [ 106.855855247419328, -6.344420974964734 ], [ 106.855833230542842, -6.344369771103048 ], [ 106.855792833864129, -6.344306400774341 ], [ 106.855752437199882, -6.344243031343497 ], [ 106.855710387016174, -6.344185289861994 ], [ 106.855668335939086, -6.34412754837736 ], [ 106.855626285775998, -6.34406980688329 ], [ 106.85557823027186, -6.344004431415265 ], [ 106.855530175684592, -6.343939055935904 ], [ 106.855482120206872, -6.343873680451597 ], [ 106.855440337761792, -6.34382407084203 ], [ 106.855398556231975, -6.343774462127595 ], [ 106.855356773803649, -6.343724852506479 ], [ 106.855298456693276, -6.343665016424827 ], [ 106.855240140497017, -6.343605179425243 ], [ 106.855181823413787, -6.343545343322345 ], [ 106.855129768223165, -6.343498162847006 ], [ 106.855077713045077, -6.343450983267696 ], [ 106.855025657872886, -6.343403802776171 ], [ 106.854980605491505, -6.343349532139821 ], [ 106.854947770082319, -6.343287100257525 ], [ 106.854924614332958, -6.343218612950902 ], [ 106.85491283874876, -6.343147279309453 ], [ 106.854906857789373, -6.343083538811611 ], [ 106.854908795128409, -6.343019547545383 ], [ 106.854917526837298, -6.342960439709939 ], [ 106.854932048201633, -6.342902483838115 ], [ 106.854946171469919, -6.342846419979794 ], [ 106.854957468368937, -6.342789717960391 ], [ 106.854966597267662, -6.342734783187664 ], [ 106.854975726166003, -6.342679848415197 ], [ 106.854994494633786, -6.342637977627987 ], [ 106.855019194748067, -6.342599312535913 ], [ 106.855066327115551, -6.342552432459481 ], [ 106.855122191970551, -6.342516411664609 ], [ 106.855189246197568, -6.342496726859483 ], [ 106.855258375715522, -6.342486499309287 ], [ 106.855324351793584, -6.342481717914992 ], [ 106.855390327867852, -6.342476936512457 ], [ 106.855456303938539, -6.342472155102041 ], [ 106.855539711792886, -6.342462880004252 ], [ 106.855620454704805, -6.342439989731286 ], [ 106.855702462490598, -6.342404888832044 ], [ 106.855784469358525, -6.342369787926241 ], [ 106.855861984289788, -6.342338840508074 ], [ 106.85593991055012, -6.342308946756003 ], [ 106.856008725845115, -6.342295781740524 ], [ 106.856078304890318, -6.342295532538844 ], [ 106.856147883029024, -6.342295283331092 ], [ 106.856217462068557, -6.342295034110789 ], [ 106.856289979471583, -6.342294901841544 ], [ 106.856362448091573, -6.342292249859064 ], [ 106.856434781175793, -6.342287079378737 ], [ 106.856507037657394, -6.342283231940565 ], [ 106.856579293231192, -6.34227938449591 ], [ 106.856651549707976, -6.34227553794239 ], [ 106.856723805273788, -6.34227169047818 ], [ 106.856772110013424, -6.342265089775805 ], [ 106.856818412741404, -6.342249820885243 ], [ 106.856841894000354, -6.342196628554643 ], [ 106.856843072180311, -6.342124857111591 ], [ 106.856844249459158, -6.342053085671749 ], [ 106.856841480834007, -6.341980969420549 ], [ 106.856838712212564, -6.341908853168905 ], [ 106.856826086506203, -6.341847487362098 ], [ 106.856807433244626, -6.341787678402671 ], [ 106.856780613606944, -6.34170954798887 ], [ 106.856753793076464, -6.341631417574273 ], [ 106.856727720056327, -6.341561657848499 ], [ 106.856701647042314, -6.341491897215013 ], [ 106.856675574040992, -6.341422137482166 ], [ 106.856662145715305, -6.341393297863166 ], [ 106.856628976991161, -6.341326609638303 ], [ 106.856593080069388, -6.341253376063872 ], [ 106.856557936980863, -6.341176391160504 ], [ 106.856544313484449, -6.341146545005885 ], [ 106.856532021663611, -6.34111962173173 ], [ 106.856524967796474, -6.341104087408563 ], [ 106.856517882437345, -6.34108530818861 ], [ 106.856507542634589, -6.341057378830963 ], [ 106.856496295780062, -6.341026997942919 ], [ 106.85649045116358, -6.341011236865386 ], [ 106.856486919135776, -6.341003308329888 ], [ 106.856482823120203, -6.340996873668733 ], [ 106.856476725223374, -6.340990389215851 ], [ 106.856469308302067, -6.34098476933791 ], [ 106.856457180176392, -6.340979094001177 ], [ 106.856446699156379, -6.340974332289666 ], [ 106.856436776913725, -6.340969398595609 ], [ 106.856409173401261, -6.340956042740125 ], [ 106.85634839167578, -6.340926620442903 ], [ 106.856290715922114, -6.340899201468935 ], [ 106.856233040172867, -6.340871782486739 ], [ 106.856165729358466, -6.340838360960946 ], [ 106.856146547033788, -6.340828672922532 ], [ 106.856130394680946, -6.340819701877443 ], [ 106.856115442022869, -6.340812633397331 ], [ 106.856100525934622, -6.340806693170343 ], [ 106.856084828292111, -6.340802057723782 ], [ 106.856070680666093, -6.340799236789231 ], [ 106.85605211457505, -6.3407973539131 ], [ 106.856033317263709, -6.340797022489039 ], [ 106.855982508998991, -6.340794425045495 ], [ 106.855922089876529, -6.340791330365615 ], [ 106.855869206312889, -6.340788622801086 ], [ 106.855790323839258, -6.340784577941383 ], [ 106.855733381025615, -6.340780154343757 ], [ 106.855676437310706, -6.340775731646916 ], [ 106.855610066996292, -6.340770279403918 ], [ 106.855543695777186, -6.340764827155293 ], [ 106.855471640465325, -6.340760695418917 ], [ 106.855398429355631, -6.340754553352684 ], [ 106.855319468903488, -6.340745637111728 ], [ 106.855281044745041, -6.340740193294479 ], [ 106.855256776026877, -6.340735964626194 ], [ 106.855235802312436, -6.340731258523689 ], [ 106.855211038810111, -6.340725385158038 ], [ 106.855192672583897, -6.340720763753255 ], [ 106.855171038617868, -6.340714640487671 ], [ 106.855152699708853, -6.34070881284092 ], [ 106.855126042408216, -6.34069849147732 ], [ 106.85509832831481, -6.340687057262834 ], [ 106.855063629296907, -6.340671775548434 ], [ 106.855029397179052, -6.340656405361427 ], [ 106.854989740505673, -6.340638612461436 ], [ 106.85497104392374, -6.340629551924503 ], [ 106.854960604109948, -6.340623167975431 ], [ 106.854954120000386, -6.340618354854123 ], [ 106.854948191779769, -6.340613320033771 ], [ 106.854941668538672, -6.34060691393123 ], [ 106.854935981611575, -6.340600869210186 ], [ 106.854928159814747, -6.340592206462577 ], [ 106.854909964865229, -6.340572043816815 ], [ 106.854878931069379, -6.340538754477567 ], [ 106.854827748164524, -6.340480650366228 ], [ 106.854795878391187, -6.340445573783054 ], [ 106.854780682755447, -6.340431706879306 ], [ 106.854771914189385, -6.340423888379656 ], [ 106.854764431514738, -6.340419840126218 ], [ 106.854751329637736, -6.340412764975704 ], [ 106.854728626362984, -6.340400506299368 ], [ 106.85469579100689, -6.340382752252419 ], [ 106.854640473534801, -6.340352921369433 ], [ 106.854602817809592, -6.340332633035206 ], [ 106.854569821317781, -6.340313788238981 ], [ 106.854548461586347, -6.340300442471772 ], [ 106.854526351000075, -6.34028611928536 ], [ 106.854478439505414, -6.34025505574122 ], [ 106.854432627729281, -6.340225371653762 ], [ 106.854383950472965, -6.340194467255688 ], [ 106.854345909397694, -6.340171287882102 ], [ 106.854322819104667, -6.340158200551906 ], [ 106.854263497095303, -6.340124501496689 ], [ 106.854201713545876, -6.340088818478407 ], [ 106.854181716671491, -6.340075488611505 ], [ 106.854170300305213, -6.340063633472407 ], [ 106.854156088171237, -6.340037189839513 ], [ 106.854139169199442, -6.340005112149118 ], [ 106.854131788388401, -6.339991125947017 ] ], [ [ 106.854131788388401, -6.339991125947017 ], [ 106.853934868906364, -6.339920074621406 ], [ 106.853882187314483, -6.339898254967478 ], [ 106.853754111576833, -6.340189610552192 ], [ 106.85364594938136, -6.340433049731359 ], [ 106.853542418146304, -6.340634368538112 ], [ 106.853459463572221, -6.340705475924638 ], [ 106.853328698499197, -6.340779624946459 ], [ 106.8532914703394, -6.34079985291625 ], [ 106.853254081539248, -6.340775106939876 ], [ 106.853178387951729, -6.340737101934243 ] ], [ [ 106.854131788388401, -6.339991125947017 ], [ 106.85412736180615, -6.339981951943572 ], [ 106.854124860250678, -6.33997357575333 ], [ 106.854122881613051, -6.33996131434536 ], [ 106.854121748841365, -6.339913390022762 ], [ 106.854120700416999, -6.339862261975756 ], [ 106.854119601816365, -6.339808977697382 ], [ 106.854118638008941, -6.339784567139902 ], [ 106.85411412840223, -6.339771124914907 ], [ 106.854111143817633, -6.339740868986464 ], [ 106.854109438285647, -6.33971980645653 ], [ 106.854108232843842, -6.339680375124764 ], [ 106.85410781920298, -6.339662234725568 ], [ 106.854107586754282, -6.339645738337028 ], [ 106.854108538333975, -6.339636374212711 ], [ 106.854110640765782, -6.339626627131483 ], [ 106.854115380809361, -6.339612750380965 ], [ 106.854122777107648, -6.339595156189393 ], [ 106.85413131526191, -6.33957592591365 ], [ 106.854142235336838, -6.339551317340289 ], [ 106.854163014091299, -6.339504504522356 ], [ 106.85418537232907, -6.339454604694104 ], [ 106.854202699410564, -6.33941804197244 ], [ 106.854227886346536, -6.339367669100337 ], [ 106.85425277012186, -6.339318950108574 ], [ 106.854283167908761, -6.339257986311628 ], [ 106.854310895786782, -6.339201977793525 ], [ 106.854320011646436, -6.339183576370806 ], [ 106.854323325113086, -6.339176886428866 ], [ 106.854329126579344, -6.339165168622356 ], [ 106.854331431090401, -6.339159877400692 ], [ 106.854334702172679, -6.339149924513798 ], [ 106.854346395219665, -6.339112253557214 ], [ 106.854370787728499, -6.339029491258962 ], [ 106.854388546454842, -6.338969068144468 ], [ 106.854427747706353, -6.338718810557406 ], [ 106.854424480634691, -6.338469863080692 ] ] ] } },
{ "type": "Feature", "properties": { "OBJECTID": 175, "toponimi": "Sal. Phb Kali Mati (Kec. Pasar Rebo)", "kewenangan": "Pemprov DKI", "jenis": "Saluran Drainase Tersier", "panjang": "4770", "lebar": "1.5 - 4", "kedalaman": "1.5 - 2", "kota": "Jakarta Timur", "kecamatan": "Pasar Rebo", "lebar_min": 1.5, "lebar_max": 4.0, "kedalaman_": 1.5, "kedalaman1": 2.0, "Shape_Leng": 2.93366142581 }, "geometry": { "type": "MultiLineString", "coordinates": [ [ [ 106.857942966741732, -6.342938465892172 ], [ 106.857936217321097, -6.342905012004823 ], [ 106.857926542617349, -6.342878121005493 ], [ 106.857918498591232, -6.342831912346277 ], [ 106.857918489402081, -6.342831869884019 ], [ 106.857915990765733, -6.342818024500049 ], [ 106.85789866305393, -6.342717341332627 ], [ 106.857845399892355, -6.342407847985858 ], [ 106.857840981896459, -6.342382676821797 ], [ 106.857830624105915, -6.342346475484183 ], [ 106.857815828448722, -6.342311851528619 ], [ 106.85779682731021, -6.342279346613659 ], [ 106.857773918028116, -6.342249470519435 ], [ 106.857707460169507, -6.342179487674098 ], [ 106.85770037061107, -6.342172171361358 ], [ 106.857699031750712, -6.342170777435182 ], [ 106.857578076109704, -6.342026125097181 ], [ 106.857575309767896, -6.342022815864883 ], [ 106.857573567747153, -6.342019877280669 ], [ 106.857525007218683, -6.341947455937469 ], [ 106.857514675461019, -6.341931638634637 ], [ 106.85749442668434, -6.341898471809194 ], [ 106.857457447223567, -6.34182834166149 ], [ 106.857426506900168, -6.341755342684265 ], [ 106.857426487702512, -6.341755281270688 ], [ 106.857405544915579, -6.341692840428286 ], [ 106.857389022872781, -6.341629086279845 ], [ 106.857377002218001, -6.34156433137449 ], [ 106.857357105958457, -6.341458226095659 ], [ 106.857347283591849, -6.341401679354171 ], [ 106.857301093157915, -6.341135766891329 ], [ 106.857295813360921, -6.341105371885935 ], [ 106.857289219536611, -6.341058050405028 ], [ 106.857276449602068, -6.340988707784695 ], [ 106.857275121529824, -6.340982500102756 ], [ 106.857274667600862, -6.34098040499666 ], [ 106.85725939496389, -6.340917527000286 ], [ 106.857241136660733, -6.340855451738971 ], [ 106.857235253538065, -6.340837521748753 ], [ 106.85716026888781, -6.340637329561432 ], [ 106.857141323021196, -6.340599527859627 ], [ 106.857126505081283, -6.340577327913015 ], [ 106.857100625946345, -6.340547081745635 ], [ 106.857070702596729, -6.340520833766814 ], [ 106.857006255454507, -6.340470693328268 ], [ 106.856868453916661, -6.34036348233675 ], [ 106.856800382942083, -6.340310557389139 ], [ 106.856734043888054, -6.340255475242556 ], [ 106.856720544253605, -6.340243820224339 ], [ 106.856651917165934, -6.340185741753086 ], [ 106.85664094372116, -6.340176454705147 ], [ 106.856549344574475, -6.34009893418362 ], [ 106.856492841763071, -6.340049240784897 ], [ 106.856455086377579, -6.340015243265964 ], [ 106.856401374006097, -6.339965744197936 ], [ 106.856341171505392, -6.339907977266465 ], [ 106.856277987694895, -6.339853491325258 ], [ 106.856250111136291, -6.339831237733121 ], [ 106.856212231395205, -6.33980213120328 ], [ 106.856043135298776, -6.33967352662483 ], [ 106.855991281364311, -6.339634739590225 ], [ 106.855906548305967, -6.339572011602034 ], [ 106.855894779178499, -6.339563356670468 ], [ 106.855887762366748, -6.339557917078913 ], [ 106.855883601074169, -6.33955470233526 ], [ 106.855881327418203, -6.339552949181289 ], [ 106.855880852562308, -6.339552581081926 ], [ 106.855880541736695, -6.339552341689476 ], [ 106.855864515001187, -6.339540072721596 ], [ 106.855861703169708, -6.339537934515888 ], [ 106.855860046701622, -6.339536675533308 ], [ 106.855786430029994, -6.339482267536558 ], [ 106.855711469026161, -6.339429729607568 ], [ 106.855709357356247, -6.339428291422708 ], [ 106.85570376430789, -6.339424488676235 ], [ 106.855702801345316, -6.339423837515026 ], [ 106.855702551306251, -6.339423664812296 ], [ 106.855695899339381, -6.339419165136087 ], [ 106.855694389229186, -6.339418147038137 ], [ 106.855689236586471, -6.339414681773121 ], [ 106.855689158681727, -6.339414629610983 ], [ 106.855684995283099, -6.339411836208623 ], [ 106.855684289614871, -6.339411364957364 ], [ 106.855682521361615, -6.339410182323109 ], [ 106.855681311135697, -6.339409376532243 ], [ 106.855675583353843, -6.339405550759558 ], [ 106.85567286556082, -6.339403679845569 ], [ 106.855672865825866, -6.339403753985311 ], [ 106.855629247963392, -6.339375242974356 ], [ 106.855484525614997, -6.3392799395203 ], [ 106.855418806484337, -6.339236662263613 ], [ 106.855339894695788, -6.339181632984876 ], [ 106.855258814816949, -6.339129854650675 ], [ 106.855251249768514, -6.33912525696837 ], [ 106.85522316798577, -6.339108520279746 ], [ 106.855215705004383, -6.339104160928428 ], [ 106.85516880827187, -6.339077591967048 ], [ 106.85489030244581, -6.338927987824189 ], [ 106.854889863306767, -6.338927751602363 ], [ 106.854875523741612, -6.338920771287589 ], [ 106.854832070399112, -6.338895034448041 ], [ 106.854828620640191, -6.338892665244516 ], [ 106.854827721928501, -6.338892038263399 ], [ 106.854827656694894, -6.338891991480708 ], [ 106.854824679647095, -6.338889896353376 ], [ 106.854816689927361, -6.338884051543635 ], [ 106.854786084880857, -6.338858673797825 ], [ 106.854758105668765, -6.338830424101129 ], [ 106.8547473159215, -6.338817902174589 ], [ 106.854732382500202, -6.338799758566915 ], [ 106.854725835688285, -6.33879180552874 ], [ 106.854697980546675, -6.338757558121825 ], [ 106.854697956957025, -6.338757531985699 ], [ 106.854686447475814, -6.338743130180458 ], [ 106.854612285841583, -6.338646670734163 ], [ 106.85461059689743, -6.338644414578765 ], [ 106.854584213048412, -6.338609170040399 ], [ 106.85454677598949, -6.338562275209638 ], [ 106.854507866633128, -6.338516595399589 ], [ 106.854492095250606, -6.338498887867121 ], [ 106.854419756962955, -6.338423059195765 ], [ 106.85441729015389, -6.338420611427732 ], [ 106.854402101081035, -6.338405776118091 ], [ 106.854364346954782, -6.338370291934898 ], [ 106.854314901442365, -6.338326649771309 ], [ 106.854303076431137, -6.338315997708022 ], [ 106.854292258670498, -6.338306252526822 ], [ 106.854249667274971, -6.338265264855846 ], [ 106.854209299286126, -6.338222083885418 ], [ 106.85414189485887, -6.338145378561625 ], [ 106.854131091493471, -6.338133083605273 ], [ 106.854129998996115, -6.338131839777041 ], [ 106.854090360657693, -6.338080658927139 ], [ 106.854055882200939, -6.338025865605347 ], [ 106.854026888102098, -6.337967979446428 ], [ 106.853989210089225, -6.337880665134643 ], [ 106.853956611351492, -6.337805121941964 ], [ 106.853892124690717, -6.337655685796983 ], [ 106.85386903021481, -6.337602165490271 ], [ 106.853859556059305, -6.337580212101812 ], [ 106.853844793970836, -6.337546001894843 ], [ 106.85378071379111, -6.337397503680868 ], [ 106.853759878473667, -6.337345975279261 ], [ 106.853742291291709, -6.337293248109193 ], [ 106.853736813272079, -6.337270526365785 ], [ 106.853729783203207, -6.337241365347851 ], [ 106.853723519384062, -6.337202562386922 ], [ 106.85371505852865, -6.337128790919275 ], [ 106.853711035304784, -6.337054644640033 ], [ 106.853711466029054, -6.336980391121669 ], [ 106.85371634893761, -6.336906296192719 ], [ 106.853717217017746, -6.336897586070711 ], [ 106.853718252537192, -6.336887935028297 ], [ 106.853719150804324, -6.336880086458764 ], [ 106.853720903001303, -6.336865892184994 ], [ 106.853727602922078, -6.336828659519373 ], [ 106.85373126641808, -6.336794463915383 ], [ 106.85372955598443, -6.336760115728483 ], [ 106.853722512572432, -6.336726453868404 ], [ 106.8537137258987, -6.336694808176442 ], [ 106.85371158919915, -6.336687114214495 ], [ 106.853707891883616, -6.33667614916979 ], [ 106.853699894412912, -6.336652426485556 ], [ 106.853673837781415, -6.336579942123805 ], [ 106.853671244742046, -6.336573267871611 ], [ 106.853663162031026, -6.336553005694346 ], [ 106.853662243020295, -6.336550741356161 ], [ 106.853660445303262, -6.336546364433736 ], [ 106.853659447988164, -6.336543935818978 ], [ 106.853651696179895, -6.336525487099373 ], [ 106.853646613420551, -6.336513993552752 ], [ 106.853636917480429, -6.336490909844676 ], [ 106.853616223408395, -6.336435132288404 ], [ 106.85359890600418, -6.336378215180975 ], [ 106.85350392360256, -6.335984733248943 ], [ 106.853450330055836, -6.335805019425928 ], [ 106.85343447108832, -6.335765773336993 ], [ 106.853369522256912, -6.335613542097279 ], [ 106.853300889489418, -6.335462937012557 ], [ 106.853236661212549, -6.335332796209971 ], [ 106.853161082676564, -6.335187491645667 ], [ 106.853156621847475, -6.335141346797418 ], [ 106.85314773803168, -6.335083466431604 ], [ 106.85313526170367, -6.335026253506095 ], [ 106.853128372718331, -6.335005959013761 ], [ 106.853114491771237, -6.334952212213008 ], [ 106.853103967156741, -6.334897707494028 ], [ 106.853096838484049, -6.334842655384308 ], [ 106.853094291292763, -6.334748275107933 ], [ 106.853097457330719, -6.334653914208231 ], [ 106.853106324268694, -6.334559917213618 ], [ 106.853120860803102, -6.334466629624051 ], [ 106.853141012121853, -6.334374393406677 ], [ 106.853166705322977, -6.334283546072346 ], [ 106.853180580679791, -6.334226570850037 ], [ 106.853190674874298, -6.33416880533812 ], [ 106.853196943614023, -6.334110499241506 ], [ 106.853243424841509, -6.333357135985972 ], [ 106.853244072469479, -6.332959590720483 ], [ 106.853231262220788, -6.332651163728563 ], [ 106.853235838596419, -6.33232538537522 ], [ 106.853159791889155, -6.331502075541514 ], [ 106.853155869797305, -6.33137459267542 ], [ 106.853164154908882, -6.331311269454702 ], [ 106.853179168827978, -6.331249197977557 ], [ 106.853193553187296, -6.331206979496439 ], [ 106.853200841841499, -6.331188849558112 ], [ 106.853211790376847, -6.331167410001078 ], [ 106.853224810802033, -6.33114716286267 ], [ 106.853244256348077, -6.331123340357489 ], [ 106.853266558882282, -6.331102173104881 ], [ 106.85329947302472, -6.331066704905568 ], [ 106.85335364733659, -6.331016545121621 ], [ 106.853411991645331, -6.330971309851632 ], [ 106.853430897422868, -6.330958312018483 ], [ 106.853478592402325, -6.330928712360274 ], [ 106.853563978215931, -6.330882094822853 ], [ 106.853652253701966, -6.330841220102037 ], [ 106.853743034525294, -6.33080626587851 ], [ 106.853762626218312, -6.33079961095392 ], [ 106.853922617017318, -6.330751801113623 ], [ 106.853976686055987, -6.330737262691575 ], [ 106.854065754496091, -6.330718564024662 ], [ 106.854155899627187, -6.330706059486165 ], [ 106.854246692409703, -6.330699807568644 ], [ 106.854262662967429, -6.330699217979354 ], [ 106.854274236156385, -6.330697607029245 ], [ 106.854592975215908, -6.330686908852149 ], [ 106.854641468246683, -6.330681172348949 ], [ 106.854689099273358, -6.330670403679489 ], [ 106.854735345476698, -6.330654719540037 ], [ 106.85475252890339, -6.330646822740131 ], [ 106.854768560629608, -6.330636787206157 ], [ 106.854783173761462, -6.330624780256455 ], [ 106.854792567534773, -6.330613626488872 ], [ 106.854805457277749, -6.330595019936847 ], [ 106.854816101892752, -6.330575043473233 ], [ 106.854826546193109, -6.330546796512134 ], [ 106.85483251270557, -6.330517277127497 ], [ 106.854833859184467, -6.33050005539087 ], [ 106.854836184408825, -6.330469935094038 ], [ 106.854837010173839, -6.330459243219403 ], [ 106.854849720372883, -6.330294617125912 ], [ 106.854856151219863, -6.330226817762621 ], [ 106.854861211186744, -6.330187128061675 ], [ 106.854876752324571, -6.330094580161633 ], [ 106.854876842744048, -6.330094087978065 ], [ 106.854897762999357, -6.329999622135728 ], [ 106.854898207514537, -6.329997822182762 ], [ 106.854919176803989, -6.329920388644187 ], [ 106.854943325873919, -6.329843888588847 ], [ 106.854951363403615, -6.329820636645465 ], [ 106.854957825426297, -6.329802594648634 ], [ 106.854964197148576, -6.329785331452114 ], [ 106.854965470884892, -6.329781911002915 ], [ 106.854978136618726, -6.329747893023006 ], [ 106.854979927725012, -6.329743082847118 ], [ 106.855011132881231, -6.329659275518535 ], [ 106.855089898522266, -6.329447734628446 ], [ 106.855134679704094, -6.329327466661363 ], [ 106.855151341175372, -6.329282719264258 ], [ 106.85517470311909, -6.329207744624327 ], [ 106.855191366969635, -6.329131000975048 ], [ 106.855194297667595, -6.329112784435601 ], [ 106.855195397651357, -6.329105244372125 ], [ 106.855217517830908, -6.328960355848721 ], [ 106.855218050302511, -6.328956867523962 ], [ 106.855221057942572, -6.328937167895415 ], [ 106.85522106236094, -6.328937139850781 ], [ 106.855224348152277, -6.328915616451661 ], [ 106.855257316514283, -6.328699678635295 ], [ 106.855260733871049, -6.328677291298436 ], [ 106.85532106498836, -6.328282116375526 ], [ 106.855325119029501, -6.328255562226334 ], [ 106.855325159640074, -6.328255293547189 ], [ 106.855335606025207, -6.328186872261204 ], [ 106.855362403321593, -6.328024670553449 ], [ 106.85539332041229, -6.327863204579979 ], [ 106.855410009950546, -6.327782269186825 ], [ 106.855414992479268, -6.327758108637309 ], [ 106.855437161996633, -6.327650600441324 ], [ 106.855482875875182, -6.327404534976227 ], [ 106.855495081113105, -6.327350631760696 ], [ 106.855511854370519, -6.327297971715657 ], [ 106.855547627126768, -6.327214565818336 ], [ 106.855589108983295, -6.327133850184113 ], [ 106.85563610162022, -6.327056216115671 ], [ 106.855720007977041, -6.326926482963081 ], [ 106.855751916467796, -6.326870147710339 ], [ 106.855801145255157, -6.326778976780855 ], [ 106.85584611082804, -6.326685626697778 ], [ 106.855874819059579, -6.326619329144897 ], [ 106.855878991298567, -6.326609694030925 ], [ 106.855889282520607, -6.326585927718805 ], [ 106.855921596677561, -6.326512611891808 ], [ 106.855958966148435, -6.326515806579917 ], [ 106.855996458815852, -6.326516805537022 ], [ 106.855996580810896, -6.326516805101186 ], [ 106.856001435254953, -6.326516772387009 ], [ 106.856029439729596, -6.326515866732178 ], [ 106.856035279887124, -6.326515524891662 ], [ 106.85621177389514, -6.326505198131223 ], [ 106.856300476680133, -6.326498230216039 ], [ 106.856388944517519, -6.326488735109486 ], [ 106.856404769935239, -6.326486767174916 ], [ 106.856498680317301, -6.326473390957529 ], [ 106.856508181716208, -6.326471907642855 ], [ 106.856748813622389, -6.326434336262913 ], [ 106.856838994948845, -6.326419316906192 ], [ 106.856929661522045, -6.32640758240204 ], [ 106.857020694114439, -6.326399148546654 ], [ 106.857133307645469, -6.326393306592071 ], [ 106.857134029610194, -6.326393285928064 ], [ 106.85713924060407, -6.326393141622162 ], [ 106.85714348387809, -6.326393030612719 ], [ 106.857150817493476, -6.326392853402319 ], [ 106.857152939162631, -6.326392806939019 ], [ 106.85716239547672, -6.326392618523494 ], [ 106.85716500420601, -6.326392565798179 ], [ 106.857175908102775, -6.326392346891132 ], [ 106.857181018938164, -6.326392244534018 ], [ 106.857349021322477, -6.32638886454157 ], [ 106.85735124759394, -6.326388755316855 ], [ 106.857355230120277, -6.326388254643383 ], [ 106.85736145252595, -6.326386647414327 ], [ 106.857367347105466, -6.326384086570451 ], [ 106.857374243312904, -6.326383901879259 ], [ 106.857375141911305, -6.326375395096331 ], [ 106.857386496180553, -6.326226240487958 ], [ 106.857487875528022, -6.326226834619231 ], [ 106.857494307627277, -6.326153130292461 ], [ 106.857631077011661, -6.326154555364597 ], [ 106.857669679571444, -6.325984089175791 ], [ 106.85770567364797, -6.325886357043929 ], [ 106.857739672628114, -6.325765666534553 ], [ 106.857756361089557, -6.325618244222563 ], [ 106.857749932431759, -6.325424973542857 ], [ 106.857736252340374, -6.325343686566026 ], [ 106.85772636077553, -6.32525185988054 ], [ 106.857734800711114, -6.325204941179982 ], [ 106.85778326837773, -6.325118647218805 ], [ 106.857803287367517, -6.325100394914022 ], [ 106.857885331047385, -6.325042687790734 ], [ 106.857981590481486, -6.324948567470105 ], [ 106.85811297916301, -6.32478255431161 ], [ 106.858151128863497, -6.324752753509898 ], [ 106.858241820850282, -6.324706498184937 ], [ 106.85830476393474, -6.324656514799947 ], [ 106.85840106424007, -6.324573877049142 ], [ 106.858452708542558, -6.32457369235313 ], [ 106.85847093750111, -6.32458989469289 ], [ 106.858532190606923, -6.324602114969654 ], [ 106.858581044752441, -6.324614179767021 ], [ 106.858589920883801, -6.324605902139106 ], [ 106.858662407038764, -6.324538306941587 ], [ 106.858664906852667, -6.324535595485312 ], [ 106.858687700044385, -6.324506209437201 ], [ 106.858705693360491, -6.324473658840587 ], [ 106.85870677733358, -6.324471260764759 ], [ 106.858707829626667, -6.324468848335739 ], [ 106.858708849339607, -6.324466422460975 ], [ 106.858715849457198, -6.324444997916031 ], [ 106.858718907550724, -6.324429587434097 ], [ 106.858723725335551, -6.324398309996015 ], [ 106.858726739484709, -6.324366806641775 ], [ 106.858727554021712, -6.324351470187822 ], [ 106.858727967248043, -6.324328270841479 ], [ 106.858726105112922, -6.324321282969735 ], [ 106.858725631311998, -6.324319941092189 ], [ 106.85872269606385, -6.324313332282449 ], [ 106.858722015637809, -6.324312078846853 ], [ 106.858718078353363, -6.324306014304887 ], [ 106.858717211308729, -6.324304884501627 ], [ 106.858712371023259, -6.324299513962739 ], [ 106.85871188214702, -6.324299011193551 ], [ 106.858711321023179, -6.324298521341018 ], [ 106.858711253051482, -6.324298466430738 ], [ 106.858705712905859, -6.324293990794539 ], [ 106.858705644937444, -6.324293936788417 ], [ 106.858705522600587, -6.324293841385691 ], [ 106.858695853089017, -6.324286448348659 ], [ 106.858686445449663, -6.324279254192683 ], [ 106.858675137061013, -6.324269945690374 ], [ 106.858646694346604, -6.324246534903386 ], [ 106.85859372068245, -6.324202933489911 ], [ 106.858558600980416, -6.324174026717412 ], [ 106.85858774908229, -6.324127772662235 ], [ 106.858611505306669, -6.324089961889755 ], [ 106.858639883736075, -6.324044793762939 ], [ 106.858726149200862, -6.323885684217786 ], [ 106.858795222725874, -6.32373429343739 ], [ 106.85879526715874, -6.323733830351877 ], [ 106.858800813980054, -6.323715894710499 ], [ 106.858808160559562, -6.32369861808931 ], [ 106.858883820393061, -6.323533423550542 ], [ 106.858917636887085, -6.323465186388093 ], [ 106.85895618963292, -6.323399510931584 ], [ 106.858958749521094, -6.323395657315072 ], [ 106.858963898927996, -6.323385114550671 ], [ 106.858964384016318, -6.323384304502404 ], [ 106.858964724263956, -6.323383423544113 ], [ 106.858987363094826, -6.32334094681506 ], [ 106.859033007748096, -6.323263105923919 ], [ 106.859033336122948, -6.323262442909105 ], [ 106.859034393590861, -6.323260214909274 ], [ 106.859165073825054, -6.322938859825302 ], [ 106.859170098326175, -6.322927251511141 ], [ 106.859175678511718, -6.322914358215638 ], [ 106.859326609361418, -6.322633326470412 ], [ 106.859338975224276, -6.322614623225821 ], [ 106.859374347006536, -6.322610669419705 ], [ 106.859583667259642, -6.322608526426094 ] ] ] } },
{ "type": "Feature", "properties": { "OBJECTID": 176, "toponimi": "Sal. Phb Kresek Indah", "kewenangan": "Pemprov DKI", "jenis": "Saluran Drainase Tersier", "panjang": "756", "lebar": "0.6", "kedalaman": "2", "kota": "Jakarta Timur", "kecamatan": "Pasar Rebo", "lebar_min": 0.6, "lebar_max": 0.6, "kedalaman_": 2.0, "kedalaman1": 2.0, "Shape_Leng": 0.76226639477000002 }, "geometry": { "type": "MultiLineString", "coordinates": [ [ [ 106.853240357926225, -6.333406844780134 ], [ 106.853156723434807, -6.333406699509947 ], [ 106.853139098549534, -6.333406648525486 ], [ 106.853098095819988, -6.333406530932042 ], [ 106.852691848180868, -6.333419168587453 ], [ 106.852691026331186, -6.333417284547341 ], [ 106.852689966345125, -6.33341552341848 ], [ 106.852688685502201, -6.333413915880572 ], [ 106.852687129452562, -6.333412425961359 ], [ 106.852687108600279, -6.333412407048471 ], [ 106.852685572817833, -6.333411278719436 ], [ 106.852683912113903, -6.333410344325844 ], [ 106.852682150936246, -6.333409617342688 ], [ 106.852679979132134, -6.333409045532171 ], [ 106.852594958531597, -6.333386652023074 ], [ 106.852576295118894, -6.333381735844717 ], [ 106.852538536828789, -6.333371790197849 ], [ 106.852537319184989, -6.333371432882046 ], [ 106.852524024043475, -6.333367118692959 ], [ 106.852510697890267, -6.333362724144167 ], [ 106.852497393196387, -6.333358265323334 ], [ 106.852484109965502, -6.33335374313451 ], [ 106.852470849100897, -6.333349157574497 ], [ 106.852457609699158, -6.333344508646413 ], [ 106.852444387235352, -6.33333979455829 ], [ 106.852431197995116, -6.33333502067682 ], [ 106.852418026596411, -6.333330181631983 ], [ 106.852404879371761, -6.333325279209487 ], [ 106.852391754516674, -6.333320314319976 ], [ 106.852378654742424, -6.333315286953691 ], [ 106.852365578238278, -6.33331019621304 ], [ 106.852352526814997, -6.333305042995598 ], [ 106.852339499571968, -6.33329982820882 ], [ 106.852326498310219, -6.333294550037968 ], [ 106.852313522132462, -6.333289210294539 ], [ 106.852300571035585, -6.333283808074356 ], [ 106.852287646826781, -6.33327834337102 ], [ 106.852276688185057, -6.333273649226211 ], [ 106.852274747705394, -6.333272817999234 ], [ 106.85226187637565, -6.333267230140986 ], [ 106.852250478307937, -6.333262217492512 ], [ 106.852244295248482, -6.333260443906338 ], [ 106.852236721141992, -6.333258342555387 ], [ 106.852229128296784, -6.33325630817873 ], [ 106.852228231007459, -6.333256076300661 ], [ 106.852221518520224, -6.333254340770015 ], [ 106.852213891809185, -6.333252439425033 ], [ 106.85220624816661, -6.333250605047961 ], [ 106.85219858940016, -6.333248837632278 ], [ 106.852190914609196, -6.333247138085409 ], [ 106.852183226501666, -6.333245505493547 ], [ 106.852175523270034, -6.33324393986308 ], [ 106.852167806725191, -6.333242442091812 ], [ 106.852160077770378, -6.333241012176407 ], [ 106.852152336405936, -6.333239650116911 ], [ 106.852144583535406, -6.333238355910153 ], [ 106.852136820062441, -6.333237129552821 ], [ 106.852129045987041, -6.333235971044937 ], [ 106.852121261312519, -6.333234881290625 ], [ 106.852113467842912, -6.333233859379373 ], [ 106.852105665581547, -6.333232906215278 ], [ 106.852097855428795, -6.333232020890988 ], [ 106.852090038294875, -6.333231205211431 ], [ 106.852082213266257, -6.333230456467621 ], [ 106.852074383063737, -6.333229777362209 ], [ 106.852066546780506, -6.333229166994233 ], [ 106.852058705316935, -6.333228624456405 ], [ 106.852050859583059, -6.333228151553776 ], [ 106.852043009572498, -6.333227746477984 ], [ 106.852035157099181, -6.333227411030939 ], [ 106.852027301256015, -6.333227144311756 ], [ 106.852019443850509, -6.333226946313837 ], [ 106.852011584882575, -6.33322681703733 ], [ 106.852003725258967, -6.333226757383105 ], [ 106.851995864973645, -6.333226765542878 ], [ 106.851988004936373, -6.333226843321695 ], [ 106.85198014604758, -6.333226989812286 ], [ 106.85197228921129, -6.333227205011195 ], [ 106.851964434427202, -6.333227488918689 ], [ 106.85195658169863, -6.333227842438815 ], [ 106.851948733730197, -6.333228263753475 ], [ 106.851940888720819, -6.333228754677645 ], [ 106.851933048471665, -6.333229313396369 ], [ 106.851925114513577, -6.333229949302795 ], [ 106.851923582103183, -6.333230019870587 ], [ 106.851823395842686, -6.333231223674606 ], [ 106.851723202121107, -6.333232364195001 ], [ 106.85162300725456, -6.333233438696789 ], [ 106.851522811252764, -6.333234449892426 ], [ 106.851423404810717, -6.333235387727753 ], [ 106.851419206529812, -6.333235718256398 ], [ 106.851414056659806, -6.333236048563231 ], [ 106.851408902904538, -6.333236302934734 ], [ 106.851403746167364, -6.33323648136767 ], [ 106.851398587355405, -6.333236584762886 ], [ 106.851393468938426, -6.333236612064728 ], [ 106.851388267112114, -6.333236563714963 ], [ 106.851383109298681, -6.333236440163073 ], [ 106.851377953018783, -6.333236239752263 ], [ 106.851372800086025, -6.333235964284504 ], [ 106.851367652307914, -6.333235613753265 ], [ 106.851362509678083, -6.333235186350258 ], [ 106.85135737401346, -6.3332346847814 ], [ 106.851352246211306, -6.333234107235326 ], [ 106.851347128082054, -6.333233454609636 ], [ 106.851342019625974, -6.333232726904327 ], [ 106.851336922650376, -6.333231924113053 ], [ 106.851331890510863, -6.333231056895183 ], [ 106.851326765857692, -6.333230095070888 ], [ 106.851321708751811, -6.33322906881039 ], [ 106.851316667647893, -6.333227968351901 ], [ 106.851311642549376, -6.333226794599497 ], [ 106.851306635260201, -6.333225546642568 ], [ 106.85130164759093, -6.333224225379016 ], [ 106.851296679541832, -6.333222830808634 ], [ 106.851291732019519, -6.333221363832379 ], [ 106.851286806831581, -6.333219824443886 ], [ 106.851281904881574, -6.333218212639847 ], [ 106.851276983644979, -6.333216514105459 ], [ 106.85127217431976, -6.333214774484742 ], [ 106.851267347515375, -6.333212948127229 ], [ 106.85126254847701, -6.333211052050485 ], [ 106.851257777198384, -6.333209084446304 ], [ 106.8512530354962, -6.333207048020709 ], [ 106.851248325174794, -6.333204941862891 ], [ 106.85124364533381, -6.333202766880431 ], [ 106.851238997783582, -6.333200523970878 ], [ 106.851234383424838, -6.333198212226965 ], [ 106.85122980407121, -6.333195833450553 ], [ 106.851225259722767, -6.333193387641489 ], [ 106.851220723211085, -6.333190858622072 ], [ 106.851216281469917, -6.333188296714805 ], [ 106.851211849379297, -6.333185653398945 ], [ 106.851207456818685, -6.333182944842756 ], [ 106.851203103791335, -6.333180171950318 ], [ 106.851198792107823, -6.333177335619342 ], [ 106.851194522675087, -6.333174436750751 ], [ 106.851190296396652, -6.333171475341357 ], [ 106.851186113276029, -6.333168452295285 ], [ 106.851181976023994, -6.333165367602869 ], [ 106.851177883743375, -6.333162223075602 ], [ 106.851173838241593, -6.333159018707056 ], [ 106.851169822300378, -6.333155740996264 ], [ 106.851165889391581, -6.333152433152162 ], [ 106.851161988760765, -6.333149053764368 ], [ 106.851158137629497, -6.333145617238077 ], [ 106.851154337808396, -6.333142124471038 ], [ 106.851152463552921, -6.333140349967039 ], [ 106.851151293899548, -6.33313925830089 ], [ 106.851148741155157, -6.333136774645455 ], [ 106.851143188450365, -6.333130824302731 ], [ 106.851132005157126, -6.333115833485718 ], [ 106.851123243716387, -6.333099308716534 ], [ 106.851119500395512, -6.333089607804678 ], [ 106.851116467510067, -6.33308197307013 ], [ 106.851115318797866, -6.333079149868217 ], [ 106.851102038076206, -6.333047938719083 ], [ 106.851100365525653, -6.333044186103716 ], [ 106.851096959077481, -6.333036710024668 ], [ 106.851093491282441, -6.333029263097399 ], [ 106.851089963040451, -6.333021844414674 ], [ 106.851086373451565, -6.333014454883688 ], [ 106.85108272251567, -6.333007094504441 ], [ 106.851079012046441, -6.332999765078856 ], [ 106.851075241140308, -6.332992466610141 ], [ 106.851071410704023, -6.332985199999208 ], [ 106.851067519830806, -6.332977964345107 ], [ 106.85106357033456, -6.332970761449708 ], [ 106.851059561308119, -6.332963590412075 ], [ 106.85105549276139, -6.332956453944635 ], [ 106.851051366495227, -6.332949350232635 ], [ 106.851047181612373, -6.332942281087655 ], [ 106.85104293901648, -6.3329352465064 ], [ 106.851038638710733, -6.332928247393014 ], [ 106.851034280695217, -6.332921283747543 ], [ 106.85102986497327, -6.332914356474133 ], [ 106.851025393351989, -6.332907465566281 ], [ 106.851020864927833, -6.332900611027179 ], [ 106.851016280614175, -6.332893795566199 ], [ 106.851011639497656, -6.332887016473981 ], [ 106.851006943398417, -6.332880277360688 ], [ 106.851004685476866, -6.332877093738985 ], [ 106.851002191406465, -6.332873576421351 ], [ 106.850997385332278, -6.3328669145535 ], [ 106.850994955254066, -6.332863603155359 ], [ 106.850990066254241, -6.332857001257556 ], [ 106.85098297981763, -6.332849734504015 ], [ 106.850974888923005, -6.332843607858321 ], [ 106.850965974793027, -6.332838757201928 ], [ 106.850961453372349, -6.332836911667919 ], [ 106.850957883146918, -6.332835463283114 ], [ 106.850950716718273, -6.3328326308011 ], [ 106.850943525215328, -6.332829862603647 ], [ 106.85093630954168, -6.332827158687496 ], [ 106.850929068800227, -6.332824520863993 ], [ 106.850921805701958, -6.332821949123616 ], [ 106.850914518433072, -6.332819441664512 ], [ 106.850907209714222, -6.332817001189405 ], [ 106.850899879539071, -6.332814625889975 ], [ 106.850892527913999, -6.332812317574594 ], [ 106.850885155739434, -6.332810075335845 ], [ 106.850877763018673, -6.332807900077855 ], [ 106.85087035155891, -6.332805791794295 ], [ 106.850862921357162, -6.33280374958087 ], [ 106.850855473323364, -6.332801775242663 ], [ 106.850848007454289, -6.332799867875648 ], [ 106.850840524656974, -6.332798028380679 ], [ 106.85083302583179, -6.33279625585032 ], [ 106.850825510985075, -6.332794552093013 ], [ 106.850817981918013, -6.33279291529389 ], [ 106.85081043773296, -6.332791347264477 ], [ 106.850802879330843, -6.332789847097459 ], [ 106.850795308518641, -6.332788414786409 ], [ 106.850787724396099, -6.33278705123864 ], [ 106.850780128770523, -6.33278575644771 ], [ 106.850772521638746, -6.332784529509509 ], [ 106.850764903910701, -6.332783372229102 ], [ 106.850757275580079, -6.332782282798152 ], [ 106.850749637557087, -6.332781263021739 ], [ 106.850741991645606, -6.332780311989294 ], [ 106.850734336942139, -6.332779429704122 ], [ 106.850726674353666, -6.332778617066979 ], [ 106.85071900478043, -6.332777873170615 ], [ 106.85071132912951, -6.332777198915887 ], [ 106.850703647397538, -6.332776593398698 ], [ 106.85069596139509, -6.332776057516734 ], [ 106.850688270218555, -6.332775591273271 ], [ 106.850680574771687, -6.33277519466493 ], [ 106.850672876861694, -6.332774867685422 ], [ 106.85066517558181, -6.332774609433841 ], [ 106.850657472742398, -6.332774420807688 ], [ 106.850649768343729, -6.332774301807179 ], [ 106.850642063289285, -6.332774252428978 ], [ 106.850634357579139, -6.332774272673167 ], [ 106.850626653020555, -6.33277436253317 ], [ 106.850618949613761, -6.332774522009205 ], [ 106.850611247358529, -6.332774751101021 ], [ 106.850603548059127, -6.332775048898181 ], [ 106.850596176995282, -6.33277540158265 ], [ 106.850589716668949, -6.332775956263164 ], [ 106.850582704090641, -6.33277648397982 ], [ 106.850575685823017, -6.332776936671602 ], [ 106.850568663679653, -6.332777316140364 ], [ 106.850561638561047, -6.332777621478629 ], [ 106.850554609560547, -6.332777851785685 ], [ 106.850547579392114, -6.332778007955878 ], [ 106.850540526367567, -6.332778090066626 ], [ 106.850533514648205, -6.332778097888995 ], [ 106.850526482780651, -6.332778030738068 ], [ 106.850519451552529, -6.332777889443866 ], [ 106.850512422771345, -6.33277767399994 ], [ 106.850505396437285, -6.332777384406306 ], [ 106.850498373450364, -6.332777019755531 ], [ 106.850491354721157, -6.332776581852761 ], [ 106.850484341146753, -6.332776068886391 ], [ 106.850477332730208, -6.33277548176064 ], [ 106.850470332185907, -6.332774821369975 ], [ 106.850463337703303, -6.332774086816662 ], [ 106.850456351990289, -6.332773277186969 ], [ 106.850455723642412, -6.332773198053123 ], [ 106.850449375056371, -6.332772395193247 ], [ 106.850442407795697, -6.332771438119806 ], [ 106.850435452025152, -6.332770408672788 ], [ 106.850428505931177, -6.332769305050195 ], [ 106.850421590311086, -6.33276813079465 ], [ 106.850414652722421, -6.332766877955526 ], [ 106.850407745607811, -6.332765554483401 ], [ 106.850400853598103, -6.332764158624704 ], [ 106.850393975786574, -6.3327626894785 ], [ 106.85038711398029, -6.332761147038427 ], [ 106.850380269993352, -6.332759533106297 ], [ 106.850373442015069, -6.332757846784324 ], [ 106.850366632756362, -6.332756088062913 ], [ 106.850359843121211, -6.332754256938888 ], [ 106.850353072211973, -6.332752355223679 ], [ 106.850346322733671, -6.332750381099312 ], [ 106.850339593788732, -6.332748336377434 ], [ 106.850332887181537, -6.332746220147307 ], [ 106.850326202915227, -6.332744033313189 ], [ 106.850319541893526, -6.332741775871761 ], [ 106.850312884206332, -6.332739439756635 ], [ 106.850306295008977, -6.33273705005192 ], [ 106.850299709149425, -6.332734582577705 ], [ 106.85029315015241, -6.332732045387469 ], [ 106.850286618017833, -6.332729438481197 ], [ 106.850280113656055, -6.332726763664042 ], [ 106.850273637964008, -6.332724019124426 ], [ 106.850267191852026, -6.332721206667418 ], [ 106.850260775319981, -6.332718326293098 ], [ 106.850254390178634, -6.332715378899004 ], [ 106.850248036421448, -6.332712362677063 ], [ 106.850245043617392, -6.332710903186366 ], [ 106.85024171496174, -6.332709280336307 ], [ 106.85023542670308, -6.332706131873559 ], [ 106.850229171642539, -6.332702916384764 ], [ 106.850222950686856, -6.332699634770779 ], [ 106.85021676474291, -6.332696287932457 ], [ 106.85021061471123, -6.332692874962617 ], [ 106.85020451508926, -6.332689406659252 ], [ 106.85019842511808, -6.332685856947258 ], [ 106.850192385553498, -6.332682250997726 ], [ 106.85018638552549, -6.332678581616078 ], [ 106.850180424130542, -6.332674848805516 ], [ 106.850177780217138, -6.332673153893839 ], [ 106.85017450317892, -6.332671053463968 ], [ 106.85016862176731, -6.332667195594365 ], [ 106.850162781706146, -6.332663276094615 ], [ 106.850157081737962, -6.332659362424453 ], [ 106.850155405385649, -6.332658092633984 ], [ 106.850153613756021, -6.332656426329293 ], [ 106.850148050885522, -6.332650662263712 ], [ 106.850142471317398, -6.332644777100492 ], [ 106.850136943985845, -6.332638842022289 ], [ 106.850131468897203, -6.332632858837349 ], [ 106.850126046951971, -6.332626826638387 ], [ 106.850120679060382, -6.332620747230424 ], [ 106.850115365219082, -6.332614619709351 ], [ 106.850110108151895, -6.33260844768205 ], [ 106.850104902414515, -6.332602224838908 ], [ 106.850099753454472, -6.332595958393717 ], [ 106.850094659458108, -6.332589646544552 ], [ 106.850089623136427, -6.332583289281903 ], [ 106.850084641784818, -6.33257688842359 ], [ 106.850079719014872, -6.332570443052701 ], [ 106.850077285566783, -6.332567198567824 ], [ 106.850067668950501, -6.332554135219648 ], [ 106.850065293186731, -6.332550848033657 ], [ 106.850060601157452, -6.332544232762402 ], [ 106.850055967716258, -6.332537574786804 ], [ 106.850051393776425, -6.332530876816192 ], [ 106.850048367496314, -6.332526360486109 ], [ 106.850046879337881, -6.332524138850372 ], [ 106.850042425301297, -6.332517359982159 ], [ 106.850038030772424, -6.332510542927029 ], [ 106.850033696651892, -6.332503686777768 ], [ 106.850029424746964, -6.332496791527849 ], [ 106.850025213260011, -6.332489859896273 ], [ 106.850021063091418, -6.332482890975538 ], [ 106.850016986966864, -6.332475905515946 ], [ 106.850012949426926, -6.332468843065414 ], [ 106.850008986841175, -6.332461765881063 ], [ 106.850005086487101, -6.332454654116907 ], [ 106.850001249268487, -6.332447507769612 ], [ 106.849997476092128, -6.33244032774012 ], [ 106.849993766054439, -6.332433114031721 ], [ 106.849990120065442, -6.332425868449419 ], [ 106.849986539025693, -6.332418590085913 ], [ 106.849983022941586, -6.332411280749401 ], [ 106.849979570909412, -6.332403940443231 ], [ 106.849976184736633, -6.332396569160887 ], [ 106.849972863525778, -6.33238916871386 ], [ 106.849969608180857, -6.332381739098983 ], [ 106.849968309609764, -6.332378703045139 ], [ 106.849966418701641, -6.332374280316275 ], [ 106.849963295998251, -6.332366794170738 ], [ 106.849960239167132, -6.332359280665628 ], [ 106.849957658543929, -6.332352771790717 ], [ 106.849924411350344, -6.332350889391731 ], [ 106.849826350970048, -6.33234533655114 ], [ 106.849789638321241, -6.332343257633863 ], [ 106.849765221971722, -6.332341874491973 ], [ 106.849756652344041, -6.332341389663483 ], [ 106.849753964222657, -6.332341237399459 ], [ 106.849529391270394, -6.332339174239791 ], [ 106.849527697412825, -6.332339079010083 ], [ 106.849521302337976, -6.332338416446975 ], [ 106.849514817512414, -6.332337673733565 ], [ 106.849508341475641, -6.332336861368573 ], [ 106.849501874221502, -6.332335977543738 ], [ 106.849495416663189, -6.332335024968208 ], [ 106.849488969694875, -6.332334000926397 ], [ 106.849482550505613, -6.332332910781973 ], [ 106.849476112068729, -6.332331744756807 ], [ 106.849469702311538, -6.332330511721628 ], [ 106.849463305864873, -6.33232920992294 ], [ 106.849456924529775, -6.332327837546013 ], [ 106.849450558312597, -6.332326396399103 ], [ 106.849444208117191, -6.332324886479022 ], [ 106.849437874847055, -6.332323307782551 ], [ 106.849431558502246, -6.33232166030964 ], [ 106.849425260890257, -6.332319944053898 ], [ 106.849418982010874, -6.332318159015275 ], [ 106.849412722774318, -6.332316306998893 ], [ 106.849406484077946, -6.332314386193306 ], [ 106.849400266831751, -6.332312398403369 ], [ 106.849394071032421, -6.332310342725136 ], [ 106.849387898490647, -6.332308220056298 ], [ 106.849381759159897, -6.332306033977928 ], [ 106.849375624086917, -6.332303774647507 ], [ 106.849369523128473, -6.332301451904438 ], [ 106.849363448141972, -6.332299063065065 ], [ 106.849357400030883, -6.332296608126419 ], [ 106.849351987895986, -6.332294344411427 ], [ 106.849346207066517, -6.332292337886773 ], [ 106.849339960516645, -6.332290241701463 ], [ 106.849333692506903, -6.332288209787807 ], [ 106.849327403944216, -6.33228624304663 ], [ 106.849321095729181, -6.332284340570631 ], [ 106.849314767864925, -6.332282503263873 ], [ 106.8493084221587, -6.33228073112 ], [ 106.849302057706993, -6.332279024142283 ], [ 106.849295676320395, -6.332277383228256 ], [ 106.84928927889915, -6.332275807470726 ], [ 106.849282865449752, -6.332274298677831 ], [ 106.849281582988311, -6.332274010300002 ], [ 106.84927643686963, -6.332272855038179 ], [ 106.849269993165038, -6.332271478360025 ], [ 106.849263536140185, -6.332270167732769 ], [ 106.849257065794959, -6.332268923156462 ], [ 106.849250583036579, -6.332267745531944 ], [ 106.849245951508507, -6.332266953716251 ], [ 106.849244088768273, -6.332266634856065 ], [ 106.849237582990369, -6.332265591128807 ], [ 106.849231066606436, -6.332264614346918 ], [ 106.849224541423865, -6.332263704504007 ], [ 106.849218006538848, -6.33226286160328 ], [ 106.849211463762018, -6.332262086542443 ], [ 106.849204913090318, -6.332261378417299 ], [ 106.849198355430431, -6.332260738128911 ], [ 106.849191791686195, -6.332260165673888 ], [ 106.849185221854327, -6.332259660148223 ], [ 106.849178647745362, -6.332259222449554 ], [ 106.84917206935917, -6.332258852577899 ], [ 106.849165487599748, -6.332258550529972 ], [ 106.849158903367396, -6.332258315398559 ], [ 106.849152316668537, -6.332258148991801 ], [ 106.84914572930397, -6.332258049495069 ], [ 106.849139140376749, -6.332258018719873 ], [ 106.849134012025431, -6.332258046936206 ], [ 106.84912663898298, -6.332259367054143 ], [ 106.849117817588763, -6.332261016020579 ], [ 106.849109009084188, -6.332262731848667 ], [ 106.84910021437598, -6.332264515439305 ], [ 106.849091432557458, -6.332266365891597 ], [ 106.849082666342568, -6.332268284100068 ], [ 106.849073913917735, -6.332270268262751 ], [ 106.849065178000373, -6.332272320178428 ], [ 106.849056456779948, -6.332274438949314 ], [ 106.849047752964182, -6.332276623661622 ], [ 106.849039065652676, -6.332278875222703 ], [ 106.849030395749026, -6.332281193629354 ], [ 106.849021744153902, -6.332283577974164 ], [ 106.849013110867077, -6.332286028257234 ], [ 106.849004495888593, -6.3322885444785 ], [ 106.848995901025944, -6.332291126631507 ], [ 106.848987326278973, -6.332293774716324 ], [ 106.848978771644454, -6.332296487828708 ], [ 106.848970238929923, -6.332299265962358 ], [ 106.848961726331027, -6.332302110027755 ], [ 106.848953236555786, -6.332305019111135 ], [ 106.848944769604117, -6.332307993212515 ], [ 106.848936324568896, -6.332311031430869 ], [ 106.848927903257831, -6.332314133759913 ], [ 106.84891950657763, -6.332317301100425 ], [ 106.848911133621598, -6.332320532551598 ], [ 106.848902786196632, -6.332323828106927 ], [ 106.848894463396334, -6.332327186865538 ], [ 106.848886167030955, -6.332330609725124 ], [ 106.848877833933173, -6.332334122227143 ], [ 106.848877058752535, -6.332334428785654 ], [ 106.848876617399625, -6.332334584064794 ], [ 106.848769577678951, -6.332370875808151 ], [ 106.848758724776317, -6.332374555511894 ], [ 106.848725934039976, -6.332385656931428 ], [ 106.848640811163136, -6.332414476379206 ], [ 106.848522880168517, -6.332454344845627 ], [ 106.848405186328009, -6.332494075013607 ], [ 106.848396799367904, -6.332497182638369 ], [ 106.848388052031567, -6.332500345795942 ], [ 106.848379290879549, -6.332503435765781 ], [ 106.848370505083437, -6.332506457107153 ], [ 106.848361696450667, -6.332509409813715 ], [ 106.848352864978054, -6.332512292981273 ], [ 106.848344010665699, -6.33251510660991 ], [ 106.848335134416985, -6.332517850696321 ], [ 106.848326238036364, -6.332520524329918 ], [ 106.848317319719598, -6.3325231284213 ], [ 106.848308381270826, -6.33252566205987 ], [ 106.848282372634387, -6.332532928275741 ], [ 106.848276361822855, -6.332534607908138 ], [ 106.848266447466656, -6.33253437015877 ], [ 106.84826091458558, -6.332534237059345 ], [ 106.848251547911715, -6.332534011825882 ], [ 106.848245433005175, -6.332533865428247 ], [ 106.847954281856204, -6.332539379560416 ], [ 106.847953162104744, -6.332539358230889 ], [ 106.847844110932087, -6.332533817931887 ], [ 106.847842262192543, -6.332533878763546 ], [ 106.847841829354735, -6.332533887537865 ], [ 106.84783916896437, -6.332533910572094 ], [ 106.847838783082651, -6.332533909233502 ], [ 106.84783617036544, -6.332533869710998 ], [ 106.847835737453678, -6.332533857689939 ], [ 106.84783312631879, -6.332533754870729 ], [ 106.847832694275439, -6.332533732900764 ], [ 106.847830085632907, -6.332533568589886 ], [ 106.847829654454529, -6.332533535766919 ], [ 106.847827051008963, -6.33253330814643 ], [ 106.847826620698967, -6.332533265374671 ], [ 106.847824026074747, -6.332532977144073 ], [ 106.847789772951629, -6.332525483364376 ], [ 106.847781776273564, -6.332523733353863 ], [ 106.847727975400701, -6.332510913143342 ], [ 106.847682695954489, -6.332502808520107 ], [ 106.847675252014398, -6.33250147606979 ], [ 106.847665558766167, -6.33249963083124 ], [ 106.847655149242655, -6.332497376750145 ], [ 106.847654369669897, -6.332498989832321 ], [ 106.847651176913615, -6.332505594324871 ], [ 106.847598164408012, -6.33258282913647 ], [ 106.847545140433525, -6.332578318979052 ], [ 106.847490659003242, -6.332587842934364 ], [ 106.847461579834061, -6.332596448252881 ], [ 106.847375293815091, -6.332621984140835 ], [ 106.847283614062704, -6.33266034753207 ], [ 106.847251443519511, -6.332690604891565 ], [ 106.847208448127873, -6.332702957740878 ], [ 106.847147470840554, -6.332701021964741 ], [ 106.847051514469811, -6.332613478296347 ], [ 106.847018880173906, -6.332583705645332 ], [ 106.847010819051704, -6.332577301240254 ] ] ] } },
{ "type": "Feature", "properties": { "OBJECTID": 177, "toponimi": "Sal. Phb Anyelir", "kewenangan": "Pemprov DKI", "jenis": "Saluran Drainase Tersier", "panjang": "948", "lebar": "1.2", "kedalaman": "1.2", "kota": "Jakarta Timur", "kecamatan": "Pasar Rebo", "lebar_min": 1.2, "lebar_max": 1.2, "kedalaman_": 1.2, "kedalaman1": 1.2, "Shape_Leng": 0.93799854776000002 }, "geometry": { "type": "MultiLineString", "coordinates": [ [ [ 106.860927606183992, -6.311755520116031 ], [ 106.860939440501781, -6.311721127244852 ], [ 106.860945700486923, -6.311685295897946 ], [ 106.860946638990768, -6.311669493376817 ], [ 106.860945854750653, -6.311643963807129 ], [ 106.860944088003833, -6.311586473232938 ], [ 106.860935508954412, -6.311307324092196 ], [ 106.860935492504723, -6.311306259963076 ], [ 106.860936003814373, -6.310778399218443 ], [ 106.860942898427865, -6.310368457880632 ], [ 106.860938731743417, -6.31014263074489 ], [ 106.860938521041689, -6.310131194867618 ], [ 106.860938049461907, -6.310105657849648 ], [ 106.860936714091565, -6.310033307784481 ], [ 106.860936429523235, -6.310017885760938 ], [ 106.860936255754652, -6.310008442504622 ], [ 106.860934017159536, -6.309887089674133 ], [ 106.8609340105439, -6.309886501998379 ], [ 106.86093375873682, -6.309593381041963 ], [ 106.860933644896761, -6.309461210565421 ], [ 106.860933636896775, -6.30945162566881 ], [ 106.860933631750456, -6.30944537256553 ], [ 106.860927549830691, -6.309080626449441 ], [ 106.860927526790718, -6.30907416997563 ], [ 106.860927478065562, -6.309060515631918 ], [ 106.860927381273456, -6.309033391389343 ], [ 106.860927284481804, -6.309006267146724 ], [ 106.860927222035414, -6.308988767489524 ], [ 106.86092638304001, -6.308753647320083 ], [ 106.860931293929795, -6.308119633198913 ], [ 106.860931014548669, -6.307741450514071 ], [ 106.860931008426817, -6.307733655833065 ], [ 106.860930982555743, -6.307698289981476 ], [ 106.860930981750229, -6.307697557620381 ], [ 106.860930949775167, -6.307655921489595 ], [ 106.860930663278225, -6.307277236114998 ], [ 106.860895521980737, -6.305716555680944 ], [ 106.860825900161146, -6.305718588159297 ], [ 106.86031504970525, -6.305733499483846 ], [ 106.860250771748568, -6.305732170156721 ], [ 106.860184761385213, -6.305730805413907 ], [ 106.859278757092184, -6.305712071922478 ], [ 106.859226185101988, -6.305714105750258 ], [ 106.859192192112047, -6.305715420497378 ], [ 106.859138014572309, -6.305717517005609 ], [ 106.859083836123759, -6.305719612607413 ], [ 106.859068595611689, -6.305720202230471 ], [ 106.858696683879231, -6.305734591042771 ], [ 106.858571260424839, -6.305739443370984 ], [ 106.858549477682573, -6.30574108614117 ] ] ] } },
{ "type": "Feature", "properties": { "OBJECTID": 178, "toponimi": "Sal. Phb Gedong", "kewenangan": "Pemprov DKI", "jenis": "Saluran Drainase Tersier", "panjang": "1565", "lebar": "1.5 - 2", "kedalaman": "2", "kota": "Jakarta Timur", "kecamatan": "Pasar Rebo", "lebar_min": 1.5, "lebar_max": 2.0, "kedalaman_": 2.0, "kedalaman1": 2.0, "Shape_Leng": 1.89809826982 }, "geometry": { "type": "MultiLineString", "coordinates": [ [ [ 106.860895521980737, -6.305716555680944 ], [ 106.860939410219672, -6.305122972584457 ], [ 106.860973006777797, -6.305118206190661 ], [ 106.861091417469282, -6.305105953468741 ], [ 106.861292550127018, -6.305085140468459 ], [ 106.861321850381088, -6.304945994304606 ], [ 106.861248725281655, -6.304821858451222 ], [ 106.861143002224949, -6.304674873482467 ], [ 106.861083333594195, -6.304569827743048 ], [ 106.860889845655279, -6.304484397930687 ], [ 106.860752003365718, -6.304448528566556 ], [ 106.860681056660482, -6.304399022643731 ], [ 106.860657858922693, -6.304330208969744 ], [ 106.860678625123086, -6.304253582907354 ], [ 106.860640262757784, -6.304223098876095 ], [ 106.860582773350785, -6.304192684011779 ], [ 106.860578689041418, -6.304119973924804 ], [ 106.860535791226198, -6.303890472090257 ], [ 106.860524042299872, -6.303813962071992 ], [ 106.860830250286256, -6.303326764804533 ], [ 106.86098825206598, -6.303115684178088 ], [ 106.86102453079323, -6.303098330571326 ], [ 106.86109536812576, -6.30311721502665 ], [ 106.861125494839854, -6.303117585785555 ], [ 106.861309051689133, -6.302697809536014 ], [ 106.861363010013548, -6.302542599900736 ], [ 106.861367924065092, -6.302311491720431 ], [ 106.861374927235047, -6.302264100862606 ], [ 106.861383442116022, -6.302238233394132 ], [ 106.861433598892333, -6.302223700926789 ], [ 106.861558487848001, -6.302247656378991 ], [ 106.861605784948495, -6.302236004790156 ], [ 106.861620048055556, -6.302212988389557 ], [ 106.861642114605161, -6.301964594894679 ], [ 106.861659134106517, -6.301909991118968 ], [ 106.861693697048977, -6.301545289820092 ], [ 106.86176827046674, -6.301539282234921 ], [ 106.861944673195367, -6.301527169724602 ], [ 106.86196615016317, -6.301515610307519 ], [ 106.862035733707202, -6.3013172837304 ], [ 106.862081560831314, -6.301295590430099 ], [ 106.862679921390068, -6.301342255336214 ], [ 106.862817638172686, -6.301343198345455 ], [ 106.8628246523635, -6.301298678152592 ], [ 106.862833484904129, -6.30095990506746 ], [ 106.862810938732835, -6.300671481460176 ], [ 106.862804499763655, -6.300072965600859 ], [ 106.86281262547034, -6.299938014460043 ], [ 106.862814281131563, -6.299597832101568 ], [ 106.86281774108781, -6.298959091303603 ], [ 106.86283329057791, -6.298894444952294 ], [ 106.862834530100642, -6.298839897539157 ], [ 106.862798412379775, -6.298768259404077 ], [ 106.862709289773974, -6.298716905286808 ], [ 106.862590037336844, -6.298664222915933 ], [ 106.862344554979842, -6.298613426883022 ], [ 106.862149233262585, -6.298549533167393 ], [ 106.862100271315413, -6.298496600693065 ], [ 106.862072765766953, -6.298426366625583 ], [ 106.862086849720569, -6.29835311344893 ], [ 106.86210813124778, -6.298287011750527 ], [ 106.862112250977219, -6.298235324722445 ], [ 106.862140730973934, -6.298176373595382 ], [ 106.862203582400412, -6.298101511490183 ], [ 106.862233425694555, -6.298022461609572 ], [ 106.862258237486401, -6.297941606914695 ], [ 106.862259300647352, -6.29794352082815 ], [ 106.862259595258749, -6.297944036047837 ], [ 106.862260790650367, -6.297946034479728 ], [ 106.862261176910209, -6.297946656966564 ], [ 106.862262361801299, -6.297948498113315 ], [ 106.86226276789553, -6.297949107871197 ], [ 106.862264011383047, -6.297950909930305 ], [ 106.862264437308454, -6.297951506055078 ], [ 106.862265738482151, -6.297953267221454 ], [ 106.86226618423558, -6.297953848809077 ], [ 106.862267541278655, -6.297955566376702 ], [ 106.86226800325521, -6.297956136152393 ], [ 106.862268026833021, -6.297956159576224 ], [ 106.862269639374475, -6.29795755977855 ], [ 106.862270081679029, -6.297957934327508 ], [ 106.862271952192074, -6.297959457478123 ], [ 106.862272504963201, -6.29795989492348 ], [ 106.862274320769558, -6.29796128083814 ], [ 106.862274887934035, -6.297961700149084 ], [ 106.862276746914006, -6.297963029852117 ], [ 106.862277326664653, -6.297963431035135 ], [ 106.862279225191003, -6.29796470092298 ], [ 106.862279817534073, -6.297965085786283 ], [ 106.862281755606858, -6.297966295858873 ], [ 106.862282360529719, -6.297966660785955 ], [ 106.862284401537025, -6.297967848791557 ], [ 106.862284948422271, -6.297968156059927 ], [ 106.862286958345834, -6.297969242911382 ], [ 106.862287584813686, -6.297969567978796 ], [ 106.862288944491695, -6.297970250282223 ], [ 106.86230231908884, -6.29797811750093 ], [ 106.862304723439422, -6.29797932952597 ], [ 106.862324990357166, -6.297988060023449 ], [ 106.862334299347296, -6.297992070169953 ], [ 106.86233536715271, -6.297992498543842 ], [ 106.862338964725524, -6.29799383289136 ], [ 106.862342788214818, -6.297995170049163 ], [ 106.862346636740924, -6.297996432977024 ], [ 106.86235051211122, -6.297997621668555 ], [ 106.862354408903926, -6.297998736143112 ], [ 106.862358325305479, -6.297999774598791 ], [ 106.86236226312306, -6.298000737029232 ], [ 106.862366216928365, -6.298001621645388 ], [ 106.862370186728128, -6.298002430255718 ], [ 106.862374179757524, -6.298003164642521 ], [ 106.862378172496861, -6.298003817656564 ], [ 106.86238218303761, -6.298004394658272 ], [ 106.862386204144585, -6.298004893865109 ], [ 106.862390234010491, -6.29800531528353 ], [ 106.862393878543642, -6.298005627770634 ], [ 106.862627245165498, -6.298027385953004 ], [ 106.862627731458232, -6.298027425808193 ], [ 106.862663670577604, -6.298029993701141 ], [ 106.862664324936077, -6.298030031147985 ], [ 106.862670481355067, -6.298030289458814 ], [ 106.862676765874482, -6.298030487638243 ], [ 106.862683050135914, -6.29803061348623 ], [ 106.862689337760344, -6.298030668798318 ], [ 106.8626955944234, -6.298030657313604 ], [ 106.862701910466967, -6.298030573284605 ], [ 106.862708195549175, -6.298030422458793 ], [ 106.862714478566048, -6.298030199308056 ], [ 106.862720757723537, -6.29802990745551 ], [ 106.86272690834862, -6.298029554579331 ], [ 106.862727636474631, -6.298029499539204 ], [ 106.862733430469561, -6.298028977955437 ], [ 106.862739356082642, -6.298028369103039 ], [ 106.862745274208848, -6.298027687945222 ], [ 106.862751183041055, -6.298026934488267 ], [ 106.862757084379865, -6.298026106917481 ], [ 106.862761250533694, -6.298025469988135 ], [ 106.862774130720695, -6.297993259691666 ], [ 106.862776474658716, -6.297976768626626 ], [ 106.8627772430862, -6.297976612177573 ], [ 106.862777750575631, -6.297976514525751 ], [ 106.862777911325281, -6.297976487731439 ], [ 106.862778303264932, -6.297976422137495 ], [ 106.862813111598484, -6.297971037517114 ], [ 106.862818000663125, -6.297970150268984 ], [ 106.862823191154334, -6.297969155254757 ], [ 106.862828202652565, -6.297968139179794 ], [ 106.862833201319617, -6.297967072518084 ], [ 106.862838351477862, -6.297965916708568 ], [ 106.86284336419638, -6.297964736073374 ], [ 106.862848477842462, -6.297963477320742 ], [ 106.862849722074699, -6.297963207058063 ], [ 106.862855642292473, -6.297962099131853 ], [ 106.862861672918598, -6.297961037827331 ], [ 106.862867727270995, -6.297960041537001 ], [ 106.862873792705088, -6.297959112114303 ], [ 106.862879865613223, -6.297958251380401 ], [ 106.862885949596688, -6.297957455705935 ], [ 106.862892041047743, -6.297956726911949 ], [ 106.862931569072444, -6.297737231215942 ], [ 106.862937503152494, -6.297704280805062 ], [ 106.862948960755958, -6.29765856574464 ], [ 106.862963982370047, -6.297613896723219 ], [ 106.862973688018556, -6.297593571992821 ], [ 106.862990796370042, -6.297563676603149 ], [ 106.863010514871618, -6.29753543734367 ], [ 106.863126776213619, -6.297367463881771 ], [ 106.863127138260225, -6.297367124436207 ], [ 106.863127552044745, -6.297366849904964 ], [ 106.863128006759439, -6.297366650272229 ], [ 106.863128488866238, -6.297366530107062 ], [ 106.863128983923545, -6.297366493981869 ], [ 106.863129477470167, -6.297366541044017 ], [ 106.863129956855786, -6.297366671338748 ], [ 106.863130406705721, -6.297366881304236 ], [ 106.8631306430904, -6.297367032357927 ], [ 106.863130863287225, -6.297367205169011 ], [ 106.863161545687589, -6.297388951696539 ], [ 106.863163507967059, -6.297389855171885 ], [ 106.863165584796448, -6.297390446305821 ], [ 106.863167728239233, -6.297390712611182 ], [ 106.86316988766113, -6.297390645227425 ], [ 106.863172010665053, -6.297390247958128 ], [ 106.863174047578397, -6.297389528213841 ], [ 106.863175949673575, -6.297388505155717 ], [ 106.863177650235059, -6.297387221517237 ], [ 106.863179136676479, -6.297385695426217 ], [ 106.863182803802516, -6.29738246264757 ], [ 106.863196315378133, -6.297370464227838 ], [ 106.863209784309447, -6.297358417135917 ], [ 106.863223208788824, -6.297346321378385 ], [ 106.863236589720017, -6.29733417695188 ], [ 106.863249927103126, -6.29732198385653 ], [ 106.8632632380519, -6.297309726660548 ], [ 106.8632636614213, -6.297309352638274 ], [ 106.863285705643065, -6.297290689988012 ], [ 106.863286145077524, -6.297290259850931 ], [ 106.863286788164316, -6.297289670760131 ], [ 106.863287668304608, -6.297288913554764 ], [ 106.86328830444296, -6.297288403149925 ], [ 106.863289185818957, -6.29728773906784 ], [ 106.863289898793354, -6.297287236526065 ], [ 106.863290821035079, -6.297286629259607 ], [ 106.86329150538414, -6.297286208193807 ], [ 106.863292524412302, -6.297285628610457 ], [ 106.863293296463382, -6.297285221697914 ], [ 106.863294288725072, -6.297284738050313 ], [ 106.863295084453696, -6.29728438258986 ], [ 106.863296106766683, -6.297283963933834 ], [ 106.863296557953802, -6.297283788725704 ], [ 106.863296923462315, -6.297283659935235 ], [ 106.863297970411409, -6.297283308098555 ], [ 106.86329880536951, -6.297283057379681 ], [ 106.863299872439995, -6.297282773282585 ], [ 106.863300721145691, -6.297282576763726 ], [ 106.863301919410858, -6.29728234011833 ], [ 106.86330266447203, -6.297282219918277 ], [ 106.863303759150682, -6.297282075866191 ], [ 106.863304627225631, -6.297281989584757 ], [ 106.863305728481066, -6.297281916033031 ], [ 106.863306592237876, -6.297281885824398 ], [ 106.863307703687738, -6.297281883664349 ], [ 106.86330857577704, -6.297281909483432 ], [ 106.863309677538552, -6.297281977881732 ], [ 106.863310545309716, -6.297282059773631 ], [ 106.86331164009394, -6.297282198720736 ], [ 106.863312370628933, -6.297282312748007 ], [ 106.863313585025296, -6.297282545299843 ], [ 106.863314436024382, -6.297282738462394 ], [ 106.863315504196791, -6.29728301674393 ], [ 106.863316340027993, -6.297283264209703 ], [ 106.863317388562763, -6.297283610372813 ], [ 106.863317724222185, -6.297283726714097 ], [ 106.863318207415603, -6.297283911244188 ], [ 106.863319230887697, -6.297284324403989 ], [ 106.863320028237666, -6.297284676888836 ], [ 106.863321023026415, -6.297285155249955 ], [ 106.863321797063023, -6.297285558450556 ], [ 106.863322804818281, -6.297286125372297 ], [ 106.863323504839187, -6.297286551440951 ], [ 106.863324430491588, -6.297287153917828 ], [ 106.863325145228302, -6.297287652266099 ], [ 106.863326030424545, -6.297288312753141 ], [ 106.863326656603931, -6.297288810513454 ], [ 106.863327553007878, -6.297289573129591 ], [ 106.863328198479152, -6.297290159427959 ], [ 106.863328990990169, -6.297290928744166 ], [ 106.863329597747949, -6.297291554963434 ], [ 106.863330338927241, -6.297292373287134 ], [ 106.863330617468122, -6.297292689649963 ], [ 106.863339829775413, -6.297303545460649 ], [ 106.863340045302721, -6.297303675793144 ], [ 106.863340267007132, -6.297303764512558 ], [ 106.863340625034297, -6.2973038183875 ], [ 106.863340967571247, -6.297303836151663 ], [ 106.863341240365486, -6.297303808053117 ], [ 106.86334150761553, -6.297303745616477 ], [ 106.863341795468102, -6.297303632473878 ], [ 106.863417064468379, -6.297255192302318 ], [ 106.863425469892647, -6.297249847683405 ], [ 106.863433922494622, -6.297244556240913 ], [ 106.863442413270818, -6.297239327048473 ], [ 106.86345094221771, -6.297234159202017 ], [ 106.863459507525008, -6.297229051803802 ], [ 106.863468106494608, -6.297224008480116 ], [ 106.863476746336374, -6.297219023780287 ], [ 106.863485419840345, -6.297214103154933 ], [ 106.863494128810842, -6.297209245693486 ], [ 106.863502872340916, -6.297204450494985 ], [ 106.863511649530224, -6.297199718466877 ], [ 106.863520461282278, -6.297195049605815 ], [ 106.863529305793108, -6.297190444822523 ], [ 106.863538183059674, -6.297185903212826 ], [ 106.863547093084989, -6.29718142568081 ], [ 106.863556034968667, -6.297177013133823 ], [ 106.863565008707596, -6.297172664667825 ], [ 106.863574013398107, -6.297168380285984 ], [ 106.863583048143042, -6.297164161799691 ], [ 106.86359211384287, -6.297160008301763 ], [ 106.86360120869027, -6.297155919798631 ], [ 106.86361033268841, -6.297151897194315 ], [ 106.863619485834263, -6.297147939584741 ], [ 106.863628621213934, -6.297144067932948 ], [ 106.863629030867003, -6.297143901914353 ], [ 106.863633069026292, -6.297142344106661 ], [ 106.863636991442547, -6.297140764108389 ], [ 106.86364088925167, -6.297139125428071 ], [ 106.863644763363553, -6.29713742987078 ], [ 106.863648611067603, -6.297135677446262 ], [ 106.863652433267205, -6.29713386815119 ], [ 106.863656227251667, -6.297132001995229 ], [ 106.863659864046383, -6.297130147250492 ], [ 106.863660323979062, -6.297129890637184 ], [ 106.863660644042184, -6.297129687868337 ], [ 106.863660951387033, -6.297129466157734 ], [ 106.863661245116404, -6.297129227316843 ], [ 106.86366152432673, -6.297128971348909 ], [ 106.863661788120737, -6.297128700065439 ], [ 106.863662036501879, -6.297128414370552 ], [ 106.863662267659464, -6.297128113366663 ], [ 106.863662480702871, -6.29712780067346 ], [ 106.863662674725362, -6.297127475390038 ], [ 106.863662849736428, -6.297127140228856 ], [ 106.863663005732974, -6.297126794285721 ], [ 106.863663140917382, -6.297126440279538 ], [ 106.863663255292991, -6.297126079114443 ], [ 106.863663347962515, -6.297125712602047 ], [ 106.863663419826452, -6.29712533983474 ], [ 106.863663469994009, -6.29712496443255 ], [ 106.863663497564701, -6.29712458730272 ], [ 106.863663503442325, -6.29712420844209 ], [ 106.863663487633374, -6.297123829658923 ], [ 106.863663450144031, -6.297123452761427 ], [ 106.863663390074095, -6.297123078657052 ], [ 106.863663223824148, -6.297122323379748 ], [ 106.863663101408875, -6.297121697239615 ], [ 106.863655318590091, -6.297073842050033 ], [ 106.863655200541956, -6.297072920236626 ], [ 106.863655102825348, -6.297071871769305 ], [ 106.863655049011058, -6.297070971426124 ], [ 106.86365502176325, -6.297069919090553 ], [ 106.863655017052295, -6.297069611695751 ], [ 106.863655028484516, -6.297069016722933 ], [ 106.863655070818098, -6.297067965043068 ], [ 106.863655136283811, -6.29706706517812 ], [ 106.863655249118594, -6.297066018671362 ], [ 106.863655371592358, -6.297065141206596 ], [ 106.863655555789805, -6.297064088115963 ], [ 106.863655741500409, -6.297063205904693 ], [ 106.863655990867542, -6.297062183322502 ], [ 106.863656234457721, -6.297061314466744 ], [ 106.863656551663468, -6.297060310629494 ], [ 106.863656721559948, -6.297059808218471 ], [ 106.863656852248923, -6.297059460557382 ], [ 106.863657235502231, -6.297058479992283 ], [ 106.863657591285346, -6.297057651422702 ], [ 106.863658038795094, -6.297056698656838 ], [ 106.863658449788801, -6.297055895206359 ], [ 106.863659006454938, -6.297054891418171 ], [ 106.863659422366609, -6.297054200064981 ], [ 106.863659992109092, -6.297053315578117 ], [ 106.863660505433444, -6.297052574148692 ], [ 106.863661133145698, -6.297051728333368 ], [ 106.863661646802427, -6.297051080030481 ], [ 106.863662376577579, -6.29705022119253 ], [ 106.863662983241753, -6.2970495544744 ], [ 106.863663717909191, -6.297048800500593 ], [ 106.863664367191419, -6.297048175221291 ], [ 106.863665149930824, -6.297047471708357 ], [ 106.863665462516749, -6.297047199346559 ], [ 106.863665840033534, -6.297046890586754 ], [ 106.863666668147204, -6.297046241160926 ], [ 106.863667394565269, -6.297045707829644 ], [ 106.863668263538102, -6.297045113411129 ], [ 106.863669024470894, -6.297044629684946 ], [ 106.863669963170167, -6.297044076608503 ], [ 106.863670722547241, -6.297043663411725 ], [ 106.863671662433873, -6.297043189896324 ], [ 106.863672480671553, -6.297042811751316 ], [ 106.863673449702773, -6.297042402326633 ], [ 106.863674167090579, -6.297042123998424 ], [ 106.86367528619553, -6.297041734833345 ], [ 106.863676147302797, -6.297041468650075 ], [ 106.86367716198545, -6.297041191068558 ], [ 106.863678039564263, -6.29704098269214 ], [ 106.86367907075693, -6.297040773767174 ], [ 106.863679362426851, -6.297040717572393 ], [ 106.863679959385436, -6.297040623217056 ], [ 106.863681002573358, -6.297040483869016 ], [ 106.863681395480157, -6.297040436354164 ], [ 106.863926964559369, -6.297014709643717 ], [ 106.863927346667765, -6.297014674825379 ], [ 106.863919404461939, -6.296910239299239 ], [ 106.863911769181968, -6.296782410459624 ], [ 106.863911749484146, -6.296781954837455 ], [ 106.86391047095789, -6.296732839547542 ], [ 106.863910219104355, -6.296727338683154 ], [ 106.863910031507857, -6.296721612455491 ], [ 106.863909917100656, -6.296715885062275 ], [ 106.863909877738237, -6.296710170059168 ], [ 106.86390991327572, -6.296704426759857 ], [ 106.863910022964149, -6.296698698566353 ], [ 106.863910206758263, -6.296692972820576 ], [ 106.863910465561943, -6.296687249519453 ], [ 106.86391079847786, -6.29668153047435 ], [ 106.863911205506, -6.296675815685342 ], [ 106.86391168665287, -6.296670106960719 ], [ 106.863912241921611, -6.296664405204589 ], [ 106.863912871312209, -6.296658710417001 ], [ 106.863912888006695, -6.296658577447017 ], [ 106.86391357483447, -6.296653025310289 ], [ 106.863914351581528, -6.296647348983591 ], [ 106.863915202463446, -6.296641683241957 ], [ 106.863916128351477, -6.296636019040777 ], [ 106.863917124840398, -6.296630388041109 ], [ 106.86391817857627, -6.296624846348009 ], [ 106.863918738732451, -6.296622794635327 ], [ 106.863931947800353, -6.296586038898003 ], [ 106.863932342812802, -6.296585061907477 ], [ 106.863950975087974, -6.296543653024405 ], [ 106.863952765430795, -6.296539674691639 ], [ 106.863950064343229, -6.296532790180474 ], [ 106.863946291623762, -6.296526430287918 ], [ 106.863941544555317, -6.296520761934434 ], [ 106.863935946554889, -6.296515932056107 ], [ 106.863872609884055, -6.296497700888516 ], [ 106.863845902285917, -6.296491329770135 ], [ 106.863826995972346, -6.296486819564792 ], [ 106.863781382064673, -6.29647593914067 ], [ 106.863673223041573, -6.296453407820185 ], [ 106.863664036206032, -6.296451463243436 ], [ 106.863662068436369, -6.296451046222511 ], [ 106.863650981908307, -6.296448770275891 ], [ 106.863639882067972, -6.29644656218796 ], [ 106.863628768918659, -6.296444422862922 ], [ 106.863617643357273, -6.296442350489122 ], [ 106.863606504486896, -6.296440346878114 ], [ 106.863584191333658, -6.296436545024295 ], [ 106.863573017951239, -6.2964347458741 ], [ 106.863561833973833, -6.296433016381178 ], [ 106.86355063939493, -6.296431354737215 ], [ 106.863539435121282, -6.296429761843161 ], [ 106.863528221153018, -6.296428237699032 ], [ 106.863516997490009, -6.296426782304845 ], [ 106.863505765939664, -6.29642539565408 ], [ 106.863494525598085, -6.296424077749968 ], [ 106.863483277369212, -6.296422828589381 ], [ 106.863472022156387, -6.29642164816896 ], [ 106.863460759059294, -6.296420537396187 ], [ 106.863455124920804, -6.296420015924657 ], [ 106.863452674507741, -6.2963904281597 ], [ 106.8634517530555, -6.296374025610286 ], [ 106.863451143224609, -6.29636316168807 ], [ 106.863450572672647, -6.296203164975073 ], [ 106.863449762847054, -6.295976062948175 ], [ 106.863449341596748, -6.295857927037114 ], [ 106.863359040497201, -6.295878344182173 ], [ 106.863265983692727, -6.295875290318558 ], [ 106.863227903334192, -6.295874041088565 ], [ 106.863201227111063, -6.295873166154633 ], [ 106.863086396979639, -6.295853481243966 ], [ 106.862984282293127, -6.295779207934737 ], [ 106.862817124390759, -6.295567373891733 ], [ 106.862724151252309, -6.295240446778974 ], [ 106.862729418544717, -6.295108376516327 ], [ 106.862759266826501, -6.295030761542638 ], [ 106.862779114218512, -6.294964664086582 ], [ 106.862776050873848, -6.294910132020596 ], [ 106.862758831220589, -6.294848698437129 ], [ 106.862758559967162, -6.294848651484883 ], [ 106.862758296727023, -6.294848571050496 ], [ 106.862758046015017, -6.294848456213517 ], [ 106.862757812358794, -6.2948483096704 ], [ 106.862757599382462, -6.294848134120516 ], [ 106.862757411616926, -6.294847933164518 ], [ 106.862757217229642, -6.294847649050094 ], [ 106.862757091652, -6.294847402664522 ], [ 106.862756917419333, -6.294846942168434 ], [ 106.862740755946206, -6.294802506490399 ], [ 106.862740559875618, -6.29480200357712 ], [ 106.862712608325396, -6.294734085724686 ], [ 106.862602427421706, -6.294466356913119 ], [ 106.86256906875856, -6.294391366159001 ], [ 106.862450389020353, -6.294064472533075 ] ] ] } },
{ "type": "Feature", "properties": { "OBJECTID": 179, "toponimi": "Sal. Phb Mandala", "kewenangan": "Pemprov DKI", "jenis": "Saluran Drainase Tersier", "panjang": "149", "lebar": "1.5 - 2", "kedalaman": "1.8", "kota": "Jakarta Timur", "kecamatan": "Pasar Rebo", "lebar_min": 1.5, "lebar_max": 2.0, "kedalaman_": 1.8, "kedalaman1": 1.8, "Shape_Leng": 0.28916220293 }, "geometry": { "type": "MultiLineString", "coordinates": [ [ [ 106.856320560580428, -6.320140569418237 ], [ 106.856347817258126, -6.320073489608977 ], [ 106.856366718874625, -6.320010027312878 ], [ 106.856366471491327, -6.319940653294523 ], [ 106.856367462297968, -6.319883235921311 ], [ 106.85642655303667, -6.319691645229228 ], [ 106.856423974296717, -6.319639024483124 ], [ 106.856399749783307, -6.319550597809343 ], [ 106.856426938199135, -6.319464380003651 ], [ 106.856486088622574, -6.319289534961253 ], [ 106.856484773666097, -6.319256047950734 ], [ 106.856452406481992, -6.319231045161343 ], [ 106.856403051099392, -6.319135531004517 ], [ 106.856351382338204, -6.319061555735946 ], [ 106.856339317023028, -6.319030499486474 ], [ 106.856360702626631, -6.31899334376246 ], [ 106.856401096450625, -6.318922627582479 ], [ 106.856429369517443, -6.318805306600819 ], [ 106.856427957394274, -6.318744309213631 ], [ 106.856452985023807, -6.31872269014751 ], [ 106.856523444459739, -6.318702104212035 ], [ 106.85667625892799, -6.318644144907576 ], [ 106.856705898067091, -6.318574664213967 ], [ 106.856753515296489, -6.318518276604467 ], [ 106.856843136419585, -6.318507190904115 ], [ 106.856908848698183, -6.318496191448959 ], [ 106.857036707066655, -6.318480185326841 ], [ 106.857110731694874, -6.318453606520742 ], [ 106.85713811284792, -6.318421213262313 ], [ 106.857129509496829, -6.318355456789267 ], [ 106.857100397392415, -6.318159935130395 ] ] ] } },
{ "type": "Feature", "properties": { "OBJECTID": 180, "toponimi": "Sal. Phb Bengrah", "kewenangan": "Pemprov DKI", "jenis": "Saluran Drainase Tersier", "panjang": "1959", "lebar": "1.5 - 2", "kedalaman": "1.5", "kota": "Jakarta Timur", "kecamatan": "Pasar Rebo", "lebar_min": 1.5, "lebar_max": 2.0, "kedalaman_": 1.5, "kedalaman1": 1.5, "Shape_Leng": 1.88762603696 }, "geometry": { "type": "MultiLineString", "coordinates": [ [ [ 106.868374856814953, -6.338519609774722 ], [ 106.86819391042917, -6.338447579966023 ], [ 106.868115269109367, -6.338373470867998 ], [ 106.868040643764118, -6.338298340966603 ], [ 106.867992893707282, -6.338152743454146 ], [ 106.867981594781355, -6.338084423297775 ], [ 106.867978360327868, -6.338023111077908 ], [ 106.867970202706573, -6.337989965446896 ], [ 106.867925250354347, -6.337784039374655 ], [ 106.867881436787385, -6.337615304952296 ], [ 106.867849000807766, -6.337537007686476 ], [ 106.867829650138489, -6.337464694862702 ], [ 106.867827477591092, -6.337419464517179 ], [ 106.867769245712495, -6.337153266851257 ], [ 106.867731931300668, -6.336835724084167 ], [ 106.86766111719767, -6.336591286614301 ], [ 106.867607069784214, -6.336404252820537 ], [ 106.86756041264421, -6.336126472826815 ], [ 106.867540785397026, -6.336033250708983 ], [ 106.867515976505189, -6.335929753508787 ], [ 106.867479229150874, -6.335725285065618 ], [ 106.867441272271876, -6.335542053995298 ], [ 106.867404427848342, -6.335310563579879 ], [ 106.867386130854413, -6.335050696585006 ], [ 106.867361823489119, -6.334907949346761 ], [ 106.867325120336261, -6.334715705685344 ], [ 106.867317950113943, -6.334688709192778 ], [ 106.867301119278721, -6.334657886752905 ], [ 106.86727190420811, -6.334580783906657 ], [ 106.867267279502457, -6.334546700572774 ], [ 106.867247044630574, -6.334463131478972 ], [ 106.867216417853641, -6.334351290875015 ], [ 106.867188993395786, -6.334235578024886 ], [ 106.867179485874217, -6.334095350697866 ], [ 106.867167633633215, -6.333839321165325 ], [ 106.867147092663529, -6.333670825530568 ], [ 106.867118913881384, -6.333524232353719 ], [ 106.867063028131525, -6.333362296894141 ], [ 106.867009723533769, -6.333202926243969 ], [ 106.866964871344678, -6.333069260872271 ], [ 106.866961540464814, -6.333037102323865 ], [ 106.866978355643553, -6.332884557077063 ], [ 106.866981989140967, -6.332822134206366 ], [ 106.867052435184149, -6.33256194785243 ], [ 106.867078553310193, -6.332493010173004 ], [ 106.867084877478405, -6.332463391005437 ], [ 106.867081821496342, -6.332328932421574 ], [ 106.867081338274446, -6.332194463677689 ], [ 106.867069515765792, -6.332125662482816 ], [ 106.867060393174086, -6.33209223906775 ], [ 106.867024774708014, -6.332022879711753 ], [ 106.867008444100165, -6.33195216527298 ], [ 106.866961029513334, -6.331821082288923 ], [ 106.866860125900374, -6.331658022040057 ], [ 106.866704261602408, -6.331411518353256 ], [ 106.86664468643346, -6.331296563847832 ], [ 106.866595481368421, -6.331204091688559 ], [ 106.866555343387702, -6.331129602094784 ], [ 106.866358778833558, -6.331009992748712 ], [ 106.866298822395748, -6.33096774491544 ], [ 106.866224706560644, -6.330922329201275 ], [ 106.866155653060886, -6.330853734578055 ], [ 106.866018885669249, -6.330731980637148 ], [ 106.865950463176574, -6.330660165833955 ], [ 106.865879975082052, -6.330550397711246 ], [ 106.865775918319613, -6.330404720741217 ], [ 106.865530628871937, -6.33014695561999 ], [ 106.865383409602558, -6.32997955768873 ], [ 106.865356001891641, -6.329957901401657 ], [ 106.865280805550483, -6.330003410701305 ], [ 106.865224203130623, -6.329910119496259 ], [ 106.865187706425445, -6.329819773203369 ], [ 106.865149247778106, -6.329742502538154 ], [ 106.865036250491769, -6.329614227958286 ], [ 106.864979705884977, -6.329537022229935 ], [ 106.864945273120966, -6.329461747904451 ], [ 106.864881694401362, -6.329384567419583 ], [ 106.864824199066732, -6.329322444493804 ], [ 106.864776765145422, -6.329264307086422 ], [ 106.864749426984886, -6.329206097506594 ], [ 106.864674652234868, -6.329088744188563 ], [ 106.864648427156268, -6.329060689442565 ], [ 106.864602081098496, -6.329025670843995 ], [ 106.86455067550061, -6.328980616252537 ], [ 106.864502252092208, -6.328926503111576 ], [ 106.864470952166798, -6.328884392564833 ], [ 106.864418328994986, -6.328780029142384 ], [ 106.864262880357515, -6.328581535730678 ], [ 106.864173092163981, -6.328480321918946 ], [ 106.864016570361699, -6.328262731140586 ], [ 106.863988313986141, -6.328228652038534 ], [ 106.86395404007061, -6.328197609873655 ], [ 106.863907697736764, -6.328163595674337 ], [ 106.863833877783293, -6.328032164692867 ], [ 106.863733064971242, -6.327939032736649 ], [ 106.863616061585574, -6.327813789151326 ], [ 106.863540501348993, -6.32775776239507 ], [ 106.863437661776388, -6.327659610541568 ], [ 106.863385136252347, -6.327582390084515 ], [ 106.863350566999429, -6.327468913838745 ], [ 106.863329876884677, -6.32730311248921 ], [ 106.863321435314859, -6.32719054792142 ], [ 106.863336924310644, -6.327026625809184 ], [ 106.863322695774471, -6.326981438548345 ], [ 106.863302463207916, -6.326943308927612 ], [ 106.863303230337181, -6.326876955944651 ], [ 106.863296913822111, -6.326796553448447 ], [ 106.863276648849578, -6.32674937609886 ], [ 106.863270274717493, -6.326652889861045 ], [ 106.863291101502455, -6.326576410765345 ], [ 106.863327866676983, -6.32646167411451 ], [ 106.863345477124838, -6.326328909583214 ], [ 106.863357131279358, -6.326216272930936 ], [ 106.863398693873847, -6.326038183288947 ], [ 106.863426431381924, -6.325927499786047 ], [ 106.863438253920307, -6.325862112569624 ], [ 106.863440007931942, -6.325790728969475 ], [ 106.863431724937527, -6.325722397616172 ], [ 106.863455576217731, -6.32564892392993 ], [ 106.863484376215908, -6.325554321470203 ], [ 106.86352724980344, -6.325461679367184 ], [ 106.863543055797919, -6.325386223706607 ], [ 106.863561408178128, -6.325180069294906 ], [ 106.863595260417114, -6.325093491144885 ], [ 106.863633015971075, -6.324974729300408 ], [ 106.863654678294466, -6.32485099809688 ], [ 106.863670412244957, -6.324755437092454 ], [ 106.863683244142891, -6.32469105168042 ], [ 106.863700835655237, -6.324553260160698 ], [ 106.863798568160547, -6.324347826487146 ], [ 106.863901756089689, -6.324073289785913 ], [ 106.863909754659588, -6.323971441040091 ], [ 106.863964253261599, -6.323832231462935 ], [ 106.864059131338735, -6.323864509316528 ], [ 106.864070475552154, -6.323868417054484 ], [ 106.864140196579669, -6.323892429864003 ], [ 106.864168987789384, -6.323902346390879 ] ] ] } },
{ "type": "Feature", "properties": { "OBJECTID": 181, "toponimi": "Sal. Phb Outlet/Irigasi H. Balok", "kewenangan": "Pemprov DKI", "jenis": "Saluran Drainase Tersier", "panjang": "1005", "lebar": "2 - 3", "kedalaman": "2.5- 4", "kota": "Jakarta Timur", "kecamatan": "Pasar Rebo", "lebar_min": 2.0, "lebar_max": 3.0, "kedalaman_": 2.5, "kedalaman1": 4.0, "Shape_Leng": 0.70246212281999998 }, "geometry": { "type": "MultiLineString", "coordinates": [ [ [ 106.859054219842037, -6.349036352086512 ], [ 106.859055538263206, -6.34873731694579 ], [ 106.859038337340252, -6.348608197901284 ], [ 106.85901396712346, -6.348480299886052 ], [ 106.859012851557026, -6.348169312436875 ], [ 106.859026622915493, -6.348008982938272 ], [ 106.85904181297991, -6.34791084681884 ], [ 106.859044054013069, -6.347868974694765 ], [ 106.859017593911886, -6.347824813231465 ], [ 106.858969579626844, -6.347771159598656 ], [ 106.858957491555415, -6.347734123694166 ], [ 106.85895133337975, -6.347683908364607 ], [ 106.858965490891379, -6.347631228614165 ], [ 106.858975908067691, -6.347535501114446 ], [ 106.858887515238379, -6.3472236307686 ], [ 106.858762986267919, -6.346836534365389 ], [ 106.858656939528458, -6.346602475373689 ], [ 106.858602472332905, -6.346416076288349 ], [ 106.858509636468057, -6.346198714721492 ], [ 106.858458888209299, -6.346049382466161 ], [ 106.858433435221258, -6.345952587470121 ], [ 106.858421462338185, -6.345805212795049 ], [ 106.858407625011893, -6.345719324503288 ], [ 106.85840387075514, -6.34569908765719 ], [ 106.858403866097305, -6.345699048795369 ], [ 106.858403858640813, -6.345698985531363 ], [ 106.858403853075956, -6.345698945768577 ], [ 106.858402860560446, -6.34569030653049 ], [ 106.858381969292736, -6.345591170577809 ], [ 106.85837406841506, -6.345553677475988 ], [ 106.858322601540848, -6.345309451456882 ], [ 106.858321386170275, -6.34530368551196 ], [ 106.858314387195406, -6.345270474856592 ], [ 106.858313828235723, -6.345267823172457 ], [ 106.858303185533487, -6.345213188117659 ], [ 106.858251692303824, -6.344970654738657 ], [ 106.858247587075851, -6.344948050265277 ], [ 106.858247332881007, -6.344945710324585 ], [ 106.858246905843771, -6.344941035576206 ], [ 106.858246560119852, -6.344936355111304 ], [ 106.858246516728386, -6.344935594874097 ], [ 106.858246293901914, -6.344931668936179 ], [ 106.858246108100062, -6.344926978856035 ], [ 106.858246016507124, -6.344922855341914 ], [ 106.858246003624672, -6.344922286675747 ], [ 106.858245977210956, -6.344917942314503 ], [ 106.858245979989206, -6.344917204515531 ], [ 106.858246034147228, -6.344912899647959 ], [ 106.858246170962332, -6.344908207506347 ], [ 106.858246387315788, -6.344903518695932 ], [ 106.858246656583177, -6.344899221194086 ], [ 106.858246831842919, -6.344897187124863 ], [ 106.858247789887415, -6.344888392606786 ], [ 106.858248662032437, -6.344879837093163 ], [ 106.858255637980093, -6.344805506952087 ], [ 106.858251935543436, -6.34474374125496 ], [ 106.858244782029018, -6.344682279074116 ], [ 106.858235519478129, -6.344627938335344 ], [ 106.858230103611433, -6.344601980537017 ], [ 106.858152448366681, -6.344303252895883 ], [ 106.858144426695318, -6.344269610096309 ], [ 106.858140787121528, -6.344235214694131 ], [ 106.858127991373678, -6.344093430586661 ], [ 106.85810405025552, -6.343917102585542 ], [ 106.858099195113795, -6.343886464681044 ], [ 106.858087907462675, -6.34381523980052 ], [ 106.858068801299893, -6.343694676187498 ], [ 106.858055578451598, -6.343611238611304 ], [ 106.857970911127538, -6.343076964269938 ], [ 106.857942966741732, -6.342938465892172 ] ] ] } },
{ "type": "Feature", "properties": { "OBJECTID": 217, "toponimi": "Sal. Phb Tengah", "kewenangan": "Pemprov DKI", "jenis": "Saluran Drainase Tersier", "panjang": "1398", "lebar": "1.5", "kedalaman": "2.5", "kota": "Jakarta Timur", "kecamatan": "Kramat Jati", "lebar_min": 1.5, "lebar_max": 1.5, "kedalaman_": 2.5, "kedalaman1": 2.5, "Shape_Leng": 1.4058476693699999 }, "geometry": { "type": "MultiLineString", "coordinates": [ [ [ 106.86240840041043, -6.293986500081301 ], [ 106.862405016771376, -6.293980782535069 ], [ 106.862400855365365, -6.293973612981365 ], [ 106.862396746201185, -6.293966396225242 ], [ 106.862392697459597, -6.293959145799922 ], [ 106.86238870914066, -6.293951861705373 ], [ 106.862384782151153, -6.293944544842547 ], [ 106.862380915587551, -6.29393719521457 ], [ 106.862377111256976, -6.293929812815048 ], [ 106.862373368265594, -6.293922400359723 ], [ 106.862369686606769, -6.293914956040136 ], [ 106.86236787689711, -6.293911218398745 ], [ 106.86236606809446, -6.293907481658289 ], [ 106.862362510921088, -6.293899977220544 ], [ 106.862359016894231, -6.293892442720459 ], [ 106.862355586019945, -6.293884879966333 ], [ 106.862352218298554, -6.293877288958164 ], [ 106.86234891372996, -6.293869669696025 ], [ 106.862345672320515, -6.293862023988111 ], [ 106.862342495874245, -6.293854350923771 ], [ 106.86233938258728, -6.293846651413796 ], [ 106.862336333366201, -6.293838926358952 ], [ 106.86233334911492, -6.293831175756051 ], [ 106.862330425279666, -6.293823389675672 ], [ 106.862327574633625, -6.293815602430042 ], [ 106.862324785307337, -6.293807779703714 ], [ 106.862322060960224, -6.293799934141773 ], [ 106.862319402499281, -6.293792066645122 ], [ 106.862316809017784, -6.293784176312844 ], [ 106.862314281425441, -6.293776264950012 ], [ 106.862311837087518, -6.293768387648037 ], [ 106.862311624738624, -6.293767627108829 ], [ 106.862310495645687, -6.293763066076168 ] ], [ [ 106.862306567129906, -6.293754100589791 ], [ 106.862306504260118, -6.293754021598407 ], [ 106.862305958053355, -6.293753396064491 ], [ 106.862305382117896, -6.293752795952903 ], [ 106.862304780077665, -6.293752223963176 ], [ 106.862304151935831, -6.293751680999342 ], [ 106.86230349949966, -6.293751167055199 ], [ 106.862302823679244, -6.29375068393553 ], [ 106.862302126285087, -6.293750232538162 ], [ 106.862301409130566, -6.293749814664947 ], [ 106.862300672216094, -6.293749430315867 ], [ 106.862299919158929, -6.293749080382158 ], [ 106.862299150866107, -6.293748765764684 ], [ 106.86229836824441, -6.293748487364545 ], [ 106.862297574007854, -6.293748246076013 ], [ 106.862296769056883, -6.293748040991774 ], [ 106.862295955205099, -6.29374787391373 ], [ 106.86229513516335, -6.293747744832197 ], [ 106.862294309835335, -6.293747653743864 ], [ 106.862293481031259, -6.293747601546582 ], [ 106.86229265055519, -6.293747587329646 ], [ 106.862291707276498, -6.293747615106 ], [ 106.862290064844444, -6.293747712283302 ], [ 106.861862820418281, -6.293773075705137 ], [ 106.861835373046034, -6.293775625638093 ], [ 106.861834462543129, -6.293766579893632 ] ] ] } },
{ "type": "Feature", "properties": { "OBJECTID": 820, "toponimi": "Sal. Phb Muara", "kewenangan": "Pemprov DKI", "jenis": "Saluran Drainase Tersier", "panjang": "925", "lebar": "1.00 -  1.50", "kedalaman": "1.8", "kota": "Jakarta Selatan", "kecamatan": "Jagakarsa", "lebar_min": 1.0, "lebar_max": 1.5, "kedalaman_": 1.8, "kedalaman1": 1.8, "Shape_Leng": 0.68142893071 }, "geometry": { "type": "MultiLineString", "coordinates": [ [ [ 106.855010203518447, -6.300745501802843 ], [ 106.855037828952391, -6.30074006063923 ] ] ] } }
]
}
