{
"type": "FeatureCollection",
"name": "saluran_drainase_sekunder_jaktim",
"crs": { "type": "name", "properties": { "name": "urn:ogc:def:crs:OGC:1.3:CRS84" } },
"features": [
{ "type": "Feature", "properties": { "OBJECTID_1": 11, "OBJECTID": 11, "toponimi": "Kali Cakung Lama", "kewenangan": "Pemprov DKI", "jenis": "Saluran Drainase Sekunder", "lebar_min": 10.0, "lebar_max": 14.0, "ked_min": 3.0, "ked_max": 8.0, "jenis_kons": "Tanah, Turap satu sisi", "kondisi": null, "panjang_su": 12.01, "Shape_Leng": 24257.570112099998, "Shape_Le_1": 24022.068986800001, "Shape_Area": 137487.39075600001 }, "geometry": { "type": "MultiPolygon", "coordinates": [ [ [ [ 106.940609499777423, -6.106822639756995 ], [ 106.940609221583287, -6.106840450982151 ], [ 106.940608998962517, -6.106854882413516 ], [ 106.94060845800486, -6.106851397181992 ], [ 106.940607343073339, -6.106848050543205 ], [ 106.940605684323529, -6.106844939128979 ], [ 106.940603529030369, -6.106842147755828 ], [ 106.940600938001197, -6.10683975667084 ], [ 106.940597984643247, -6.106837833418044 ], [ 106.940594751344179, -6.106836431043139 ], [ 106.940591328571941, -6.106835589000898 ], [ 106.940587813968477, -6.106835332254322 ], [ 106.940584306010521, -6.10683566677698 ], [ 106.940580903122779, -6.106836584076664 ], [ 106.940577701858317, -6.106838057585622 ], [ 106.94052267293354, -6.106864742264457 ], [ 106.940513958147633, -6.106868967910073 ], [ 106.94049923414002, -6.106876499896984 ], [ 106.940487898033766, -6.106884220374893 ], [ 106.940477846750369, -6.106893553684596 ], [ 106.94046930625619, -6.106904291063744 ], [ 106.940462471680391, -6.10691618860065 ], [ 106.940457496514767, -6.106928978122609 ], [ 106.940454493523617, -6.106942369000911 ], [ 106.940453530266595, -6.106956059016325 ], [ 106.940453704377731, -6.106961266108582 ], [ 106.940460322390635, -6.107158876124105 ], [ 106.940461008313974, -6.107167752089246 ], [ 106.940462863351328, -6.10717645928678 ], [ 106.940465855332292, -6.107184843228556 ], [ 106.94046993133459, -6.107192755830096 ], [ 106.940472556329951, -6.107195799566052 ], [ 106.94047715308578, -6.107202590086293 ], [ 106.940480634792877, -6.107210014799858 ], [ 106.940482917697992, -6.107217892281244 ], [ 106.94048394420291, -6.107226030161114 ], [ 106.940483992251089, -6.10722959040484 ], [ 106.940485030415886, -6.107307433939903 ], [ 106.9404760858895, -6.107335904343029 ], [ 106.940463007525835, -6.107362726084081 ], [ 106.94044608672786, -6.107387300489447 ], [ 106.940425700892987, -6.107409080109846 ], [ 106.940399397444821, -6.107429507725143 ], [ 106.940370071173078, -6.107445278283884 ], [ 106.94033853434567, -6.107455955782224 ], [ 106.940323320278097, -6.107457586550435 ], [ 106.940302891065997, -6.107462807400363 ], [ 106.940283638336609, -6.107471410831934 ], [ 106.940266116705558, -6.10748314982841 ], [ 106.940250830777771, -6.107497685333422 ], [ 106.940231410913299, -6.107517317800875 ], [ 106.940210576612287, -6.10754299036011 ], [ 106.940194190156703, -6.107568465145031 ], [ 106.940180775177225, -6.107595626239784 ], [ 106.94002253725337, -6.108070958659891 ], [ 106.940016946020918, -6.108087753842386 ], [ 106.939997208362001, -6.108133524613629 ], [ 106.939971852944993, -6.108176433322587 ], [ 106.939941284663448, -6.108215792282254 ], [ 106.939905993518735, -6.108250969553681 ], [ 106.939866545639617, -6.108281403444438 ], [ 106.939840069736306, -6.108295846409992 ], [ 106.939812181270042, -6.108307318112502 ], [ 106.939802969886628, -6.10831035211054 ], [ 106.939646246411414, -6.108361967595447 ], [ 106.93935689240385, -6.108457264716235 ], [ 106.939333675113289, -6.108460575251422 ], [ 106.939276860727333, -6.108464071146582 ], [ 106.939220016760189, -6.10846110631019 ], [ 106.939186981870222, -6.108456377560715 ], [ 106.938889130842114, -6.108392352348693 ], [ 106.938851123752215, -6.108384182345623 ], [ 106.938785985047247, -6.108374671710492 ], [ 106.938720279900323, -6.108370656535993 ], [ 106.938654469074862, -6.108372164997291 ], [ 106.938641703006923, -6.108373098867196 ], [ 106.938595894855865, -6.108380107292221 ], [ 106.938551296408804, -6.108392704233263 ], [ 106.93834775640228, -6.10847189563032 ], [ 106.938318836060077, -6.108485045416412 ], [ 106.938292122509822, -6.108502245837797 ], [ 106.938268177185776, -6.108523135935791 ], [ 106.9382475043314, -6.10854727539541 ], [ 106.93815243842289, -6.108677542717014 ], [ 106.938132501314044, -6.10870131877995 ], [ 106.938108896485232, -6.10872144999612 ], [ 106.938082279503419, -6.108737377968724 ], [ 106.938053388548269, -6.108748659730407 ], [ 106.937768015347629, -6.108795228744478 ], [ 106.937720673701605, -6.108804585209655 ], [ 106.937674714387185, -6.108819309872046 ], [ 106.937630743696459, -6.108839207970044 ], [ 106.937621072278574, -6.108844435180881 ], [ 106.937537835157102, -6.108892288204282 ], [ 106.937456941453604, -6.108944010544262 ], [ 106.937378571415096, -6.108999489441865 ], [ 106.937369123404849, -6.109006560248964 ], [ 106.937354227642686, -6.109020116045405 ], [ 106.937288738154521, -6.109087655591646 ], [ 106.937245084048385, -6.10912602369495 ], [ 106.937197017730384, -6.109158682807481 ], [ 106.937145753082035, -6.109189622051515 ], [ 106.937095986403506, -6.109222922881164 ], [ 106.937050552632925, -6.109255205428594 ], [ 106.936942456792281, -6.109329232719107 ], [ 106.936831037479621, -6.109398145609531 ], [ 106.936716534428044, -6.109461794957999 ], [ 106.936283633201029, -6.109697685010946 ], [ 106.936237716167824, -6.109722704651062 ], [ 106.936184457312009, -6.109751726146894 ], [ 106.936149488461837, -6.109773395463851 ], [ 106.936117878479763, -6.109799734217864 ], [ 106.936090247862708, -6.109830226634656 ], [ 106.936067133722531, -6.109864277677537 ], [ 106.936051928218063, -6.109892949654645 ], [ 106.936038533349887, -6.109922511998539 ], [ 106.936025483401522, -6.109957316094362 ], [ 106.936015967709238, -6.109989041590282 ], [ 106.935999559602038, -6.110053802246952 ], [ 106.935989171699248, -6.110119799759119 ], [ 106.935948754385223, -6.110451829827768 ], [ 106.935938125188216, -6.110539151890882 ], [ 106.935923474174658, -6.110659512340816 ], [ 106.935895181272841, -6.110909074619618 ], [ 106.935891394706758, -6.110942475615657 ], [ 106.935890773416858, -6.110961364928557 ], [ 106.935893608282612, -6.110998665959175 ], [ 106.935901784920659, -6.111035168398412 ], [ 106.935913818002163, -6.111067255689191 ], [ 106.935929980424589, -6.111097471042984 ], [ 106.935964295942156, -6.111148818112849 ], [ 106.936004216387531, -6.111195931788794 ], [ 106.93604922560317, -6.111238200935098 ], [ 106.936098739917355, -6.111275078851996 ], [ 106.936193735577788, -6.111342082758207 ], [ 106.936239405120318, -6.11137807490684 ], [ 106.936277398340579, -6.111412715017114 ], [ 106.936311259235666, -6.111451409619584 ], [ 106.936340560609437, -6.111493670221001 ], [ 106.936364929288473, -6.111538960215277 ], [ 106.936384056996914, -6.111586704789502 ], [ 106.93639770128901, -6.11163629905763 ], [ 106.936405688278441, -6.111687113475285 ], [ 106.936407918100173, -6.1117385055736 ], [ 106.936407185894964, -6.111776528270633 ], [ 106.936400636943006, -6.111896768197419 ], [ 106.936391195034318, -6.112016816025506 ], [ 106.936382730297396, -6.112083068803114 ], [ 106.936369450068412, -6.112148524320131 ], [ 106.936351423541282, -6.11221283243292 ], [ 106.93632874884031, -6.112275650126419 ], [ 106.936267950563916, -6.112433372349406 ], [ 106.936262150107737, -6.11245004623884 ], [ 106.936259184032551, -6.112467450389912 ], [ 106.936259134621693, -6.112485106226552 ], [ 106.936262002832621, -6.112502526424438 ], [ 106.936267710168465, -6.112519232986736 ], [ 106.936276099603944, -6.112534763569529 ], [ 106.936418555431629, -6.112720859724887 ], [ 106.93664151904936, -6.113007637769778 ], [ 106.936683445070329, -6.113065318688744 ], [ 106.936691748349176, -6.11307748262631 ], [ 106.936733938514422, -6.11314505998626 ], [ 106.936771373826787, -6.113215387633079 ], [ 106.936803875139745, -6.113288131689561 ], [ 106.936831288555354, -6.113362946433926 ], [ 106.936853482714611, -6.113439474309616 ], [ 106.936872059431579, -6.113511024481525 ], [ 106.936886350041362, -6.113583554798369 ], [ 106.936918734653773, -6.113759906862464 ], [ 106.936933159129225, -6.113828464892674 ], [ 106.936950961684673, -6.113896223253859 ], [ 106.936972099262675, -6.113963013934291 ], [ 106.93700031429367, -6.11403842157505 ], [ 106.937022576412289, -6.114097919181808 ], [ 106.937039089755018, -6.114139248433687 ], [ 106.937049006062381, -6.114164645566406 ], [ 106.937079624691705, -6.114246065062141 ], [ 106.937120434454201, -6.114362727458344 ], [ 106.937158051406826, -6.114480460082948 ], [ 106.937249988362339, -6.114780563867777 ], [ 106.937257330493935, -6.114811265701144 ], [ 106.937259843772011, -6.114842734464195 ], [ 106.937257468566173, -6.114874213624237 ], [ 106.9372545081646, -6.114893934107428 ], [ 106.937253413893274, -6.114916154079989 ], [ 106.937256739409605, -6.114952694736679 ], [ 106.937259000751766, -6.114967372195301 ], [ 106.937262249886729, -6.114988465340277 ], [ 106.937263775579297, -6.114999773990044 ], [ 106.93726414119233, -6.115019035842859 ], [ 106.937261717856146, -6.115038147724988 ], [ 106.937256556511429, -6.115056707119555 ], [ 106.937248765046689, -6.115074323057811 ], [ 106.937238507424453, -6.115090624259355 ], [ 106.937209409444378, -6.115124783769998 ], [ 106.937177833691649, -6.115156661177111 ], [ 106.937143956564412, -6.115186077732544 ], [ 106.937099008938389, -6.115222282560214 ], [ 106.937051643341334, -6.115255253932722 ], [ 106.937002091339295, -6.115284831889209 ], [ 106.936966746316017, -6.11530243869603 ], [ 106.936929062522012, -6.115314221458698 ], [ 106.936889989140539, -6.115319884722929 ], [ 106.936850513835736, -6.11531928388387 ], [ 106.936811631174081, -6.11531243524536 ], [ 106.936804451571135, -6.115310576044274 ], [ 106.936707859151539, -6.115284295292288 ], [ 106.936612218711389, -6.115254730036487 ], [ 106.936497166974775, -6.115220671649519 ], [ 106.936381463180652, -6.115188900295255 ], [ 106.936363592165677, -6.115184463106305 ], [ 106.936345252486234, -6.1151828249536 ], [ 106.936326877848586, -6.115184023150834 ], [ 106.936308906247618, -6.115188031707963 ], [ 106.936291761872283, -6.115194753259233 ], [ 106.936275851531732, -6.115204029925573 ], [ 106.936261551999692, -6.115215640647765 ], [ 106.936252184169291, -6.11522669835299 ], [ 106.936244550659652, -6.115239020095066 ], [ 106.936198213239109, -6.115324551437821 ], [ 106.93613401684776, -6.115449167174032 ], [ 106.936064845697857, -6.115588235122138 ], [ 106.93599817284624, -6.115728520053487 ], [ 106.935928068059425, -6.115886781322381 ], [ 106.935899622705492, -6.11595550115703 ], [ 106.935875832810439, -6.116025970862481 ], [ 106.935856804736119, -6.116097876325763 ], [ 106.935842623130441, -6.116170893566611 ], [ 106.935836380080374, -6.116216698912657 ], [ 106.935817011977306, -6.116334439077179 ], [ 106.935792281089533, -6.116451168781066 ], [ 106.935683499391189, -6.116934731840614 ], [ 106.935683071760693, -6.116936634747169 ], [ 106.935682627245512, -6.116941125306989 ], [ 106.935682954169337, -6.116945626647789 ], [ 106.935684042118027, -6.116950005901423 ], [ 106.935685859925115, -6.116954136603391 ], [ 106.93568835385544, -6.116957895986988 ], [ 106.935691452157258, -6.116961174912311 ], [ 106.935695063252538, -6.116963876968581 ], [ 106.935706003889692, -6.116967927770537 ], [ 106.935738142014415, -6.116979827677796 ], [ 106.935740319150938, -6.11698114798229 ], [ 106.93574226080257, -6.116982794618973 ], [ 106.935743918949754, -6.116984727075536 ], [ 106.935745251869818, -6.116986897583992 ], [ 106.935746225943376, -6.116989251114225 ], [ 106.935746817474069, -6.116991728983821 ], [ 106.935747010885123, -6.116994269768757 ], [ 106.935746801425964, -6.116996808389514 ], [ 106.935746404087183, -6.116998594555341 ], [ 106.935715316906766, -6.117138694280282 ], [ 106.935708157103889, -6.117170963733373 ], [ 106.935708149991612, -6.117170995403218 ], [ 106.935677283794462, -6.117295945798631 ], [ 106.935641704255346, -6.1174196347613 ], [ 106.935544360307858, -6.117710286972761 ], [ 106.935497775925086, -6.117885397681116 ], [ 106.935495770662612, -6.117892934424665 ], [ 106.935487509160609, -6.117930311612501 ], [ 106.935481903258406, -6.117968178301726 ], [ 106.935479571445768, -6.117994915219493 ], [ 106.93547877552146, -6.118045335459328 ], [ 106.935482663494099, -6.118095611332683 ], [ 106.935491200382401, -6.118145308987344 ], [ 106.935510159317076, -6.11822863941607 ], [ 106.935517556768872, -6.118261154752136 ], [ 106.935535397687133, -6.118315934374101 ], [ 106.935559429108935, -6.118368290331883 ], [ 106.935572167069253, -6.118390849224422 ], [ 106.935591664913673, -6.118425379612939 ], [ 106.935595354297959, -6.118434270992399 ], [ 106.935597564924919, -6.118443640558287 ], [ 106.935598239913261, -6.118453244403228 ], [ 106.935597361199555, -6.118462832151051 ], [ 106.93559495136418, -6.118472152374897 ], [ 106.935594216967004, -6.118474152224554 ], [ 106.93555176709279, -6.11858982021072 ], [ 106.935549172120659, -6.118596891650794 ], [ 106.935533123411517, -6.118630246457773 ], [ 106.935511944088589, -6.118660597288359 ], [ 106.935485524768978, -6.118682900448829 ], [ 106.935456201481941, -6.118701211537365 ], [ 106.935424572665099, -6.118715157706514 ], [ 106.935343476965542, -6.118742535712397 ], [ 106.934648717431671, -6.118934646753177 ], [ 106.934578056944133, -6.118955660923863 ], [ 106.934509340914218, -6.118982366753658 ], [ 106.934443027571447, -6.119014587193151 ], [ 106.934379556943867, -6.119052107285513 ], [ 106.934319350874162, -6.119094678687059 ], [ 106.934161359199464, -6.119220703813821 ], [ 106.934100612754506, -6.119271766845991 ], [ 106.934043188385729, -6.119326544692519 ], [ 106.933989312044361, -6.119384822263675 ], [ 106.933939196984156, -6.119446370049485 ], [ 106.933739491370133, -6.119707518052283 ], [ 106.933689980274195, -6.119768485922991 ], [ 106.933635271288878, -6.119824827142932 ], [ 106.933575793687851, -6.119876098952942 ], [ 106.933512014832431, -6.119921900046088 ], [ 106.933444435648752, -6.119961868775781 ], [ 106.933373586147169, -6.119995693117348 ], [ 106.933203628665979, -6.120061817050945 ], [ 106.933140144167254, -6.120089011138138 ], [ 106.93261616358761, -6.120313460405651 ], [ 106.93259739059026, -6.12032150236073 ], [ 106.932526638796219, -6.120355404928002 ], [ 106.932458307362268, -6.120393961330451 ], [ 106.932392701887053, -6.120437000494078 ], [ 106.932330114339223, -6.120484328790988 ], [ 106.932147917435842, -6.120650879411566 ], [ 106.932147876018391, -6.120650916629692 ], [ 106.932138160556278, -6.120659795730155 ], [ 106.932138080431201, -6.120659870156627 ], [ 106.932072818211324, -6.120715748405277 ], [ 106.932004526411717, -6.120767872792189 ], [ 106.932004269637687, -6.120768057253399 ], [ 106.931922933632066, -6.120826516764145 ], [ 106.931914197015985, -6.120832795699885 ], [ 106.931864644531501, -6.120873536623098 ], [ 106.931819913690234, -6.120919529411426 ], [ 106.931780557974022, -6.12097020609313 ], [ 106.931747062005286, -6.121024940176228 ], [ 106.931722435436086, -6.121080937035011 ], [ 106.931704620538639, -6.121118827832203 ], [ 106.931683532254581, -6.121154995402069 ], [ 106.931644343039039, -6.121206767279653 ], [ 106.931599811770923, -6.121254014267021 ], [ 106.931550456771276, -6.121296187503186 ], [ 106.931496850766294, -6.121332795795042 ], [ 106.931439619109995, -6.121363413760923 ], [ 106.931379426244888, -6.121387684591748 ], [ 106.931316972114658, -6.121405327297077 ], [ 106.931252983131486, -6.121416136737633 ], [ 106.931188203152814, -6.121419986370268 ], [ 106.931123386264801, -6.121416830986337 ], [ 106.931059285046004, -6.12140670856228 ], [ 106.930974570893653, -6.121390835043838 ], [ 106.930933868400061, -6.121383207863925 ], [ 106.930686519628253, -6.121336856553742 ], [ 106.930563871335835, -6.121314296935469 ], [ 106.930440356250131, -6.12129712083983 ], [ 106.930404767839391, -6.121294681157451 ], [ 106.93036925448618, -6.121298051096938 ], [ 106.930334758909083, -6.121307143184009 ], [ 106.93030219256039, -6.121321715451998 ], [ 106.930272419402925, -6.121341381445524 ], [ 106.930245779871143, -6.121371143357583 ], [ 106.930223895743069, -6.121404564327859 ], [ 106.930207261118142, -6.121440889444902 ], [ 106.930188361715821, -6.121496270773745 ], [ 106.930174430214507, -6.121553108857697 ], [ 106.930165576118696, -6.12161095757011 ], [ 106.930162588541293, -6.121654872533979 ], [ 106.93016309614697, -6.121698886132283 ], [ 106.930167097036687, -6.12174272080577 ], [ 106.930180178236498, -6.121873467810144 ], [ 106.930184115157374, -6.121912818262099 ], [ 106.930185360327357, -6.12192526626981 ], [ 106.930186495557948, -6.121952377740894 ], [ 106.930189443405183, -6.122022677170564 ], [ 106.930189596633042, -6.122026358208446 ], [ 106.930188993170489, -6.122033132261091 ], [ 106.930187253556156, -6.122039706973279 ], [ 106.930184429498411, -6.122045892293132 ], [ 106.930180600752692, -6.122051510725612 ], [ 106.930175878747676, -6.122056400935957 ], [ 106.93001299308392, -6.122159599430897 ], [ 106.929972904933464, -6.12218145615111 ], [ 106.929930281371284, -6.122197814070816 ], [ 106.929885870193999, -6.122208385700455 ], [ 106.929840452983569, -6.122212984690932 ], [ 106.929794826157675, -6.122211531326486 ], [ 106.929749792830464, -6.122204049841723 ], [ 106.929706142956462, -6.122190673013653 ], [ 106.92966464517491, -6.122171634958111 ], [ 106.92944983388486, -6.122043383648343 ], [ 106.929376474162552, -6.122001141890932 ], [ 106.929300902576188, -6.121963006465017 ], [ 106.929223348072114, -6.121929093178856 ], [ 106.929144045874054, -6.12189950516054 ], [ 106.928855414648027, -6.121804342249345 ], [ 106.928820721849064, -6.121795751208673 ], [ 106.928785065661472, -6.121793319807446 ], [ 106.928749529401017, -6.121797123714661 ], [ 106.928715192979581, -6.121807045129319 ], [ 106.928655725451591, -6.121832394432271 ], [ 106.928606707764928, -6.121851359220133 ], [ 106.92858257816772, -6.121859419418913 ], [ 106.92857735285169, -6.121860740138796 ], [ 106.928546023166192, -6.121866043322136 ], [ 106.92854046521424, -6.121866546101018 ], [ 106.928531625114928, -6.121866660149748 ], [ 106.928486196438556, -6.121868572004844 ], [ 106.92844085957843, -6.121865107605002 ], [ 106.928329785765726, -6.121851837348522 ], [ 106.92823657911039, -6.121842865257686 ], [ 106.928143028906177, -6.121838847176238 ], [ 106.92804939715333, -6.121839796629308 ], [ 106.927830127855756, -6.121846380829951 ], [ 106.927745280691823, -6.121850884425261 ], [ 106.927660989614651, -6.121861591919565 ], [ 106.927577707860522, -6.121878443821847 ], [ 106.927509126215327, -6.121896289881279 ], [ 106.927442439087173, -6.121920271749671 ], [ 106.927378193165254, -6.121950193077784 ], [ 106.927316914192005, -6.121985809673133 ], [ 106.9272591051501, -6.122026827698231 ], [ 106.927205240875182, -6.122072912731037 ], [ 106.927177948661239, -6.122096554166182 ], [ 106.927135884716293, -6.12213299139053 ], [ 106.927085486675495, -6.122176647242386 ], [ 106.927027564081712, -6.122226820828742 ], [ 106.926997883737599, -6.122252531337002 ], [ 106.926960507101981, -6.122281703351863 ], [ 106.926919366180087, -6.122305258899844 ], [ 106.926875296608884, -6.122322719409059 ], [ 106.926829194086437, -6.122333729957149 ], [ 106.926781995428925, -6.122338066572309 ], [ 106.926585310115925, -6.122342952650583 ], [ 106.926502722182832, -6.122345004114075 ], [ 106.926399994415959, -6.122347556433452 ], [ 106.926343661053735, -6.122348955759035 ], [ 106.926317066960777, -6.122350399293136 ], [ 106.926248951571168, -6.122350181841195 ], [ 106.926181087014328, -6.122344340725758 ], [ 106.926113934118206, -6.122332916785783 ], [ 106.926047952037109, -6.122315987935584 ], [ 106.925990940851065, -6.122296619187284 ], [ 106.925936273421044, -6.122271370628846 ], [ 106.925884555051653, -6.12224052127077 ], [ 106.925825696348667, -6.122199136447196 ], [ 106.925749831202083, -6.122148379010098 ], [ 106.92573007185571, -6.12213607607006 ], [ 106.925708516753701, -6.122127300238499 ], [ 106.925685787369716, -6.122122306056408 ], [ 106.925662541816649, -6.122121237630116 ], [ 106.925639451351827, -6.122124126003213 ], [ 106.925617183208132, -6.122130887409925 ], [ 106.925596380734916, -6.122141326962828 ], [ 106.92554601766264, -6.122171845640064 ], [ 106.925498452702413, -6.122206572018006 ], [ 106.925454034507595, -6.122245248978867 ], [ 106.925413089959221, -6.122287593263234 ], [ 106.925375921446388, -6.122333292767558 ], [ 106.925361352055347, -6.122351653594249 ], [ 106.92521486478519, -6.122559663437315 ], [ 106.925195328349531, -6.122587405212271 ], [ 106.92516299361985, -6.122628142704414 ], [ 106.925129069793769, -6.12266756406656 ], [ 106.925065762734974, -6.122733474155988 ], [ 106.924998020355005, -6.122794808102654 ], [ 106.924926172189259, -6.122851267265069 ], [ 106.924850567736556, -6.122902578245542 ], [ 106.924839707881688, -6.122909011188103 ], [ 106.924835776053541, -6.122911340761537 ], [ 106.924789568237642, -6.122941165495194 ], [ 106.924745584947473, -6.122974190083863 ], [ 106.92471165603601, -6.123007918172872 ], [ 106.924680510418398, -6.123044237445556 ], [ 106.92467790005324, -6.123047560432315 ], [ 106.924665754307625, -6.12306369202437 ], [ 106.924648917171353, -6.123090508229465 ], [ 106.924634934743182, -6.123118920824514 ], [ 106.92462395859387, -6.123148626383672 ], [ 106.924612209688462, -6.123192082854409 ], [ 106.924603098853069, -6.123236169077881 ], [ 106.924596198508837, -6.123284326787267 ], [ 106.924591575443728, -6.123332756605655 ], [ 106.924588365967765, -6.123425812625879 ], [ 106.924589315452451, -6.123518919725682 ], [ 106.924594421426391, -6.123611891663308 ], [ 106.92460367418856, -6.123704541318706 ], [ 106.924611709838729, -6.123770097781647 ], [ 106.924622127186154, -6.123835318404407 ], [ 106.924638066434042, -6.123914422860893 ], [ 106.924652349974181, -6.123973358591031 ], [ 106.924666202386902, -6.124023646998461 ], [ 106.924678020429809, -6.124064562398604 ], [ 106.924694066647618, -6.124129895723183 ], [ 106.924706865367583, -6.124195943205182 ], [ 106.924716386200586, -6.124262543115747 ], [ 106.924718171129314, -6.124276921352869 ], [ 106.924719710803117, -6.124305544972861 ], [ 106.924716510381614, -6.124334030093171 ], [ 106.924708658301043, -6.124361596135984 ], [ 106.924696369548258, -6.124387487384714 ], [ 106.924679981225509, -6.124410995603099 ], [ 106.924659942662842, -6.124431473632589 ], [ 106.924636802869301, -6.12444836256113 ], [ 106.924611345804365, -6.124463146862228 ], [ 106.924522111452546, -6.124503159098473 ], [ 106.924430544281051, -6.124537486412962 ], [ 106.924337005126844, -6.124565993698454 ], [ 106.924241862134522, -6.124588568424735 ], [ 106.924214548015044, -6.124594313593369 ], [ 106.924058975029695, -6.124633467067294 ], [ 106.923921346971071, -6.124666830298708 ], [ 106.923784840026556, -6.124704523860159 ], [ 106.92376150367167, -6.124711434625534 ], [ 106.923660634223424, -6.12474475545598 ], [ 106.92356157865656, -6.124783143723099 ], [ 106.923155184825745, -6.12495682191678 ], [ 106.923151850430557, -6.124958247023814 ], [ 106.92314270964394, -6.124960937934797 ], [ 106.923133246114119, -6.12496204054833 ], [ 106.923123732520665, -6.124961522242113 ], [ 106.923114444424613, -6.124959398302284 ], [ 106.923105649422382, -6.124955730153957 ], [ 106.923096139469692, -6.124952191146926 ], [ 106.923086218175783, -6.12495007128534 ], [ 106.923076093451996, -6.124949413221736 ], [ 106.923065981242203, -6.124950232456079 ], [ 106.923056094660666, -6.124952511045803 ], [ 106.9230466421984, -6.124956201228758 ], [ 106.923043847923296, -6.124957611740684 ], [ 106.922975860669297, -6.124995090175323 ], [ 106.922910648731531, -6.12503722123489 ], [ 106.922848528429114, -6.125083798549773 ], [ 106.922818818613706, -6.125109711564968 ], [ 106.922769355962402, -6.125159747887412 ], [ 106.92272484398714, -6.125214243694516 ], [ 106.922685683814919, -6.125272711128948 ], [ 106.922652225849916, -6.125334623637545 ], [ 106.922627978499648, -6.125390891208241 ], [ 106.922608443808087, -6.12544896641139 ], [ 106.922546493331609, -6.125646004294714 ], [ 106.922525859964409, -6.125704261552031 ], [ 106.922499146454754, -6.12575998825812 ], [ 106.922466656754011, -6.125812551338095 ], [ 106.922428759976896, -6.125861352744084 ], [ 106.922385887724118, -6.125905838506221 ], [ 106.922338526869041, -6.125945502375074 ], [ 106.922287215973654, -6.125979893971626 ], [ 106.922174913550023, -6.126042637932986 ], [ 106.922110852643613, -6.126076303100171 ], [ 106.922036269447261, -6.126118377293772 ], [ 106.921965018994754, -6.126165886901033 ], [ 106.921897495988716, -6.126218568312011 ], [ 106.921834075166089, -6.126276131768572 ], [ 106.921638110644551, -6.126461103425592 ], [ 106.921587241816084, -6.126507490265913 ], [ 106.921532147088271, -6.126548759517655 ], [ 106.921473339975094, -6.126584528701339 ], [ 106.921411364881095, -6.126614464953835 ], [ 106.921346798023691, -6.126638290449734 ], [ 106.921280240213591, -6.126655784235682 ], [ 106.921212308728101, -6.126666783163669 ], [ 106.920898847417561, -6.126712293561425 ], [ 106.920802109597048, -6.126728100729532 ], [ 106.920706127987799, -6.126747993639048 ], [ 106.920611073187303, -6.126771937323037 ], [ 106.920517116660875, -6.126799886866123 ], [ 106.920475816332342, -6.126810387977096 ], [ 106.920433458052116, -6.126815027796541 ], [ 106.920390866213381, -6.126813715670464 ], [ 106.920348871949628, -6.126806477553518 ], [ 106.920308295065325, -6.12679345516958 ], [ 106.920269926857131, -6.126774901552699 ], [ 106.920234514748032, -6.126751178389716 ], [ 106.920216052716768, -6.126733908759752 ], [ 106.920208643436837, -6.126726978934384 ], [ 106.920196299161375, -6.126715431318515 ], [ 106.920164483207202, -6.126685671063235 ], [ 106.920160293226118, -6.126681752207609 ], [ 106.920073773413392, -6.126611614200596 ], [ 106.920035022965664, -6.126587456334105 ], [ 106.919992957706341, -6.126569702520811 ], [ 106.919948625238916, -6.126558794744162 ], [ 106.919903130372902, -6.126555005711182 ], [ 106.919857606183314, -6.126558429010737 ], [ 106.919813187818619, -6.126568980111356 ], [ 106.919770980879292, -6.126586394666141 ], [ 106.919732037977568, -6.1266102412544 ], [ 106.91969732893547, -6.126639923296413 ], [ 106.91966771918662, -6.126674701733972 ], [ 106.919643945445429, -6.126713711391541 ], [ 106.91942610909993, -6.127288215098487 ], [ 106.919309341698565, -6.127557944127548 ], [ 106.919281813731885, -6.12761792221763 ], [ 106.919250226245978, -6.127675861566201 ], [ 106.91921472910731, -6.127731486781183 ], [ 106.919175491196995, -6.127784535060125 ], [ 106.919092910622396, -6.127877203726522 ], [ 106.919051471427252, -6.12792370585505 ], [ 106.918990425325276, -6.127989999030393 ], [ 106.918930571634618, -6.128048725801666 ], [ 106.918867919607678, -6.128104452742943 ], [ 106.91869790435787, -6.128233047107122 ], [ 106.918677792542923, -6.128249567010693 ], [ 106.918660674491321, -6.128269178263925 ], [ 106.918647018911031, -6.128291344849176 ], [ 106.918637199408991, -6.12831545966295 ], [ 106.918626991788457, -6.128360896129765 ], [ 106.918622270067075, -6.128405353679276 ], [ 106.918622655632532, -6.128450060569378 ], [ 106.918628143679669, -6.128494430037189 ], [ 106.918637988961748, -6.128573091078264 ], [ 106.918641224000694, -6.128652301079584 ], [ 106.918637827840897, -6.128731504982062 ], [ 106.918627821975008, -6.128810145766144 ], [ 106.918611420663112, -6.128872600222127 ], [ 106.918590812652639, -6.128933793107615 ], [ 106.918566093583522, -6.12899344108782 ], [ 106.918537378090946, -6.129051267992833 ], [ 106.918531237658797, -6.129062463199219 ], [ 106.918505518372157, -6.129105863042985 ], [ 106.918497617176783, -6.129118767931315 ], [ 106.918480342634169, -6.129149195843717 ], [ 106.918454899307278, -6.129204858304949 ], [ 106.91843581061967, -6.129263011497679 ], [ 106.918423312459623, -6.129322931274436 ], [ 106.918417562051175, -6.129383872069909 ], [ 106.918417393831632, -6.12939999419598 ], [ 106.9184160211978, -6.129531559821849 ], [ 106.918415756744764, -6.129556899887309 ], [ 106.918415162569914, -6.129613835016109 ], [ 106.918413913148143, -6.129733616687363 ], [ 106.918417258415047, -6.129827739907802 ], [ 106.918424571124561, -6.129921638262035 ], [ 106.918435839838153, -6.130015143622223 ], [ 106.918472366216335, -6.130277802448019 ], [ 106.918512508673544, -6.130549321431536 ], [ 106.918521240171458, -6.130632498958295 ], [ 106.918524529731101, -6.130716070278957 ], [ 106.918522364327387, -6.130799677406004 ], [ 106.918519461095528, -6.130844413249394 ], [ 106.918518541743339, -6.130927368558374 ], [ 106.918524333976052, -6.131021436893755 ], [ 106.918534948391027, -6.131115082910651 ], [ 106.918545164069755, -6.13115555220641 ], [ 106.918560821256207, -6.131194239868312 ], [ 106.918581624670551, -6.131230416416829 ], [ 106.918607181647289, -6.131263400640104 ], [ 106.91863701211048, -6.131292570407668 ], [ 106.918650579980337, -6.131303470818067 ], [ 106.918690981571572, -6.131327492587361 ], [ 106.91873367370961, -6.131347147344314 ], [ 106.918745844670468, -6.131352379346232 ], [ 106.918856988266469, -6.131400156874272 ], [ 106.91899999278904, -6.131461630813853 ], [ 106.919091243813, -6.131500856859774 ], [ 106.91913274132915, -6.131519876636428 ], [ 106.919171369950732, -6.13154420759188 ], [ 106.919206455190732, -6.13157342448997 ], [ 106.919237383688738, -6.131607018696074 ], [ 106.919263615870008, -6.131644401748073 ], [ 106.919421976055858, -6.131886510584778 ], [ 106.919428409399544, -6.13189634705404 ], [ 106.919471551753119, -6.131962305050163 ], [ 106.919513829435232, -6.132026940685587 ], [ 106.919524907725304, -6.132043878710814 ], [ 106.919546677929731, -6.132095499662634 ], [ 106.919562106764104, -6.132149360258621 ], [ 106.919570362335207, -6.132198911263105 ], [ 106.919573244444578, -6.132249063781354 ], [ 106.919572235665569, -6.132281449655392 ], [ 106.919568983432796, -6.132313688058829 ], [ 106.919568961312734, -6.13231381742844 ], [ 106.919563950870383, -6.132343429310962 ], [ 106.919553272745446, -6.132406544991506 ], [ 106.91954782131134, -6.132432572681799 ], [ 106.919517982916005, -6.132565109091528 ], [ 106.919484806625618, -6.132696847366239 ], [ 106.919464587142855, -6.13277092001636 ], [ 106.919387816589762, -6.13301797786926 ], [ 106.919323824511906, -6.133208027136541 ], [ 106.919255944202007, -6.133396719684028 ], [ 106.919184203373419, -6.133583975848753 ], [ 106.91912127138491, -6.133746157900656 ], [ 106.91909097494954, -6.133811781427033 ], [ 106.919054525363208, -6.133874190223395 ], [ 106.91902287685545, -6.133919162875087 ], [ 106.918989721386097, -6.133959779410399 ], [ 106.918953819337887, -6.133997985434934 ], [ 106.918941715448909, -6.134010513918692 ], [ 106.918865925953654, -6.134088960972587 ], [ 106.918679320410646, -6.134282120400973 ], [ 106.918648406006213, -6.13431894331285 ], [ 106.918621667121684, -6.134358906672871 ], [ 106.91860335277957, -6.134393119425811 ], [ 106.91858810415134, -6.134428807582272 ], [ 106.918574778668997, -6.134470300588048 ], [ 106.918557362193852, -6.134529005684792 ], [ 106.918536012967238, -6.134599411641153 ], [ 106.918509412584385, -6.134668002839475 ], [ 106.918477713208233, -6.134734388150712 ], [ 106.918441095946591, -6.134798187191457 ], [ 106.918399769974656, -6.134859037560101 ], [ 106.918353971615645, -6.134916590319562 ], [ 106.918326837365044, -6.134926840901403 ], [ 106.918270108685945, -6.134984350542437 ], [ 106.918208748939193, -6.135036880555759 ], [ 106.918154462449152, -6.135081659444001 ], [ 106.918117397468606, -6.135115253136141 ], [ 106.91808494640803, -6.135153330148238 ], [ 106.918057646298891, -6.135195261091708 ], [ 106.918035948126089, -6.135240351788726 ], [ 106.918020211456621, -6.135287856853354 ], [ 106.918010695441865, -6.135336989669206 ], [ 106.918007557975614, -6.135386939570895 ], [ 106.917999484682184, -6.135464398101695 ], [ 106.917984552425978, -6.135540829702594 ], [ 106.917962878267815, -6.135615626379835 ], [ 106.917934636225525, -6.13568819349723 ], [ 106.917900050070273, -6.135757956130857 ], [ 106.917870247415891, -6.135807124554971 ], [ 106.917836601043291, -6.135853742638404 ], [ 106.917799327575565, -6.135897509433709 ], [ 106.917411076231247, -6.136330629095024 ], [ 106.91736859518177, -6.136381506523539 ], [ 106.917330846883786, -6.136435993462531 ], [ 106.917298135092835, -6.136493651226174 ], [ 106.91727072372224, -6.136554014147329 ], [ 106.91724883505573, -6.136616595008621 ], [ 106.91723264434377, -6.136680889582427 ], [ 106.917222283423072, -6.136746378426228 ], [ 106.917219732134242, -6.136794549632367 ], [ 106.917220124103522, -6.136842786243448 ], [ 106.917233389380485, -6.137271770719549 ], [ 106.917233382444707, -6.137316315389817 ], [ 106.917226967480062, -6.137360394784102 ], [ 106.917214277603577, -6.137403090734509 ], [ 106.917195577912807, -6.137443511724015 ], [ 106.917171257443485, -6.137480817326715 ], [ 106.916993625167351, -6.137673819783523 ], [ 106.916963256191693, -6.137715721039732 ], [ 106.91693775830332, -6.13776075754823 ], [ 106.916917451068784, -6.137808364892203 ], [ 106.916902589803357, -6.13785794633606 ], [ 106.916897782418758, -6.137907243134247 ], [ 106.916896769797575, -6.137956764126661 ], [ 106.916899559926676, -6.138006216346419 ], [ 106.916926532884602, -6.138261296722212 ], [ 106.916932924179875, -6.138339183570654 ], [ 106.91694128215407, -6.138464601597278 ], [ 106.916945285980901, -6.138590235032244 ], [ 106.916945644634254, -6.138629905140466 ], [ 106.916943988024727, -6.138753205402549 ], [ 106.916936599593811, -6.138899176449432 ], [ 106.916922778085819, -6.139053848377633 ], [ 106.916904246677575, -6.139208025443143 ], [ 106.916893078429752, -6.139272571475347 ], [ 106.916878447950651, -6.139336421074063 ], [ 106.916860397028671, -6.139399387839006 ], [ 106.91684138100625, -6.13945670092373 ], [ 106.916801333504623, -6.139550325961518 ], [ 106.916755971955823, -6.139641490914621 ], [ 106.916713602041568, -6.139721998121281 ], [ 106.916660731412279, -6.139830172242069 ], [ 106.916640873137695, -6.139875269036001 ], [ 106.916625622712118, -6.139922127745939 ], [ 106.916615132929167, -6.139970279485447 ], [ 106.916609508648577, -6.14001923926532 ], [ 106.916600300384005, -6.140290350199821 ], [ 106.916590818433534, -6.140444005734629 ], [ 106.916583400099739, -6.140531345011793 ], [ 106.916570137451345, -6.140617988253005 ], [ 106.91655108870745, -6.140703544666109 ], [ 106.916526341906319, -6.140787626064287 ], [ 106.916496006801452, -6.140869854128138 ], [ 106.916466453910374, -6.140933878356442 ], [ 106.916418170474913, -6.141034527269343 ], [ 106.916366690740844, -6.141133575570992 ], [ 106.916362691901284, -6.141141462154558 ], [ 106.916334923964328, -6.141208011552865 ], [ 106.916312274817926, -6.141276476546675 ], [ 106.916294875839085, -6.14134646156073 ], [ 106.916282826772559, -6.141417566612263 ], [ 106.916276196608393, -6.14148938007479 ], [ 106.916276232729274, -6.141541156742824 ], [ 106.916279721862011, -6.141592815256452 ], [ 106.916289932257811, -6.141722401945426 ], [ 106.916296026211299, -6.141852247495938 ], [ 106.916297995124054, -6.141982221745161 ], [ 106.916297925231689, -6.142000564979108 ], [ 106.916295632503733, -6.142085910380472 ], [ 106.916286881263488, -6.142170835899509 ], [ 106.916271723963888, -6.142254854022985 ], [ 106.916250245587122, -6.142337479833255 ], [ 106.916222570897133, -6.142418238215243 ], [ 106.916188859923025, -6.142496663872708 ], [ 106.916080437818792, -6.142706895447121 ], [ 106.915989859159893, -6.142903986662835 ], [ 106.915964381675607, -6.142968424867707 ], [ 106.915944043379739, -6.143034667385665 ], [ 106.915928971084426, -6.143102305095727 ], [ 106.915919256340104, -6.143170919961735 ], [ 106.915868454858781, -6.143618007957458 ], [ 106.915854222899767, -6.143722837660462 ], [ 106.915833055433154, -6.143826487010357 ], [ 106.915805043857262, -6.143928497286185 ], [ 106.915770313922678, -6.144028416876569 ], [ 106.915729019412325, -6.144125802206585 ], [ 106.915682103891541, -6.144237205418435 ], [ 106.915630823352885, -6.144382679231939 ], [ 106.915585626713437, -6.144530159212793 ], [ 106.915546592569001, -6.144679392827235 ], [ 106.915535474573602, -6.144751444812153 ], [ 106.915530943548703, -6.144824210061381 ], [ 106.915533038892988, -6.144897085378386 ], [ 106.915541742198712, -6.144969469581731 ], [ 106.915556980861552, -6.145040762588152 ], [ 106.91557862991958, -6.145110374447226 ], [ 106.915602266438427, -6.145168906301655 ], [ 106.915797920551384, -6.145616926600436 ], [ 106.915813892329638, -6.145653498368033 ], [ 106.91582190463464, -6.145671845185458 ], [ 106.915830044091663, -6.145688363396309 ], [ 106.915858253805979, -6.145743733362827 ], [ 106.915888303738768, -6.145798124790328 ], [ 106.915916659794107, -6.145853238356644 ], [ 106.915935531030428, -6.145875848095896 ], [ 106.915972906410815, -6.14593182712678 ], [ 106.916043168433063, -6.146029374970757 ], [ 106.916155912636029, -6.146180674706923 ], [ 106.916274253801731, -6.146327629879629 ], [ 106.916288879898417, -6.146343317430621 ], [ 106.91634001218425, -6.14640733995174 ], [ 106.916385597186391, -6.146475430142961 ], [ 106.916425313408268, -6.146547109066064 ], [ 106.916472666179402, -6.146629557712694 ], [ 106.916525877566073, -6.146708345315615 ], [ 106.916601002977302, -6.146807291446979 ], [ 106.916680578211043, -6.146902689166157 ], [ 106.916787403673283, -6.147027369710744 ], [ 106.916881632838056, -6.147132574346942 ], [ 106.916981112560478, -6.147232819957686 ], [ 106.917019582122762, -6.147269378750787 ], [ 106.917068058217765, -6.147317857845262 ], [ 106.917113535424406, -6.147369164957701 ], [ 106.917156249900373, -6.147423659989125 ], [ 106.917167440110902, -6.147437934917801 ], [ 106.917169359225468, -6.147441835678482 ], [ 106.917201093565112, -6.147489254600908 ], [ 106.917238761308283, -6.147557175056472 ], [ 106.91727234179352, -6.147627209559142 ], [ 106.917296916252397, -6.14768647383812 ], [ 106.917320426191736, -6.147748907289521 ], [ 106.917321066805158, -6.147750208744889 ], [ 106.917321364111515, -6.147751499678453 ], [ 106.917324735608233, -6.147760895043104 ], [ 106.917342052428637, -6.147811020202615 ], [ 106.91747564900156, -6.148197763849501 ], [ 106.917497744423997, -6.148261725812291 ], [ 106.91753647795089, -6.148387057287716 ], [ 106.917569742857168, -6.148513952633755 ], [ 106.917576649048598, -6.14854349195587 ], [ 106.917596992405365, -6.14863050282164 ], [ 106.917610205734192, -6.148687018599419 ], [ 106.917665001898172, -6.1489031699929 ], [ 106.91766508374333, -6.148906851311545 ], [ 106.917664560217645, -6.148910495925635 ], [ 106.91766344722798, -6.14891400522805 ], [ 106.917661773340711, -6.148917284182705 ], [ 106.917659585211538, -6.148920244017519 ], [ 106.917656942171931, -6.14892280405204 ], [ 106.917653914438716, -6.148924896224574 ], [ 106.917650584910959, -6.148926462373299 ], [ 106.917614740777438, -6.14893189284569 ], [ 106.917611095868764, -6.148934183429292 ], [ 106.917607893900865, -6.148937062819123 ], [ 106.917605230325563, -6.148940446588554 ], [ 106.917603181572858, -6.148944235913243 ], [ 106.917601808670724, -6.148948319366263 ], [ 106.917601152741611, -6.148952576550899 ], [ 106.917601231408256, -6.148956883538249 ], [ 106.917602042413733, -6.148961114662482 ], [ 106.917602020011884, -6.148961165374105 ], [ 106.91760212122108, -6.148961427208172 ], [ 106.917622901529327, -6.149015075048256 ], [ 106.917623016408371, -6.149015370286023 ], [ 106.917629474369235, -6.149033511957017 ], [ 106.917714609668678, -6.149272681131637 ], [ 106.917739592834607, -6.149348391791498 ], [ 106.917760382687817, -6.1494253615829 ], [ 106.917776916064355, -6.149503358372504 ], [ 106.917789142433776, -6.149582146365042 ], [ 106.917794161278792, -6.149661254978342 ], [ 106.917794015379059, -6.149740522273512 ], [ 106.917786552511771, -6.149852839139083 ], [ 106.917774704363964, -6.149964777549576 ], [ 106.917758488383726, -6.150076165658433 ], [ 106.917737931062135, -6.150186834298901 ], [ 106.917721106668949, -6.15025474323628 ], [ 106.917700495285217, -6.150321597090901 ], [ 106.917676161200774, -6.15038718677817 ], [ 106.917473760159794, -6.150848863633808 ], [ 106.917470150574431, -6.150861517218383 ], [ 106.917468636440276, -6.150874588220302 ], [ 106.917469256272838, -6.150887732932295 ], [ 106.917470778938295, -6.150903254974054 ], [ 106.917479527540095, -6.150971222188838 ], [ 106.917492050907043, -6.151038595399015 ], [ 106.917595342447058, -6.151545464269271 ], [ 106.917605968230006, -6.151591752765698 ], [ 106.917620373518304, -6.151637005119519 ], [ 106.917638459650519, -6.151680914280695 ], [ 106.91766159646285, -6.151732148636057 ], [ 106.91768714225735, -6.151780289450733 ], [ 106.91771842884765, -6.151824907955529 ], [ 106.917754977719142, -6.151865320538202 ], [ 106.917936612370525, -6.152045078905578 ], [ 106.917990572008847, -6.152102767397824 ], [ 106.918039706472797, -6.152164624971399 ], [ 106.918083696332701, -6.152230246821578 ], [ 106.918186846054681, -6.152395760334201 ], [ 106.918341130479178, -6.152624157559786 ], [ 106.918395944450211, -6.152697868582989 ], [ 106.918456136801566, -6.152767250290663 ], [ 106.918519322993134, -6.152835660140325 ], [ 106.91857715509498, -6.152902066682602 ], [ 106.918631062006412, -6.152971703303723 ], [ 106.918680864930167, -6.15304433647839 ], [ 106.918726396786028, -6.153119725406248 ], [ 106.918767506714573, -6.153197618379174 ], [ 106.91880201899103, -6.153283426287811 ], [ 106.918832193799972, -6.15337085641611 ], [ 106.91885795357129, -6.153459690245194 ], [ 106.918877374840363, -6.15353249225232 ], [ 106.918919975204687, -6.153697191496313 ], [ 106.918959534943241, -6.153862648468038 ], [ 106.918962807794614, -6.153876749236285 ], [ 106.918993118909995, -6.153986782044073 ], [ 106.919027238152154, -6.15409569179056 ], [ 106.919065123498697, -6.154203347526916 ], [ 106.919072439952231, -6.154223292504114 ], [ 106.919106060810691, -6.154310870225475 ], [ 106.919144360375554, -6.154396500806121 ], [ 106.919187226641654, -6.154479935107957 ], [ 106.919234535882794, -6.15456093036388 ], [ 106.919286148125323, -6.154639247481789 ], [ 106.919319612469067, -6.154692514084111 ], [ 106.919381471611288, -6.154792767352987 ], [ 106.919438626998115, -6.154895779742506 ], [ 106.919490954079095, -6.155001331095495 ], [ 106.919517456189666, -6.155062103463004 ], [ 106.919540408751431, -6.155124305361502 ], [ 106.919558617742254, -6.155194536697267 ], [ 106.919571556236406, -6.155265928900549 ], [ 106.919579153253011, -6.155338086219785 ], [ 106.91958136670813, -6.155410610086914 ], [ 106.919579613279751, -6.155574634181207 ], [ 106.919584648746564, -6.155620219360571 ], [ 106.919596567606433, -6.15566450315179 ], [ 106.919615091530929, -6.155706452233135 ], [ 106.919628889931801, -6.155732779616711 ], [ 106.919662449332023, -6.155794368316126 ], [ 106.919700528484057, -6.155853264534503 ], [ 106.919742913908124, -6.155909136319638 ], [ 106.919789366895529, -6.155961669892744 ], [ 106.91983962440861, -6.156010568741065 ], [ 106.919902549251674, -6.15606614690688 ], [ 106.919933684513239, -6.156099175676669 ], [ 106.919961189440215, -6.156135288825963 ], [ 106.919984762684678, -6.156174086911219 ], [ 106.920004144357904, -6.156215144120097 ], [ 106.92001912054711, -6.156258008255167 ], [ 106.920032295317412, -6.156300583221253 ], [ 106.920095275243796, -6.156565868051445 ], [ 106.920160936338903, -6.156834397157799 ], [ 106.920209414350268, -6.157022334502338 ], [ 106.920219098104013, -6.157052700024559 ], [ 106.920233027840126, -6.157081364971763 ], [ 106.920250917771781, -6.157107735456285 ], [ 106.920272397382789, -6.157131269430751 ], [ 106.920278974917238, -6.157136607231555 ], [ 106.920306514669292, -6.157164033358979 ], [ 106.920331967455908, -6.157193409964914 ], [ 106.920336277912142, -6.157198842720607 ], [ 106.920364754528464, -6.157233833015164 ], [ 106.920378189760655, -6.157249821159711 ], [ 106.920431685624422, -6.15731043205615 ], [ 106.920470790494377, -6.157357060885379 ], [ 106.92052657267061, -6.157426441705075 ], [ 106.920578242256639, -6.157498942091467 ], [ 106.920625626739835, -6.157574318552726 ], [ 106.920641855666304, -6.15760251138348 ], [ 106.920700943348152, -6.157699561020046 ], [ 106.920764745590162, -6.157793572980694 ], [ 106.92085722996552, -6.15792342792848 ], [ 106.920929706822463, -6.158021105591521 ], [ 106.92100622938554, -6.158115641292865 ], [ 106.921225132362949, -6.158349289389821 ], [ 106.921368663581958, -6.158509974579117 ], [ 106.921408861585959, -6.158560090180588 ], [ 106.921445066575345, -6.158613168516794 ], [ 106.921477061496333, -6.158668889405693 ], [ 106.921528291475596, -6.158765016933062 ], [ 106.921549387257954, -6.158810897685425 ], [ 106.92156509310017, -6.158858895426668 ], [ 106.921575200759136, -6.158908377115233 ], [ 106.921579578714017, -6.158958692254653 ], [ 106.921578168572438, -6.159009178331232 ], [ 106.921570989623035, -6.159059170743012 ], [ 106.921558671833694, -6.159101979397225 ], [ 106.921542889124268, -6.159143632403283 ], [ 106.921404170593078, -6.159474989109643 ], [ 106.921388148777012, -6.159517981086378 ], [ 106.921376806213956, -6.159562440781698 ], [ 106.921370274766559, -6.159607857793169 ], [ 106.921370711377165, -6.159649884542522 ], [ 106.921376665991147, -6.159691489075946 ], [ 106.921389541332104, -6.159740403854124 ], [ 106.921401794399443, -6.159773784362969 ], [ 106.921417039386668, -6.159805907301243 ], [ 106.921435147953119, -6.159836503701241 ], [ 106.92149666020056, -6.159923859383738 ], [ 106.921562309652018, -6.160008145102313 ], [ 106.921629461154325, -6.160092108045367 ], [ 106.921682553187608, -6.160167641835873 ], [ 106.921730060206144, -6.160246813152196 ], [ 106.921771735012342, -6.160329209701408 ], [ 106.921944005777519, -6.16069630421321 ], [ 106.921982940385803, -6.160789136079443 ], [ 106.92200492956097, -6.160847514002354 ], [ 106.922020828973032, -6.160907839662549 ], [ 106.92203046921378, -6.160969478071111 ], [ 106.922033749480292, -6.16103178042981 ], [ 106.922030636697812, -6.161094091367189 ], [ 106.922026290075962, -6.161192843036295 ], [ 106.922024264973089, -6.161307375091914 ], [ 106.92202892628076, -6.161421830604295 ], [ 106.922061338648462, -6.161757613793376 ], [ 106.922086831081998, -6.161945486993064 ], [ 106.922101150911601, -6.162044301553546 ], [ 106.922110320146743, -6.162107579019678 ], [ 106.922114989976507, -6.162139801510604 ], [ 106.922115844093071, -6.162165272183363 ], [ 106.922114229189958, -6.162190706551803 ], [ 106.922109447005795, -6.1622191269147 ], [ 106.922101584567102, -6.162246853165215 ], [ 106.922100427375511, -6.162251877045476 ], [ 106.922100096295623, -6.1622570227166 ], [ 106.922100602579647, -6.162262153614963 ], [ 106.922101930385736, -6.162267135082886 ], [ 106.922104045818074, -6.162271836144288 ], [ 106.922106893326429, -6.162276133134161 ], [ 106.922109843697527, -6.162279392720528 ], [ 106.922113216165116, -6.162282213187964 ], [ 106.922268894011324, -6.162368673084623 ], [ 106.922428478934918, -6.162463411472951 ], [ 106.922443736405398, -6.162473357891311 ], [ 106.922457958506442, -6.162481766508265 ], [ 106.922692874986964, -6.162628208595945 ], [ 106.922736325130913, -6.162654856492644 ], [ 106.922778045801479, -6.162684141628518 ], [ 106.922840488653748, -6.162734731871947 ], [ 106.922899382704998, -6.16277944091085 ], [ 106.92305254506924, -6.162887013666255 ], [ 106.923075022803246, -6.162901130057457 ], [ 106.923110920474087, -6.162920896734562 ], [ 106.923148095434044, -6.162938136289944 ], [ 106.923189225674605, -6.162953718775504 ], [ 106.923215612799879, -6.162961964128955 ], [ 106.923295651214303, -6.162984908655325 ], [ 106.92338056986182, -6.163003913462047 ], [ 106.923424061912371, -6.163012087137388 ], [ 106.92346805776225, -6.163022440645239 ], [ 106.92351064179627, -6.163037597436718 ], [ 106.923551291197853, -6.163057370436304 ], [ 106.923589508248654, -6.163081518230647 ], [ 106.923594473948413, -6.163085255142801 ], [ 106.923628751622999, -6.163114218958753 ], [ 106.923659969684877, -6.163146463130186 ], [ 106.923687814411835, -6.16318166601714 ], [ 106.923720821134708, -6.163235470730024 ], [ 106.923747500336546, -6.163292682416571 ], [ 106.923767506971572, -6.163352560036818 ], [ 106.923776469795527, -6.163390821909334 ], [ 106.923780279242237, -6.16341237244938 ], [ 106.923783655288858, -6.163431475278474 ], [ 106.923787823467279, -6.163455057900949 ], [ 106.923800494928159, -6.163543299082597 ], [ 106.923808655106981, -6.163632071897225 ], [ 106.923812284200537, -6.163721145865332 ], [ 106.923811533166159, -6.163756649954242 ], [ 106.923811124087436, -6.163775993380092 ], [ 106.923810850863902, -6.163788916122892 ], [ 106.923810830496024, -6.163972531355146 ], [ 106.923818027522003, -6.164156004804771 ], [ 106.923819648725015, -6.164181479911045 ], [ 106.923823257933947, -6.164238205254656 ], [ 106.923826616759925, -6.164284861356149 ], [ 106.923831949464869, -6.164416749439544 ], [ 106.923831154130454, -6.164548742823721 ], [ 106.923829912173602, -6.164572853091028 ], [ 106.923826346761771, -6.164642081260459 ], [ 106.923824597329414, -6.164682543558383 ], [ 106.923823883558583, -6.164699055459728 ], [ 106.92382235393535, -6.164715535949683 ], [ 106.923815176094365, -6.164755473561822 ], [ 106.923803225197332, -6.164794249426526 ], [ 106.9237866753476, -6.164831294220536 ], [ 106.923765770294892, -6.164866062780357 ], [ 106.923739839407702, -6.164907987552043 ], [ 106.923730269161609, -6.164925788160875 ], [ 106.923719968115307, -6.164948608398481 ], [ 106.923711445692987, -6.164972151844155 ], [ 106.923704566924556, -6.164997068147034 ], [ 106.923699679956727, -6.165022451925118 ], [ 106.923697543745106, -6.165039565685212 ], [ 106.923696060106991, -6.165078581329889 ], [ 106.923699270679023, -6.165117684906296 ], [ 106.923706908462108, -6.165155231870141 ], [ 106.923715762586141, -6.165185121926934 ], [ 106.923718925553402, -6.165196729420218 ], [ 106.923744900297635, -6.165279758197231 ], [ 106.923776235199611, -6.165360912353001 ], [ 106.923783434549918, -6.165377570180825 ], [ 106.923826604264548, -6.165477461182136 ], [ 106.923832738786842, -6.165490676328118 ], [ 106.923855808217851, -6.165529561727297 ], [ 106.92387957878951, -6.165559208955287 ], [ 106.923906942857712, -6.165585570273277 ], [ 106.923937449886793, -6.165608212423408 ], [ 106.923970600784529, -6.165626764707929 ], [ 106.924005848811987, -6.165640920794156 ], [ 106.924025258367365, -6.165648635221309 ], [ 106.924119356944161, -6.165686034494704 ], [ 106.924128911999176, -6.165689831670125 ], [ 106.924153377406782, -6.165702725647406 ], [ 106.924175550536162, -6.165719257058837 ], [ 106.924194896967194, -6.165739028211496 ], [ 106.924210948837668, -6.165761560704997 ], [ 106.924223318445939, -6.165786309848495 ], [ 106.924231707333107, -6.165812678189579 ], [ 106.924235912655703, -6.165840029053155 ], [ 106.924235832661083, -6.165867701891703 ], [ 106.924218673628857, -6.166060493448557 ], [ 106.924218572555105, -6.166062025401114 ], [ 106.924189435247882, -6.166398729996836 ], [ 106.924187744145044, -6.166418272434972 ], [ 106.924187430209173, -6.166421900917832 ], [ 106.924187613517574, -6.166427892795401 ], [ 106.924188661928781, -6.166433794752353 ], [ 106.924190555119139, -6.16643948209289 ], [ 106.924193252003974, -6.166444834716748 ], [ 106.924196696167712, -6.166449739812078 ], [ 106.924199950726603, -6.166452919617813 ], [ 106.924217703016112, -6.166470259902056 ], [ 106.924222058362872, -6.166476079392714 ], [ 106.924225372666868, -6.166482549996863 ], [ 106.924227552210752, -6.166489485803316 ], [ 106.924228534855501, -6.166496689937339 ], [ 106.92422849360814, -6.166501785733957 ], [ 106.924227903328045, -6.166574833016405 ], [ 106.924227844157912, -6.166582223546613 ], [ 106.924226084985037, -6.166597418293998 ], [ 106.924222154432599, -6.166612200466364 ], [ 106.924216134494259, -6.166626260556876 ], [ 106.924116556842634, -6.166814351811394 ], [ 106.924076591889076, -6.166886281870016 ], [ 106.924041072565743, -6.166960510431639 ], [ 106.924010130686924, -6.167036764878977 ], [ 106.923983879960844, -6.167114761810542 ], [ 106.923975209306832, -6.167164586905506 ], [ 106.923971309700619, -6.167215010477429 ], [ 106.923970778412055, -6.167297404399675 ], [ 106.923970734377377, -6.167304232510401 ], [ 106.923967439295083, -6.167339420297587 ], [ 106.923959068715746, -6.167373755744946 ], [ 106.92395679564595, -6.167380467137622 ], [ 106.92392837196995, -6.16746438399502 ], [ 106.923865290538814, -6.167648028060607 ], [ 106.923858401482818, -6.167668083832806 ], [ 106.923826162316388, -6.167751350847083 ], [ 106.923788804040214, -6.167832446561138 ], [ 106.923770799769997, -6.167860232064117 ], [ 106.923750228684554, -6.16788617066926 ], [ 106.92365111421681, -6.167986335016622 ], [ 106.923638906275016, -6.16799867249724 ], [ 106.923615875386957, -6.168027892917717 ], [ 106.923597584225206, -6.16806029772677 ], [ 106.923584463651991, -6.168095122286975 ], [ 106.923558706140014, -6.168184155912511 ], [ 106.923557844225826, -6.168187135405442 ], [ 106.923550119054781, -6.168223593220677 ], [ 106.923547351431807, -6.168260759143529 ], [ 106.923549589524001, -6.168297961234799 ], [ 106.923556794766029, -6.168334525156019 ], [ 106.923568835601699, -6.168369792274605 ], [ 106.92359022918734, -6.168418124576571 ], [ 106.923616134182524, -6.168464192022372 ], [ 106.92364631329788, -6.168507575954171 ], [ 106.923662042750664, -6.168527097967627 ], [ 106.923691476319462, -6.168555626196188 ], [ 106.923724897215507, -6.168579349964632 ], [ 106.923761529265747, -6.168597719655657 ], [ 106.923800524474629, -6.168610309776877 ], [ 106.923833017772239, -6.168616042087102 ], [ 106.923846527487299, -6.16861723374359 ], [ 106.923854577923905, -6.168617618750975 ], [ 106.92408130114913, -6.168628459267199 ], [ 106.924095227227625, -6.168629125020405 ], [ 106.924148759944202, -6.168627310512286 ], [ 106.92420161100965, -6.168618593660696 ], [ 106.924211153033141, -6.16861625728244 ], [ 106.924223448812128, -6.168613246422563 ], [ 106.924272362046423, -6.168603520323476 ], [ 106.924321835136709, -6.168597236008599 ], [ 106.924344856739708, -6.168595501891687 ], [ 106.924664993437318, -6.168571387491285 ], [ 106.924795907666919, -6.168553190803896 ], [ 106.924927253443755, -6.168538430912379 ], [ 106.924981720993088, -6.168534830915966 ], [ 106.925036221651553, -6.168537903232326 ], [ 106.92508994041772, -6.168547602888247 ], [ 106.925142078185246, -6.168563783591504 ], [ 106.925166616886457, -6.168565901854541 ], [ 106.925191209955614, -6.16856456164445 ], [ 106.925215373276231, -6.168559788218722 ], [ 106.925238631113402, -6.168551676422104 ], [ 106.925275618834945, -6.168532424098014 ], [ 106.925310158019499, -6.168509056913408 ], [ 106.925341794476552, -6.168481882104838 ], [ 106.925370110333091, -6.16845125740853 ], [ 106.925389674535595, -6.168430452399468 ], [ 106.925412177303357, -6.16841287353096 ], [ 106.925437094359353, -6.168398932266287 ], [ 106.92546384330177, -6.168388954387039 ], [ 106.925491798935056, -6.168383172704794 ], [ 106.925520308607389, -6.168381721580923 ], [ 106.925548705757691, -6.168384635973551 ], [ 106.925584221207529, -6.168397237632854 ], [ 106.925617141236799, -6.168415585340579 ], [ 106.925646546173269, -6.168439167071586 ], [ 106.925671615181841, -6.16846732307134 ], [ 106.9256916444035, -6.168499265681117 ], [ 106.925706075947588, -6.168534102740269 ], [ 106.925714506100377, -6.168570859255336 ], [ 106.925717861464221, -6.168624729296857 ], [ 106.925715150821972, -6.168678635738706 ], [ 106.92571126651525, -6.168706966044121 ], [ 106.925672108393513, -6.168992582086493 ], [ 106.925660155159036, -6.169127509765113 ], [ 106.925658673409984, -6.169136207371669 ], [ 106.925658669923834, -6.169136242645119 ], [ 106.925655828760114, -6.169174762273665 ], [ 106.925656752289299, -6.169195359399836 ], [ 106.925663710206948, -6.169236186178226 ], [ 106.925677304454169, -6.169275303670267 ], [ 106.925693372326108, -6.169305715447148 ], [ 106.925713458432597, -6.169333633583541 ], [ 106.925737182349408, -6.169358528733923 ], [ 106.925765340806123, -6.169384641974255 ], [ 106.925796056994329, -6.169413835353526 ], [ 106.925815742678353, -6.169433681104519 ], [ 106.925843589003691, -6.169463415579272 ], [ 106.925892602192533, -6.169521151967148 ], [ 106.925913712542396, -6.16955201654176 ], [ 106.925930163182556, -6.169585601298929 ], [ 106.925941611918716, -6.169621206781012 ], [ 106.925947819385954, -6.169658090664552 ], [ 106.92594865633771, -6.169695484912251 ], [ 106.925944105501642, -6.169732609328081 ], [ 106.925934261654717, -6.169768692351782 ], [ 106.925934250912334, -6.169768719514359 ], [ 106.925918013566758, -6.169805463071082 ], [ 106.925896295627254, -6.169839252787891 ], [ 106.925849679346371, -6.169878668511619 ], [ 106.925800507445274, -6.169914840438812 ], [ 106.92574900607687, -6.169947604104261 ], [ 106.925695410483385, -6.169976810379995 ], [ 106.925596799150881, -6.170027614427676 ], [ 106.925544367865299, -6.17005628666565 ], [ 106.925493950775433, -6.170088372821555 ], [ 106.92544576779548, -6.170123731961619 ], [ 106.925430559252135, -6.170138678788658 ], [ 106.925418000440203, -6.170155915220942 ], [ 106.925408429349716, -6.170174976220695 ], [ 106.925402104298641, -6.17019534821549 ], [ 106.92539919584506, -6.170216480881059 ], [ 106.925399782335546, -6.17023780523996 ], [ 106.925403849047427, -6.170258746322355 ], [ 106.925411284630854, -6.170278738549024 ], [ 106.925421890207545, -6.170297243780947 ], [ 106.925435378506691, -6.170313762172024 ], [ 106.925451385664005, -6.170327847496479 ], [ 106.925469481211067, -6.170339121578753 ], [ 106.925489176225156, -6.170347279688825 ], [ 106.925509939628967, -6.170352101332774 ], [ 106.925566769369283, -6.170350171636114 ], [ 106.925655116866167, -6.170337214258882 ], [ 106.925695228009786, -6.170331826166874 ], [ 106.925735697952916, -6.170331486306559 ], [ 106.925775893455892, -6.170336201488565 ], [ 106.9258151873088, -6.170345897130798 ], [ 106.925852967384657, -6.170360422650403 ], [ 106.925888641149541, -6.170379549639208 ], [ 106.92592006396535, -6.17040076877456 ], [ 106.925957215091429, -6.170439500858773 ], [ 106.925989582251034, -6.170482317897949 ], [ 106.926016721570946, -6.170528632010118 ], [ 106.926038258560027, -6.170577806239767 ], [ 106.926053898082145, -6.170629164466918 ], [ 106.926063425295538, -6.170682001349165 ], [ 106.926066708395567, -6.17073559135283 ], [ 106.926063704070955, -6.170789198678548 ], [ 106.926054452109881, -6.170842084513755 ], [ 106.926025514011314, -6.170923542265095 ], [ 106.925991199494803, -6.171002881215732 ], [ 106.925951660849506, -6.171079746397774 ], [ 106.925907075698177, -6.17115379360094 ], [ 106.925857643393584, -6.171224692097998 ], [ 106.925803585015302, -6.171292123740657 ], [ 106.92574514338601, -6.17135578748017 ], [ 106.925508282589476, -6.171584404891222 ], [ 106.92537521095673, -6.171730323634169 ], [ 106.925349104699393, -6.17176221429946 ], [ 106.925327511586346, -6.171797322692015 ], [ 106.925310821390354, -6.171835013611408 ], [ 106.925308693614369, -6.171841178392965 ], [ 106.925307120205304, -6.171847508432316 ], [ 106.925306003339216, -6.171854932618776 ], [ 106.925305647387532, -6.171862431807626 ], [ 106.925305879858314, -6.171868019357975 ], [ 106.925310413027276, -6.171886037525011 ], [ 106.925317798264217, -6.171903084291727 ], [ 106.925327840629762, -6.171918711917504 ], [ 106.925340276652619, -6.171932507266326 ], [ 106.925352007603678, -6.171942178742663 ], [ 106.925389585895459, -6.171961080953944 ], [ 106.925429693706775, -6.171973746405071 ], [ 106.925469831949513, -6.171979579277155 ], [ 106.925510383640358, -6.17197882591508 ], [ 106.925550277448409, -6.171971507373236 ], [ 106.925588459827466, -6.171957816425454 ], [ 106.925623712973106, -6.171943741874601 ], [ 106.92566380548638, -6.171922658223862 ], [ 106.925702356085296, -6.171901617218518 ], [ 106.925743355934415, -6.171885883598682 ], [ 106.925786079728198, -6.171875736649509 ], [ 106.925829771084508, -6.171871355410996 ], [ 106.925873656995208, -6.171872817721613 ], [ 106.925916961369907, -6.171880098361074 ], [ 106.925958915869742, -6.171893067202991 ], [ 106.925978947737889, -6.171903428309442 ], [ 106.926021026095512, -6.17192742610287 ], [ 106.926030831529914, -6.171933478087503 ], [ 106.926058855423378, -6.17195179910828 ], [ 106.926109436329909, -6.171989038661386 ], [ 106.926157184521799, -6.172029853418029 ], [ 106.926201848080353, -6.172074027300831 ], [ 106.926302364254255, -6.172177072672537 ], [ 106.92635294638427, -6.172223391394795 ], [ 106.92640628846685, -6.172266495002233 ], [ 106.926462189362709, -6.172306220575802 ], [ 106.926520434417867, -6.172342415190857 ], [ 106.926662817247092, -6.17242632955483 ], [ 106.926705449206437, -6.172453762744517 ], [ 106.92674642050703, -6.172483624991789 ], [ 106.926770530345408, -6.172503509795055 ], [ 106.92679109138345, -6.17252705106118 ], [ 106.926807558427498, -6.172553622398636 ], [ 106.926822583951733, -6.172589515944548 ], [ 106.926831319366713, -6.172627438511567 ], [ 106.926833509568553, -6.172666293418249 ], [ 106.926829093585212, -6.172704957964732 ], [ 106.926818198370668, -6.172742316003478 ], [ 106.926801138006525, -6.172777286874163 ], [ 106.92677847036019, -6.172816503013796 ], [ 106.926733924632813, -6.172883943719396 ], [ 106.926686365794637, -6.172949292341977 ], [ 106.926635891818194, -6.173012412003558 ], [ 106.926344935771297, -6.173362015726133 ], [ 106.926324189022594, -6.17339133379853 ], [ 106.926308661362853, -6.173423725985161 ], [ 106.92629879662735, -6.173458268473652 ], [ 106.92629487402948, -6.173493980183337 ], [ 106.926297005525768, -6.173529843569709 ], [ 106.926305131416427, -6.173564837188829 ], [ 106.92634018781439, -6.173686277831953 ], [ 106.926375617486471, -6.17380901091676 ], [ 106.926378246714421, -6.173818117675737 ], [ 106.926462857773743, -6.174072687378318 ], [ 106.92648189438394, -6.17413907785752 ], [ 106.926494862810642, -6.174206917012025 ], [ 106.926501656261038, -6.174275651906077 ], [ 106.926501655316301, -6.174279639093807 ], [ 106.926501638814528, -6.174401529457211 ], [ 106.926508600646017, -6.174729005778516 ], [ 106.926510578696863, -6.174773638805174 ], [ 106.926513510315758, -6.174804665842112 ], [ 106.926516001402916, -6.174831032813845 ], [ 106.92652558034024, -6.174899357993811 ], [ 106.92653958938979, -6.17496691218749 ], [ 106.926557967897693, -6.175033409910653 ], [ 106.926580638049074, -6.175098566645347 ], [ 106.926651051551076, -6.175249813787046 ], [ 106.926693593754138, -6.175335047833143 ], [ 106.926811242245023, -6.175566168598537 ], [ 106.926821500762841, -6.17558632232151 ], [ 106.926836768737999, -6.175623518704302 ], [ 106.926848087624322, -6.175662101849203 ], [ 106.926855335762369, -6.175701654492473 ], [ 106.926858271848602, -6.175736653315832 ], [ 106.926858018531306, -6.175771773994853 ], [ 106.926855465342868, -6.175800188985699 ], [ 106.926757845346287, -6.176280456621461 ], [ 106.926715437648909, -6.17650923407346 ], [ 106.926715092785287, -6.1765235358401 ], [ 106.926720608389488, -6.176560128331123 ], [ 106.926729331441607, -6.176596090782605 ], [ 106.926742466012584, -6.176634381644308 ], [ 106.92675923417903, -6.176671223594409 ], [ 106.926779479318654, -6.176706273632972 ], [ 106.926811909731825, -6.176747433892865 ], [ 106.926847747944493, -6.176785659677297 ], [ 106.926862940648178, -6.176800029921932 ], [ 106.926930724949599, -6.176864143446394 ], [ 106.92695323375564, -6.176886640562853 ], [ 106.926971658213944, -6.176912593568356 ], [ 106.926985476229461, -6.176941270207055 ], [ 106.926994298214865, -6.176971858180215 ], [ 106.926997874418859, -6.177003493147468 ], [ 106.927004499360379, -6.177124231959593 ], [ 106.927004501656285, -6.177124866645675 ], [ 106.927004157131492, -6.177161484878672 ], [ 106.927003906516347, -6.177171120122251 ], [ 106.927003898694082, -6.177174451844133 ], [ 106.92700458424045, -6.177192897991563 ], [ 106.927010120404375, -6.17723166662023 ], [ 106.927022307461783, -6.17726798448335 ], [ 106.927039966942715, -6.177301975194482 ], [ 106.927043073209418, -6.17730683806641 ], [ 106.927051622245401, -6.177317159298036 ], [ 106.927061812296984, -6.17732586162767 ], [ 106.927073341601954, -6.17733268666533 ], [ 106.927085869759011, -6.177337433120904 ], [ 106.927099024964662, -6.177339959490142 ], [ 106.927107615850787, -6.17734037318868 ], [ 106.927127178234784, -6.17734000484531 ], [ 106.927146622035565, -6.177337822356082 ], [ 106.927166411973545, -6.177333681185622 ], [ 106.927181372489073, -6.17732806299984 ], [ 106.927195440583731, -6.177320481580216 ], [ 106.927208362903414, -6.177311074367494 ], [ 106.927251050601726, -6.177278621690683 ], [ 106.927275388455541, -6.177261073975469 ], [ 106.927301803469888, -6.17724684952097 ], [ 106.92732984573496, -6.177236191358109 ], [ 106.92733507349449, -6.177234657102839 ], [ 106.927362787938776, -6.177228273915524 ], [ 106.927402089934347, -6.177223841419448 ], [ 106.927441632218617, -6.177224649249967 ], [ 106.927480720946448, -6.177230684551243 ], [ 106.927497024797077, -6.177234806125626 ], [ 106.92751474645226, -6.177239286018207 ], [ 106.927552790499206, -6.177250212787648 ], [ 106.927619611052975, -6.177271895575798 ], [ 106.927650917397173, -6.177278756506627 ], [ 106.927682881227327, -6.177281074547876 ], [ 106.927714848320434, -6.177278802344342 ], [ 106.927746164793774, -6.177271986568427 ], [ 106.927776187945554, -6.177260767880983 ], [ 106.927826281496195, -6.17723953561061 ], [ 106.927866885986745, -6.177222324915187 ], [ 106.927873145069583, -6.177210712278234 ], [ 106.927898215514219, -6.177164202838854 ], [ 106.927904689226608, -6.177218884214041 ], [ 106.927905957472063, -6.177229588044724 ], [ 106.927906952695267, -6.177237990064839 ], [ 106.927918317758852, -6.177333973014311 ], [ 106.927920338054179, -6.177351036429157 ], [ 106.927886940497729, -6.177312010798421 ], [ 106.927822940786669, -6.177339136829874 ], [ 106.927812497413015, -6.177343563297934 ], [ 106.927798247549362, -6.177349591203454 ], [ 106.927758143756762, -6.177362373497625 ], [ 106.927716693062038, -6.177369677167428 ], [ 106.927674638487801, -6.177371373845859 ], [ 106.927632735144243, -6.177367430055211 ], [ 106.927591734010932, -6.177357919019461 ], [ 106.927491743749925, -6.177326722117266 ], [ 106.927473550095513, -6.177322123687077 ], [ 106.927445337976934, -6.177316048968041 ], [ 106.927416557517574, -6.177313938173448 ], [ 106.927387761744924, -6.177315834505272 ], [ 106.927359505195525, -6.177321698885037 ], [ 106.92735061345121, -6.177324522136696 ], [ 106.92733760022638, -6.177330026583104 ], [ 106.927325325960837, -6.177337026482908 ], [ 106.92731396195208, -6.177345426282515 ], [ 106.92730040859999, -6.177358698197439 ], [ 106.927235246998038, -6.177422506839441 ], [ 106.927230462455086, -6.177427192164939 ], [ 106.927218699977942, -6.177436321226517 ], [ 106.927205643935821, -6.177443475850497 ], [ 106.927191623419034, -6.177448477636084 ], [ 106.927176989388741, -6.177451200542347 ], [ 106.927162109279436, -6.17745157723671 ], [ 106.927147356148723, -6.177449596421891 ], [ 106.927133101473189, -6.177445309190841 ], [ 106.927101330129773, -6.177426783112031 ], [ 106.927021710306832, -6.177380355582077 ], [ 106.927015275467639, -6.1773766032806 ], [ 106.926988441015752, -6.177357045781908 ], [ 106.926966585094434, -6.177325742861671 ], [ 106.926949897290484, -6.177291400538868 ], [ 106.926938790806119, -6.177254866288636 ], [ 106.926933576494804, -6.177217663336946 ], [ 106.926931492625215, -6.177193005504566 ], [ 106.926930794699558, -6.177178878397228 ], [ 106.926921689285251, -6.176994511860333 ], [ 106.926921184399845, -6.176984301618856 ], [ 106.926918229986413, -6.176967473029588 ], [ 106.926914893077125, -6.176956787534466 ], [ 106.926910485280175, -6.176946497404429 ], [ 106.926903068067759, -6.176933643234727 ], [ 106.926893985451244, -6.176921908978224 ], [ 106.926883402619538, -6.176911508313541 ], [ 106.926748142280033, -6.176810562944767 ], [ 106.926746413051987, -6.176809272696433 ], [ 106.926741322444713, -6.176806265941457 ], [ 106.926735823824174, -6.176804096074365 ], [ 106.926730052895735, -6.176802817755046 ], [ 106.926724152503482, -6.176802461206228 ], [ 106.926718269936401, -6.176803036743826 ], [ 106.926712550585208, -6.176804529375201 ], [ 106.926706594280915, -6.176807197320984 ], [ 106.926695601641114, -6.176812123024307 ], [ 106.926693900613216, -6.176812885033386 ], [ 106.926656032062894, -6.176831241200055 ], [ 106.926373263180892, -6.176981287588826 ], [ 106.926092814192558, -6.177135634526361 ], [ 106.926066225145462, -6.177155956968572 ], [ 106.926043246990915, -6.177180294203721 ], [ 106.926024479094636, -6.177208012983384 ], [ 106.926010409387317, -6.177238391858499 ], [ 106.926001404496077, -6.177270640201623 ], [ 106.92596787385655, -6.177410905312215 ], [ 106.925931086247232, -6.17755035042694 ], [ 106.925928145796206, -6.177555867188726 ], [ 106.925924372298695, -6.177560849917987 ], [ 106.925919859254535, -6.177565173507 ], [ 106.925914721000012, -6.177568729046871 ], [ 106.925909085497281, -6.177571428374158 ], [ 106.925903095234361, -6.177573203163558 ], [ 106.92589690001131, -6.177574008570488 ], [ 106.925890655136712, -6.177573824141767 ], [ 106.925759587639348, -6.177546432784183 ], [ 106.925757429623374, -6.177545981303935 ], [ 106.925754112587867, -6.177544787214503 ], [ 106.925751048319981, -6.177543043406637 ], [ 106.925748327343541, -6.177540801087582 ], [ 106.925746028494004, -6.177538126877013 ], [ 106.925744219808863, -6.177535099187344 ], [ 106.925742954907548, -6.17753180642854 ], [ 106.925742270274782, -6.1775283452097 ], [ 106.925742187060777, -6.177524818524391 ], [ 106.925742706541527, -6.17752132943806 ], [ 106.925743818209938, -6.177517970209387 ], [ 106.925885800221408, -6.177089041577789 ], [ 106.925888152242962, -6.17708193568996 ], [ 106.925892145792517, -6.177073601482696 ], [ 106.925897267286146, -6.17706591054349 ], [ 106.925903416088488, -6.177059013321259 ], [ 106.92591046983749, -6.177053047685884 ], [ 106.925919820916988, -6.177047337735445 ], [ 106.925929990048843, -6.177043262190479 ], [ 106.9259321207211, -6.177042647807869 ], [ 106.925937621484636, -6.177041411842007 ], [ 106.925994604127183, -6.177028610145125 ], [ 106.92604785801538, -6.177010179311126 ], [ 106.926099024370103, -6.176986555514262 ], [ 106.926113471002779, -6.176978725020517 ], [ 106.926224534284742, -6.176916063941618 ], [ 106.926333665869393, -6.176850091710745 ], [ 106.926440767497724, -6.176780866549263 ], [ 106.926466814401707, -6.176757274943518 ], [ 106.926489971915714, -6.176730834964804 ], [ 106.926509929654742, -6.176701901249927 ], [ 106.92651720765717, -6.176689253326161 ], [ 106.926544154960283, -6.176634610862346 ], [ 106.92656532785216, -6.176577477660023 ], [ 106.926580501795243, -6.176518464815922 ], [ 106.926589514646892, -6.176458200378864 ], [ 106.926680203716032, -6.176010322725338 ], [ 106.926717353403845, -6.175816920064781 ], [ 106.926719286391744, -6.175806857404521 ], [ 106.926723301340388, -6.175768221428821 ], [ 106.926722023592475, -6.175729397578947 ], [ 106.926715475642013, -6.175691109975786 ], [ 106.926703780214496, -6.175654070623423 ], [ 106.926687154813948, -6.175618970387809 ], [ 106.92668398295838, -6.175613452257666 ], [ 106.926488821970139, -6.17527399709723 ], [ 106.92647934714995, -6.175256465194199 ], [ 106.926411726068054, -6.175131963628867 ], [ 106.926406865137409, -6.175123014134046 ], [ 106.926405311820034, -6.175120153687274 ], [ 106.926402428694828, -6.175113036921929 ], [ 106.926400704189788, -6.175105554311778 ], [ 106.926400179636317, -6.175097893764899 ], [ 106.926400868367978, -6.175090245098956 ], [ 106.926402754823471, -6.175082801852715 ], [ 106.926405789984116, -6.17507574864485 ], [ 106.926409898610672, -6.175069263860148 ], [ 106.926414977394018, -6.175063507902489 ], [ 106.926420900385267, -6.175058625887683 ], [ 106.92642689094555, -6.17505444251559 ], [ 106.926432090312204, -6.175049306349917 ], [ 106.926436348155207, -6.175043365307147 ], [ 106.926439543137334, -6.175036790706001 ], [ 106.926441581984733, -6.175029770037792 ], [ 106.926442408513964, -6.175022505125466 ], [ 106.92644199638228, -6.175015205821068 ], [ 106.926440501548583, -6.175008531569935 ], [ 106.926427333198291, -6.174937879511528 ], [ 106.926418849917297, -6.174866512504151 ], [ 106.926412031203881, -6.174731566931758 ], [ 106.926410553601556, -6.174596456455075 ], [ 106.926412195667822, -6.174333464500018 ], [ 106.92641110630629, -6.174274514168922 ], [ 106.926404871553316, -6.174215886251985 ], [ 106.926393537289854, -6.174158027219385 ], [ 106.926377190948443, -6.174101382486683 ], [ 106.926291958866074, -6.173844944376005 ], [ 106.926218703634518, -6.173591180666381 ], [ 106.926208264081851, -6.17354715689555 ], [ 106.926204483107796, -6.173502068375648 ], [ 106.926207445643826, -6.173456919281203 ], [ 106.926214209664252, -6.173423037176929 ], [ 106.926224779581375, -6.17339014396976 ], [ 106.926238019322682, -6.173360594493276 ], [ 106.926246954048011, -6.173344429875156 ], [ 106.926260490903019, -6.173323603211763 ], [ 106.926275686105939, -6.173303955851599 ], [ 106.926566571134629, -6.172954438310878 ], [ 106.926627943810985, -6.172876664949482 ], [ 106.926631122560593, -6.17287234981458 ], [ 106.926667064693362, -6.172821700899682 ], [ 106.926701122239052, -6.172769765006445 ], [ 106.926723319458475, -6.172731361570625 ], [ 106.926733791331628, -6.172710093035371 ], [ 106.92674048536918, -6.172687349989786 ], [ 106.926743207036367, -6.172663796764689 ], [ 106.926741875717283, -6.172640123497954 ], [ 106.926736530059983, -6.172617025320311 ], [ 106.926727326981364, -6.172595177043582 ], [ 106.926718205713428, -6.17258046742837 ], [ 106.926706716759483, -6.172567525808186 ], [ 106.926693195730664, -6.172556728891509 ], [ 106.926655665778796, -6.172529223890824 ], [ 106.926616570378272, -6.172503996615188 ], [ 106.926474878279208, -6.172420490215087 ], [ 106.926411730297787, -6.172381215815486 ], [ 106.926351133144053, -6.172338103209957 ], [ 106.926293320488668, -6.172291317912195 ], [ 106.926238512503787, -6.172241039950843 ], [ 106.926136610832458, -6.17213657468208 ], [ 106.926085763558902, -6.17208712319746 ], [ 106.926030611195245, -6.17204253248222 ], [ 106.925971616712033, -6.172003175167212 ], [ 106.925961242720049, -6.17199703121006 ], [ 106.925934726081508, -6.17198482926471 ], [ 106.925906715265796, -6.171976630759447 ], [ 106.925877808030222, -6.171972608931412 ], [ 106.925848624405916, -6.171972851045592 ], [ 106.925819788607782, -6.171977352131304 ], [ 106.925793688141027, -6.171985328716531 ], [ 106.925768919211663, -6.171996795826103 ], [ 106.925682169859428, -6.172036354986357 ], [ 106.925671453581032, -6.172041241668871 ], [ 106.925639497795089, -6.172054075590817 ], [ 106.925606739025469, -6.172064691887856 ], [ 106.92555184177597, -6.172072970645443 ], [ 106.925504233900213, -6.172074502674366 ], [ 106.925449947873858, -6.172069925279589 ], [ 106.925396644970391, -6.172058662845784 ], [ 106.925363941664315, -6.172048117904542 ], [ 106.925332416804522, -6.172034443141152 ], [ 106.925302368072295, -6.172017768576929 ], [ 106.9252764620081, -6.171996529473391 ], [ 106.925254362096524, -6.171971349085684 ], [ 106.925236658861039, -6.171942898850876 ], [ 106.925223826617056, -6.171911941038847 ], [ 106.925216208026512, -6.171879304396778 ], [ 106.925215537386563, -6.171853443446399 ], [ 106.925218939050424, -6.171827799222753 ], [ 106.925226327692599, -6.171803009442072 ], [ 106.925247801144621, -6.171754774505673 ], [ 106.925275483601141, -6.171709818973496 ], [ 106.925308883789555, -6.171668939346894 ], [ 106.925443499513804, -6.171521327034598 ], [ 106.925681540540126, -6.171291570707068 ], [ 106.925738160699922, -6.171229583480299 ], [ 106.925790316167323, -6.171163789766974 ], [ 106.925826762878714, -6.171111517997483 ], [ 106.92586038975324, -6.171057385796488 ], [ 106.925860404102565, -6.171057356812612 ], [ 106.925901809214892, -6.170980263371161 ], [ 106.925937498444071, -6.170900357988401 ], [ 106.925967282714709, -6.170818065382933 ], [ 106.925974370859677, -6.170775117366468 ], [ 106.925976336731139, -6.170731630940667 ], [ 106.925973152730094, -6.170688218296871 ], [ 106.92596486350682, -6.170645485940148 ], [ 106.925951585954337, -6.1706040328811 ], [ 106.925933505565467, -6.170564442512045 ], [ 106.925913480107099, -6.170531075933228 ], [ 106.9258900428039, -6.170500015457022 ], [ 106.925863455084666, -6.170471609129023 ], [ 106.925839702549951, -6.170455569095116 ], [ 106.925829920292458, -6.170449922061296 ], [ 106.925800043332103, -6.170436258517057 ], [ 106.925768546002146, -6.17042692616056 ], [ 106.925736052297765, -6.170422109888374 ], [ 106.925703204858294, -6.170421904117418 ], [ 106.925670653223492, -6.170426312827428 ], [ 106.925574874873718, -6.170440359432935 ], [ 106.925505943197507, -6.170442700880151 ], [ 106.925469686636873, -6.170435800632188 ], [ 106.925435092426625, -6.170422934383535 ], [ 106.925403131201634, -6.1704044656984 ], [ 106.92537470278576, -6.17038091209843 ], [ 106.92535060544472, -6.170352936132695 ], [ 106.925331515933635, -6.170321323750771 ], [ 106.925317972261439, -6.170286964474232 ], [ 106.925310354618958, -6.170250823437683 ], [ 106.92530887625729, -6.170213917010256 ], [ 106.925313579760314, -6.170177281164695 ], [ 106.925324333346524, -6.170141947983451 ], [ 106.92534083253878, -6.170108907679349 ], [ 106.925362615459676, -6.170079091361965 ], [ 106.925389069934667, -6.170053336655251 ], [ 106.925442243180242, -6.170014231771292 ], [ 106.925497896624165, -6.169978753398049 ], [ 106.925555785110348, -6.169947057026385 ], [ 106.925654501934076, -6.16989619836061 ], [ 106.925680301356053, -6.169882680621217 ], [ 106.925684678046991, -6.169880135957562 ], [ 106.925717259362784, -6.169861188836139 ], [ 106.925774851142691, -6.169822134856773 ], [ 106.925828892524478, -6.169778291008737 ], [ 106.925841827962074, -6.169756034419347 ], [ 106.925851228643324, -6.169732066450409 ], [ 106.92585687525947, -6.169706945739637 ], [ 106.925858638032494, -6.169681257724547 ], [ 106.925856473956117, -6.169655601090585 ], [ 106.925850433967, -6.169630572375077 ], [ 106.925840659292106, -6.169606755130991 ], [ 106.92582737687313, -6.169584703669295 ], [ 106.925821935051218, -6.169577474989384 ], [ 106.925776752173547, -6.169524245361396 ], [ 106.92574129343447, -6.169486840702058 ], [ 106.925704128035264, -6.169451133826768 ], [ 106.925675999488107, -6.169425048503075 ], [ 106.925657448411485, -6.169406694967358 ], [ 106.925640357665401, -6.16938697273063 ], [ 106.925640339496994, -6.169386944768483 ], [ 106.925612980754437, -6.169347381590927 ], [ 106.925591466072561, -6.16930435346932 ], [ 106.925576225851032, -6.169258720478526 ], [ 106.925567564197905, -6.169211392876915 ], [ 106.925565654360781, -6.169163316656739 ], [ 106.925570533221915, -6.169115450056769 ], [ 106.92558807989802, -6.168917387055111 ], [ 106.925593680531549, -6.168802195864091 ], [ 106.925597113252053, -6.1687315984862 ], [ 106.925596247638339, -6.168725791714844 ], [ 106.925594502866858, -6.168720186125487 ], [ 106.925591920968714, -6.168714913568297 ], [ 106.925588563826011, -6.168710099492704 ], [ 106.925584508632312, -6.168705856635096 ], [ 106.925579851506001, -6.168702285005703 ], [ 106.925574703870382, -6.168699470093425 ], [ 106.925438261477197, -6.168667477331976 ], [ 106.925419704072567, -6.168665129509749 ], [ 106.925400998688431, -6.168665082313717 ], [ 106.92538242897956, -6.16866733471844 ], [ 106.925204068261351, -6.168708911945799 ], [ 106.925188995532352, -6.168712424709681 ], [ 106.925159910399543, -6.168715881441191 ], [ 106.925130632014174, -6.168715102143294 ], [ 106.925101772013747, -6.168710101783161 ], [ 106.925049548135192, -6.168694595868078 ], [ 106.925039076770872, -6.168691486462508 ], [ 106.925001817424317, -6.168683038291094 ], [ 106.924963891707336, -6.168678433245806 ], [ 106.924925694563569, -6.168677718721919 ], [ 106.924659789509647, -6.168692181968809 ], [ 106.924275784727072, -6.168728180431562 ], [ 106.924097420481061, -6.168745298043575 ], [ 106.924066938598116, -6.168748223618415 ], [ 106.92399405911695, -6.168751256257142 ], [ 106.923921174947949, -6.1687487321512 ], [ 106.923844180503977, -6.168735707910002 ], [ 106.923768691250743, -6.168715717360672 ], [ 106.923742336298631, -6.168706961179521 ], [ 106.923675152277539, -6.168680602696725 ], [ 106.923643091719583, -6.168665860112087 ], [ 106.923614488602965, -6.168647173900647 ], [ 106.923588889424849, -6.168624541180279 ], [ 106.923566832509849, -6.168598439193278 ], [ 106.923548782361038, -6.16856941597046 ], [ 106.923535118799904, -6.168538084945627 ], [ 106.923460043165292, -6.168336906158386 ], [ 106.92345204604257, -6.168287165660716 ], [ 106.923449796763336, -6.168236836613559 ], [ 106.923453327523035, -6.168186580720828 ], [ 106.92346259012119, -6.168137060880757 ], [ 106.923477462245955, -6.168088930313639 ], [ 106.92349774834166, -6.168042822613331 ], [ 106.923523182296222, -6.167999345408595 ], [ 106.923553426511802, -6.167959073133599 ], [ 106.923680394079497, -6.167824678385879 ], [ 106.923699527663743, -6.167799925762253 ], [ 106.92371488152618, -6.167772663376688 ], [ 106.923726131615027, -6.16774346380679 ], [ 106.923728086262372, -6.16773663060288 ], [ 106.923749380521002, -6.167662220147625 ], [ 106.923807918507535, -6.167501253482649 ], [ 106.923813611111214, -6.167485598792382 ], [ 106.923836570126426, -6.167413904647628 ], [ 106.923854923525013, -6.167340893553468 ], [ 106.923867619219934, -6.167273173038749 ], [ 106.923896837255768, -6.167121689862292 ], [ 106.923899092367435, -6.167109997710163 ], [ 106.923901900842381, -6.167096440157859 ], [ 106.92391800065576, -6.167032539936421 ], [ 106.923935549657969, -6.166978211877508 ], [ 106.923946563591798, -6.166948912806101 ], [ 106.92396674972936, -6.166901656330113 ], [ 106.92398949484317, -6.166855578632331 ], [ 106.924039182380994, -6.166772015347088 ], [ 106.924129947641617, -6.166630507512163 ], [ 106.924138155514925, -6.166607671316261 ], [ 106.924142514908809, -6.166583797523255 ], [ 106.924142908908394, -6.166559532100563 ], [ 106.924141469936487, -6.166546530557199 ], [ 106.924132272176379, -6.16646344667184 ], [ 106.924131052656691, -6.166452430698041 ], [ 106.924124917816627, -6.1663817602334 ], [ 106.924121680293752, -6.166310897574873 ], [ 106.924123980363959, -6.166201183655624 ], [ 106.924124162323835, -6.166192520577695 ], [ 106.924127214727093, -6.166154164712195 ], [ 106.924133907577428, -6.166116274885338 ], [ 106.924145315256268, -6.166069657691519 ], [ 106.924155798619395, -6.166012219652908 ], [ 106.924159402520274, -6.165953942116499 ], [ 106.92415932270228, -6.165943830671892 ], [ 106.924158637978621, -6.165857145649288 ], [ 106.92415859274233, -6.165851363933911 ], [ 106.924157705211684, -6.16584072287669 ], [ 106.924153644430604, -6.165822391943468 ], [ 106.924146507555818, -6.165805027779131 ], [ 106.924136504210765, -6.165789143169401 ], [ 106.924123932391197, -6.16577520718286 ], [ 106.924109161255672, -6.165763632575404 ], [ 106.924092627453575, -6.165754759529233 ], [ 106.924061483510641, -6.165737873543968 ], [ 106.923890070394947, -6.165648646904053 ], [ 106.923860152404387, -6.165630026885119 ], [ 106.923833470660114, -6.165607002034996 ], [ 106.923810664935914, -6.165580126081061 ], [ 106.923792284998797, -6.165550044392409 ], [ 106.923638699632548, -6.165187278908171 ], [ 106.923627224188209, -6.165141665629239 ], [ 106.923622453792333, -6.16509487086396 ], [ 106.923624151768024, -6.165050907070967 ], [ 106.923631772689902, -6.165007576483037 ], [ 106.923636985444489, -6.164988868493147 ], [ 106.923644913236572, -6.164962757670375 ], [ 106.923663227603569, -6.164918758304733 ], [ 106.923684331620635, -6.164876028205839 ], [ 106.923691075966161, -6.164863694194519 ], [ 106.923742593249287, -6.164769481007591 ], [ 106.923748449680701, -6.164754917916733 ], [ 106.923752458320905, -6.164739740362521 ], [ 106.923754555875846, -6.164724182741879 ], [ 106.92375484593309, -6.164718188249161 ], [ 106.9237555999497, -6.164702565861115 ], [ 106.923766624561907, -6.164474194681416 ], [ 106.923766990204598, -6.164416981226203 ], [ 106.923764347857983, -6.164359827452034 ], [ 106.923763322545938, -6.164346794572663 ], [ 106.923745012616493, -6.164114018601592 ], [ 106.923745008849963, -6.16411397612131 ], [ 106.923744394388379, -6.164106156752458 ], [ 106.923737784274238, -6.163985020606114 ], [ 106.923736637991439, -6.163863709227037 ], [ 106.923741148726094, -6.163734414798194 ], [ 106.923742030576662, -6.163709140412212 ], [ 106.923741563560512, -6.163620147247635 ], [ 106.923735539785184, -6.163531356772119 ], [ 106.923732811996402, -6.163507140582981 ], [ 106.923720039204994, -6.163393781355201 ], [ 106.923718491012053, -6.163380039719199 ], [ 106.923713459447143, -6.163348747118929 ], [ 106.923706381398773, -6.163317854294795 ], [ 106.923688520532664, -6.163272343612408 ], [ 106.923665295444394, -6.163229325070484 ], [ 106.923637048078135, -6.163189431225732 ], [ 106.92360419246657, -6.163153244647956 ], [ 106.923567208400868, -6.163121296134572 ], [ 106.923562849597701, -6.163118015423583 ], [ 106.923528903681984, -6.163096636016531 ], [ 106.923492808175638, -6.163079132211647 ], [ 106.923455005598399, -6.163065719401889 ], [ 106.923415955441357, -6.163056559575799 ], [ 106.923371470823042, -6.163048199616085 ], [ 106.923284494452929, -6.163028733897655 ], [ 106.923202661906188, -6.163005275068471 ], [ 106.923174486817373, -6.162996471087432 ], [ 106.923131327561833, -6.162980120182341 ], [ 106.923090677120626, -6.162961309137335 ], [ 106.923051444792279, -6.162939691991249 ], [ 106.923027551897945, -6.162924686524546 ], [ 106.922996833018146, -6.162903110989493 ], [ 106.922880532570787, -6.162821427790814 ], [ 106.922872753006445, -6.16281596419466 ], [ 106.922812624291197, -6.162770317508064 ], [ 106.922790701158064, -6.162752166700733 ], [ 106.922770593779219, -6.16273551923248 ], [ 106.922750302839304, -6.162719825373709 ], [ 106.922710835661633, -6.162692186658091 ], [ 106.922669737867494, -6.162667042877823 ], [ 106.922425536545717, -6.162514812600422 ], [ 106.922409830665103, -6.162505022404423 ], [ 106.922328768973202, -6.162455773143463 ], [ 106.922246777046198, -6.162408089549534 ], [ 106.922079590827025, -6.162315237381287 ], [ 106.922077549321529, -6.162314510591543 ], [ 106.922075414243125, -6.162314139460707 ], [ 106.922073247058734, -6.162314134616707 ], [ 106.922071110096283, -6.162314494930678 ], [ 106.922069064747859, -6.162315210235871 ], [ 106.922067168759526, -6.162316261337454 ], [ 106.922065478031726, -6.162317618197735 ], [ 106.922064039392197, -6.162319239962177 ], [ 106.921968333799697, -6.162267859960439 ], [ 106.921975357732478, -6.162256896519136 ], [ 106.921992371483597, -6.162224217925087 ], [ 106.922004913737496, -6.16218957270354 ], [ 106.922012765370724, -6.162153571929715 ], [ 106.922015785926234, -6.162116847189983 ], [ 106.922013924434097, -6.162080045118049 ], [ 106.922012577952842, -6.162070125379867 ], [ 106.921971589268921, -6.161768047284069 ], [ 106.921938896372083, -6.161429352893236 ], [ 106.921933943161349, -6.161309085799052 ], [ 106.921936047619468, -6.161188735399694 ], [ 106.921940506993678, -6.161087421930232 ], [ 106.921943413344295, -6.161033765126103 ], [ 106.92194074862401, -6.160980094950148 ], [ 106.921932540213618, -6.160926990848006 ], [ 106.921918876892121, -6.160875023906669 ], [ 106.921899907020219, -6.160824754148795 ], [ 106.92186143894213, -6.160733034475035 ], [ 106.921689840031775, -6.160367370542292 ], [ 106.921651267503762, -6.1602910385339 ], [ 106.921607309022662, -6.160217681516139 ], [ 106.921558193598671, -6.160147678395127 ], [ 106.921492099265649, -6.160065037986381 ], [ 106.921423823223606, -6.1599773414109 ], [ 106.921359849268413, -6.159886454027776 ], [ 106.921337069039566, -6.159847961539431 ], [ 106.921317970192888, -6.159807512818416 ], [ 106.921302718402032, -6.159765458973737 ], [ 106.921288777901083, -6.159712495733157 ], [ 106.921282532683065, -6.15967573926627 ], [ 106.921279655500101, -6.159638567425328 ], [ 106.921280168230794, -6.15960128663073 ], [ 106.921287972226224, -6.159545991971433 ], [ 106.92130166305769, -6.159491855990825 ], [ 106.921321082174316, -6.159439504011606 ], [ 106.921459695070538, -6.159108399041217 ], [ 106.921472633552341, -6.159074403384184 ], [ 106.92148280170035, -6.159039476511751 ], [ 106.921488838195614, -6.158992074920267 ], [ 106.921488362823212, -6.158944291739008 ], [ 106.921481384217401, -6.158897020213295 ], [ 106.921468032018268, -6.158851141398696 ], [ 106.921448555925892, -6.158807512410852 ], [ 106.92139720043545, -6.158711147539611 ], [ 106.921368766060397, -6.158661570920876 ], [ 106.921336593004028, -6.158614340412157 ], [ 106.921300872880138, -6.158569735601703 ], [ 106.921158501719646, -6.15841034996582 ], [ 106.920938759901986, -6.158175805255139 ], [ 106.920859071894697, -6.158077477279652 ], [ 106.920783629577059, -6.157975850207102 ], [ 106.92069123962807, -6.157846127810738 ], [ 106.920624961704902, -6.157748461229671 ], [ 106.920563579504346, -6.157647641495618 ], [ 106.920547579657935, -6.157619847461162 ], [ 106.920502976418277, -6.157548942736859 ], [ 106.920454343108545, -6.157480743194124 ], [ 106.920401843162423, -6.157415479699871 ], [ 106.920363777083111, -6.157370089396771 ], [ 106.920336559489414, -6.157339807787692 ], [ 106.920317348929231, -6.157317736667283 ], [ 106.920304838838732, -6.157303035380836 ], [ 106.920279476381666, -6.157272401712973 ], [ 106.920274285247473, -6.157265989340318 ], [ 106.920244103215026, -6.157231282744731 ], [ 106.9202119034764, -6.157198443197706 ], [ 106.920207556096273, -6.157194298954781 ], [ 106.920178410594474, -6.15716170789656 ], [ 106.920154099907592, -6.157125360869442 ], [ 106.920135100856797, -6.15708597041875 ], [ 106.920121786599225, -6.157044310943584 ], [ 106.920073326935267, -6.156856444942369 ], [ 106.920007457756654, -6.156587064873498 ], [ 106.919985477401454, -6.156493276559142 ], [ 106.919974166010348, -6.156446612752692 ], [ 106.919973886636626, -6.156445289211331 ], [ 106.919973748004622, -6.156444418131373 ], [ 106.919973334487921, -6.156441461314547 ], [ 106.919964284190939, -6.15640284424214 ], [ 106.919945108005152, -6.156324434983449 ], [ 106.919932596778807, -6.156284004928414 ], [ 106.919917419582646, -6.156242016707568 ], [ 106.919896911049932, -6.156202362233236 ], [ 106.919871420493394, -6.156165716535062 ], [ 106.919841381054283, -6.156132703710035 ], [ 106.91977949836992, -6.156078046710729 ], [ 106.919724421992854, -6.156024516169169 ], [ 106.919673505736796, -6.155967007862128 ], [ 106.919627037120591, -6.155905843530088 ], [ 106.919585275743486, -6.155841368521449 ], [ 106.919548455965909, -6.155773943645637 ], [ 106.919535282453907, -6.155748809268142 ], [ 106.919516310199086, -6.155707791238384 ], [ 106.919502201932488, -6.155664853427523 ], [ 106.91949314580954, -6.155620571088781 ], [ 106.919489264109615, -6.155575538698955 ], [ 106.919491034998387, -6.15540982833558 ], [ 106.919489042354357, -6.155344455319829 ], [ 106.919482228792432, -6.155279408854275 ], [ 106.919470629916859, -6.155215044132283 ], [ 106.919454310228971, -6.15515171353087 ], [ 106.919433344295655, -6.155095089278032 ], [ 106.919409183327673, -6.1550397549498 ], [ 106.919358595156282, -6.154937712580351 ], [ 106.919303329251775, -6.154838129974102 ], [ 106.9192435047283, -6.154741222787286 ], [ 106.919210833538571, -6.154689217297583 ], [ 106.919195274010647, -6.154666510019025 ], [ 106.919183555827559, -6.154648918044632 ], [ 106.919183534037074, -6.154648887382639 ], [ 106.919140757440772, -6.154580625836198 ], [ 106.919125362013162, -6.154554306876925 ], [ 106.919116150972641, -6.154538067501695 ], [ 106.919067877385459, -6.15444586179792 ], [ 106.919024932372039, -6.154351052025448 ], [ 106.918987455254836, -6.154253947801227 ], [ 106.918980388767963, -6.154234684540016 ], [ 106.918980143388154, -6.15423402179225 ], [ 106.918957799518068, -6.154171989432047 ], [ 106.918913523347626, -6.154035987830618 ], [ 106.918875053056084, -6.153898228518003 ], [ 106.918871516867029, -6.153882991302108 ], [ 106.918832323977938, -6.153719063686204 ], [ 106.918790116632806, -6.153555886470711 ], [ 106.918770634941495, -6.153482858642216 ], [ 106.918746353875179, -6.153399035592898 ], [ 106.918717940182887, -6.153316523008218 ], [ 106.918685464162465, -6.153235526775563 ], [ 106.918646898173407, -6.153162698618442 ], [ 106.918604218595604, -6.153092206135057 ], [ 106.918557568087053, -6.153024281172399 ], [ 106.918507099216114, -6.152959148308892 ], [ 106.918452978965362, -6.152897021221641 ], [ 106.918435579749058, -6.152878183844204 ], [ 106.918389998631852, -6.152828834848022 ], [ 106.918346289079622, -6.152779687070256 ], [ 106.918305076796528, -6.152728385721471 ], [ 106.918266486984734, -6.15267508134194 ], [ 106.918111079158066, -6.15244502091267 ], [ 106.918006875492011, -6.152277815926246 ], [ 106.917966892507195, -6.152218135170227 ], [ 106.917922221706931, -6.152161882523402 ], [ 106.917873155291204, -6.15210942672349 ], [ 106.917796242124197, -6.152033491255496 ], [ 106.917794661088877, -6.15203193007893 ], [ 106.917746260222103, -6.151983941881345 ], [ 106.917691661142072, -6.151929807066264 ], [ 106.917658114561746, -6.151893809407395 ], [ 106.917628040707811, -6.151854859047358 ], [ 106.917601698233454, -6.151813290489739 ], [ 106.917579313346067, -6.151769459149661 ], [ 106.917556283986997, -6.151718463093 ], [ 106.917535513103275, -6.151667999593061 ], [ 106.917518943615605, -6.151616002972476 ], [ 106.917506686077672, -6.151562821828703 ], [ 106.917466608342139, -6.151365530221898 ], [ 106.917448887272414, -6.151278293882481 ], [ 106.917413031352098, -6.151101782966702 ], [ 106.917403633684117, -6.15105712652155 ], [ 106.917390244963997, -6.150984976283491 ], [ 106.917380887417778, -6.150912192243125 ], [ 106.917379465066517, -6.15089768969756 ], [ 106.917378437907232, -6.15086944387831 ], [ 106.917382061944835, -6.150841413721942 ], [ 106.917390238730192, -6.150814359954396 ], [ 106.917584652709053, -6.150371400128982 ], [ 106.917592888950722, -6.150352117136713 ], [ 106.917615187910599, -6.150291848321835 ], [ 106.917634099725092, -6.150230430766706 ], [ 106.917649565456003, -6.15016805454998 ], [ 106.91766941173637, -6.150061130649119 ], [ 106.917685073952541, -6.149953513838214 ], [ 106.917696527397155, -6.149845366948703 ], [ 106.917703754595991, -6.14973685459427 ], [ 106.917703882645469, -6.149664449696275 ], [ 106.917699356279826, -6.149592187181247 ], [ 106.917687870389102, -6.149518616059746 ], [ 106.917672379921228, -6.149445783519775 ], [ 106.917652929928124, -6.149373909102058 ], [ 106.917629579895404, -6.149303206870706 ], [ 106.917538339811017, -6.149046888369711 ], [ 106.91753118600549, -6.149028418283163 ], [ 106.917517869507449, -6.148994039565501 ], [ 106.917502881027886, -6.148949604797862 ], [ 106.917492332870665, -6.148904270757926 ], [ 106.91748619556185, -6.148858131581504 ], [ 106.917477993564745, -6.148764941714461 ], [ 106.917466115272845, -6.148679147252822 ], [ 106.917449338405405, -6.148594175949011 ], [ 106.917385485603631, -6.148321067939959 ], [ 106.917346367310685, -6.148162454121644 ], [ 106.917322230683737, -6.148068572800526 ], [ 106.917305442581664, -6.148004907317862 ], [ 106.917278296010949, -6.14790849437953 ], [ 106.917247374881072, -6.14781322604542 ], [ 106.917212727604223, -6.147719251321923 ], [ 106.917186584196543, -6.147656749554955 ], [ 106.917157015459409, -6.14759579709357 ], [ 106.917124112393282, -6.147536579861046 ], [ 106.917087266227213, -6.147482399207773 ], [ 106.917047115234638, -6.14743062453962 ], [ 106.917003815513269, -6.147381457820719 ], [ 106.916957535768361, -6.14733509012042 ], [ 106.916918791555418, -6.147298270110825 ], [ 106.916877120105511, -6.147257548429741 ], [ 106.916843366347948, -6.147221847904652 ], [ 106.91679344391288, -6.147169046805702 ], [ 106.916762007881772, -6.147135798094446 ], [ 106.916718727097773, -6.14708610325708 ], [ 106.916612288070652, -6.146961874280565 ], [ 106.916530267765353, -6.146863524294989 ], [ 106.916452824295362, -6.146761525082391 ], [ 106.916414074087569, -6.146705596256372 ], [ 106.91637808791188, -6.146647846542255 ], [ 106.916344952076116, -6.14658841305895 ], [ 106.916309087562738, -6.146523511234117 ], [ 106.916267922993313, -6.146461840779802 ], [ 106.916221747176252, -6.146403833737037 ], [ 106.916217507793348, -6.146399286698713 ], [ 106.916206561574057, -6.14638754694396 ], [ 106.916189503695222, -6.146367065372387 ], [ 106.91618944835605, -6.146366999569342 ], [ 106.916179654378951, -6.146355142666306 ], [ 106.916157880788887, -6.14632852358952 ], [ 106.916061986539788, -6.146206764665029 ], [ 106.915969822854734, -6.146082153368972 ], [ 106.915899176813795, -6.145984072549356 ], [ 106.915844781809099, -6.14590137961669 ], [ 106.915794666332488, -6.14581602042556 ], [ 106.915748960354847, -6.145728216927647 ], [ 106.915739967371451, -6.145709966748841 ], [ 106.915518987617375, -6.145203957674197 ], [ 106.915494271980791, -6.145142749839187 ], [ 106.915472932366711, -6.145076054492658 ], [ 106.915456887378895, -6.145007889043422 ], [ 106.915446236078608, -6.144938673558068 ], [ 106.915441044126453, -6.144868834551681 ], [ 106.915441341972596, -6.144798804090111 ], [ 106.915447130250811, -6.144729012537661 ], [ 106.915458371655191, -6.144659890394396 ], [ 106.915479309877227, -6.144576486227221 ], [ 106.915502126999144, -6.144493577121232 ], [ 106.91555029738528, -6.144338503547915 ], [ 106.915598184339643, -6.144203699780011 ], [ 106.915646414808521, -6.144089174419348 ], [ 106.915685609574382, -6.143996978184038 ], [ 106.915718561779144, -6.143902366782449 ], [ 106.915745125698137, -6.143805763869749 ], [ 106.915765182732471, -6.143707600236712 ], [ 106.915778641412189, -6.143608314713718 ], [ 106.915795308261579, -6.143459645874281 ], [ 106.915825802039762, -6.143200994340435 ], [ 106.915829442953353, -6.143161221278638 ], [ 106.915840203773115, -6.143085535079421 ], [ 106.915856878068041, -6.143010930732818 ], [ 106.915879361792733, -6.142937868813942 ], [ 106.915907516552963, -6.142866803691724 ], [ 106.915999227340336, -6.142667248288862 ], [ 106.916107907852961, -6.14245651762197 ], [ 106.916138253489947, -6.142385799072879 ], [ 106.916163265704199, -6.14231301923094 ], [ 106.916182804112566, -6.142238580032946 ], [ 106.916196762696998, -6.14216289414181 ], [ 106.916205062555306, -6.142086378643811 ], [ 106.916207590608309, -6.142000904912974 ], [ 106.916207663067311, -6.141982015574539 ], [ 106.916207631444266, -6.141963070552945 ], [ 106.916205153628468, -6.141837544629945 ], [ 106.91619874231381, -6.14171215756825 ], [ 106.916192158576408, -6.141627213751674 ], [ 106.916189819595758, -6.141601629833816 ], [ 106.91618593100867, -6.141543603153713 ], [ 106.916185945251399, -6.141485446762837 ], [ 106.916192725818092, -6.141409966512645 ], [ 106.916204974014818, -6.141335180033801 ], [ 106.916222625309771, -6.141261482662553 ], [ 106.916223802697829, -6.141257285994921 ], [ 106.916226129608802, -6.141249183889288 ], [ 106.916229110842721, -6.141239148218405 ], [ 106.916231818790365, -6.141230746384941 ], [ 106.916235076190674, -6.141220640106769 ], [ 106.916243022257945, -6.141195990378976 ], [ 106.916243714431317, -6.1411917583803 ], [ 106.91624494000547, -6.141187648336548 ], [ 106.916246178841817, -6.141184720847011 ], [ 106.916248171022104, -6.141180015851966 ], [ 106.916254803240406, -6.141164346127158 ], [ 106.916265172581731, -6.141139848653478 ], [ 106.91628817217115, -6.141085513953679 ], [ 106.916301990189268, -6.141052867862054 ], [ 106.916399119007124, -6.140852843757632 ], [ 106.916400082100381, -6.140850610723525 ], [ 106.916428540442368, -6.140775550091462 ], [ 106.916454557973154, -6.140699223381592 ], [ 106.91647547607073, -6.140621342659931 ], [ 106.916491203811617, -6.140542247300774 ], [ 106.916501672884522, -6.140462284734415 ], [ 106.916506835760856, -6.140381804124761 ], [ 106.916507410004257, -6.14033827997871 ], [ 106.916508280715718, -6.140310718987768 ], [ 106.916508294076522, -6.140309655683441 ], [ 106.916507744249301, -6.140262249614953 ], [ 106.916505995118143, -6.140189670544216 ], [ 106.916508524229599, -6.140117113216576 ], [ 106.916515322557117, -6.140044832629408 ], [ 106.916525958990704, -6.139975293176562 ], [ 106.916540548253721, -6.139906474621656 ], [ 106.91655904056708, -6.139838603175577 ], [ 106.916579882281425, -6.139775994389782 ], [ 106.916615241348211, -6.139697466125134 ], [ 106.916640409226829, -6.139646263712367 ], [ 106.916657607205849, -6.139611272865796 ], [ 106.916667243347604, -6.139591667557277 ], [ 106.91667648163434, -6.139573468691418 ], [ 106.916709835993913, -6.139507766358832 ], [ 106.916741960921968, -6.139446611681784 ], [ 106.916769685383372, -6.1393833363109 ], [ 106.916796949684837, -6.13930505584702 ], [ 106.916817477834599, -6.139224742620685 ], [ 106.916831123761582, -6.139142975797973 ], [ 106.916837788402688, -6.139060344321643 ], [ 106.916842423939258, -6.138935712448869 ], [ 106.916853228143594, -6.138700642565892 ], [ 106.916856077234684, -6.13863824471099 ], [ 106.916857016830107, -6.138503378673722 ], [ 106.916850829701175, -6.138368652083773 ], [ 106.916844436947528, -6.138295154784977 ], [ 106.91683902863744, -6.138233985382058 ], [ 106.91683019315677, -6.138145540720151 ], [ 106.916824292612759, -6.138056851375324 ], [ 106.916821079141712, -6.137948616878105 ], [ 106.916822234910342, -6.137840341415717 ], [ 106.916822848606628, -6.137822497125001 ], [ 106.916828140702165, -6.137782189253783 ], [ 106.916838748142922, -6.137742944588647 ], [ 106.9168544819305, -6.137705464506941 ], [ 106.916875062602941, -6.137670413640493 ], [ 106.916900122038172, -6.137638418965039 ], [ 106.916929216026077, -6.137610048960306 ], [ 106.916947618969289, -6.137595011566873 ], [ 106.917021858868267, -6.137525352818761 ], [ 106.917026409003157, -6.137521084400368 ], [ 106.917054885294846, -6.137490241098717 ], [ 106.917080647912044, -6.137453056911278 ], [ 106.917102052370453, -6.137413199453033 ], [ 106.917118824077747, -6.137371178732719 ], [ 106.91713074996396, -6.137327531662381 ], [ 106.91713834572802, -6.137275156266616 ], [ 106.917139246618959, -6.137259822621465 ], [ 106.917140084858659, -6.137244904196113 ], [ 106.917138830070655, -6.137216839992904 ], [ 106.917134263337317, -6.137188673731984 ], [ 106.917129120272449, -6.137153177045537 ], [ 106.917125313694854, -6.13711200125559 ], [ 106.917119887058519, -6.137053279403321 ], [ 106.9171163542036, -6.137008822450793 ], [ 106.917114790857468, -6.136912390892312 ], [ 106.917118663940627, -6.136816023946648 ], [ 106.91712796190599, -6.13672002996406 ], [ 106.917131674663011, -6.136692265318003 ], [ 106.917132795934052, -6.136684502063382 ], [ 106.917139298313941, -6.136643644673564 ], [ 106.917153629011082, -6.1365861476771 ], [ 106.917172411401879, -6.136529949341654 ], [ 106.917192030582754, -6.136482935772761 ], [ 106.917214765002839, -6.136437350420919 ], [ 106.917253263086806, -6.136367707592685 ], [ 106.917296311890723, -6.136300787073715 ], [ 106.917343720971516, -6.136236886099769 ], [ 106.917450320779892, -6.136111769708575 ], [ 106.917480898839202, -6.136075065552476 ], [ 106.917551071837281, -6.135998105166353 ], [ 106.917612661138932, -6.13593772741682 ], [ 106.917652954320175, -6.135898225439329 ], [ 106.917676273709532, -6.135876548591502 ], [ 106.917708659564397, -6.13584674369393 ], [ 106.917747636068384, -6.135804568399376 ], [ 106.917782590592338, -6.135758998944456 ], [ 106.917813229119645, -6.135710417925552 ], [ 106.917839295660215, -6.135659232214152 ], [ 106.917860570447019, -6.135605873867478 ], [ 106.917876875317219, -6.135550789259553 ], [ 106.917890738427559, -6.135493912373891 ], [ 106.917901434776368, -6.135436355173932 ], [ 106.917901756235153, -6.135434299841156 ], [ 106.917911348187971, -6.135350824313248 ], [ 106.917919086382199, -6.135283475143415 ], [ 106.917925113941266, -6.135222511636322 ], [ 106.917932761342428, -6.135182064248472 ], [ 106.917947046601071, -6.135143461013852 ], [ 106.917967570716826, -6.135107787412348 ], [ 106.917985822210255, -6.135086802294935 ], [ 106.91800595906308, -6.135067623202298 ], [ 106.918015849975376, -6.135059419869497 ], [ 106.918051716794153, -6.135031533721444 ], [ 106.91809397716186, -6.135002093978037 ], [ 106.918119105407172, -6.134984588627862 ], [ 106.918151089072424, -6.134963332802715 ], [ 106.91820600268079, -6.134921395157088 ], [ 106.918256278050364, -6.134873986966835 ], [ 106.918298212934261, -6.13482552912531 ], [ 106.918335980676815, -6.134773751784894 ], [ 106.918369320600647, -6.134719013915221 ], [ 106.918398001902503, -6.134661692461389 ], [ 106.918421827276063, -6.134602185043205 ], [ 106.91842343044928, -6.134597578187926 ], [ 106.91842517188887, -6.134592482607708 ], [ 106.918439770861156, -6.134544113659775 ], [ 106.918451171741481, -6.134494890014578 ], [ 106.91845932380545, -6.134445025228178 ], [ 106.918463877923216, -6.134415863415958 ], [ 106.918469799140311, -6.134375946614425 ], [ 106.918483266090533, -6.134323743696874 ], [ 106.918502898993339, -6.134273536704689 ], [ 106.918528411385481, -6.134226052679376 ], [ 106.918559436264331, -6.134181978264925 ], [ 106.918595524249014, -6.134141950673173 ], [ 106.918619743129923, -6.134121254287627 ], [ 106.918622026959952, -6.13411930222835 ], [ 106.918664892920148, -6.134082669765391 ], [ 106.918669791090082, -6.13407848418256 ], [ 106.918677781743924, -6.13407189338692 ], [ 106.918718607114471, -6.134042335807023 ], [ 106.918740100350604, -6.134024830813388 ], [ 106.91876799113794, -6.133999823040449 ], [ 106.918822917580428, -6.133945097334 ], [ 106.918873824344871, -6.133886608578979 ], [ 106.918920455941546, -6.133824650629607 ], [ 106.918962576821642, -6.133759536255149 ], [ 106.918999974077536, -6.133691594417952 ], [ 106.919032459236405, -6.133621166650419 ], [ 106.919059869173125, -6.13354860976417 ], [ 106.919063342745275, -6.133536325580903 ], [ 106.919070354840073, -6.133513247889625 ], [ 106.919097059704725, -6.133439799347831 ], [ 106.919366342663665, -6.132699187727624 ], [ 106.9194108961984, -6.132575524138649 ], [ 106.919411207122792, -6.132574565552535 ], [ 106.919418064944992, -6.13255205168927 ], [ 106.919430086572362, -6.132516030631093 ], [ 106.919443274584367, -6.132467440721729 ], [ 106.919453274807211, -6.132418094630766 ], [ 106.919461378192437, -6.132353882425774 ], [ 106.919464085372496, -6.132289217602468 ], [ 106.91946263799413, -6.13224191608103 ], [ 106.91945947399384, -6.132204877142628 ], [ 106.919457928616495, -6.132191798134514 ], [ 106.919442149284436, -6.132132881094555 ], [ 106.919422868870612, -6.132075017249525 ], [ 106.919390069626473, -6.132002797267189 ], [ 106.919187149267046, -6.131692561048292 ], [ 106.919167535055109, -6.13166435650366 ], [ 106.919144313423232, -6.131639044530065 ], [ 106.919117904248296, -6.131617084728455 ], [ 106.919088786804934, -6.13159887500637 ], [ 106.919057489806605, -6.131584745284711 ], [ 106.918699096362189, -6.131430681579222 ], [ 106.918647257807621, -6.131406626633722 ], [ 106.918598257266282, -6.13137720997977 ], [ 106.918560425468655, -6.131345066252559 ], [ 106.918526928828015, -6.131308417997193 ], [ 106.91849829966992, -6.131267847375553 ], [ 106.918474990142158, -6.131223997413338 ], [ 106.918457372185742, -6.131177563863075 ], [ 106.918445723033614, -6.131129281693925 ], [ 106.918434327403332, -6.131029102519848 ], [ 106.918428192831442, -6.130928463291265 ], [ 106.918429162855759, -6.130840979014868 ], [ 106.9184322047942, -6.130794106216324 ], [ 106.918434201537451, -6.130716633299884 ], [ 106.918431157930954, -6.130639194704433 ], [ 106.918423086892716, -6.130562118581751 ], [ 106.918382951889498, -6.130290651990775 ], [ 106.918346390301025, -6.130027734690905 ], [ 106.918334637138031, -6.129930103709476 ], [ 106.918327027808061, -6.129832062787771 ], [ 106.918323575578682, -6.129733786376057 ], [ 106.918327249647618, -6.129381714422859 ], [ 106.918329774569784, -6.129343588209079 ], [ 106.918337014429028, -6.129291210510853 ], [ 106.918348556818998, -6.129239611237352 ], [ 106.918367161062278, -6.129181379311607 ], [ 106.918391240337698, -6.129125192819179 ], [ 106.918420573367186, -6.129071567001267 ], [ 106.918428794277332, -6.129058140190968 ], [ 106.918464684629313, -6.128995473118509 ], [ 106.918495183067563, -6.12893000808106 ], [ 106.918520073550525, -6.128862207862319 ], [ 106.918539180746635, -6.128792552278438 ], [ 106.918547963190747, -6.128722154294217 ], [ 106.918550893171542, -6.128651269138989 ], [ 106.918547951660045, -6.128580385109863 ], [ 106.918539157559081, -6.128509988559741 ], [ 106.918532431622793, -6.128454645585959 ], [ 106.918532150231002, -6.128398894385447 ], [ 106.918538316969403, -6.128343486277164 ], [ 106.918549800560527, -6.12829237273769 ], [ 106.91856483885951, -6.128253702659559 ], [ 106.918586110037765, -6.128218084310478 ], [ 106.918613017865738, -6.12818651617417 ], [ 106.918644809430887, -6.128159881566421 ], [ 106.918811455426393, -6.128033837172386 ], [ 106.918871681834887, -6.127980064606563 ], [ 106.918929162545439, -6.127923360735808 ], [ 106.918983755341984, -6.127863867114226 ], [ 106.919106335608703, -6.127726311740191 ], [ 106.91915243408998, -6.127662129875311 ], [ 106.919192507014742, -6.127594016731556 ], [ 106.919226223986058, -6.127522536764796 ], [ 106.919292153964193, -6.1273702407606 ], [ 106.919342395650602, -6.127254183247189 ], [ 106.919561075949943, -6.126677452372655 ], [ 106.919586675672022, -6.12663299332648 ], [ 106.91961802787263, -6.126592394203891 ], [ 106.919654560687079, -6.126556393012114 ], [ 106.919695607124495, -6.126525649439598 ], [ 106.919740418536463, -6.126500722204677 ], [ 106.91978817725672, -6.12648206720215 ], [ 106.91983801281178, -6.12647002388345 ], [ 106.919889014560596, -6.12646481340319 ], [ 106.919940252437726, -6.12646652950371 ], [ 106.919990792318799, -6.126475141172496 ], [ 106.920039712276463, -6.126490491679937 ], [ 106.920086117945772, -6.126512301236665 ], [ 106.920129164219148, -6.126540171436553 ], [ 106.9202196311509, -6.126613508571043 ], [ 106.920292891044085, -6.126682034965855 ], [ 106.920322015019551, -6.12670038661985 ], [ 106.920353694116656, -6.126713846828266 ], [ 106.920387113227264, -6.126722071325294 ], [ 106.920421416163649, -6.126724847995188 ], [ 106.920455721953374, -6.126722106759364 ], [ 106.92048915011874, -6.126713915869245 ], [ 106.920561323378266, -6.126692001665452 ], [ 106.920644926416585, -6.126669664062965 ], [ 106.920764880574993, -6.126643146634274 ], [ 106.920886031059467, -6.126622795568365 ], [ 106.921172833447073, -6.126581156356286 ], [ 106.921200814975634, -6.126577093300128 ], [ 106.92125515816187, -6.126568645694223 ], [ 106.921308546692146, -6.12655543856031 ], [ 106.921367729189186, -6.126534708208596 ], [ 106.92142453225604, -6.126508134865578 ], [ 106.921478383256172, -6.126475987302261 ], [ 106.921528736849524, -6.12643858934362 ], [ 106.921575084028731, -6.126396320740378 ], [ 106.921771532008833, -6.126210894406047 ], [ 106.921839155001308, -6.126149545684781 ], [ 106.921911101505273, -6.126093337700571 ], [ 106.921986981486, -6.126042576540432 ], [ 106.922066384017327, -6.125997535817612 ], [ 106.922069155628336, -6.125996100074057 ], [ 106.922131896576815, -6.12596312768628 ], [ 106.922205424630945, -6.125922047289764 ], [ 106.922242053426444, -6.12590158216427 ], [ 106.922278688574195, -6.125877339571415 ], [ 106.92231023892343, -6.125852307820239 ], [ 106.922339624998074, -6.125824762216617 ], [ 106.922371561104939, -6.125788891309976 ], [ 106.922399828242476, -6.125750058978205 ], [ 106.922424153141293, -6.12570863779766 ], [ 106.92244430238047, -6.125665029133816 ], [ 106.922460081445379, -6.125619652295004 ], [ 106.922521998916793, -6.125422721217951 ], [ 106.922541029636847, -6.125365419946507 ], [ 106.92256415506661, -6.125309648244491 ], [ 106.922591253402501, -6.125255698581364 ], [ 106.922616002940259, -6.125213552579039 ], [ 106.922650297697061, -6.125163092361378 ], [ 106.922688188923203, -6.12511527919064 ], [ 106.922737611066623, -6.125062251263986 ], [ 106.922791450176618, -6.125013722708827 ], [ 106.922807239311979, -6.125001205423199 ], [ 106.922826862295636, -6.124986233249082 ], [ 106.922902860645252, -6.124931766496506 ], [ 106.922981347106543, -6.124880957050343 ], [ 106.923062145046416, -6.124833920366703 ], [ 106.923145075980173, -6.124790759250531 ], [ 106.923152606339613, -6.124787859837178 ], [ 106.923452950274324, -6.124667965161939 ], [ 106.923557196003301, -6.124627759092565 ], [ 106.923663363392293, -6.124592953695188 ], [ 106.923771173654913, -6.124563641284531 ], [ 106.923880343430412, -6.124539897917608 ], [ 106.924217133592421, -6.124469046685964 ], [ 106.924303858859943, -6.124448523797614 ], [ 106.924389143172604, -6.12442265273719 ], [ 106.924472659892047, -6.124391533227863 ], [ 106.924554086071112, -6.124355286678668 ], [ 106.924574138206069, -6.124343641010218 ], [ 106.924580835154913, -6.124338570148733 ], [ 106.924586611567435, -6.124332469174424 ], [ 106.924591309954806, -6.124325502299252 ], [ 106.924594802724073, -6.124317858039273 ], [ 106.924596995775147, -6.124309744681087 ], [ 106.924597830274877, -6.124301381234307 ], [ 106.924597283547527, -6.124292993811737 ], [ 106.924595324662107, -6.124277207569261 ], [ 106.924582270850735, -6.124191889552305 ], [ 106.924567665418962, -6.124124796142664 ], [ 106.92454936697257, -6.124058615587494 ], [ 106.92452030502352, -6.123946579311289 ], [ 106.924497989720336, -6.123833003508317 ], [ 106.924482502008772, -6.123718295651071 ], [ 106.924472760280608, -6.123620264575256 ], [ 106.924467403760502, -6.123521896800708 ], [ 106.92446644217506, -6.123423386680523 ], [ 106.924469878940812, -6.123324932206793 ], [ 106.924475087824746, -6.123270075565022 ], [ 106.924482909255175, -6.123215531419863 ], [ 106.924492315575534, -6.123169201902946 ], [ 106.924505366543983, -6.123126362799544 ], [ 106.924522350970861, -6.123084928159003 ], [ 106.924543336582005, -6.123044892313449 ], [ 106.924579148152318, -6.122996078464234 ], [ 106.924619929791533, -6.122951341570561 ], [ 106.924665219908093, -6.122911184173198 ], [ 106.924696605560868, -6.122887915099607 ], [ 106.924729510322649, -6.122866852066797 ], [ 106.924772167713741, -6.12284395664026 ], [ 106.924803514199894, -6.122825391870346 ], [ 106.924875293731418, -6.122776499596633 ], [ 106.92494341510961, -6.122722619723176 ], [ 106.925007535158571, -6.122664025624778 ], [ 106.925067327949549, -6.122601014121612 ], [ 106.925122490217262, -6.122533904555502 ], [ 106.925289010057938, -6.122297451381297 ], [ 106.92530434558536, -6.122278121296705 ], [ 106.925346047267212, -6.12222699614589 ], [ 106.925391930076884, -6.12217959545336 ], [ 106.925441663723731, -6.12213625945043 ], [ 106.92549488981868, -6.122097301345484 ], [ 106.92555122456136, -6.122063000985319 ], [ 106.925582962103263, -6.122047212261806 ], [ 106.925616767600289, -6.122036556068505 ], [ 106.925651816373986, -6.122031292136145 ], [ 106.92568725707163, -6.122031546480746 ], [ 106.925722227034953, -6.122037314965025 ], [ 106.925755875759378, -6.12204845598131 ], [ 106.925787383895113, -6.122064699424522 ], [ 106.925801748354004, -6.122074363598043 ], [ 106.925824317924338, -6.122089462853956 ], [ 106.925837458006285, -6.12209825441921 ], [ 106.925876763259055, -6.122124551770187 ], [ 106.925884775781597, -6.122130186450663 ], [ 106.925935614711818, -6.122165932094953 ], [ 106.925979178373368, -6.12219180277243 ], [ 106.926025210115995, -6.122212962229871 ], [ 106.926073204161924, -6.122229177210064 ], [ 106.926138435862583, -6.122245676582279 ], [ 106.926204902393025, -6.122256133764418 ], [ 106.926272046108792, -6.122260462154557 ], [ 106.926339303220729, -6.122258624899963 ], [ 106.926413674623262, -6.122256776559199 ], [ 106.926440153199138, -6.122256120025343 ], [ 106.926639645681917, -6.122251164257259 ], [ 106.926713094890843, -6.122249339077811 ], [ 106.926779977746477, -6.122247677608849 ], [ 106.926814558888054, -6.122244511944496 ], [ 106.926848332920429, -6.122236428025319 ], [ 106.926880604000019, -6.122223591997349 ], [ 106.926910708251569, -6.122206268441507 ], [ 106.926938028191486, -6.122184812184659 ], [ 106.926961011549508, -6.122164903089137 ], [ 106.927009855347748, -6.122122593645286 ], [ 106.927144828831217, -6.122005675692344 ], [ 106.92720001276281, -6.12195831563095 ], [ 106.927252084918365, -6.121920298213939 ], [ 106.927308872254685, -6.121885053985798 ], [ 106.92736818759478, -6.121854260719556 ], [ 106.927429682015031, -6.121828099588249 ], [ 106.927492994745705, -6.12180672287549 ], [ 106.927557756793945, -6.121790256674907 ], [ 106.927575663209268, -6.121786105705628 ], [ 106.92763985272849, -6.121773464191399 ], [ 106.927733608193606, -6.121761165799915 ], [ 106.927828023311108, -6.121755992235228 ], [ 106.92801817631495, -6.121750282078287 ], [ 106.928046392087225, -6.121749434789908 ], [ 106.928092727829124, -6.121748322577614 ], [ 106.92817554565724, -6.121749217517754 ], [ 106.928258240337669, -6.12175380713855 ], [ 106.928340649246266, -6.121762082078608 ], [ 106.92841512859296, -6.121770980417363 ], [ 106.928452358323483, -6.121775427810058 ], [ 106.928490639838671, -6.121778211448165 ], [ 106.928534617594352, -6.121775228902457 ], [ 106.928577657765516, -6.121765709290841 ], [ 106.928618796401338, -6.121749865835474 ], [ 106.928681095928923, -6.121723310203558 ], [ 106.928723055106474, -6.121710337098324 ], [ 106.928766473370572, -6.121703734626785 ], [ 106.928810388339798, -6.121703649099116 ], [ 106.928853831691029, -6.121710081283205 ], [ 106.928884127075818, -6.12171861941779 ], [ 106.928920837774569, -6.121730722051085 ], [ 106.928957789038435, -6.121742905187654 ], [ 106.929030003126158, -6.121766714252652 ], [ 106.929172773619996, -6.121813785887922 ], [ 106.929254320422544, -6.121844112640953 ], [ 106.929305853647449, -6.121865896644877 ], [ 106.929402861929304, -6.121912790085586 ], [ 106.929496557063558, -6.121966005295174 ], [ 106.92954582242767, -6.121995418280837 ], [ 106.929579913413008, -6.122015771363981 ], [ 106.929681431430808, -6.122076383057235 ], [ 106.9297007409115, -6.122087911704251 ], [ 106.929709175851315, -6.122092947170485 ], [ 106.929745441999017, -6.122108779032572 ], [ 106.92978372414899, -6.12211878379904 ], [ 106.929823093746194, -6.122122717983988 ], [ 106.929862596572704, -6.122120486470339 ], [ 106.929901274426726, -6.122112142431869 ], [ 106.929938188617683, -6.122097889960922 ], [ 106.92997244431912, -6.122078074035521 ], [ 106.930005511266415, -6.122055484918407 ], [ 106.930030194556025, -6.122038621933057 ], [ 106.930049248718802, -6.122019545107645 ], [ 106.930065181420986, -6.121997787935837 ], [ 106.930077621423479, -6.121973857158125 ], [ 106.930086278067478, -6.121948311664142 ], [ 106.930090950242132, -6.121921744378017 ], [ 106.930091529971861, -6.121894775012409 ], [ 106.930089949403282, -6.121878978434093 ], [ 106.930085581559311, -6.121835334040294 ], [ 106.930081760783423, -6.121797133211905 ], [ 106.930079412887679, -6.121773667908722 ], [ 106.930077352611903, -6.12175307397005 ], [ 106.930072838147169, -6.121702555150413 ], [ 106.930072310095412, -6.121651838454356 ], [ 106.930075772288504, -6.12160123669505 ], [ 106.930085784059685, -6.12153574216836 ], [ 106.930101520447323, -6.121471385232798 ], [ 106.93012286039847, -6.121408666303985 ], [ 106.930139393844186, -6.121371078492004 ], [ 106.930160138025911, -6.121335644525656 ], [ 106.930184817321305, -6.121302834635949 ], [ 106.930213103594838, -6.121273084885936 ], [ 106.930247901037404, -6.12124869215056 ], [ 106.930285708121318, -6.121229299237688 ], [ 106.930325812559659, -6.121215271262009 ], [ 106.930367458341848, -6.121206871329724 ], [ 106.930409860179367, -6.121204258678324 ], [ 106.930452220645321, -6.121207482286152 ], [ 106.930467941041314, -6.121209371405406 ], [ 106.930570320025794, -6.121223773746434 ], [ 106.930703956979102, -6.121248142764506 ], [ 106.930897973063281, -6.121284499238936 ], [ 106.930958381404423, -6.121295817568873 ], [ 106.931017724964761, -6.121306939007624 ], [ 106.931077077558328, -6.121318060406525 ], [ 106.931131092855139, -6.121326732751158 ], [ 106.931185724953096, -6.121329581224822 ], [ 106.931240347752777, -6.121326572820419 ], [ 106.931294337204989, -6.121317742332931 ], [ 106.931347075817627, -6.12130318963074 ], [ 106.931397959891555, -6.121283082341995 ], [ 106.931446406727588, -6.121257650403778 ], [ 106.931461536583768, -6.121248285293724 ], [ 106.931495154415543, -6.121224693273059 ], [ 106.931526771966688, -6.121198476550807 ], [ 106.931556378319982, -6.121169613467713 ], [ 106.931583558305988, -6.121138450893304 ], [ 106.931608135613743, -6.121105192890057 ], [ 106.931625086455796, -6.121075956750943 ], [ 106.931639397443476, -6.121045339574003 ], [ 106.931700940594439, -6.120905402214831 ], [ 106.931709690622981, -6.120885508055427 ], [ 106.931722558219761, -6.120859687018781 ], [ 106.931737993124784, -6.120832655162353 ], [ 106.93174279438341, -6.120824941086638 ], [ 106.931780301114799, -6.120762210074319 ], [ 106.931821835893658, -6.120702075667321 ], [ 106.931867218079674, -6.120644794381758 ], [ 106.931982403986154, -6.120532828232114 ], [ 106.932060941721801, -6.120460335072387 ], [ 106.932140956773722, -6.120389479378912 ], [ 106.932144193959147, -6.12038666042558 ], [ 106.932176164172418, -6.120358812287764 ], [ 106.932250953145726, -6.120299118705608 ], [ 106.93232961606985, -6.120244640612016 ], [ 106.932411788915587, -6.120195627949204 ], [ 106.932497094020619, -6.120152307201272 ], [ 106.932585138273367, -6.120114878688457 ], [ 106.93285729488538, -6.12000562645053 ], [ 106.932860051562486, -6.120004328149654 ], [ 106.932862776914206, -6.120003110428407 ], [ 106.93291466655262, -6.119981108910965 ], [ 106.932917917352654, -6.119979817871599 ], [ 106.932966618942771, -6.119961739966103 ], [ 106.933105157322686, -6.119906125763166 ], [ 106.933305465158924, -6.119828193219862 ], [ 106.933361580304151, -6.119801163096311 ], [ 106.933415094608577, -6.119769282684431 ], [ 106.933465589840452, -6.119732800317029 ], [ 106.933512672290121, -6.119692001307476 ], [ 106.933555975466831, -6.119647204323615 ], [ 106.933595160082419, -6.11959875686707 ], [ 106.933795695591655, -6.119336524589093 ], [ 106.933852881061597, -6.119266294381589 ], [ 106.933914350637608, -6.119199789087437 ], [ 106.93397986227474, -6.119137269964196 ], [ 106.93404915941754, -6.119078982047473 ], [ 106.93420791128996, -6.118952351170158 ], [ 106.93425912813592, -6.118915122980136 ], [ 106.934312427181979, -6.118880947734192 ], [ 106.934367627290257, -6.118849942715873 ], [ 106.934373329326306, -6.118846821034382 ], [ 106.934380456072219, -6.118843010703634 ], [ 106.934387620099272, -6.118839268951664 ], [ 106.934394818704149, -6.118835597596463 ], [ 106.934402053693375, -6.118831996631533 ], [ 106.934409323260454, -6.118828466063352 ], [ 106.934416627408595, -6.118825006796061 ], [ 106.934423963428003, -6.118821618839402 ], [ 106.934431333125218, -6.118818302186864 ], [ 106.934438734696954, -6.118815057749064 ], [ 106.934446166339924, -6.118811886436633 ], [ 106.934453629854175, -6.118808786434826 ], [ 106.934461123436407, -6.11880575865426 ], [ 106.934468644386556, -6.118802805817039 ], [ 106.934476195404713, -6.118799925201054 ], [ 106.934483696203799, -6.11879714602751 ], [ 106.934491377728506, -6.118794386093269 ], [ 106.934499008130885, -6.118791727604722 ], [ 106.934504058576636, -6.118790023219533 ], [ 106.93455287042795, -6.118773773858539 ], [ 106.934602397036414, -6.118759858166497 ], [ 106.935290514853875, -6.118569583954491 ], [ 106.935349906652348, -6.118549533445123 ], [ 106.935362435248024, -6.118541522073707 ], [ 106.935373468168507, -6.118531546919785 ], [ 106.935382699284517, -6.118519882131443 ], [ 106.93538987502896, -6.11850684958564 ], [ 106.935394797067644, -6.118492808029133 ], [ 106.93539733130271, -6.118478144908931 ], [ 106.935397406923755, -6.118463263717989 ], [ 106.935395020894902, -6.118448575841986 ], [ 106.935390992235412, -6.118436269012083 ], [ 106.9353829483223, -6.118412870441562 ], [ 106.935361580137013, -6.118345048026981 ], [ 106.935338527919086, -6.118259060667054 ], [ 106.935319636203232, -6.118172062869376 ], [ 106.935312901394738, -6.118094253221511 ], [ 106.935311756884772, -6.118016161226814 ], [ 106.935316207725037, -6.117938187393211 ], [ 106.935326231875578, -6.117860734134404 ], [ 106.935341776565735, -6.117784198549927 ], [ 106.935400539620289, -6.117530670260118 ], [ 106.935512713551091, -6.117311027563936 ], [ 106.935538007638442, -6.117212237180149 ], [ 106.935591585126446, -6.117002960789685 ], [ 106.935612157233081, -6.116922601650565 ], [ 106.935721867175246, -6.116434911547371 ], [ 106.935736577962729, -6.116368630804407 ], [ 106.935749509761692, -6.116301978552059 ], [ 106.935760591921721, -6.116235402584436 ], [ 106.935764804705698, -6.116206752101071 ], [ 106.93577113488594, -6.116160307226851 ], [ 106.935784435803839, -6.116090302071663 ], [ 106.935801920423529, -6.116021223930706 ], [ 106.935823524612374, -6.115953324380616 ], [ 106.935841779692936, -6.115904825762236 ], [ 106.935862137033709, -6.115857173960415 ], [ 106.935867593675837, -6.115844856448423 ], [ 106.935932372654577, -6.11569861657623 ], [ 106.935999770703575, -6.115556782989191 ], [ 106.936069704152217, -6.115416185238622 ], [ 106.93613433112705, -6.115290734355699 ], [ 106.936180790592189, -6.115204977450266 ], [ 106.93619433237626, -6.115183351810273 ], [ 106.936210951654132, -6.115163995267842 ], [ 106.936233621739447, -6.115145326648241 ], [ 106.936258871271122, -6.115130338444039 ], [ 106.936286109867126, -6.115119381773291 ], [ 106.936314699834355, -6.115112712992096 ], [ 106.936343971501373, -6.115110487310395 ], [ 106.936373239477135, -6.115112758733505 ], [ 106.936401818880228, -6.115119471866505 ], [ 106.936518268719212, -6.115151481931108 ], [ 106.93663406560735, -6.115185781743572 ], [ 106.936727757366143, -6.115214760922663 ], [ 106.936822385940559, -6.115240508996551 ], [ 106.936829923576582, -6.115242461839223 ], [ 106.93685773483044, -6.115247315227077 ], [ 106.936885963438982, -6.115247662783732 ], [ 106.936913885851482, -6.115243497173182 ], [ 106.936940786153443, -6.11523492495111 ], [ 106.936965975028698, -6.115222164688182 ], [ 106.93701201842137, -6.115194765659617 ], [ 106.937055998021449, -6.115164159021529 ], [ 106.937097692179293, -6.115130499274254 ], [ 106.937141656195138, -6.115091049494408 ], [ 106.937180917125303, -6.115046908019266 ], [ 106.937185897458079, -6.115038536897137 ], [ 106.937189468900712, -6.115029473779823 ], [ 106.937191537456854, -6.115019954077426 ], [ 106.937192050722501, -6.115010224803597 ], [ 106.937190994253555, -6.115000539163887 ], [ 106.937185449575523, -6.114964550788645 ], [ 106.937181854261581, -6.114935364307799 ], [ 106.937181304915796, -6.114905961606879 ], [ 106.937186242629124, -6.114861911366714 ], [ 106.93718757637906, -6.114844740037813 ], [ 106.937186068322276, -6.114823273539715 ], [ 106.937181078262256, -6.114802342179736 ], [ 106.937168182433297, -6.114760244957494 ], [ 106.937088946664446, -6.114501607094667 ], [ 106.937048148945706, -6.114374491222407 ], [ 106.937003570235831, -6.114248653836801 ], [ 106.936955249783551, -6.114124207809613 ], [ 106.936904093168422, -6.113987485912037 ], [ 106.936881732689258, -6.113916964716556 ], [ 106.936862909349685, -6.113845415439821 ], [ 106.936847670762404, -6.113773016926678 ], [ 106.936815167336192, -6.113596022450441 ], [ 106.93680727907622, -6.113553351114566 ], [ 106.936785018505688, -6.113474935673799 ], [ 106.936758032906809, -6.113398020922743 ], [ 106.936726421767503, -6.113322893107517 ], [ 106.936690302604802, -6.113249828463938 ], [ 106.936649809181162, -6.113179099552737 ], [ 106.936631803708096, -6.113150574369087 ], [ 106.936611595159292, -6.113120292282437 ], [ 106.936598332771581, -6.113101308357594 ], [ 106.93656999791925, -6.113062859709038 ], [ 106.936347063335731, -6.112776118594476 ], [ 106.936202649960308, -6.112587467194053 ], [ 106.936186474243925, -6.112558853113502 ], [ 106.936175283557915, -6.11252794359169 ], [ 106.93616938901512, -6.112495600038875 ], [ 106.93616895554959, -6.112462725981478 ], [ 106.936173995489895, -6.11243023815329 ], [ 106.936184367574654, -6.11239904389599 ], [ 106.936244728241931, -6.112242451594567 ], [ 106.936265254259055, -6.112185713714777 ], [ 106.936281569781102, -6.112127623072226 ], [ 106.936293586505428, -6.112068491002402 ], [ 106.936301239640215, -6.112008635988894 ], [ 106.936310475367122, -6.111891279560591 ], [ 106.936316895833471, -6.111773735273705 ], [ 106.936317602201541, -6.11173706613577 ], [ 106.936315160737394, -6.111690115835121 ], [ 106.936306733112971, -6.11164386519134 ], [ 106.936292459359066, -6.111599074064284 ], [ 106.936272574276671, -6.111556482081562 ], [ 106.936247403752347, -6.111516788761355 ], [ 106.936217363832185, -6.111480647186906 ], [ 106.9361829480371, -6.111448653202853 ], [ 106.936139744178476, -6.111414605067679 ], [ 106.936047812034587, -6.111349761815703 ], [ 106.936001683823605, -6.111316081325572 ], [ 106.93595877665777, -6.111278375837339 ], [ 106.935919440303678, -6.111236952396935 ], [ 106.935883993927249, -6.111192148900689 ], [ 106.935852726077613, -6.111144329574883 ], [ 106.935831990354515, -6.111105556915132 ], [ 106.935816286607476, -6.111064484130681 ], [ 106.935805864668325, -6.111021761289234 ], [ 106.935800889559914, -6.110978065887441 ], [ 106.935801439647364, -6.110934091104054 ], [ 106.935833765148061, -6.110648948003574 ], [ 106.935852948632501, -6.110491354917487 ], [ 106.935861778397864, -6.110418820797102 ], [ 106.935899449615761, -6.110109345754684 ], [ 106.935910971416973, -6.110036140126033 ], [ 106.935929081979452, -6.109964283225813 ], [ 106.935944839368361, -6.10991424489696 ], [ 106.935964819624033, -6.109865741023762 ], [ 106.935988876791754, -6.109819127450963 ], [ 106.936015230918798, -6.109779537854836 ], [ 106.936046261393912, -6.109743505405843 ], [ 106.936081495970342, -6.10971157789269 ], [ 106.936100060374784, -6.109697636406477 ], [ 106.936141792292119, -6.109672033321235 ], [ 106.936173084283979, -6.109654982837281 ], [ 106.936193324772745, -6.109643952909098 ], [ 106.936235982878941, -6.109620708949825 ], [ 106.936673942406273, -6.109382063955329 ], [ 106.936785052437472, -6.109320327302554 ], [ 106.936893165058692, -6.109253470552217 ], [ 106.936998044136914, -6.109181639216624 ], [ 106.937043870724395, -6.109149076790394 ], [ 106.937096922737524, -6.109113559886063 ], [ 106.937151566274323, -6.10908054888937 ], [ 106.93718976399758, -6.109054553440272 ], [ 106.937224505999012, -6.10902408510239 ], [ 106.937289467233867, -6.108957089938921 ], [ 106.937316582954878, -6.108932899256166 ], [ 106.937341244684475, -6.108916042592688 ], [ 106.93744771765428, -6.108845653864386 ], [ 106.937555914642985, -6.108777949570981 ], [ 106.937565724357114, -6.108771995855106 ], [ 106.937610240451491, -6.1087485353751 ], [ 106.937656846612782, -6.108729572588501 ], [ 106.937705090062636, -6.108715290854144 ], [ 106.937754503411497, -6.108705829281781 ], [ 106.938032252078429, -6.108660503810762 ], [ 106.938045888601479, -6.108654463965966 ], [ 106.938058422102699, -6.10864637755391 ], [ 106.938069548891917, -6.108636441863184 ], [ 106.938078999755518, -6.108624896551761 ], [ 106.938174691279826, -6.108493775304926 ], [ 106.938203765062966, -6.108459753379067 ], [ 106.938237438383425, -6.108430285196417 ], [ 106.93827500711329, -6.108405988999356 ], [ 106.938315685435697, -6.10838737302214 ], [ 106.93863550044496, -6.108262941666082 ], [ 106.938649863796243, -6.108257828625143 ], [ 106.938669493607023, -6.10824982511511 ], [ 106.938689770400302, -6.108243647400641 ], [ 106.938710616633287, -6.10823933373419 ], [ 106.938731769697611, -6.108236951063073 ], [ 106.938739504763518, -6.108236567856726 ], [ 106.938766729839642, -6.108237275270054 ], [ 106.938793684573113, -6.108241171580148 ], [ 106.938851436432998, -6.108257223030115 ], [ 106.938874618143089, -6.108262096730305 ], [ 106.938890951565725, -6.10826352601769 ], [ 106.938907346953442, -6.108263349365973 ], [ 106.938923273440565, -6.108262640974312 ], [ 106.938977360280759, -6.108260236283666 ], [ 106.938980076632703, -6.108260303339122 ], [ 106.938982744029545, -6.108260822630508 ], [ 106.938985288349386, -6.108261779055097 ], [ 106.938987637234547, -6.108263145750197 ], [ 106.938989726417589, -6.108264884974583 ], [ 106.938991497014698, -6.108266949022283 ], [ 106.938992900035615, -6.108269278398106 ], [ 106.938993895506243, -6.108271809053733 ], [ 106.938994456075278, -6.108274470566557 ], [ 106.938997068630115, -6.108292629414418 ], [ 106.938999721004535, -6.108311060258381 ], [ 106.93900090321938, -6.108314530524185 ], [ 106.939002602209584, -6.108317780129807 ], [ 106.939004777949023, -6.108320730561188 ], [ 106.939007377805098, -6.108323314199231 ], [ 106.939010341938712, -6.108325468875475 ], [ 106.939013600620584, -6.108327145114833 ], [ 106.939017076024683, -6.10832830251259 ], [ 106.939020688570537, -6.10832891513627 ], [ 106.939112997294458, -6.10834316299335 ], [ 106.939152313402019, -6.108346870047349 ], [ 106.939184625901049, -6.108347395445845 ], [ 106.939216896840193, -6.108345659791318 ], [ 106.939227314200778, -6.108344916106325 ], [ 106.939246114388865, -6.108343572594927 ], [ 106.939316785558105, -6.108338527704031 ], [ 106.93934212368589, -6.108336717592252 ], [ 106.939372252059727, -6.108330960903234 ], [ 106.939401294332711, -6.108321084444785 ], [ 106.939429646558011, -6.108306704346662 ], [ 106.939436847420424, -6.108302704774087 ], [ 106.939514103404861, -6.108259786089778 ], [ 106.939585031002522, -6.1082233582882 ], [ 106.939657663132593, -6.108190467572348 ], [ 106.939724329098112, -6.108162062907248 ], [ 106.939758396704164, -6.108140034133411 ], [ 106.939788871158811, -6.108113246382501 ], [ 106.939815095159915, -6.108082277045585 ], [ 106.939836502069326, -6.108047797214864 ], [ 106.9398526302802, -6.108010548124793 ], [ 106.939863131329901, -6.107971336602042 ], [ 106.939903780576074, -6.107815980867509 ], [ 106.939926740973604, -6.107739323736492 ], [ 106.939954273740028, -6.107664189826131 ], [ 106.939986279598884, -6.107590853442246 ], [ 106.940010674497302, -6.107545592977404 ], [ 106.940038928305782, -6.10750264127224 ], [ 106.940070826322085, -6.107462325487583 ], [ 106.940106122165304, -6.107424954816027 ], [ 106.940122892443739, -6.107409998065396 ], [ 106.940218353712339, -6.107334791791383 ], [ 106.940229634614681, -6.107321268883423 ], [ 106.940238449726579, -6.107306020772228 ], [ 106.940244543224068, -6.107289493206976 ], [ 106.940249158569884, -6.107274605620064 ], [ 106.940260155416169, -6.107239138979432 ], [ 106.940262928722348, -6.10723019086173 ], [ 106.940273030355399, -6.107188430267533 ], [ 106.940280226753643, -6.107146070778803 ], [ 106.940288073757671, -6.10709224382015 ], [ 106.940293689849966, -6.107060781944946 ], [ 106.940302685193913, -6.10703011616068 ], [ 106.94030535978743, -6.107022852771581 ], [ 106.940317986732381, -6.106991070862065 ], [ 106.94033706143064, -6.10694306298988 ], [ 106.94035651381715, -6.106902867144779 ], [ 106.940380469877709, -6.106865186583208 ], [ 106.940413671120126, -6.106825087604634 ], [ 106.940438846160248, -6.106800837840628 ], [ 106.940493415810323, -6.106751962344862 ], [ 106.940578531807816, -6.106675729233614 ], [ 106.940586186012254, -6.106666193912645 ], [ 106.940596580257676, -6.106649762038623 ], [ 106.94060461601704, -6.106632054826126 ], [ 106.940610140949701, -6.106613409156727 ], [ 106.940613049749004, -6.106594179824647 ], [ 106.940612251908746, -6.106645527567353 ], [ 106.940611745966223, -6.106678102957908 ], [ 106.94061171740411, -6.106679953790614 ], [ 106.940611611562588, -6.106686681714889 ], [ 106.940610884418135, -6.106733580941664 ], [ 106.940610604076682, -6.106751548587 ], [ 106.940610337940797, -6.106768695241905 ], [ 106.940610156078577, -6.106780398802076 ], [ 106.940609499777423, -6.106822639756995 ] ] ], [ [ [ 106.928178061657476, -6.179581206797765 ], [ 106.928185650675289, -6.179649218099053 ], [ 106.92818488253323, -6.179645403680371 ], [ 106.928183525988473, -6.179641756850188 ], [ 106.92818161660017, -6.179638367891794 ], [ 106.928179198934956, -6.179635319822761 ], [ 106.928176335604149, -6.17963268926643 ], [ 106.928173094590164, -6.179630539264777 ], [ 106.928169557396629, -6.179628924673654 ], [ 106.928165810888501, -6.179627884055257 ], [ 106.928161948208526, -6.179627443291334 ], [ 106.927851608367405, -6.1796457841762 ], [ 106.92785011809292, -6.179645871855597 ], [ 106.927847769976779, -6.179646313445381 ], [ 106.927845519824757, -6.179647114520679 ], [ 106.92784342087063, -6.179648256805999 ], [ 106.927841524502171, -6.179649711183085 ], [ 106.927839877570605, -6.179651443125394 ], [ 106.927838519670686, -6.179653409995537 ], [ 106.927837484057136, -6.179655564658598 ], [ 106.927836794928055, -6.179657853683585 ], [ 106.927836470154602, -6.179660222758327 ], [ 106.927829659553652, -6.179789988140369 ], [ 106.927821849644374, -6.17999880367862 ], [ 106.927819306200234, -6.180066809248211 ], [ 106.92781098454607, -6.180142513581678 ], [ 106.927796926886131, -6.180217363526988 ], [ 106.92779236107728, -6.180236554716757 ], [ 106.927772786751888, -6.180301767736283 ], [ 106.927747433331021, -6.180364955685303 ], [ 106.927716505833331, -6.180425606086619 ], [ 106.927679422974535, -6.180482110805381 ], [ 106.927637956331267, -6.180535476033475 ], [ 106.927592370271498, -6.180585362669486 ], [ 106.927560008345424, -6.180616370281446 ], [ 106.927484963805341, -6.180688273345379 ], [ 106.927484456057229, -6.180688760700506 ], [ 106.927472344595287, -6.180702568079915 ], [ 106.927462695152215, -6.180718199188187 ], [ 106.927455778070993, -6.180735218162012 ], [ 106.927451783156386, -6.180753151456981 ], [ 106.927450824234469, -6.180771499584585 ], [ 106.927452927464216, -6.180789752524635 ], [ 106.927458033183541, -6.180807400568134 ], [ 106.927465999594773, -6.18082395419459 ], [ 106.927474095506412, -6.180835853831526 ], [ 106.92748731588506, -6.180852114455531 ], [ 106.92751352181682, -6.180889391334641 ], [ 106.927536044956696, -6.18092900516221 ], [ 106.927550490731718, -6.180968828201123 ], [ 106.927559542597464, -6.181010214137824 ], [ 106.927563039826282, -6.181052435737081 ], [ 106.927560921906519, -6.181094749125918 ], [ 106.927556879635475, -6.181120310675929 ], [ 106.927543840831831, -6.1811746604749 ], [ 106.927526832113145, -6.181227899039044 ], [ 106.927505946385367, -6.181279737616244 ], [ 106.927500121334532, -6.181292467994291 ], [ 106.927472599331622, -6.18134906010502 ], [ 106.927442920552181, -6.181404550679207 ], [ 106.927390597125651, -6.181485682925437 ], [ 106.927334891234068, -6.18156452825346 ], [ 106.927275902637319, -6.181640944353406 ], [ 106.92712063943884, -6.181836386545479 ], [ 106.926755928560738, -6.182312011000731 ], [ 106.926674124202933, -6.182423010242369 ], [ 106.926597029507079, -6.18253733585322 ], [ 106.926524777450211, -6.182654786637348 ], [ 106.92650128179973, -6.182697171225021 ], [ 106.926462022190549, -6.182787055021762 ], [ 106.926428321115011, -6.182879171741797 ], [ 106.926400305606606, -6.182973175549812 ], [ 106.926378079197917, -6.183068717078926 ], [ 106.926361724611112, -6.183165437996211 ], [ 106.926351304690655, -6.183262979136493 ], [ 106.926346829582045, -6.183342679358781 ], [ 106.926347392257725, -6.18342250235901 ], [ 106.926352988861069, -6.183502130803197 ], [ 106.926363598370997, -6.18358124741948 ], [ 106.926372769797609, -6.183630699541333 ], [ 106.926382562485401, -6.183674834069475 ], [ 106.926391380087964, -6.183709646101661 ], [ 106.926399814797506, -6.183747492854973 ], [ 106.92641295486834, -6.183783971785966 ], [ 106.926431766527031, -6.183820467219457 ], [ 106.926455282726906, -6.183854120207217 ], [ 106.926483080297601, -6.183884326520468 ], [ 106.926514661316446, -6.183910545490242 ], [ 106.926550890007348, -6.183929193654367 ], [ 106.926588921737746, -6.183943810120592 ], [ 106.926597113923222, -6.183946355354533 ], [ 106.926719869202415, -6.183984498142957 ], [ 106.926779986544503, -6.184003178089493 ], [ 106.927032759588286, -6.184081719193975 ], [ 106.927036654055769, -6.184081947372221 ], [ 106.92704053637587, -6.184081565311585 ], [ 106.927044311729134, -6.184080583301352 ], [ 106.927047888052144, -6.184079024278581 ], [ 106.927051177857322, -6.184076927437861 ], [ 106.927054101826869, -6.184074342793727 ], [ 106.927056587919168, -6.184071333896067 ], [ 106.92705857496928, -6.184067974200734 ], [ 106.927060015395739, -6.184064346155488 ], [ 106.927064952542366, -6.184046658069668 ], [ 106.927067792155839, -6.184028513777474 ], [ 106.927068495387871, -6.18401016205357 ], [ 106.927066501259503, -6.183812254084502 ], [ 106.927066625944178, -6.183799286702386 ], [ 106.927068788445595, -6.183786500890247 ], [ 106.927072932999593, -6.183774214197495 ], [ 106.92707895863677, -6.183762734392128 ], [ 106.927086713709841, -6.183752345014634 ], [ 106.927096004934015, -6.18374330715343 ], [ 106.927106601848237, -6.183735844058593 ], [ 106.927118239531978, -6.183730142940298 ], [ 106.927130629413014, -6.183726345888371 ], [ 106.927143461061135, -6.183724546249274 ], [ 106.927178221127605, -6.183721077618628 ], [ 106.927196631111812, -6.183719240564939 ], [ 106.927227647047943, -6.183716145353803 ], [ 106.92742925919741, -6.183696027765032 ], [ 106.927507422591077, -6.18368822821976 ], [ 106.92860838858482, -6.183578366376027 ], [ 106.928610314315563, -6.183578032093357 ], [ 106.92861220055201, -6.183577518937886 ], [ 106.928615468588632, -6.18357614908343 ], [ 106.928618459163332, -6.183574247708274 ], [ 106.928621086647951, -6.183571868466475 ], [ 106.928623275407347, -6.183569080345853 ], [ 106.92862496339643, -6.183565963134417 ], [ 106.928626101246934, -6.183562604711172 ], [ 106.928626656790968, -6.183559102838101 ], [ 106.928626615031462, -6.183555557023069 ], [ 106.928629292820645, -6.183576280629047 ], [ 106.928631158230687, -6.183590709973982 ], [ 106.928632629586673, -6.183602100186943 ], [ 106.928634947658679, -6.18362003588207 ], [ 106.92863508985107, -6.183621132065909 ], [ 106.928637266634411, -6.183637971573848 ], [ 106.928638744449003, -6.183649398832237 ], [ 106.928640887783715, -6.18366598259496 ], [ 106.928643977279123, -6.183689879078312 ], [ 106.928643138874762, -6.183686125494847 ], [ 106.928641740081972, -6.183682543016501 ], [ 106.928639813727273, -6.183679215607454 ], [ 106.92863740345166, -6.183676219959636 ], [ 106.928634566420584, -6.183673625482913 ], [ 106.928631368800595, -6.18367149251328 ], [ 106.928628141773999, -6.183669969932736 ], [ 106.928624731257713, -6.183668918161723 ], [ 106.928621207797548, -6.183668359547183 ], [ 106.928617640086699, -6.183668303785111 ], [ 106.928615429373679, -6.183668524278933 ], [ 106.927569905368159, -6.183772853431114 ], [ 106.927469255528194, -6.183782897232081 ], [ 106.927165194567309, -6.183813237805905 ], [ 106.927164783671373, -6.183813279077817 ], [ 106.927163325785742, -6.183813582726756 ], [ 106.927161936508568, -6.183814122102873 ], [ 106.927160655536383, -6.183814882596192 ], [ 106.927159517122476, -6.183815843287662 ], [ 106.927158552793642, -6.183816978747455 ], [ 106.927157787733321, -6.183818258144066 ], [ 106.927157243491777, -6.183819645234404 ], [ 106.927156934392158, -6.183821103801598 ], [ 106.927156862951151, -6.183822330955371 ], [ 106.92715695953639, -6.183823556595533 ], [ 106.927158454710622, -6.183971989148167 ], [ 106.927158646815499, -6.183991107935991 ], [ 106.927158825783522, -6.184008844367695 ], [ 106.927157708177546, -6.184037251439367 ], [ 106.927153342617416, -6.184065342096709 ], [ 106.927145785579967, -6.184092746348706 ], [ 106.92713845277315, -6.184110225231419 ], [ 106.927128359398807, -6.184126266627726 ], [ 106.927115778523884, -6.184140438280385 ], [ 106.927101048439212, -6.184152357422244 ], [ 106.927084568182011, -6.184161701642006 ], [ 106.927066781317436, -6.184168220696644 ], [ 106.92704816780811, -6.18417173654098 ], [ 106.927029230505937, -6.184172155130238 ], [ 106.927010480694577, -6.184169465568455 ], [ 106.92666587333062, -6.184062388878147 ], [ 106.926442853492688, -6.183995273588292 ], [ 106.926413092978308, -6.18398631767029 ], [ 106.926373583402082, -6.183969237389203 ], [ 106.926336714809736, -6.183947013916595 ], [ 106.92630315355693, -6.183920048979715 ], [ 106.926279033667598, -6.183895318252128 ], [ 106.926257711755071, -6.18386813443681 ], [ 106.926239434685769, -6.183838813082208 ], [ 106.926222437539465, -6.183807691496909 ], [ 106.926207077018745, -6.183775729470803 ], [ 106.926207014177919, -6.183775589559533 ], [ 106.926181899226847, -6.183711056594781 ], [ 106.926163441531358, -6.183644309704474 ], [ 106.926151830580693, -6.183576036240844 ], [ 106.9261471863488, -6.183506936465751 ], [ 106.926149513237817, -6.18343822731425 ], [ 106.926156446527642, -6.183338313728774 ], [ 106.926167572049863, -6.183238780047701 ], [ 106.926182869662298, -6.183139802648561 ], [ 106.926201319680473, -6.183031217457373 ], [ 106.926226421745383, -6.182923976091239 ], [ 106.926258080669669, -6.182818487559187 ], [ 106.926296176845369, -6.182715152821369 ], [ 106.926340564433843, -6.182614363891522 ], [ 106.926367841412571, -6.182565158455875 ], [ 106.926444348200562, -6.182440638291865 ], [ 106.926526014542844, -6.182319445581774 ], [ 106.926612694853802, -6.182201792416512 ], [ 106.926978248343616, -6.181725068285515 ], [ 106.927134891108921, -6.181527890634667 ], [ 106.927188608140881, -6.181458382175239 ], [ 106.927239374892665, -6.18138668649022 ], [ 106.927287103292315, -6.181312930476873 ], [ 106.927330384809665, -6.181228840191138 ], [ 106.927368109933298, -6.18114211012585 ], [ 106.927400117386711, -6.181053107940186 ], [ 106.927402990682026, -6.181040772519359 ], [ 106.927403784167922, -6.181028131814094 ], [ 106.927402477423627, -6.181015533985681 ], [ 106.927399104227874, -6.181003326094687 ], [ 106.927393759753187, -6.180991845033717 ], [ 106.927386590592675, -6.180981407618192 ], [ 106.927354697660604, -6.180944088969125 ], [ 106.927329779376777, -6.180911389504838 ], [ 106.927310384211921, -6.180875135795346 ], [ 106.927297006959009, -6.180836252773232 ], [ 106.927289989078091, -6.180795732832139 ], [ 106.927289510481046, -6.180754612349279 ], [ 106.927295582190013, -6.180713940067637 ], [ 106.927308050776006, -6.180674755380871 ], [ 106.927331676796442, -6.180639218155174 ], [ 106.927359232427534, -6.180606637628181 ], [ 106.927390351561201, -6.180577448201715 ], [ 106.927400003197761, -6.180569659447777 ], [ 106.927465722596793, -6.180516625800242 ], [ 106.927532574137828, -6.180461902758371 ], [ 106.927542686083854, -6.18045325070498 ], [ 106.927549694184236, -6.180446900953696 ], [ 106.927581254636536, -6.18041410247215 ], [ 106.927608902060854, -6.18037793856926 ], [ 106.927632279495796, -6.180338874354896 ], [ 106.927637072993434, -6.180329422452173 ], [ 106.927659521779233, -6.180280887304243 ], [ 106.927679002856095, -6.180231085393268 ], [ 106.927692107487118, -6.180191426450468 ], [ 106.927703730877525, -6.180149610218115 ], [ 106.927713293560146, -6.180107274355365 ], [ 106.927721030861861, -6.180062795108726 ], [ 106.927728533417735, -6.179993151364725 ], [ 106.927728593407053, -6.17999200471972 ], [ 106.927732493554586, -6.179917705150236 ], [ 106.92774724808794, -6.179636587049847 ], [ 106.927749708222862, -6.179622670010859 ], [ 106.927754344871573, -6.179609321005653 ], [ 106.927761040912401, -6.179596877696667 ], [ 106.927769625845826, -6.179585656240877 ], [ 106.927779882082262, -6.179575941321746 ], [ 106.927791549432698, -6.179567978899884 ], [ 106.927804331415985, -6.179561971669622 ], [ 106.927817904266448, -6.179558071793393 ], [ 106.927831924151064, -6.179556378163131 ], [ 106.928151573184309, -6.179537488192839 ], [ 106.928154501892379, -6.179536967645804 ], [ 106.928157330675532, -6.179536045126708 ], [ 106.928160004496533, -6.179534739821742 ], [ 106.928162763807308, -6.179532843814751 ], [ 106.928165194615886, -6.179530540335882 ], [ 106.928167236599037, -6.179527885659485 ], [ 106.928168841210109, -6.17952494505846 ], [ 106.928169968059052, -6.179521791009082 ], [ 106.928170589412929, -6.179518498654101 ], [ 106.928170691115625, -6.179515150320012 ], [ 106.92817304123669, -6.179536219601842 ], [ 106.928178061657476, -6.179581206797765 ] ] ] ] } },
{ "type": "Feature", "properties": { "OBJECTID_1": 15, "OBJECTID": 15, "toponimi": "Kali Irigasi Bekasi Tengah", "kewenangan": "Pemprov DKI", "jenis": "Saluran Drainase Sekunder", "lebar_min": 4.2, "lebar_max": 9.0, "ked_min": 0.7, "ked_max": 1.5, "jenis_kons": "Turap Batu Kali dan Turap Beton", "kondisi": "Rusak sebagian", "panjang_su": 5.3, "Shape_Leng": 10844.697933400001, "Shape_Le_1": 10768.8799791, "Shape_Area": 53790.791440399997 }, "geometry": { "type": "MultiPolygon", "coordinates": [ [ [ [ 106.935166352000664, -6.174244305810775 ], [ 106.935276273153391, -6.174276692983405 ], [ 106.935286546928694, -6.174280087650507 ], [ 106.935296567680027, -6.174283460634716 ], [ 106.935307036387911, -6.174287049881992 ], [ 106.935344686516629, -6.17430051811653 ], [ 106.9353963328128, -6.174320249803032 ], [ 106.935464653286701, -6.17434635544263 ], [ 106.935522804213093, -6.174368910522467 ], [ 106.935581045617056, -6.174391503238259 ], [ 106.935640686159559, -6.174415286100923 ], [ 106.935700128586504, -6.174438991921788 ], [ 106.93573422712744, -6.174452590578722 ], [ 106.935909208701304, -6.17452604825582 ], [ 106.936082356444572, -6.174603730245664 ], [ 106.936253568113997, -6.174685590811081 ], [ 106.936342911145928, -6.174730351324267 ], [ 106.936361081068782, -6.174739637394106 ], [ 106.936372723799948, -6.174745609214626 ], [ 106.936486649965644, -6.174803916135197 ], [ 106.937142250050883, -6.175139448949316 ], [ 106.937446692524588, -6.175295260791038 ], [ 106.937520691548571, -6.175333227328659 ], [ 106.937599420199277, -6.175374048103817 ], [ 106.937678043871813, -6.175414814998819 ], [ 106.937736046745826, -6.175444560756294 ], [ 106.937794221586401, -6.1754743944825 ], [ 106.937872326130773, -6.175514495991738 ], [ 106.937950419817625, -6.175554590292421 ], [ 106.938009245527937, -6.175584787783942 ], [ 106.938068073953531, -6.175614985256961 ], [ 106.938126931351164, -6.175645198889913 ], [ 106.938200889389009, -6.175683301069181 ], [ 106.938274818474795, -6.175721388874433 ], [ 106.938348746662129, -6.175759475765232 ], [ 106.938422675764343, -6.175797563543197 ], [ 106.938424444462271, -6.175798525407499 ], [ 106.938425384181272, -6.175799078919303 ], [ 106.93849457357409, -6.175840974014375 ], [ 106.938496748594829, -6.175842378319123 ], [ 106.938563426336316, -6.175888171162121 ], [ 106.938565517785221, -6.175889696922715 ], [ 106.938629466516545, -6.175939236414846 ], [ 106.938631096522585, -6.175940564046936 ], [ 106.938692474886551, -6.175994001502514 ], [ 106.938694378368425, -6.175995757593152 ], [ 106.938752246645308, -6.176052290869727 ], [ 106.938754045718838, -6.176054152218144 ], [ 106.938808181439768, -6.176113467495084 ], [ 106.938864949994866, -6.176172390724368 ], [ 106.938922151106539, -6.176231762617031 ], [ 106.938979352231115, -6.17629113449942 ], [ 106.939036553368609, -6.176350506371536 ], [ 106.939093754518993, -6.176409878233377 ], [ 106.939151098960352, -6.17646939964596 ], [ 106.93920559623939, -6.17652701018078 ], [ 106.939259951155677, -6.176584471141925 ], [ 106.939314306083915, -6.17664193209372 ], [ 106.939368661927432, -6.176699393032875 ], [ 106.939423015976146, -6.176756853969266 ], [ 106.939477370036826, -6.176814314896327 ], [ 106.939531725012785, -6.176871775810726 ], [ 106.939586064580908, -6.176929219593792 ], [ 106.939648152862617, -6.176994719717388 ], [ 106.939710257482986, -6.177060236947477 ], [ 106.939772362118916, -6.17712575416537 ], [ 106.939834467673748, -6.177191271367756 ], [ 106.939896572340743, -6.177256788561258 ], [ 106.939958677023284, -6.177322305742563 ], [ 106.940020743631777, -6.177387782365374 ], [ 106.940077074344117, -6.177446711496803 ], [ 106.940133498468242, -6.177505737017926 ], [ 106.940189921708281, -6.177564764340518 ], [ 106.940246344954403, -6.17762378984487 ], [ 106.940302769116613, -6.177682815335896 ], [ 106.940359192394695, -6.177741842628389 ], [ 106.940415615678901, -6.177800868102627 ], [ 106.940472039879154, -6.177859893563552 ], [ 106.940528750679434, -6.177919226272171 ], [ 106.940584589013326, -6.17797984961573 ], [ 106.940640140776097, -6.178040166595788 ], [ 106.940695691651712, -6.178100484473345 ], [ 106.940751243440317, -6.178160801433641 ], [ 106.940806795241826, -6.178221118384057 ], [ 106.940862346156194, -6.178281436231992 ], [ 106.940917897983525, -6.178341753162648 ], [ 106.940973130572999, -6.17840172406834 ], [ 106.941032867900958, -6.178464055440073 ], [ 106.941092900871368, -6.178526695833009 ], [ 106.941152932949436, -6.178589335313774 ], [ 106.94121296594848, -6.178651975684012 ], [ 106.941272998055183, -6.178714615142099 ], [ 106.941333031082877, -6.178777255489623 ], [ 106.941393104024712, -6.178839937269434 ], [ 106.941446511034371, -6.178895955636643 ], [ 106.941499877245633, -6.178951930746322 ], [ 106.941553244371661, -6.179007905843714 ], [ 106.941606610612311, -6.179063882743623 ], [ 106.941659641328954, -6.179119507350823 ], [ 106.941674794206222, -6.17913474964319 ], [ 106.941738146818096, -6.179198508839434 ], [ 106.941801494911857, -6.179262263519233 ], [ 106.94186484483086, -6.179326019084062 ], [ 106.941928298138222, -6.179389880944459 ], [ 106.941991313887314, -6.179454145817858 ], [ 106.942054225375159, -6.179518304374215 ], [ 106.942117137784919, -6.179582463819028 ], [ 106.942180049303303, -6.179646622350688 ], [ 106.942242960836936, -6.179710780869998 ], [ 106.942243830508986, -6.17971169356119 ], [ 106.942301575061961, -6.179773965976 ], [ 106.942359320532148, -6.179836238376846 ], [ 106.942417065112792, -6.179898510770358 ], [ 106.942474809707264, -6.17996078315322 ], [ 106.942532555218946, -6.180023055522132 ], [ 106.942590069474704, -6.180085079189843 ], [ 106.94265096637794, -6.180149185319129 ], [ 106.9426989522524, -6.180199700050749 ], [ 106.942712005672803, -6.180213440999395 ], [ 106.942773044075977, -6.180277695767084 ], [ 106.942794507772206, -6.180300289805536 ], [ 106.942834082494116, -6.18034195052299 ], [ 106.942844150522362, -6.18035254972977 ], [ 106.94289512093053, -6.180406206171216 ], [ 106.942956160282009, -6.180470460900257 ], [ 106.943017198745082, -6.180534715620819 ], [ 106.943078237226445, -6.180598971233702 ], [ 106.943139275719474, -6.180663225930702 ], [ 106.943148166644349, -6.180672585369423 ], [ 106.943200315130852, -6.180727480612614 ], [ 106.943233449345072, -6.180762361364462 ], [ 106.943261353657149, -6.180791736190151 ], [ 106.943322392195128, -6.180855990851802 ], [ 106.943327940410541, -6.18086183103612 ], [ 106.943383430748071, -6.18092024550167 ], [ 106.943444470222673, -6.180984501040554 ], [ 106.943505336498333, -6.181048573665835 ], [ 106.943566496678685, -6.181111241115238 ], [ 106.943627908051468, -6.181174166211068 ], [ 106.943689319435578, -6.181237090391003 ], [ 106.943750731737708, -6.181300014555837 ], [ 106.943812143151092, -6.18136293871218 ], [ 106.94387355458241, -6.181425863760825 ], [ 106.943934966025068, -6.181488787893574 ], [ 106.943937148342698, -6.18149119118353 ], [ 106.943939653567313, -6.181494445871937 ], [ 106.943978223404287, -6.181549574189037 ], [ 106.943979957730534, -6.181552248543344 ], [ 106.944014699461391, -6.181610214405815 ], [ 106.944016089994989, -6.181612749879756 ], [ 106.944046531857211, -6.181672757585772 ], [ 106.944048265976406, -6.181676611809145 ], [ 106.944072631644829, -6.181738339664357 ], [ 106.944096277102929, -6.181800749140836 ], [ 106.944118910444928, -6.181863067385041 ], [ 106.944119565249125, -6.181865005218161 ], [ 106.944146447697165, -6.181950952302706 ], [ 106.944173331064505, -6.182036900283718 ], [ 106.944200213541066, -6.182122848263687 ], [ 106.944206919994784, -6.18214429010413 ], [ 106.944214763533864, -6.182169365938487 ], [ 106.944227096026935, -6.182208795335193 ], [ 106.944253979432091, -6.182294743303165 ], [ 106.944280861949792, -6.182380692174197 ], [ 106.944307744470208, -6.182466638328566 ], [ 106.944334627913179, -6.182552586283498 ], [ 106.944360896217916, -6.182636570941589 ], [ 106.944383143422741, -6.182690101674885 ], [ 106.944412930078073, -6.182737887200964 ], [ 106.944451804482568, -6.182782124273461 ], [ 106.944505887892845, -6.182837872010076 ], [ 106.944560746625925, -6.182894417944837 ], [ 106.944615605374082, -6.18295096477426 ], [ 106.944670464130709, -6.183007510690143 ], [ 106.944725322902428, -6.183064057500686 ], [ 106.944780181682603, -6.183120603397707 ], [ 106.944834818308678, -6.183176920453644 ], [ 106.944886626162585, -6.183228711013372 ], [ 106.944938696966631, -6.183280763699295 ], [ 106.944989677023372, -6.183331726392518 ], [ 106.945044708669187, -6.183379693383362 ], [ 106.945110331707355, -6.183403955517783 ], [ 106.945127596100022, -6.183406612789279 ], [ 106.945175452816002, -6.183413978790345 ], [ 106.945245080743021, -6.183424695282351 ], [ 106.945314708670082, -6.183435411764326 ], [ 106.945316232638177, -6.183435646678569 ], [ 106.945331311412744, -6.183437967478119 ], [ 106.945335373516514, -6.183438592717071 ], [ 106.94534916875935, -6.183440715694311 ], [ 106.945362642215869, -6.183442789219045 ], [ 106.945362799492216, -6.183442813054242 ], [ 106.945376114769019, -6.183444862746715 ], [ 106.945383129898502, -6.183445942790928 ], [ 106.945388392216415, -6.183446462374073 ], [ 106.945462804807917, -6.183453809767726 ], [ 106.945543704247427, -6.183461797919479 ], [ 106.945624602785486, -6.183469786965533 ], [ 106.945705501318827, -6.183477775094411 ], [ 106.945786400754173, -6.183485763206888 ], [ 106.945867574922914, -6.183493780135766 ], [ 106.945955505603976, -6.183503550694764 ], [ 106.946043162452327, -6.183513292405458 ], [ 106.946130818399354, -6.183523035008093 ], [ 106.946218473438435, -6.183532776694436 ], [ 106.946220133746422, -6.183532992120043 ], [ 106.946300748825408, -6.183544991834885 ], [ 106.94638136300091, -6.183556991539649 ], [ 106.946461978079668, -6.18356899122773 ], [ 106.946542592254957, -6.183580990905718 ], [ 106.946623207333502, -6.183592990567004 ], [ 106.946704196630265, -6.18360504941927 ], [ 106.946782639208834, -6.183618075949211 ], [ 106.946860705759306, -6.183631042364627 ], [ 106.946938773216786, -6.183644009668169 ], [ 106.947016840674564, -6.183656976959027 ], [ 106.947094907225974, -6.183669943336416 ], [ 106.947173117506736, -6.183682934489482 ], [ 106.94717459103137, -6.183683209363727 ], [ 106.947260868174368, -6.183700789142216 ], [ 106.947347145318844, -6.183718368904885 ], [ 106.947433423364899, -6.183735947744316 ], [ 106.947519700512373, -6.183753527475335 ], [ 106.94760597766134, -6.183771107190545 ], [ 106.947692254811784, -6.183788686889917 ], [ 106.947694601088116, -6.183789230700626 ], [ 106.947771812867543, -6.183809306420993 ], [ 106.947849024649528, -6.183829382128284 ], [ 106.947926236434085, -6.183849457822483 ], [ 106.948003449127853, -6.183869534404408 ], [ 106.948080660917483, -6.183889610072471 ], [ 106.948157872709672, -6.183909685727444 ], [ 106.948233480370618, -6.183929344127768 ], [ 106.948302863519388, -6.183942042888517 ], [ 106.94837387566335, -6.183955040350436 ], [ 106.94844075385052, -6.183967279948178 ], [ 106.948501049298898, -6.183967000940334 ], [ 106.948562529404882, -6.183959655565151 ], [ 106.948623062310844, -6.183945280574107 ], [ 106.948691825401554, -6.183921380409418 ], [ 106.948761000838402, -6.183894385759852 ], [ 106.948829099951993, -6.183864820142395 ], [ 106.948896071322366, -6.183832703636766 ], [ 106.948961781488237, -6.183798101829249 ], [ 106.949023653077646, -6.183762490644441 ], [ 106.949086237931283, -6.183711232096481 ], [ 106.949151695950107, -6.183657620451537 ], [ 106.949217153051549, -6.183604008805865 ], [ 106.949281609479542, -6.183551216335863 ], [ 106.94933195011815, -6.18350497440442 ], [ 106.949333333253335, -6.183503756012455 ], [ 106.94933546624884, -6.183502058402656 ], [ 106.949391233051301, -6.183460377690816 ], [ 106.949395025167647, -6.183457832265902 ], [ 106.949454965692766, -6.183421850218498 ], [ 106.949458741738141, -6.183419850031266 ], [ 106.949521739136244, -6.183390233457998 ], [ 106.949524879831557, -6.183388899219252 ], [ 106.949594179302338, -6.183362508890341 ], [ 106.949597231709419, -6.183361487797666 ], [ 106.949643809483888, -6.183347734421092 ], [ 106.949769778321567, -6.183320636147117 ], [ 106.950048439542854, -6.183260692555716 ], [ 106.950063299330097, -6.183257496231507 ], [ 106.950135905533614, -6.183248475237816 ], [ 106.950138944413993, -6.183248200987679 ], [ 106.950211993256474, -6.183244106667168 ], [ 106.950214699541434, -6.183244037966431 ], [ 106.950288203754923, -6.183244892874335 ], [ 106.95029125227947, -6.183245031766516 ], [ 106.950364186493346, -6.183250827008314 ], [ 106.950367219509275, -6.183251171190088 ], [ 106.950439595383429, -6.183261883215712 ], [ 106.950440667427813, -6.183262055581825 ], [ 106.950445107604821, -6.183263054598182 ], [ 106.950529762524283, -6.183286653931114 ], [ 106.950614417447326, -6.18331025324818 ], [ 106.950699071470623, -6.183333852552681 ], [ 106.950783726400871, -6.183357451837985 ], [ 106.950868773818755, -6.183381164488281 ], [ 106.950948122549676, -6.183404836568787 ], [ 106.951027077900179, -6.183428396161884 ], [ 106.951106032347653, -6.18345195484022 ], [ 106.951185075428569, -6.183475540302429 ], [ 106.951264667858908, -6.183499642692276 ], [ 106.951344172566621, -6.183523718266811 ], [ 106.951362364322335, -6.183529227098051 ], [ 106.951423676371419, -6.183547792926375 ], [ 106.951473632030016, -6.183562920540144 ], [ 106.951503181086721, -6.183571868472528 ], [ 106.951504191289516, -6.183572174871631 ], [ 106.951573497230072, -6.183593162358614 ], [ 106.951582655058061, -6.18359593507635 ], [ 106.951600088611002, -6.183601124819843 ], [ 106.951608473935622, -6.183603621004744 ], [ 106.951653125427342, -6.183616912848986 ], [ 106.951723768535743, -6.183637942414302 ], [ 106.951794412547102, -6.183658971061048 ], [ 106.951865055661287, -6.183680000604018 ], [ 106.951935454599536, -6.183700957800053 ], [ 106.952014332889306, -6.183723445227623 ], [ 106.95209347072516, -6.18374600672879 ], [ 106.95217260765763, -6.183768567315251 ], [ 106.952251745496767, -6.183791127884466 ], [ 106.95233088244251, -6.183813690251262 ], [ 106.952410020291595, -6.18383625169673 ], [ 106.95248897999079, -6.183858762248762 ], [ 106.95256085817843, -6.183878593718483 ], [ 106.952632952301641, -6.183899908930743 ], [ 106.952704644734922, -6.183922540182897 ], [ 106.952775911061295, -6.183946480331791 ], [ 106.95284641023926, -6.183971602247609 ], [ 106.952847351039239, -6.183971951391906 ], [ 106.952924436834522, -6.18400151628692 ], [ 106.952925890725297, -6.18400210313384 ], [ 106.953001904937096, -6.184034327322832 ], [ 106.953003336426221, -6.184034963977845 ], [ 106.953078188572647, -6.184069808012853 ], [ 106.953079598563505, -6.184070494472642 ], [ 106.953153197252647, -6.184107917100845 ], [ 106.953154582125165, -6.18410865157049 ], [ 106.953226891160256, -6.184148635747178 ], [ 106.953291482206012, -6.184184575277613 ], [ 106.953356022563753, -6.184220486052294 ], [ 106.953420561125114, -6.184256397727094 ], [ 106.953485054428668, -6.184292283338526 ], [ 106.953512475804317, -6.184307312763553 ], [ 106.95379074177275, -6.184461178604261 ], [ 106.953843578289394, -6.184485128493264 ], [ 106.953898932706167, -6.184502481777992 ], [ 106.953955985606711, -6.184512980184892 ], [ 106.954013891762031, -6.184516470412435 ], [ 106.954022006581056, -6.184516395356991 ], [ 106.954057673665318, -6.184516066155927 ], [ 106.95414372345121, -6.184515272242852 ], [ 106.954229774135825, -6.184514478312586 ], [ 106.954315557421239, -6.184513686256306 ], [ 106.954383552948684, -6.184512365630965 ], [ 106.954451739981096, -6.184511042484196 ], [ 106.954520166390466, -6.184509714831558 ], [ 106.954536173820543, -6.18450957275564 ], [ 106.954563762314748, -6.184508854643135 ], [ 106.954580971025266, -6.184508407077695 ], [ 106.95463591206213, -6.184506433770429 ], [ 106.954647922764977, -6.184506002617177 ], [ 106.954662406161873, -6.184512247341862 ], [ 106.954691356673507, -6.18452817336525 ], [ 106.954693384124212, -6.18452971916283 ], [ 106.954695079280597, -6.184531551881363 ], [ 106.954696433922678, -6.184533647140202 ], [ 106.954697410819563, -6.184535952638054 ], [ 106.95469797623764, -6.184538384416976 ], [ 106.954698114587075, -6.18454087924678 ], [ 106.954697823752241, -6.184543353053173 ], [ 106.954685602732411, -6.184583912020359 ], [ 106.954685586667708, -6.184583965421874 ], [ 106.95468465363254, -6.184587205562916 ], [ 106.954684444714971, -6.184588124905718 ], [ 106.954684150794179, -6.184589021054486 ], [ 106.954683464119682, -6.184590468346346 ], [ 106.954682556550949, -6.184591788067663 ], [ 106.954681451456082, -6.184592947584537 ], [ 106.954680177636675, -6.184593917859551 ], [ 106.954678764810936, -6.184594673468271 ], [ 106.954677250854047, -6.184595196189193 ], [ 106.954675673661114, -6.184595473225359 ], [ 106.954639152886173, -6.184596785664262 ], [ 106.954583716849243, -6.184598776165982 ], [ 106.954537788699298, -6.184599968610528 ], [ 106.954521484070668, -6.184600115397312 ], [ 106.954453491248088, -6.184601436033774 ], [ 106.954385304204223, -6.184602759184415 ], [ 106.954316886807547, -6.184604085886196 ], [ 106.954230607573351, -6.184604884292333 ], [ 106.954144555970814, -6.184605678230665 ], [ 106.954058507073754, -6.184606472145157 ], [ 106.954022969162253, -6.184606799968889 ], [ 106.954000895730502, -6.184607004124743 ], [ 106.953941297659938, -6.184603058122767 ], [ 106.953882494104477, -6.184592590567523 ], [ 106.95382519469122, -6.184575729040128 ], [ 106.95379765574836, -6.184565098560059 ], [ 106.953770576335586, -6.184552912225071 ], [ 106.953731382843728, -6.184531949957671 ], [ 106.95347744249257, -6.184391191013089 ], [ 106.953441329330815, -6.184371397251559 ], [ 106.953376664024873, -6.18433541643387 ], [ 106.953312125453536, -6.184299504755939 ], [ 106.953247585992486, -6.184263594878864 ], [ 106.953183099036863, -6.184227712825532 ], [ 106.953111574816376, -6.184188162444601 ], [ 106.953039380789221, -6.184151454320068 ], [ 106.952965954799126, -6.184117274080403 ], [ 106.952891379191129, -6.184085659395216 ], [ 106.952815509242143, -6.184056561070306 ], [ 106.952746382264309, -6.184031924136875 ], [ 106.952676725030059, -6.184008525058973 ], [ 106.952606546599128, -6.183986371036087 ], [ 106.952536036907816, -6.18396552375363 ], [ 106.952464593686642, -6.1839458154525 ], [ 106.952385270436523, -6.18392320226406 ], [ 106.952306132573227, -6.18390064081873 ], [ 106.952226996519983, -6.183878079352833 ], [ 106.952147858666621, -6.183855518783741 ], [ 106.952068720813259, -6.183832957296625 ], [ 106.951989582963193, -6.18381039579558 ], [ 106.951910194610662, -6.183787761063966 ], [ 106.951839300071768, -6.183766658318792 ], [ 106.951768657848305, -6.183745628772425 ], [ 106.951698013824313, -6.183724600125636 ], [ 106.951627369799894, -6.183703570563575 ], [ 106.951556625391447, -6.183682510619342 ], [ 106.951504989366867, -6.183666873847357 ], [ 106.951477018464416, -6.18365840472289 ], [ 106.951397513734918, -6.183634329176591 ], [ 106.951318009915866, -6.183610254516879 ], [ 106.951294958882912, -6.183603274462625 ], [ 106.951238505193956, -6.183586178942197 ], [ 106.951159078251962, -6.183562126574546 ], [ 106.951080221456934, -6.183538596482908 ], [ 106.951001266995348, -6.18351503780449 ], [ 106.950922311630691, -6.183491478211314 ], [ 106.950843760527434, -6.183468040078815 ], [ 106.950759486292085, -6.183444547000832 ], [ 106.950674831346589, -6.183420947715757 ], [ 106.950590177308086, -6.183397348411486 ], [ 106.950505522369824, -6.18337374909465 ], [ 106.950423586686028, -6.183350907369462 ], [ 106.950355509625354, -6.183340832332846 ], [ 106.950285627011496, -6.183335279043053 ], [ 106.950215525967735, -6.183334461373111 ], [ 106.950145510954897, -6.183338385438877 ], [ 106.950076772174199, -6.183346926625782 ], [ 106.949764039221236, -6.18341263150984 ], [ 106.949692016363031, -6.183427763015081 ], [ 106.949624457605339, -6.183447712412171 ], [ 106.949558601542179, -6.183472791809099 ], [ 106.949499219580787, -6.183500708955624 ], [ 106.949443459765206, -6.18353418393944 ], [ 106.949391354291862, -6.183573128040978 ], [ 106.949341760050814, -6.183618684635807 ], [ 106.949340100421338, -6.183620133686597 ], [ 106.949274365938081, -6.183673976006145 ], [ 106.949208908838216, -6.183727587659632 ], [ 106.949143450820969, -6.183781199312392 ], [ 106.949077993693038, -6.183834810957831 ], [ 106.949072010391234, -6.183838953848307 ], [ 106.949006074904617, -6.183876903515507 ], [ 106.94900459002632, -6.18387772175907 ], [ 106.948937384928428, -6.183913111114526 ], [ 106.948935870933326, -6.183913872505773 ], [ 106.948867387237215, -6.183946714239277 ], [ 106.948865845025367, -6.183947417870764 ], [ 106.948796178316854, -6.183977664617164 ], [ 106.948794610598412, -6.183978310478913 ], [ 106.948723859190139, -6.184005919383615 ], [ 106.948722662029482, -6.184006364981424 ], [ 106.948650531796503, -6.1840314392872 ], [ 106.94864614242006, -6.184032720239689 ], [ 106.948580875368037, -6.184048220137429 ], [ 106.94857845253118, -6.184048725381477 ], [ 106.948575799840114, -6.18404912297522 ], [ 106.948509193444949, -6.184057080254551 ], [ 106.948504048924917, -6.184057398384594 ], [ 106.948436948379495, -6.184057709587758 ], [ 106.948428858713868, -6.1840570114481 ], [ 106.948357624184212, -6.184043975937034 ], [ 106.948286612027431, -6.18403097847657 ], [ 106.9482156007779, -6.184017981906312 ], [ 106.94821236855563, -6.184017266853784 ], [ 106.948135156746986, -6.183997191212351 ], [ 106.948057944940885, -6.183977115557841 ], [ 106.947980733137328, -6.183957039890275 ], [ 106.947903520429634, -6.183936963308827 ], [ 106.947826308631178, -6.18391688761509 ], [ 106.947749096835253, -6.183896811908294 ], [ 106.947673053329169, -6.183877040207516 ], [ 106.947587954152553, -6.183859700301191 ], [ 106.947501676987969, -6.183842120587431 ], [ 106.947415400728261, -6.183824540854553 ], [ 106.947329122666588, -6.183806962016573 ], [ 106.94724284460311, -6.183789382258669 ], [ 106.947157371152542, -6.183771965892615 ], [ 106.947080116319285, -6.183759133979763 ], [ 106.947002049753777, -6.183746167604252 ], [ 106.946923982281902, -6.183733200315257 ], [ 106.946845914810325, -6.183720233013577 ], [ 106.946767848245742, -6.183707266600007 ], [ 106.946690170370417, -6.183694363845644 ], [ 106.946609916828791, -6.183682418025997 ], [ 106.946529301735723, -6.183670418366888 ], [ 106.946448687545924, -6.183658418691083 ], [ 106.946368072452643, -6.183646419005179 ], [ 106.946287458262617, -6.183634419302598 ], [ 106.946207662985714, -6.183622541354324 ], [ 106.946120847519296, -6.183612893335433 ], [ 106.946033191556609, -6.183603150735791 ], [ 106.945945535595968, -6.183593409024763 ], [ 106.945858147145231, -6.183583697058321 ], [ 106.94577753146217, -6.183575736854177 ], [ 106.945696632012428, -6.183567748744645 ], [ 106.945615732561293, -6.183559760622002 ], [ 106.945534834008839, -6.183551771578856 ], [ 106.945453935458303, -6.183543783426738 ], [ 106.945373036003005, -6.183535795264816 ], [ 106.945370604772421, -6.18353548863147 ], [ 106.945317614829889, -6.183527333170288 ], [ 106.945300976832812, -6.183524772161312 ], [ 106.945262103921976, -6.183518789123648 ], [ 106.945231348893216, -6.183514055681153 ], [ 106.945161720953621, -6.183503339190961 ], [ 106.945091686244382, -6.183492555467336 ], [ 106.945083486500479, -6.183490411998263 ], [ 106.945005635853803, -6.183461629758498 ], [ 106.945000640220897, -6.183459431160617 ], [ 106.944995945980565, -6.183456645593826 ], [ 106.94499162284464, -6.183453314392109 ], [ 106.944929182404721, -6.18339888931202 ], [ 106.944926927083799, -6.183396783750693 ], [ 106.944874855358933, -6.183344730166239 ], [ 106.944822784550951, -6.18329267747418 ], [ 106.944770469836911, -6.183240377035292 ], [ 106.944715368031595, -6.183183584303397 ], [ 106.944660509247612, -6.183127038399683 ], [ 106.944605650472113, -6.183070491582443 ], [ 106.944550791711691, -6.183013945659866 ], [ 106.944495932959725, -6.182957398823747 ], [ 106.944441074222851, -6.182900852882291 ], [ 106.944386215494447, -6.182844306027279 ], [ 106.944384704475397, -6.182842669685967 ], [ 106.944342360167795, -6.182794477149907 ], [ 106.94433824288312, -6.182788884902055 ], [ 106.944304536954093, -6.182734811134234 ], [ 106.944303826192453, -6.182733630249987 ], [ 106.944301155082655, -6.182728245176605 ], [ 106.944276698661199, -6.182669400003213 ], [ 106.944276015653429, -6.182667655754394 ], [ 106.944275297876615, -6.182665543658437 ], [ 106.944248415334215, -6.182579595696339 ], [ 106.944221531901064, -6.182493647733184 ], [ 106.944194649387185, -6.182407700666475 ], [ 106.944167766882629, -6.182321752691339 ], [ 106.944140883487307, -6.182235804715145 ], [ 106.944123117834792, -6.182179005464022 ], [ 106.944114933348857, -6.182152837800567 ], [ 106.944114001007961, -6.182149856731297 ], [ 106.94408711854453, -6.182063909647223 ], [ 106.944060235187038, -6.181977961657988 ], [ 106.944033656218053, -6.181892985377633 ], [ 106.94401156675373, -6.181832160542233 ], [ 106.943988385605451, -6.181770978051941 ], [ 106.943965023869794, -6.181711797023799 ], [ 106.943936265396701, -6.18165510938917 ], [ 106.943903306982506, -6.181600121477659 ], [ 106.943867766648495, -6.181549323629149 ], [ 106.943808929540936, -6.181489037319122 ], [ 106.943747518105283, -6.181426112263034 ], [ 106.943686106687565, -6.181363188099248 ], [ 106.943624694381114, -6.181300263926971 ], [ 106.943563282992685, -6.181237339739595 ], [ 106.943501871615581, -6.18117441463632 ], [ 106.943440248965558, -6.181111270594052 ], [ 106.943378998187782, -6.181046797036231 ], [ 106.94331795870923, -6.180982541489727 ], [ 106.943316586618351, -6.180981097211021 ], [ 106.943256920152336, -6.180918286832236 ], [ 106.943228116219146, -6.18088796507315 ], [ 106.94319588160711, -6.180854031258862 ], [ 106.943143347676923, -6.180798727864407 ], [ 106.943134843980232, -6.180789775670404 ], [ 106.943073804568201, -6.180725521884969 ], [ 106.943012765164553, -6.180661266279549 ], [ 106.942951726679254, -6.180597010659048 ], [ 106.942890689118897, -6.180532756831664 ], [ 106.942840979239705, -6.180480427547254 ], [ 106.942829649760171, -6.180468501190884 ], [ 106.942795325784346, -6.180432368932801 ], [ 106.942768610416422, -6.180404245538338 ], [ 106.942707571997644, -6.180339991678912 ], [ 106.942701768964085, -6.180333882989302 ], [ 106.942646533590519, -6.180275736903604 ], [ 106.94258549429172, -6.180211481215716 ], [ 106.942524269994692, -6.180147027286867 ], [ 106.942466339452579, -6.180084556692026 ], [ 106.942408593937458, -6.180022284315715 ], [ 106.942350849339562, -6.179960011925471 ], [ 106.942293104755493, -6.179897739524558 ], [ 106.942235359281881, -6.179835467116297 ], [ 106.942178054597676, -6.179773669555688 ], [ 106.942115572859464, -6.179709948858477 ], [ 106.942052661336618, -6.179645790319235 ], [ 106.941989748922353, -6.179581630866842 ], [ 106.941926837430017, -6.1795174723029 ], [ 106.941864060152739, -6.179453450661946 ], [ 106.941800788180558, -6.179389770762934 ], [ 106.941737439160221, -6.179326015187282 ], [ 106.94167409106177, -6.179262260499981 ], [ 106.941610745698526, -6.179198508502618 ], [ 106.941594947215023, -6.179182608561977 ], [ 106.941541251806981, -6.179126295631439 ], [ 106.941487885566147, -6.179070319628984 ], [ 106.941434518436623, -6.179014344524957 ], [ 106.941381152218568, -6.17895836850454 ], [ 106.941327826821691, -6.178902435723684 ], [ 106.941267834588785, -6.178839839532703 ], [ 106.941207801557098, -6.17877719917776 ], [ 106.941147769446403, -6.178714559712251 ], [ 106.941087736443365, -6.178651919334595 ], [ 106.941027704361304, -6.178589279846405 ], [ 106.9409676713869, -6.178526639446051 ], [ 106.940907332799, -6.178463672860059 ], [ 106.940851473517696, -6.178403028860317 ], [ 106.94079592168714, -6.178342711922494 ], [ 106.940740370769575, -6.178282394067407 ], [ 106.940684818964854, -6.178222077109821 ], [ 106.940629267173037, -6.178161760142357 ], [ 106.94057371629421, -6.178101442257613 ], [ 106.940518164528228, -6.178041125270389 ], [ 106.940462896655717, -6.177981116445059 ], [ 106.940406764430122, -6.177922393704645 ], [ 106.940350340226161, -6.177863368236728 ], [ 106.940293916031578, -6.177804341854673 ], [ 106.940237493656426, -6.177745315455993 ], [ 106.940181069490507, -6.177686289957975 ], [ 106.940124645333995, -6.177627263545837 ], [ 106.940068222996899, -6.17756823711706 ], [ 106.940011798869065, -6.177509211588944 ], [ 106.939955309457943, -6.177450116672033 ], [ 106.939893139463209, -6.177384531020495 ], [ 106.939831034776688, -6.177319013831439 ], [ 106.939768930105714, -6.177253496630169 ], [ 106.939706824546903, -6.177187979419999 ], [ 106.939644719907008, -6.177122462194355 ], [ 106.939582615282646, -6.177056944956498 ], [ 106.939520495254044, -6.176991410584477 ], [ 106.939466123939553, -6.176933932553922 ], [ 106.939411768960127, -6.176876471632692 ], [ 106.939357413992639, -6.176819010702129 ], [ 106.939303059940443, -6.176761549758925 ], [ 106.939248704996828, -6.176704088809666 ], [ 106.939194350065151, -6.176646627851055 ], [ 106.939139995145396, -6.176589166883081 ], [ 106.939085777175649, -6.176531850969346 ], [ 106.939028724723201, -6.17647263317256 ], [ 106.938971523568952, -6.176413261303693 ], [ 106.938914322427593, -6.176353889424552 ], [ 106.938857121299137, -6.176294517535136 ], [ 106.938799920183612, -6.176235145635447 ], [ 106.938742719080963, -6.176175773725483 ], [ 106.938741883830929, -6.176174883502275 ], [ 106.938688219741962, -6.176116084558417 ], [ 106.938632205458291, -6.176061362697366 ], [ 106.938573145245527, -6.176009936584653 ], [ 106.938511239381441, -6.175961979984068 ], [ 106.938446709807806, -6.175917662059998 ], [ 106.93837995042135, -6.175877238145619 ], [ 106.938307400640838, -6.175839861399104 ], [ 106.938233472441695, -6.175801774505229 ], [ 106.938159543344113, -6.175763686696902 ], [ 106.938085644124996, -6.175725615040221 ], [ 106.938026846451862, -6.17569543192718 ], [ 106.937968018016875, -6.175665234451752 ], [ 106.937909188677125, -6.175635035162757 ], [ 106.937831092261135, -6.175594939060515 ], [ 106.937753006711105, -6.175554847424095 ], [ 106.937694850868056, -6.175525023571551 ], [ 106.93704498104691, -6.175193945313532 ], [ 106.936886526234957, -6.175113218522706 ], [ 106.936808774987625, -6.175073608284886 ], [ 106.936495907480904, -6.174914215597533 ], [ 106.936359317948856, -6.174844629118394 ], [ 106.936251817708694, -6.174789861913124 ], [ 106.936246916854742, -6.174787365395955 ], [ 106.936204529662675, -6.174765770184687 ], [ 106.936060678526445, -6.174695099773809 ], [ 106.935915278173184, -6.174627674405559 ], [ 106.935768401894109, -6.174563527265072 ], [ 106.935726138607237, -6.174546689025171 ], [ 106.935666688933054, -6.174522981429508 ], [ 106.935607246495906, -6.174499275607439 ], [ 106.935548004001333, -6.174475650420384 ], [ 106.935490157922288, -6.174453211773788 ], [ 106.935432220481886, -6.174430739095199 ], [ 106.935364110775524, -6.174404714058402 ], [ 106.935296734729533, -6.174378969331425 ], [ 106.935262821180984, -6.174367552511478 ], [ 106.935170663337033, -6.174340208103647 ], [ 106.935077189050787, -6.174317776926311 ], [ 106.934982658718113, -6.174300321320881 ], [ 106.934887337199143, -6.174287889146872 ], [ 106.934791492021404, -6.174280516500759 ], [ 106.934695390656685, -6.174278224109362 ], [ 106.934683770771997, -6.174278291675853 ], [ 106.934305923469367, -6.174280486371309 ], [ 106.93366473600949, -6.174292057956879 ], [ 106.933624976478328, -6.174292775660867 ], [ 106.933414020145278, -6.174296582813205 ], [ 106.933335534462884, -6.174297999056245 ], [ 106.933330226392172, -6.174297797738235 ], [ 106.933324929513148, -6.174298191290371 ], [ 106.933317513105848, -6.174299773324386 ], [ 106.933310442381654, -6.174302514992169 ], [ 106.933303898674239, -6.174306348729991 ], [ 106.933298048742159, -6.17431117357466 ], [ 106.933293041207705, -6.174316869642373 ], [ 106.933289004717551, -6.174323289094161 ], [ 106.93328773056956, -6.174325922000255 ], [ 106.933260751900974, -6.174386379070389 ], [ 106.933246681766931, -6.174406790973854 ], [ 106.933229628947032, -6.174424786152763 ], [ 106.933210002911224, -6.174439932757989 ], [ 106.933188273004362, -6.17445186834008 ], [ 106.93316496123883, -6.174460305300157 ], [ 106.933140626980091, -6.174465042699143 ], [ 106.933115852492676, -6.174465966310366 ], [ 106.933098555886986, -6.174464323078698 ], [ 106.933079179892545, -6.174462482165999 ], [ 106.933076890634467, -6.174462205685491 ], [ 106.9330093316958, -6.174452284305421 ], [ 106.932941965278843, -6.174442391148388 ], [ 106.932853110873282, -6.174430187357506 ], [ 106.932764749050747, -6.17441805047427 ], [ 106.93269931330515, -6.174411189018361 ], [ 106.932633159104299, -6.1744042533133 ], [ 106.932567013029669, -6.17439731666583 ], [ 106.932478549668005, -6.174388070572677 ], [ 106.932391266562888, -6.174378947658306 ], [ 106.932320325476596, -6.174375283226222 ], [ 106.932248207066593, -6.174371557963234 ], [ 106.932176410318363, -6.174367849604441 ], [ 106.932089472773711, -6.174364589508557 ], [ 106.932002219004985, -6.174361318792775 ], [ 106.931914965229623, -6.17435804715823 ], [ 106.931913979470451, -6.174357999202587 ], [ 106.931838074860821, -6.174353490195307 ], [ 106.931762741310862, -6.17434901617242 ], [ 106.931688426698969, -6.174346516655333 ], [ 106.931613524817863, -6.174343997560714 ], [ 106.931538198279995, -6.174341460106272 ], [ 106.931459678883456, -6.174337339362054 ], [ 106.931381585045429, -6.174333237855906 ], [ 106.931303716185823, -6.174329147274852 ], [ 106.931240400334161, -6.174326189162485 ], [ 106.931177050149657, -6.174323230262861 ], [ 106.931113516540805, -6.174320261171718 ], [ 106.931031455429491, -6.174315764444457 ], [ 106.930978721088891, -6.174312874583205 ], [ 106.930957572418507, -6.174311716305023 ], [ 106.930879571923541, -6.17431019384155 ], [ 106.930801606049542, -6.174312992035969 ], [ 106.930723915067261, -6.17432010368814 ], [ 106.930689067580104, -6.174324935184045 ], [ 106.930604549803363, -6.174340039612384 ], [ 106.930518681416203, -6.174355379480103 ], [ 106.930433881564667, -6.174368682089668 ], [ 106.930349555694079, -6.174381906117096 ], [ 106.930265228908596, -6.174395129231584 ], [ 106.930180903021522, -6.174408353234862 ], [ 106.930096577122924, -6.174421576321937 ], [ 106.930094750485466, -6.174421824348602 ], [ 106.930015428962548, -6.174430963435656 ], [ 106.929936107430009, -6.174440101607596 ], [ 106.929856786797743, -6.174449240669396 ], [ 106.929777465252485, -6.174458378819373 ], [ 106.929698055210153, -6.174467528128763 ], [ 106.929611236569741, -6.174477182576136 ], [ 106.929524507319186, -6.174486826740767 ], [ 106.929437778961244, -6.174496469984843 ], [ 106.929351049695711, -6.17450611412313 ], [ 106.929263929401927, -6.174515797639225 ], [ 106.929187076939968, -6.174522992837181 ], [ 106.929110616390133, -6.174530146822286 ], [ 106.929034155838124, -6.17453730170116 ], [ 106.928957653738834, -6.174544460336765 ], [ 106.928884256804821, -6.174551190000249 ], [ 106.928810902307774, -6.174557914979713 ], [ 106.9287375468991, -6.174564639048779 ], [ 106.92871885674802, -6.174566352304215 ], [ 106.928664192395374, -6.174571364913259 ], [ 106.928590963412319, -6.174578078559585 ], [ 106.928153518419478, -6.174618191409127 ], [ 106.92808077165347, -6.174624862555976 ], [ 106.928068496076847, -6.174625988371642 ], [ 106.928026287886695, -6.17462985907853 ], [ 106.928023948871243, -6.174630313287049 ], [ 106.928016109007402, -6.174632719539389 ], [ 106.928008766893271, -6.174636370773025 ], [ 106.928002118216384, -6.174641171345968 ], [ 106.927996341375987, -6.174646991322281 ], [ 106.927991590288798, -6.174653675539259 ], [ 106.927987993492209, -6.174661045418969 ], [ 106.927988232962448, -6.174633348562375 ], [ 106.927988342461589, -6.174620666037314 ], [ 106.927988418785333, -6.174611798125875 ], [ 106.927988948812754, -6.174550298687299 ], [ 106.927988994747196, -6.17454501663637 ], [ 106.927989077390237, -6.174535398280233 ], [ 106.927989321920805, -6.174507101971917 ], [ 106.927989393059136, -6.174498798251776 ], [ 106.927991003201726, -6.174505378950667 ], [ 106.927993708712236, -6.17451159041475 ], [ 106.927997431246794, -6.174517252103394 ], [ 106.928002060896077, -6.174522198056246 ], [ 106.928007465248157, -6.174526284997643 ], [ 106.92801348487518, -6.174529393256926 ], [ 106.928019945099891, -6.174531433054832 ], [ 106.928026658709157, -6.17453234539767 ], [ 106.928055599025001, -6.174529994684661 ], [ 106.928059503190838, -6.174529677655764 ], [ 106.928088639481174, -6.174527310860802 ], [ 106.928145453525332, -6.174522694663159 ], [ 106.92866629773259, -6.174480379976213 ], [ 106.928729306542351, -6.174474603877984 ], [ 106.928802661939415, -6.174467879813864 ], [ 106.928876015521524, -6.174461154842621 ], [ 106.928949328460178, -6.174454433625664 ], [ 106.929025746563653, -6.174447283436816 ], [ 106.929102207103583, -6.17444012856312 ], [ 106.929178667641381, -6.174432974583177 ], [ 106.929254710048696, -6.174425859178006 ], [ 106.929341074488491, -6.174416255259047 ], [ 106.92942780374058, -6.17440661112686 ], [ 106.929514532085079, -6.174396967888883 ], [ 106.929601261322205, -6.174387323730351 ], [ 106.929687902057836, -6.174377689824933 ], [ 106.929767134196581, -6.174368561057022 ], [ 106.929846455729589, -6.174359422912688 ], [ 106.929925776349606, -6.174350283856514 ], [ 106.930005097869895, -6.174341145690183 ], [ 106.930083495609423, -6.174332113029563 ], [ 106.930166918629581, -6.174319031554686 ], [ 106.930251245407604, -6.174305807554625 ], [ 106.930335572180667, -6.174292584446596 ], [ 106.930419897135479, -6.174279360428939 ], [ 106.93050375259665, -6.174266211336446 ], [ 106.930588670309362, -6.174251035858385 ], [ 106.930662627187075, -6.174237817781013 ], [ 106.930763284962012, -6.174226027154158 ], [ 106.930864486203888, -6.174220621249227 ], [ 106.930965827183485, -6.174221621420607 ], [ 106.931008274511484, -6.174223947378667 ], [ 106.931036394126139, -6.174225488115543 ], [ 106.931118076634036, -6.174229964521503 ], [ 106.931181262370288, -6.174232916795597 ], [ 106.931244612543765, -6.174235875698085 ], [ 106.931308094636549, -6.174238842251047 ], [ 106.931386319480893, -6.17424295143401 ], [ 106.931464413305278, -6.174247052943611 ], [ 106.931542079749988, -6.174251132485667 ], [ 106.93161655969304, -6.174253637756205 ], [ 106.931691461561172, -6.174256156854345 ], [ 106.931766363426732, -6.174258675941728 ], [ 106.93176752175161, -6.17425872960004 ], [ 106.931843427250115, -6.174263237714404 ], [ 106.931918831267041, -6.174267716898262 ], [ 106.932005600751069, -6.174270970404574 ], [ 106.93209285450466, -6.174274241124409 ], [ 106.932180427201999, -6.174277526945557 ], [ 106.932252862738551, -6.174281266440237 ], [ 106.932324981135977, -6.174284991706411 ], [ 106.932397098628016, -6.174288716965769 ], [ 106.932399462534121, -6.174288901862289 ], [ 106.932487933111702, -6.174298148852059 ], [ 106.932576410914734, -6.174307395799898 ], [ 106.932642571434727, -6.174314333301275 ], [ 106.932708725623797, -6.174321269008633 ], [ 106.932774878911957, -6.174328205614611 ], [ 106.932776314105624, -6.174328379417006 ], [ 106.932865393551779, -6.17434061495739 ], [ 106.932954680876463, -6.174352878658191 ], [ 106.933022447688629, -6.174362830034338 ], [ 106.93308886865826, -6.174372584671937 ], [ 106.933097758245097, -6.174373429371034 ], [ 106.933114332825269, -6.174373516524094 ], [ 106.933130684971118, -6.174370808041759 ], [ 106.933146347011302, -6.174365380665248 ], [ 106.933160868727128, -6.174357390634972 ], [ 106.933173835393617, -6.174347066392015 ], [ 106.933184875890078, -6.17433470312384 ], [ 106.933205533527669, -6.174288411265749 ], [ 106.933206125140998, -6.174287138827743 ], [ 106.933222392292592, -6.174253528737851 ], [ 106.933232438416255, -6.174239241498854 ], [ 106.933244675523923, -6.174226778950229 ], [ 106.933258776897588, -6.174216474090952 ], [ 106.933274367727748, -6.174208601326872 ], [ 106.933291031414171, -6.174203370119113 ], [ 106.93330832399991, -6.174200919506794 ], [ 106.933317710478974, -6.174200778715125 ], [ 106.934296428861032, -6.174186117265739 ], [ 106.934633145589402, -6.174181740424498 ], [ 106.934672206635085, -6.174181232230985 ], [ 106.934768826915629, -6.174183384414897 ], [ 106.934865217266022, -6.17419038439937 ], [ 106.934961134618348, -6.174202214985238 ], [ 106.935056336765484, -6.174218847216911 ], [ 106.935166352000664, -6.174244305810775 ] ], [ [ 106.951555895073383, -6.183633879417846 ], [ 106.951539969240116, -6.183644201374617 ], [ 106.951557223857364, -6.183633115084444 ], [ 106.951555895073383, -6.183633879417846 ] ] ], [ [ [ 106.959934611341609, -6.183243294934541 ], [ 106.960006197654735, -6.183266571957621 ], [ 106.960007532724504, -6.18326702903045 ], [ 106.96000928414179, -6.183267701552706 ], [ 106.960081496637599, -6.183297147677523 ], [ 106.960153709138808, -6.183326593789958 ], [ 106.960225921645417, -6.183356039890015 ], [ 106.960298134160794, -6.183385486881797 ], [ 106.960370346678246, -6.18341493295709 ], [ 106.960442734720573, -6.183444450700764 ], [ 106.96044474790088, -6.183445309405132 ], [ 106.960524717852579, -6.183480916334088 ], [ 106.960604512275779, -6.183516447046413 ], [ 106.960684307606655, -6.183551976835905 ], [ 106.960764102945149, -6.183587506609972 ], [ 106.960843898291273, -6.183623036368644 ], [ 106.960923692741659, -6.183658566115241 ], [ 106.961003488103046, -6.183694095843093 ], [ 106.961083283475389, -6.183729626459611 ], [ 106.961163078852024, -6.183765156156642 ], [ 106.961242873332921, -6.183800685841597 ], [ 106.961322668724819, -6.183836215507792 ], [ 106.961402464127673, -6.183871746062682 ], [ 106.961482259534804, -6.183907275698069 ], [ 106.961562054046212, -6.183942805321381 ], [ 106.96164184946862, -6.183978334925928 ], [ 106.961721644898645, -6.184013864515081 ], [ 106.961801440342953, -6.184049395897002 ], [ 106.961881234881545, -6.184084924554575 ], [ 106.961961034857964, -6.184120455888991 ], [ 106.96204190717809, -6.184156484121299 ], [ 106.962122775885945, -6.184192510542942 ], [ 106.96220364550166, -6.184228536041323 ], [ 106.962284514225203, -6.184264562431316 ], [ 106.962365382956563, -6.18430058880546 ], [ 106.962446251695766, -6.184336615163771 ], [ 106.962527121342845, -6.184372640598818 ], [ 106.962607990097737, -6.184408666925462 ], [ 106.962688861573895, -6.184444694130366 ], [ 106.962765940808481, -6.184479043752858 ], [ 106.96284301824015, -6.184513392463566 ], [ 106.962920095675585, -6.184547740255801 ], [ 106.962997173121494, -6.184582088937721 ], [ 106.963074250571182, -6.184616436701183 ], [ 106.96315132803133, -6.184650785354331 ], [ 106.963228484218291, -6.184685168058106 ], [ 106.963302791337654, -6.184718621009973 ], [ 106.963303369556485, -6.184718881062925 ], [ 106.963350579076064, -6.18474013473287 ], [ 106.963377018840717, -6.184752039886811 ], [ 106.963451247250532, -6.184785457842846 ], [ 106.96352547477035, -6.184818877597027 ], [ 106.963599703193594, -6.184852295526299 ], [ 106.963673930720162, -6.184885713445551 ], [ 106.963748159156836, -6.18491913134809 ], [ 106.963822393940461, -6.184952553734322 ], [ 106.963894337671533, -6.184984972886306 ], [ 106.96396627417198, -6.185017389340175 ], [ 106.964038211578753, -6.185049804874032 ], [ 106.964110148091819, -6.185082221302771 ], [ 106.96418208551458, -6.185114637715605 ], [ 106.964253822062389, -6.185146964448438 ], [ 106.964332060979629, -6.185181449626275 ], [ 106.964410438342853, -6.185215994852241 ], [ 106.964488818426773, -6.185250540957426 ], [ 106.964567196711201, -6.185285087054453 ], [ 106.964645574999537, -6.185319632232547 ], [ 106.964723953298432, -6.185354178299888 ], [ 106.964724866338329, -6.185354592618018 ], [ 106.964795397518756, -6.185387570149222 ], [ 106.964829725593646, -6.185403621176259 ], [ 106.964862479973263, -6.185418935753718 ], [ 106.964865929612316, -6.185420548569006 ], [ 106.964936460805603, -6.18545352607586 ], [ 106.965006992005343, -6.18548650357053 ], [ 106.965077524118215, -6.185519481953762 ], [ 106.965147867103141, -6.185552371518447 ], [ 106.965208892629079, -6.18558012317585 ], [ 106.965270161582879, -6.18560798693629 ], [ 106.965330959082067, -6.185635634543453 ], [ 106.965409312841146, -6.185669144469837 ], [ 106.965488130772698, -6.185702852470373 ], [ 106.965562049164276, -6.185734463893136 ], [ 106.965566948707902, -6.18573655955189 ], [ 106.965645766653381, -6.185770267522601 ], [ 106.96566119546226, -6.185776865516806 ], [ 106.965677818620378, -6.185783974428337 ], [ 106.965724584605866, -6.185803975478399 ], [ 106.965763148493309, -6.185820468225422 ], [ 106.965803495762486, -6.185837723758905 ], [ 106.96588416022874, -6.185872651716681 ], [ 106.965964730601897, -6.185907539322517 ], [ 106.966045301885842, -6.185942426909379 ], [ 106.966125872277203, -6.185977315388064 ], [ 106.966206443576013, -6.186012202943672 ], [ 106.966287013978913, -6.186047090486999 ], [ 106.966367217027184, -6.186081818444746 ], [ 106.966440458533796, -6.186112119461906 ], [ 106.96651401309586, -6.186142550401867 ], [ 106.966587567660341, -6.186172980424825 ], [ 106.966661122230562, -6.186203410434883 ], [ 106.966734675906523, -6.18623384133948 ], [ 106.966808640365556, -6.186264446105585 ], [ 106.966884586452963, -6.186297631962586 ], [ 106.966960122669661, -6.186330643023979 ], [ 106.967025599757562, -6.186359256712472 ], [ 106.967035658889642, -6.18636365316752 ], [ 106.9670710400286, -6.186379115153549 ], [ 106.967111195116274, -6.186396663297296 ], [ 106.967186731356207, -6.186429675221481 ], [ 106.967262267599423, -6.18646268622781 ], [ 106.967337973056544, -6.186495771633944 ], [ 106.967411366589289, -6.186528563621768 ], [ 106.967484590924542, -6.186561282087129 ], [ 106.967557815262907, -6.186593999635399 ], [ 106.967631038707708, -6.186626718078103 ], [ 106.967704263058977, -6.186659435600354 ], [ 106.967777838528747, -6.186692315450858 ], [ 106.96785107211609, -6.186726549090644 ], [ 106.967923952798188, -6.18676062219108 ], [ 106.967996834390519, -6.186794695275138 ], [ 106.968021019965818, -6.186806002738618 ], [ 106.968069715993067, -6.186828769250266 ], [ 106.968090825657725, -6.186838637931643 ], [ 106.96814259669577, -6.186862842311657 ], [ 106.968215736226867, -6.186897038262501 ], [ 106.968288847382539, -6.186932352678397 ], [ 106.968362066784991, -6.186965181306316 ], [ 106.968436580789358, -6.186996071250186 ], [ 106.968519758495958, -6.18702923361544 ], [ 106.968521230580933, -6.187029851083541 ], [ 106.968603505400935, -6.187066073544465 ], [ 106.968604954185892, -6.187066741728298 ], [ 106.968685396802627, -6.187105606419477 ], [ 106.968751745448259, -6.187135592644863 ], [ 106.96881863974717, -6.187165824559914 ], [ 106.968885533148182, -6.187196056467451 ], [ 106.968952427464743, -6.187226290168932 ], [ 106.968977343729719, -6.187237550565594 ], [ 106.969339227613759, -6.187403121700993 ], [ 106.969511791019031, -6.187482073199652 ], [ 106.969590705888749, -6.187517705796294 ], [ 106.969669619869421, -6.187553340189316 ], [ 106.969748014447106, -6.187588739619905 ], [ 106.969817930719003, -6.187618262196083 ], [ 106.969888345535736, -6.187647994470306 ], [ 106.96995875945791, -6.187677727640092 ], [ 106.969959875136027, -6.187678216235065 ], [ 106.970038010869089, -6.187713723254982 ], [ 106.970039205421685, -6.187714287501501 ], [ 106.970116269131225, -6.187752065062993 ], [ 106.970117446650576, -6.187752664632376 ], [ 106.970193374084673, -6.187792682234719 ], [ 106.970194534564115, -6.187793315318818 ], [ 106.970196722613977, -6.187794551240781 ], [ 106.970269376429641, -6.187835604417575 ], [ 106.970270401283415, -6.187836205457149 ], [ 106.97034386064685, -6.187880597183817 ], [ 106.970345921643968, -6.18788192037005 ], [ 106.970391964784255, -6.18791327274195 ], [ 106.970430920199348, -6.187939801822091 ], [ 106.970438006129271, -6.187944626922971 ], [ 106.970438951708061, -6.187945287926905 ], [ 106.970503751317878, -6.187991881601685 ], [ 106.97055295134912, -6.188027259041926 ], [ 106.970568550941195, -6.188038476168968 ], [ 106.970603922212263, -6.188063909203636 ], [ 106.970623115091286, -6.188077709565186 ], [ 106.970626547413389, -6.188079761788684 ], [ 106.970650786209447, -6.188097606443181 ], [ 106.970642064277655, -6.188109119980325 ], [ 106.970596191881455, -6.188169676881281 ], [ 106.970571687419579, -6.18815205742761 ], [ 106.970570175646785, -6.188150969982401 ], [ 106.97051583974492, -6.18811189937685 ], [ 106.970498296315668, -6.188099284492329 ], [ 106.97045104011319, -6.188065304804623 ], [ 106.970396986841749, -6.188026439267046 ], [ 106.970386688868359, -6.188019034936772 ], [ 106.970341145632673, -6.187988019749475 ], [ 106.970296117738087, -6.187957358859414 ], [ 106.970224266370451, -6.187913939397213 ], [ 106.970163426394208, -6.187879561648262 ], [ 106.97015068463503, -6.187872361665564 ], [ 106.970075959226691, -6.187832977894066 ], [ 106.970000064796565, -6.187795773710915 ], [ 106.96992306922688, -6.187760784123848 ], [ 106.969853228029052, -6.187731292934359 ], [ 106.969782813200297, -6.187701560658457 ], [ 106.969712398373616, -6.187671827466574 ], [ 106.969711381326789, -6.187671382805998 ], [ 106.969632467328609, -6.187635749329873 ], [ 106.969553554241386, -6.187600115835258 ], [ 106.96947463935841, -6.187564483236287 ], [ 106.96939572447971, -6.187528849718089 ], [ 106.969316810511998, -6.1874932161814 ], [ 106.969314663849261, -6.187492178099231 ], [ 106.969282559509679, -6.187475588493787 ], [ 106.968897052941614, -6.187300463597195 ], [ 106.968848353331239, -6.187278453932144 ], [ 106.968781459919001, -6.187248222022626 ], [ 106.968714565605509, -6.187217989201508 ], [ 106.968647672200902, -6.187187756366141 ], [ 106.968646625180256, -6.187187267513126 ], [ 106.968566387986229, -6.187148502412758 ], [ 106.968485588971561, -6.187112929951352 ], [ 106.968402539712926, -6.187079816833651 ], [ 106.968326921887098, -6.187048471696616 ], [ 106.968325741088108, -6.187047961640271 ], [ 106.968251327230206, -6.187014597689521 ], [ 106.96825015985803, -6.187014054131458 ], [ 106.968176970853435, -6.186978700221161 ], [ 106.968104362520592, -6.186944754543137 ], [ 106.96807389752145, -6.186930512141067 ], [ 106.968031480902397, -6.186910681482741 ], [ 106.96800268914707, -6.186897220345953 ], [ 106.967958600191125, -6.18687660750188 ], [ 106.967885718586686, -6.186842534415455 ], [ 106.967812837892481, -6.186808461312665 ], [ 106.967740309230649, -6.186774553247008 ], [ 106.967667435042586, -6.18674199084752 ], [ 106.967594210678982, -6.18670927332317 ], [ 106.96752098722186, -6.186676554878367 ], [ 106.967447762871174, -6.186643837327996 ], [ 106.967374538523586, -6.186611118860537 ], [ 106.967301449921706, -6.186578463164322 ], [ 106.967226115437754, -6.186545540024152 ], [ 106.967150579181748, -6.186512529015775 ], [ 106.967075043835735, -6.186479517990303 ], [ 106.967040376609731, -6.18646436798968 ], [ 106.966999507596327, -6.186446507858498 ], [ 106.96699712514436, -6.186445466117036 ], [ 106.966923970456847, -6.186413496812187 ], [ 106.966848434227344, -6.186380485748765 ], [ 106.966773328709479, -6.186347662937813 ], [ 106.966700164064946, -6.186317393341909 ], [ 106.96662661037638, -6.186286962435656 ], [ 106.966553056700263, -6.186256533324684 ], [ 106.966479502119824, -6.186226102395983 ], [ 106.966405947545141, -6.186195671454383 ], [ 106.966332053681981, -6.18616509800393 ], [ 106.966251142150369, -6.186130066176684 ], [ 106.966170571733826, -6.186095178631254 ], [ 106.966090000421332, -6.186060291073524 ], [ 106.9660094300163, -6.18602540259275 ], [ 106.965928858718684, -6.18599051500378 ], [ 106.96584828833187, -6.185955627395824 ], [ 106.965767898013254, -6.185920817762684 ], [ 106.965732380613247, -6.185905628307166 ], [ 106.965689085470629, -6.185887112512038 ], [ 106.965644995000702, -6.185868256097104 ], [ 106.965628371839713, -6.185861147185261 ], [ 106.965610267504744, -6.185853404554261 ], [ 106.96553145044922, -6.185819696578228 ], [ 106.96553034658055, -6.185819224201532 ], [ 106.9654526325006, -6.185785989494727 ], [ 106.965373813652278, -6.185752281495553 ], [ 106.96529499571426, -6.185718573478123 ], [ 106.965294059189318, -6.185718160152335 ], [ 106.965232789320567, -6.185690297306628 ], [ 106.96517152035652, -6.185662433544337 ], [ 106.965110034221581, -6.185634471125179 ], [ 106.965039286718451, -6.185601393193313 ], [ 106.964968754593883, -6.185568414807783 ], [ 106.964898223385774, -6.185535438214907 ], [ 106.964827692177437, -6.185502459801669 ], [ 106.96482673022517, -6.185502010404765 ], [ 106.96479397583667, -6.185486694922351 ], [ 106.964757160072153, -6.18546948137959 ], [ 106.964687072304571, -6.185436711957687 ], [ 106.964609164514656, -6.185402372995459 ], [ 106.964530786213089, -6.185367827815203 ], [ 106.964452407915431, -6.185333281716014 ], [ 106.96437402872165, -6.185298735605323 ], [ 106.964295650441798, -6.185264190380536 ], [ 106.964217102049119, -6.185229568017149 ], [ 106.9641449963013, -6.185197076292519 ], [ 106.964073058866475, -6.185164659877566 ], [ 106.964001122341344, -6.185132243446712 ], [ 106.963929185829187, -6.185099828811484 ], [ 106.963857248409965, -6.185067411454749 ], [ 106.963785318237356, -6.185034997675088 ], [ 106.963711097921831, -6.185001582465971 ], [ 106.963636869476048, -6.184968165465342 ], [ 106.963562641933663, -6.184934746639836 ], [ 106.963488413494645, -6.18490132780428 ], [ 106.963414185965703, -6.184867908952008 ], [ 106.963339957543425, -6.184834490993811 ], [ 106.963314306838086, -6.184822942755869 ], [ 106.963273060479949, -6.184804372122787 ], [ 106.963265730027913, -6.184801072114793 ], [ 106.963191580345438, -6.184767690003024 ], [ 106.96311458159154, -6.184733377235239 ], [ 106.963037504118418, -6.184699028579877 ], [ 106.962960426655769, -6.184664680814233 ], [ 106.962883349196872, -6.184630332130097 ], [ 106.962806271748462, -6.184595984335681 ], [ 106.962729194303847, -6.184561635622774 ], [ 106.962652119583126, -6.184527288693666 ], [ 106.962571252620194, -6.184491264182056 ], [ 106.962490384755057, -6.184455237849754 ], [ 106.962409515094365, -6.184419212412401 ], [ 106.962328645438177, -6.184383186055123 ], [ 106.962247776693204, -6.184347159678673 ], [ 106.96216690885943, -6.18431113328304 ], [ 106.962086039230101, -6.184275107782352 ], [ 106.962005169605277, -6.18423908136174 ], [ 106.961924305415153, -6.184203056713462 ], [ 106.961844513565623, -6.184167528059021 ], [ 106.961764719010276, -6.184131998495102 ], [ 106.961684923555865, -6.184096468015 ], [ 106.961605128115735, -6.184060939327666 ], [ 106.961525332676587, -6.184025408816755 ], [ 106.96144553815175, -6.183989879191171 ], [ 106.961365742731175, -6.183954349553512 ], [ 106.961285947314877, -6.183918818996348 ], [ 106.961206151909579, -6.183883289327884 ], [ 106.961126357415239, -6.183847759640656 ], [ 106.961046562025189, -6.183812229941351 ], [ 106.960966766639416, -6.183776699322545 ], [ 106.9608869712646, -6.183741169592436 ], [ 106.960807176800785, -6.183705639843565 ], [ 106.960727381444556, -6.183670110986711 ], [ 106.960647586089308, -6.183634580306281 ], [ 106.960567790741678, -6.183599049610424 ], [ 106.960487996308387, -6.183563519799915 ], [ 106.960408981830071, -6.183528325231436 ], [ 106.960408308643139, -6.18352803388123 ], [ 106.96040766715727, -6.183527765016658 ], [ 106.960336259883604, -6.183498659540866 ], [ 106.960264047353746, -6.183469213464019 ], [ 106.960191834825963, -6.183439766470684 ], [ 106.960119622306934, -6.183410320369076 ], [ 106.960047409793304, -6.183380874255088 ], [ 106.959976722671371, -6.183352049950808 ], [ 106.959907466240423, -6.183329531013945 ], [ 106.959836639926067, -6.183309269984096 ], [ 106.959765153595754, -6.183291557339077 ], [ 106.959693056980115, -6.18327640555301 ], [ 106.959681522519915, -6.183274409338485 ], [ 106.959620960276311, -6.183263928100905 ], [ 106.959586609265301, -6.183259990840528 ], [ 106.959559138580715, -6.183256842801379 ], [ 106.959541669298275, -6.183255438962777 ], [ 106.959496617125467, -6.183251817819651 ], [ 106.959472123258749, -6.183250683089969 ], [ 106.959436037968615, -6.183249010671563 ], [ 106.959397408506888, -6.183252175558339 ], [ 106.95931556371859, -6.183270443775355 ], [ 106.959233753451855, -6.183294901363367 ], [ 106.959153889373596, -6.183325090125217 ], [ 106.959074904709837, -6.183361532952874 ], [ 106.959073770115126, -6.183362037107103 ], [ 106.958992756392433, -6.183396747003548 ], [ 106.958911743556044, -6.183431455983505 ], [ 106.95883072980584, -6.18346616586182 ], [ 106.958749716038554, -6.183500874826976 ], [ 106.958668702260837, -6.183535584687161 ], [ 106.958587689369395, -6.183570293630855 ], [ 106.95850691638725, -6.183604900421138 ], [ 106.958433033643033, -6.183637345399918 ], [ 106.958359019205119, -6.183669847815315 ], [ 106.958285003855508, -6.183702351130637 ], [ 106.9582109948078, -6.183734851702867 ], [ 106.958131981087789, -6.1837695794458 ], [ 106.958052959240803, -6.183804311730649 ], [ 106.957973938280531, -6.183839043099511 ], [ 106.957894916406886, -6.183873775367251 ], [ 106.957815868362189, -6.183908518572118 ], [ 106.957736063146484, -6.1839434734073 ], [ 106.957656608373696, -6.183978904310697 ], [ 106.957577603241376, -6.184014763903405 ], [ 106.957498562548707, -6.184051274575554 ], [ 106.957419876795583, -6.184088255875254 ], [ 106.957341337659571, -6.184125805309658 ], [ 106.957276070254593, -6.184157015965845 ], [ 106.957248225530762, -6.18417033117478 ], [ 106.957210801939937, -6.184188227523808 ], [ 106.957145533612348, -6.184219438172039 ], [ 106.957080265278492, -6.184250649718737 ], [ 106.957077685782522, -6.184251784835031 ], [ 106.957012761280879, -6.184277989972375 ], [ 106.956947835870707, -6.184304196011208 ], [ 106.956882909545328, -6.184330401143314 ], [ 106.956817984118175, -6.184356607170239 ], [ 106.956816291734313, -6.184357248991708 ], [ 106.956736944212807, -6.184384793776958 ], [ 106.956657999057384, -6.184412194221866 ], [ 106.956579052987209, -6.184439594660902 ], [ 106.956500107809021, -6.184466995087391 ], [ 106.956497523503018, -6.18446780564476 ], [ 106.956422608483436, -6.184488867891735 ], [ 106.956347692551475, -6.184509930133319 ], [ 106.956272777513888, -6.184530992362842 ], [ 106.956197861563936, -6.184552054586992 ], [ 106.956194972448571, -6.184552765005606 ], [ 106.95613538282538, -6.184565349924454 ], [ 106.956134063028685, -6.184565607934687 ], [ 106.956131930461325, -6.184565940362392 ], [ 106.956071545893252, -6.184573866623764 ], [ 106.956068056403623, -6.184574187773983 ], [ 106.956006829800614, -6.184577423906672 ], [ 106.955934345307156, -6.184579941130854 ], [ 106.955861959244032, -6.184582448941844 ], [ 106.955782059364068, -6.184584116464335 ], [ 106.955702471116084, -6.18458577559475 ], [ 106.955622883763922, -6.184587433805966 ], [ 106.955543296410809, -6.184589092909484 ], [ 106.955463709050136, -6.184590751097146 ], [ 106.955384120785155, -6.18459241018045 ], [ 106.955304146783234, -6.184594072480045 ], [ 106.955220282365431, -6.184594384788459 ], [ 106.955136804572803, -6.184594692044199 ], [ 106.955053327679323, -6.184594999283513 ], [ 106.954969849878253, -6.184595306513053 ], [ 106.954968678149598, -6.184595295455532 ], [ 106.95491825801038, -6.184594171865409 ], [ 106.954868573280322, -6.18459306364619 ], [ 106.954825454592964, -6.184593499886898 ], [ 106.954759325763973, -6.184594164552819 ], [ 106.954722692212187, -6.18459453261923 ], [ 106.954722387659857, -6.184594502096142 ], [ 106.954722091965195, -6.184594423622721 ], [ 106.954721813258544, -6.184594297169042 ], [ 106.954721557883431, -6.184594128136425 ], [ 106.954721333983485, -6.184593920111327 ], [ 106.954721146098791, -6.184593679405805 ], [ 106.954720999666208, -6.184593410520387 ], [ 106.954720897425744, -6.184593121581951 ], [ 106.954720844827492, -6.184592820707452 ], [ 106.954720840088001, -6.184592514232184 ], [ 106.95472088505052, -6.184592212094572 ], [ 106.954720978834942, -6.184591920626586 ], [ 106.954738060102571, -6.184539080449877 ], [ 106.954738797597969, -6.184537204423683 ], [ 106.95473969403362, -6.184535559264343 ], [ 106.954744303213104, -6.18453042776286 ], [ 106.954747724935217, -6.184526905423187 ], [ 106.954765027186625, -6.184512084898433 ], [ 106.954766144400409, -6.184511273418575 ], [ 106.954773327409569, -6.184506412719195 ], [ 106.954778003688048, -6.184503562035795 ], [ 106.954816623698491, -6.184503173999946 ], [ 106.954824545172045, -6.184503094219179 ], [ 106.954868532874997, -6.184502649358148 ], [ 106.954869850046222, -6.184502659880739 ], [ 106.954920270181361, -6.184503784382326 ], [ 106.954970097644164, -6.184504894786278 ], [ 106.955052995466986, -6.184504589695671 ], [ 106.955136472346311, -6.184504282460881 ], [ 106.955219950124757, -6.184503975209668 ], [ 106.955303021382193, -6.184503669441693 ], [ 106.955382240186054, -6.184502018967478 ], [ 106.955461828437691, -6.184500359888712 ], [ 106.955541415785021, -6.184498701705607 ], [ 106.955621003124776, -6.184497042606615 ], [ 106.955700590463621, -6.184495384399938 ], [ 106.955780178698234, -6.184493725274065 ], [ 106.955859478773419, -6.184492072622031 ], [ 106.955931216271097, -6.184489585285403 ], [ 106.956002861631248, -6.184487100990866 ], [ 106.956061539358871, -6.184483995397954 ], [ 106.956118447574525, -6.184476525858952 ], [ 106.95617486335999, -6.184464610822841 ], [ 106.956248346211623, -6.184443951690278 ], [ 106.956323261240087, -6.1844228894677 ], [ 106.95639817716291, -6.184401827233062 ], [ 106.95647178181683, -6.184381133270241 ], [ 106.956549453037496, -6.184354175131486 ], [ 106.956628399099287, -6.184326774700307 ], [ 106.956707344246325, -6.184299374263236 ], [ 106.956785240089914, -6.184272338420842 ], [ 106.956849120942081, -6.184246553041776 ], [ 106.956914047261463, -6.18422034791643 ], [ 106.956978972669006, -6.184194142788464 ], [ 106.95704257838095, -6.184168470514735 ], [ 106.957106586901446, -6.184137861231027 ], [ 106.957171855224303, -6.184106650589933 ], [ 106.957237123534256, -6.184075439039106 ], [ 106.957302393641299, -6.18404422747598 ], [ 106.957381233971304, -6.184006534091498 ], [ 106.957460457205016, -6.183969300382362 ], [ 106.957539924469884, -6.183932593763997 ], [ 106.957619633055899, -6.183896414246206 ], [ 106.957699579356373, -6.183860763650343 ], [ 106.957779596517753, -6.183825715823738 ], [ 106.95785859134368, -6.183790996330176 ], [ 106.957937613210788, -6.183756264070877 ], [ 106.958016634164551, -6.183721532710454 ], [ 106.958095656005014, -6.183686800434063 ], [ 106.958174683245716, -6.183652066320945 ], [ 106.958248704914496, -6.183619560285441 ], [ 106.95832272116138, -6.183587056974697 ], [ 106.958396735593169, -6.183554554567204 ], [ 106.958470936710853, -6.183521970094412 ], [ 106.958552137213374, -6.183487180011352 ], [ 106.958633150097896, -6.183452471076247 ], [ 106.958714163868692, -6.183417761224652 ], [ 106.958795177629057, -6.183383052268083 ], [ 106.958876191372326, -6.183348342398358 ], [ 106.958957204201809, -6.183313633426991 ], [ 106.959004444164464, -6.183293393518903 ], [ 106.959037630744533, -6.183279175237415 ], [ 106.959117521757719, -6.183242314091585 ], [ 106.959120473059514, -6.183241077241471 ], [ 106.959203513509479, -6.183209688779968 ], [ 106.959206366465622, -6.183208730756768 ], [ 106.95923870434585, -6.183199062344245 ], [ 106.959263448655207, -6.183191665018678 ], [ 106.959291235805978, -6.183183357790121 ], [ 106.959294332326422, -6.183182550758154 ], [ 106.959380784163343, -6.183163254768318 ], [ 106.959382609441562, -6.183162887298888 ], [ 106.959386930928162, -6.183162321665865 ], [ 106.95943155339387, -6.183158665449627 ], [ 106.959435072402343, -6.183158515047923 ], [ 106.959437328313953, -6.183158562782988 ], [ 106.95949553207474, -6.183161260256695 ], [ 106.959501539661147, -6.183161538263936 ], [ 106.959503066729354, -6.183161635700171 ], [ 106.959525980477409, -6.183163477843316 ], [ 106.959546059487053, -6.183165091756224 ], [ 106.959567140639166, -6.18316678605416 ], [ 106.959568662473586, -6.183166934139423 ], [ 106.95957405791934, -6.183167552538989 ], [ 106.959605860320124, -6.183171197230552 ], [ 106.959625201679799, -6.183173413282995 ], [ 106.959632524844224, -6.18317425240669 ], [ 106.959635074621474, -6.183174618206355 ], [ 106.959638890213114, -6.183175278596343 ], [ 106.959646538570354, -6.183176602025201 ], [ 106.959649954614548, -6.183177193368499 ], [ 106.959669851555134, -6.183180636953797 ], [ 106.959678745563153, -6.183182176389584 ], [ 106.959697655388851, -6.183185450026239 ], [ 106.95970925221917, -6.183187456860224 ], [ 106.959710836958436, -6.18318776021921 ], [ 106.959784500326208, -6.183203240746551 ], [ 106.959786073531504, -6.183203601106485 ], [ 106.959859137684248, -6.183221704834438 ], [ 106.959860695735443, -6.183222120400467 ], [ 106.959933067537747, -6.183242823261676 ], [ 106.959934611341609, -6.183243294934541 ] ] ] ] } },
{ "type": "Feature", "properties": { "OBJECTID_1": 18, "OBJECTID": 18, "toponimi": "Kali Sodetan Tiram", "kewenangan": "Pemprov DKI", "jenis": "Saluran Drainase Sekunder", "lebar_min": 12.0, "lebar_max": 36.0, "ked_min": 2.5, "ked_max": 4.0, "jenis_kons": "Turap batu kali, Tanah", "kondisi": "Rusak sebagian", "panjang_su": 3.46, "Shape_Leng": 7023.6306542700004, "Shape_Le_1": 6965.5469568300005, "Shape_Area": 6961.3129059800003 }, "geometry": { "type": "MultiPolygon", "coordinates": [ [ [ [ 106.952818639895582, -6.121963732607194 ], [ 106.952741320744451, -6.121935047193017 ], [ 106.952662500416253, -6.12191259655468 ], [ 106.952593990421065, -6.121906395042678 ], [ 106.952524837078968, -6.121900135287085 ], [ 106.952455477417118, -6.121897006306321 ], [ 106.952386118656491, -6.121893877313043 ], [ 106.952316682767844, -6.121893885857796 ], [ 106.952247046351133, -6.121893895123163 ], [ 106.952246672365931, -6.121893887442788 ], [ 106.952246578409785, -6.121893883264095 ], [ 106.95218125364444, -6.121890494551923 ], [ 106.952180541624088, -6.121890429334143 ], [ 106.952180311169599, -6.121890396720498 ], [ 106.952115699572886, -6.121880176650915 ], [ 106.952115132824147, -6.121880068411273 ], [ 106.95211477389897, -6.121879979305976 ], [ 106.952051588564601, -6.121863039202218 ], [ 106.952051166282715, -6.12186291506701 ], [ 106.952050687834145, -6.12186274593057 ], [ 106.951989624062989, -6.121839272222275 ], [ 106.95198934273013, -6.121839158423574 ], [ 106.951988758225113, -6.121838886604182 ], [ 106.951930488095499, -6.121809138134764 ], [ 106.951930340580716, -6.121809060917814 ], [ 106.951929667096024, -6.121808662846384 ], [ 106.951874820449135, -6.12177295828473 ], [ 106.951873905654949, -6.121772274487637 ], [ 106.951873084403275, -6.121771480952749 ], [ 106.951872369382514, -6.121770589387359 ], [ 106.951851724887362, -6.121741216664367 ], [ 106.951851376079773, -6.121740679986767 ], [ 106.951851048747045, -6.121740087176121 ], [ 106.95183488558537, -6.121708023787884 ], [ 106.951834379850652, -6.121706807789106 ], [ 106.951823041932002, -6.121672734185426 ], [ 106.951822976148364, -6.121672528287249 ], [ 106.951805629090046, -6.12161591714599 ], [ 106.951788282037086, -6.121559306002892 ], [ 106.951788218933743, -6.121559091957945 ], [ 106.951788146571261, -6.121558815562989 ], [ 106.951774011067371, -6.121501316652204 ], [ 106.951759874665072, -6.12144381774327 ], [ 106.95175976440872, -6.121443304608841 ], [ 106.951759726590311, -6.121443088663692 ], [ 106.951746788299786, -6.121362301805834 ], [ 106.951728608723087, -6.121282876615568 ], [ 106.951705200409265, -6.121204785922719 ], [ 106.95167752964656, -6.121130705998905 ], [ 106.951642745060965, -6.121105251569084 ], [ 106.951603250414834, -6.12108317756153 ], [ 106.951561357553501, -6.121066075845695 ], [ 106.95151769156756, -6.121054201820013 ], [ 106.951472923344824, -6.121047736579379 ], [ 106.951427690930686, -6.121046771831371 ], [ 106.951382722408312, -6.121051319394507 ], [ 106.951300131929187, -6.121070926125742 ], [ 106.95121908412591, -6.121096972651451 ], [ 106.951139961721864, -6.121129386156727 ], [ 106.951138795187006, -6.121129772837624 ], [ 106.951137587421115, -6.121129998736473 ], [ 106.951083892219387, -6.121136262368182 ], [ 106.951083283588758, -6.121136311594918 ], [ 106.951083083089983, -6.121136319556806 ], [ 106.951029043326457, -6.121137741107524 ], [ 106.951028433598964, -6.121137736995577 ], [ 106.951028233937805, -6.121137726872155 ], [ 106.95097428495535, -6.121134295717446 ], [ 106.950973677737494, -6.121134236445445 ], [ 106.950973478910711, -6.121134207332611 ], [ 106.950920054383502, -6.121125950826976 ], [ 106.95091979859518, -6.121125906551294 ], [ 106.950845446179486, -6.121112217365965 ], [ 106.950771093757837, -6.121098526360917 ], [ 106.950770760203355, -6.121098458860944 ], [ 106.950696976645872, -6.121081973877635 ], [ 106.950623187663709, -6.121065487094227 ], [ 106.950622861295983, -6.121065408718679 ], [ 106.950549750569976, -6.1210461537785 ], [ 106.950476638943016, -6.121026898829959 ], [ 106.950475380009067, -6.121026465815362 ], [ 106.950474199006536, -6.121025852599119 ], [ 106.950473120369537, -6.121025071750023 ], [ 106.950440080431207, -6.120997231256789 ], [ 106.950439678072357, -6.120996871978322 ], [ 106.95043926737749, -6.120996455771081 ], [ 106.950409932137632, -6.120964728592073 ], [ 106.950409222618504, -6.120963858702306 ], [ 106.950384043691486, -6.120928735938081 ], [ 106.950383645860214, -6.12092813072451 ], [ 106.950383447688779, -6.120927784265564 ], [ 106.950362814546921, -6.120889807872919 ], [ 106.950362626236014, -6.120889440583533 ], [ 106.950362341149045, -6.120888789754541 ], [ 106.950346572963639, -6.12084854443917 ], [ 106.950346228549193, -6.120847475221687 ], [ 106.950335568754596, -6.120805583937194 ], [ 106.950335441078678, -6.120804999440415 ], [ 106.950335364333299, -6.120804510594473 ], [ 106.950330658717846, -6.120768034098758 ], [ 106.950330585506279, -6.120767025375267 ], [ 106.950330625196358, -6.120766014433239 ], [ 106.950336788721089, -6.120701649058775 ], [ 106.950342953964764, -6.120637259267274 ], [ 106.95034984459808, -6.120569150033338 ], [ 106.950356732614381, -6.120501066124381 ], [ 106.95036362062838, -6.12043298131161 ], [ 106.950366160731022, -6.120407854931256 ], [ 106.950366259163985, -6.12035879200462 ], [ 106.950359709893419, -6.120310340909077 ], [ 106.950346633908254, -6.120263234439404 ], [ 106.950327280098591, -6.120218354104017 ], [ 106.950301998296567, -6.120176519564757 ], [ 106.950271265579431, -6.120138518377165 ], [ 106.950236197399363, -6.120105569751301 ], [ 106.950193248987659, -6.120084561438826 ], [ 106.950192963021536, -6.120084415107556 ], [ 106.950192477851886, -6.120084135691452 ], [ 106.95011644254852, -6.120037259780827 ], [ 106.950037594589432, -6.119995901024646 ], [ 106.949956516566189, -6.119960303224266 ], [ 106.949899616426322, -6.119946092962003 ], [ 106.949899043156606, -6.119945929592031 ], [ 106.949898632549917, -6.119945786425721 ], [ 106.949843006273554, -6.119924917258435 ], [ 106.949842657098714, -6.119924776581232 ], [ 106.94984206355069, -6.119924501174874 ], [ 106.949789171584399, -6.119897428894482 ], [ 106.949788283580446, -6.119896907734941 ], [ 106.949738814595563, -6.119863984252358 ], [ 106.949738211418349, -6.119863544332298 ], [ 106.949737991272713, -6.11986336521355 ], [ 106.949692589952321, -6.119825017641213 ], [ 106.9496921966538, -6.119824665561737 ], [ 106.949691842179263, -6.119824308820673 ], [ 106.949651096562505, -6.119781036806107 ], [ 106.949650327188422, -6.119780100227483 ], [ 106.949628632563517, -6.119749779138284 ], [ 106.949604088070458, -6.119722936576101 ], [ 106.949550603916478, -6.119683997218154 ], [ 106.949550368422024, -6.119683819963257 ], [ 106.9494974667207, -6.119642591980225 ], [ 106.949497409651158, -6.119642546981848 ], [ 106.949497057216121, -6.119642254425181 ], [ 106.949439947254547, -6.119592082862455 ], [ 106.949382837303204, -6.119541911290156 ], [ 106.949325727365363, -6.119491740612401 ], [ 106.949268617434456, -6.119441569020986 ], [ 106.949211508420333, -6.119391398320837 ], [ 106.94921124741515, -6.119391160582771 ], [ 106.949211187586712, -6.119391102032676 ], [ 106.949155785912424, -6.119337480452045 ], [ 106.949100537438056, -6.119284006580404 ], [ 106.949057728169166, -6.119246285103553 ], [ 106.949014916186428, -6.119208560918866 ], [ 106.948970360441436, -6.119172956876872 ], [ 106.948925801082325, -6.119137351034178 ], [ 106.948879567718095, -6.119103922039571 ], [ 106.948833767255906, -6.119070805194831 ], [ 106.948795154841008, -6.119051585594988 ], [ 106.948754021634969, -6.119038417332513 ], [ 106.948711019885337, -6.119031572889884 ], [ 106.948641225176161, -6.119025476666437 ], [ 106.948640830286124, -6.119025432894256 ], [ 106.948640567295513, -6.119025394972054 ], [ 106.948571094443651, -6.119014144123708 ], [ 106.94857055932826, -6.119014040284882 ], [ 106.948570445418753, -6.119014013574956 ], [ 106.94850198214418, -6.11899769782451 ], [ 106.94850131485093, -6.118997511286929 ], [ 106.948500760423059, -6.118997312586195 ], [ 106.94845769658798, -6.11898031243902 ], [ 106.948414633661244, -6.11896331318835 ], [ 106.948414428312489, -6.118963228947007 ], [ 106.948414220231001, -6.118963138386795 ], [ 106.948372054705388, -6.118944018440562 ], [ 106.948329888281961, -6.118924899397425 ], [ 106.948329483809061, -6.118924703768666 ], [ 106.948288317933134, -6.118903511573748 ], [ 106.948247152059722, -6.118882319374621 ], [ 106.948246182558378, -6.11888174154812 ], [ 106.948245293025025, -6.118881046800709 ], [ 106.948244497047895, -6.118880245932468 ], [ 106.948206157924488, -6.11883647227192 ], [ 106.948205661589313, -6.11883585294709 ], [ 106.94820559440393, -6.118835758258973 ], [ 106.948171849751205, -6.118788355985675 ], [ 106.948171469174696, -6.118787775117598 ], [ 106.948171360108432, -6.11878758926598 ], [ 106.948142547659785, -6.118737031815046 ], [ 106.948142269348608, -6.118736504822625 ], [ 106.948142038039904, -6.118735986700766 ], [ 106.948114240887847, -6.118668224798117 ], [ 106.948114152449321, -6.1186679981865 ], [ 106.948113953432198, -6.118667417563586 ], [ 106.948092687562038, -6.118597325562178 ], [ 106.948092632675284, -6.118597134993337 ], [ 106.948092478608515, -6.118596495439886 ], [ 106.948077938695988, -6.118524702802072 ], [ 106.948077910154524, -6.118524553726871 ], [ 106.948077809170783, -6.118523856117479 ], [ 106.948070123082388, -6.11845100158905 ], [ 106.948061579564211, -6.118368856785466 ], [ 106.948053036978735, -6.118286718306122 ], [ 106.948053027608836, -6.118286625216388 ], [ 106.948052988629513, -6.118285838778842 ], [ 106.948052869743705, -6.118266730765376 ], [ 106.948049739431227, -6.118248645382287 ], [ 106.948043676226575, -6.118231319247331 ], [ 106.948034845339564, -6.118215226420614 ], [ 106.948023491345893, -6.118200807222076 ], [ 106.948009921892307, -6.118188458345293 ], [ 106.947994510340976, -6.118178514765766 ], [ 106.947978066709624, -6.118171414751894 ], [ 106.947936866247929, -6.118165344840735 ], [ 106.947894522661556, -6.118163381942315 ], [ 106.947852194403765, -6.11816565204611 ], [ 106.947810657114303, -6.118172080009241 ], [ 106.947750784743334, -6.118192612665381 ], [ 106.947690154558146, -6.118213405737979 ], [ 106.947629527072863, -6.11823419789125 ], [ 106.947629422425322, -6.118234234435433 ], [ 106.947628829593754, -6.118234405655388 ], [ 106.947565215611576, -6.118250634724161 ], [ 106.947565026090018, -6.118250680617384 ], [ 106.947564270563035, -6.118250822591714 ], [ 106.947499271384771, -6.118260186315977 ], [ 106.947498443367522, -6.118260265265187 ], [ 106.947498333185806, -6.11826027018545 ], [ 106.947432776699998, -6.118262653450703 ], [ 106.94739405957823, -6.118264386940283 ], [ 106.947356258321918, -6.118271344693104 ], [ 106.947298926662882, -6.118286594393754 ], [ 106.94729864870331, -6.118286663210522 ], [ 106.947298043039225, -6.118286782942201 ], [ 106.947239125169915, -6.118296279183369 ], [ 106.947238933776305, -6.118296307000992 ], [ 106.947238226766657, -6.118296377373915 ], [ 106.947178655998513, -6.118299933234258 ], [ 106.947178556659196, -6.118299939019233 ], [ 106.947177751851584, -6.118299941938214 ], [ 106.947118122409378, -6.118297520905393 ], [ 106.94711719352739, -6.118297433862852 ], [ 106.947116277853951, -6.118297252744511 ], [ 106.947097694918185, -6.118292551842288 ], [ 106.947079250745233, -6.118290501299194 ], [ 106.94706071278047, -6.118290987136196 ], [ 106.947042333960326, -6.118294014764874 ], [ 106.947019928437754, -6.118300563151737 ], [ 106.946998895066528, -6.118310376743159 ], [ 106.946979593551504, -6.11832326165855 ], [ 106.946962454624895, -6.118338932444156 ], [ 106.946947899629777, -6.118357005131835 ], [ 106.946936965895887, -6.118375834992281 ], [ 106.946933727266341, -6.118428380302818 ], [ 106.946937477794819, -6.118482814276805 ], [ 106.946942605223015, -6.118525854128288 ], [ 106.946942630435885, -6.11852608187367 ], [ 106.946942662082876, -6.118526589871184 ], [ 106.946944259868673, -6.118569728413962 ], [ 106.94694552559443, -6.11857977486296 ], [ 106.946945592092476, -6.11858117690316 ], [ 106.946945276982191, -6.118591693800087 ], [ 106.946945126670727, -6.118593089393661 ], [ 106.946943188640631, -6.118603430449405 ], [ 106.946943026802657, -6.118604137149651 ], [ 106.946942824105065, -6.118604785230645 ], [ 106.946939311031286, -6.118614701640124 ], [ 106.946938741192966, -6.118615984836804 ], [ 106.946933737114932, -6.118625236704922 ], [ 106.946932976304993, -6.118626414812808 ], [ 106.946926602364655, -6.118634781096299 ], [ 106.946926243552909, -6.118635221797182 ], [ 106.946925676650082, -6.118635818760398 ], [ 106.946918075762738, -6.118643104556336 ], [ 106.946917605777486, -6.118643525769871 ], [ 106.946851842346177, -6.118698304968139 ], [ 106.946786811955292, -6.118752473035068 ], [ 106.946777120216439, -6.118764814987542 ], [ 106.946776125084185, -6.118765889971959 ], [ 106.946763864120882, -6.11877714907129 ], [ 106.946762707569363, -6.118778048338751 ], [ 106.946748792224781, -6.118787177919066 ], [ 106.946748149581595, -6.118787562689963 ], [ 106.946747506692972, -6.118787879653179 ], [ 106.94673229921213, -6.118794638810336 ], [ 106.946730917145544, -6.118795123002924 ], [ 106.946714818843063, -6.118799333979137 ], [ 106.946713377233053, -6.118799588742522 ], [ 106.94669681044742, -6.118801142416452 ], [ 106.946695347198357, -6.118801158572042 ], [ 106.946678748062524, -6.118800013581011 ], [ 106.946677559667691, -6.118799851533407 ], [ 106.946676403227528, -6.11879953386224 ], [ 106.946675298630183, -6.11879906501594 ], [ 106.946674266683502, -6.118798453960213 ], [ 106.946629602710473, -6.118767848905392 ], [ 106.946581985247903, -6.118743294039994 ], [ 106.946532211899225, -6.118725042335948 ], [ 106.946519152762463, -6.118723663899194 ], [ 106.946505637783474, -6.118724368386737 ], [ 106.946491966361464, -6.118727270439669 ], [ 106.946410705431134, -6.118749875010431 ], [ 106.946410328210149, -6.118749971310191 ], [ 106.946410011406442, -6.118750039363333 ], [ 106.946326935966937, -6.118766205068974 ], [ 106.946326456614841, -6.118766284560787 ], [ 106.946326229996885, -6.118766313409974 ], [ 106.94624214061156, -6.11877586194809 ], [ 106.946241560879272, -6.118775909255631 ], [ 106.946241429018997, -6.118775914254252 ], [ 106.94615684756829, -6.118778785868091 ], [ 106.946156152034888, -6.118778782964917 ], [ 106.946071590607488, -6.118774957714542 ], [ 106.946071037649205, -6.118774915417479 ], [ 106.946025153289014, -6.118770000627542 ], [ 106.945979378882413, -6.118768512934306 ], [ 106.945933264553616, -6.118770440407054 ], [ 106.945932514834055, -6.118770440412361 ], [ 106.945905362769267, -6.118769311046707 ], [ 106.945904557695386, -6.118769240731663 ], [ 106.945903849087657, -6.118769119436494 ], [ 106.945877274884424, -6.11876343123555 ], [ 106.945875815389343, -6.118762987180765 ], [ 106.945850575689477, -6.118752905567147 ], [ 106.94584921197692, -6.118752221574653 ], [ 106.945826027729865, -6.118738033251957 ], [ 106.945824797808982, -6.118737129074482 ], [ 106.945804328960705, -6.118719236694336 ], [ 106.945803269060207, -6.118718139324047 ], [ 106.94578610098128, -6.118697055206407 ], [ 106.945785240107057, -6.118695792565743 ], [ 106.945771861838935, -6.118672117983119 ], [ 106.945771367676656, -6.118671099932526 ], [ 106.945771004294798, -6.118670028065138 ], [ 106.945770778075058, -6.118668918631885 ], [ 106.945746192415626, -6.11849281562099 ], [ 106.945746108369505, -6.118491306053566 ], [ 106.945749291027653, -6.118380060346368 ], [ 106.945749390899721, -6.118378953347655 ], [ 106.945749626336678, -6.118377866652239 ], [ 106.945791897558834, -6.118227724388161 ], [ 106.945805560417938, -6.118104102243196 ], [ 106.945769416397553, -6.117895253384236 ], [ 106.945690984271394, -6.117750211977907 ], [ 106.945604826776403, -6.11762897586269 ], [ 106.945604450739225, -6.117628400399873 ], [ 106.94560417981738, -6.117627917680006 ], [ 106.945550357859602, -6.117524681936406 ], [ 106.945511135203873, -6.117471550879159 ], [ 106.945510411098468, -6.117470390810759 ], [ 106.945509870008834, -6.117469134243017 ], [ 106.945509524685249, -6.117467810061426 ], [ 106.945509382468288, -6.117466449883428 ], [ 106.945509447978878, -6.117465082623951 ], [ 106.94550971772496, -6.117463741747919 ], [ 106.945545111316207, -6.117338025583042 ], [ 106.945545525325102, -6.11733686229499 ], [ 106.94554609494368, -6.117335767155881 ], [ 106.945631489897025, -6.117195739405339 ], [ 106.945653127419249, -6.11715516659294 ], [ 106.945600331907428, -6.117102704034727 ], [ 106.945600207702753, -6.117102577908653 ], [ 106.945510249554644, -6.117009610010284 ], [ 106.945509717159055, -6.117009008894374 ], [ 106.945509240602235, -6.117008362370402 ], [ 106.945475893647881, -6.116958686331548 ], [ 106.945424675080631, -6.116958871892733 ], [ 106.945268363995268, -6.117005712595264 ], [ 106.94526813299882, -6.117005779432499 ], [ 106.9452144118913, -6.117020326871465 ], [ 106.945212916150183, -6.117020599003843 ], [ 106.945211396002392, -6.117020616264107 ], [ 106.945209893897953, -6.117020377594362 ], [ 106.945152484855413, -6.117006233629356 ], [ 106.945151223304194, -6.117005823210265 ], [ 106.945150036069933, -6.117005231698883 ], [ 106.945148947586503, -6.117004471664309 ], [ 106.945147982307347, -6.117003561100308 ], [ 106.945111990931053, -6.116964221413132 ], [ 106.945111384878018, -6.116963484042053 ], [ 106.945110859906109, -6.116962687609791 ], [ 106.945020681317061, -6.116808720629674 ], [ 106.945020641325129, -6.116808652061752 ], [ 106.944858298547857, -6.116525771806734 ], [ 106.944858008410563, -6.116525220442898 ], [ 106.944857860931791, -6.11652490272834 ], [ 106.944821714871111, -6.116442504157672 ], [ 106.944821296971355, -6.116441342074378 ], [ 106.94482104149526, -6.11644013419709 ], [ 106.944820953037564, -6.116438902207936 ], [ 106.944819202134752, -6.115954499709718 ], [ 106.944819213045193, -6.115954019584855 ], [ 106.944839256010525, -6.115548479206588 ], [ 106.944839362577923, -6.115547474348327 ], [ 106.944839579408367, -6.115546487173122 ], [ 106.944920980321896, -6.115255547304026 ], [ 106.944921210807536, -6.115254839451095 ], [ 106.944921295816627, -6.115254617634983 ], [ 106.945127360688829, -6.114740756105197 ], [ 106.945127590930994, -6.11474023088453 ], [ 106.945127977627777, -6.114739508000168 ], [ 106.945266459734498, -6.114506581076903 ], [ 106.945308716925481, -6.114381745124391 ], [ 106.945309345832968, -6.114380309824182 ], [ 106.945310213671064, -6.114379003851389 ], [ 106.945311293492338, -6.114377868892882 ], [ 106.945312552893881, -6.114376936710029 ], [ 106.945595129571259, -6.114203679433102 ], [ 106.945595539700321, -6.114203441973711 ], [ 106.945596291709634, -6.11420307760415 ], [ 106.945664322413919, -6.114174117426748 ], [ 106.945665453683262, -6.114173721847766 ], [ 106.945666627961316, -6.114173479812588 ], [ 106.945667823582951, -6.114173395016131 ], [ 106.945771783962428, -6.114173017587719 ], [ 106.945773053365542, -6.114173103401571 ], [ 106.945774298118067, -6.114173366511269 ], [ 106.945775493812462, -6.114173801580527 ], [ 106.945918440838241, -6.114237566399056 ], [ 106.946038878989498, -6.114269011034859 ], [ 106.946145580296346, -6.114275742600165 ], [ 106.946146564381394, -6.114275860186553 ], [ 106.946147529877265, -6.11427608271762 ], [ 106.946208536604331, -6.114293802962989 ], [ 106.946209801987166, -6.114294275751427 ], [ 106.946210983130769, -6.114294933284484 ], [ 106.946212053778552, -6.11429575847908 ], [ 106.946212988580498, -6.11429673515301 ], [ 106.946213767579948, -6.114297839871576 ], [ 106.946260148579711, -6.114375759335856 ], [ 106.946320626739194, -6.114439392428906 ], [ 106.946320863424418, -6.114439650148211 ], [ 106.946321115615433, -6.114439949400615 ], [ 106.94639302356218, -6.114529254093376 ], [ 106.946531496580391, -6.114687853030378 ], [ 106.946591974886246, -6.114731029572221 ], [ 106.946592948808416, -6.114731833417347 ], [ 106.946593801248625, -6.114732764278766 ], [ 106.946594515889387, -6.114733805941506 ], [ 106.946621449151294, -6.11477963736505 ], [ 106.946621993239987, -6.114780724851507 ], [ 106.946622386710288, -6.114781875267687 ], [ 106.946622622260932, -6.114783067845409 ], [ 106.946632458318646, -6.114859580874976 ], [ 106.946632492864168, -6.114859891765214 ], [ 106.946632517558854, -6.114860226198141 ], [ 106.946638636206899, -6.114969074796227 ], [ 106.946644170418836, -6.115024227431246 ], [ 106.946669791165391, -6.115043315371889 ], [ 106.947027908583664, -6.115093199322622 ], [ 106.947395227141399, -6.115051847132024 ], [ 106.947556046678585, -6.115019045958916 ], [ 106.947628749834877, -6.11498233028017 ], [ 106.947639406549897, -6.11496234778762 ], [ 106.947603950753432, -6.114603490597154 ], [ 106.947603921503671, -6.114602147189594 ], [ 106.947604091912936, -6.114600813907543 ], [ 106.947604457572908, -6.114599520602732 ], [ 106.947605011362228, -6.114598296232615 ], [ 106.947625904290462, -6.114559946620479 ], [ 106.947626751428785, -6.114558663323516 ], [ 106.947627804198575, -6.114557542925684 ], [ 106.947629032003618, -6.114556617181883 ], [ 106.947630397908554, -6.114555913349454 ], [ 106.947631863145304, -6.114555451459478 ], [ 106.947633386209858, -6.114555244320025 ], [ 106.947634921965573, -6.114555299327641 ], [ 106.947742036173935, -6.114568306317969 ], [ 106.947742110276991, -6.11456831599454 ], [ 106.947856283754632, -6.114583132716218 ], [ 106.947919370814006, -6.114582903957253 ], [ 106.948046066230447, -6.114544547688508 ], [ 106.948046282789491, -6.114544485423447 ], [ 106.948179983973233, -6.114507638908683 ], [ 106.948180340438782, -6.114507549012773 ], [ 106.948180653629848, -6.114507481876644 ], [ 106.94830989319297, -6.114482265760946 ], [ 106.948421898649443, -6.11444190402973 ], [ 106.948423018434937, -6.114441580816137 ], [ 106.94849370241451, -6.114426014180005 ], [ 106.94849433157485, -6.114425898883745 ], [ 106.948529950192267, -6.11442067410498 ], [ 106.948553603370428, -6.114376321098188 ], [ 106.948588703076965, -6.114096534261918 ], [ 106.948588903340578, -6.114095463969121 ], [ 106.948589231084327, -6.114094426666152 ], [ 106.948589680031233, -6.114093435033351 ], [ 106.948680827232366, -6.113920870788155 ], [ 106.948681343514167, -6.11392001543229 ], [ 106.948681949437542, -6.113919220326889 ], [ 106.948788563712156, -6.113794442052089 ], [ 106.948789256599753, -6.113793716247953 ], [ 106.948790025658639, -6.113793072441846 ], [ 106.948995956280115, -6.11363922919152 ], [ 106.94899626530092, -6.113639008370957 ], [ 106.949054510120106, -6.113599205049414 ], [ 106.949155522308615, -6.113487930111887 ], [ 106.949211753267761, -6.113345728788758 ], [ 106.949212084797026, -6.113344988925437 ], [ 106.949212482381682, -6.11334428137057 ], [ 106.9493625848487, -6.113102711062503 ], [ 106.949502914192195, -6.112863472658201 ], [ 106.949551560883179, -6.112757593580201 ], [ 106.949571792430234, -6.112642918411243 ], [ 106.949561460754424, -6.112418136405074 ], [ 106.949561451168293, -6.112417734109505 ], [ 106.949561762586157, -6.111975647859795 ], [ 106.949561824690093, -6.11197458891797 ], [ 106.949562010595116, -6.111973544896951 ], [ 106.949616631196449, -6.111745615111803 ], [ 106.949617038476234, -6.111744342451231 ], [ 106.949617627577879, -6.111743143268378 ], [ 106.949647000299507, -6.111693117915062 ], [ 106.949667025584759, -6.111467339755229 ], [ 106.949667253667258, -6.111465970100559 ], [ 106.949667689687246, -6.111464652130137 ], [ 106.949668321110494, -6.111463416629293 ], [ 106.949669134489739, -6.111462291674284 ], [ 106.949670110054925, -6.111461305364371 ], [ 106.949671225303376, -6.111460479479879 ], [ 106.949672453212855, -6.111459834913448 ], [ 106.949748819036145, -6.111427020662706 ], [ 106.949749251071097, -6.11142684731391 ], [ 106.949848536565113, -6.111390127316063 ], [ 106.949848845996911, -6.111390020412253 ], [ 106.949849344960668, -6.111389871231649 ], [ 106.949965859040859, -6.111358828926623 ], [ 106.949966951194341, -6.111358609785335 ], [ 106.949968061903903, -6.111358526193658 ], [ 106.949969174917612, -6.111358580018791 ], [ 106.950102967338026, -6.111373393087489 ], [ 106.950205360707088, -6.111382509320627 ], [ 106.950460616321777, -6.111360602217555 ], [ 106.950762549138389, -6.111330803559352 ], [ 106.950762997038865, -6.111330771193854 ], [ 106.950763684395483, -6.111330764178512 ], [ 106.951130808430932, -6.111340913788918 ], [ 106.951130931289256, -6.111340917863467 ], [ 106.951131245692139, -6.111340936612584 ], [ 106.951465753665587, -6.111366501066457 ], [ 106.951694294918326, -6.111375200555957 ], [ 106.952081058583872, -6.111326098637156 ], [ 106.952835233557153, -6.11115504413725 ], [ 106.952913572126207, -6.111137532565353 ], [ 106.952914802591181, -6.111137345464043 ], [ 106.95291604812779, -6.111137329185024 ], [ 106.952917282545158, -6.111137484727569 ], [ 106.952918485055434, -6.111137808550766 ], [ 106.952999352173066, -6.111165716665239 ], [ 106.953113644678012, -6.111165301359159 ], [ 106.953443393721344, -6.111104919894211 ], [ 106.953443530026505, -6.111104895891924 ], [ 106.953640019654046, -6.111072012559582 ], [ 106.953710268718211, -6.11101794724281 ], [ 106.953819049737689, -6.110912052026935 ], [ 106.953954789806758, -6.110582218124136 ], [ 106.953955325105468, -6.110581130341129 ], [ 106.953956000705887, -6.11058012432219 ], [ 106.954186261223626, -6.110282662986687 ], [ 106.954186414979958, -6.110282469852148 ], [ 106.954420297563317, -6.109996773176531 ], [ 106.954536098742906, -6.109828255397159 ], [ 106.954536885503003, -6.109827266152084 ], [ 106.954537802766751, -6.109826396679232 ], [ 106.954538831628312, -6.109825664225474 ], [ 106.954601784403479, -6.109787160728226 ], [ 106.954602713860993, -6.109786664608654 ], [ 106.954603694307039, -6.10978628041342 ], [ 106.954920718296691, -6.109683694638444 ], [ 106.95492127863082, -6.109683532573354 ], [ 106.955786571163429, -6.109464136765632 ], [ 106.955787713915072, -6.109463924663243 ], [ 106.955788874366732, -6.109463860770493 ], [ 106.955790033553541, -6.109463946060482 ], [ 106.955856983306305, -6.109473270701447 ], [ 106.955858039082926, -6.109473483846981 ], [ 106.955859062785976, -6.109473819164029 ], [ 106.955906929227083, -6.109492782320759 ], [ 106.955908029488782, -6.109493306318133 ], [ 106.955909048077288, -6.109493974366115 ], [ 106.955909968684949, -6.109494772962377 ], [ 106.955950866642084, -6.109535413088751 ], [ 106.95597608931287, -6.109545405765697 ], [ 106.956026285988472, -6.109543427575752 ], [ 106.95606564964713, -6.10952893884761 ], [ 106.956153495924923, -6.109461078609024 ], [ 106.956270993994508, -6.109329230600116 ], [ 106.956271876950368, -6.109328366674935 ], [ 106.956272869668211, -6.109327631638057 ], [ 106.95627395322586, -6.109327038215882 ], [ 106.956361753360838, -6.10928653106283 ], [ 106.956362798758533, -6.109286124930072 ], [ 106.956363886188086, -6.109285851548495 ], [ 106.95648998585466, -6.109262429206854 ], [ 106.956490389371183, -6.109262363546671 ], [ 106.956490480552759, -6.109262350557334 ], [ 106.956597496915222, -6.109248566732505 ], [ 106.956598766625319, -6.109248493399474 ], [ 106.956600034279205, -6.109248599991717 ], [ 106.956601274572947, -6.109248882984886 ], [ 106.956675921601772, -6.109271575706096 ], [ 106.956677110131423, -6.10927203066826 ], [ 106.956678222473272, -6.109272647743272 ], [ 106.956679236906794, -6.109273415256792 ], [ 106.95668013440806, -6.109274317908188 ], [ 106.956737732740791, -6.109341087425295 ], [ 106.956738183721683, -6.1093416553729 ], [ 106.956738429784707, -6.109342007984155 ], [ 106.956778009411138, -6.109401902223583 ], [ 106.956823695184156, -6.10943821223734 ], [ 106.956868291224325, -6.109454766901127 ], [ 106.956868670235025, -6.109454917411971 ], [ 106.956868977836976, -6.109455053716988 ], [ 106.956937923160424, -6.109487335331349 ], [ 106.956938883413173, -6.109487858027707 ], [ 106.956939772717007, -6.109488493091868 ], [ 106.956940579293615, -6.109489230621517 ], [ 106.95699006358582, -6.109540295414273 ], [ 106.957037371798137, -6.109577895084192 ], [ 106.957070905844304, -6.109601951606924 ], [ 106.957311294005819, -6.109705942286327 ], [ 106.9573116115765, -6.109706087595809 ], [ 106.957484959297332, -6.109789204972061 ], [ 106.957654213625361, -6.10982662904915 ], [ 106.957715793588036, -6.109839448382348 ], [ 106.95771347756353, -6.109850361274094 ], [ 106.957711750554523, -6.109857075147281 ], [ 106.957650451718536, -6.109844315365809 ], [ 106.957650342340642, -6.109844292257282 ], [ 106.957480033057251, -6.109806634241236 ], [ 106.957479044780399, -6.109806353949457 ], [ 106.957478094038919, -6.109805963219698 ], [ 106.957303969059382, -6.109722472563065 ], [ 106.957062848103106, -6.109618165399317 ], [ 106.957061983932192, -6.10961773547678 ], [ 106.957061170014413, -6.109617214960381 ], [ 106.957026666051178, -6.10959246218731 ], [ 106.957026316433499, -6.109592197651845 ], [ 106.956978375016803, -6.109554094888922 ], [ 106.95697777335478, -6.109553571791499 ], [ 106.956977508648578, -6.109553308755118 ], [ 106.95692876871685, -6.109503011552965 ], [ 106.956861652889117, -6.109471587607469 ], [ 106.956816062829887, -6.109454664068375 ], [ 106.956814772614308, -6.109454065723421 ], [ 106.956813591884966, -6.109453271692312 ], [ 106.956765649589542, -6.109415168904742 ], [ 106.956764609129095, -6.109414198965733 ], [ 106.956763733413709, -6.109413077440828 ], [ 106.956723679680138, -6.109352465254507 ], [ 106.956668169433584, -6.109288116574588 ], [ 106.956597879097359, -6.10926674879254 ], [ 106.956493037655747, -6.109280252567052 ], [ 106.956368291060656, -6.109303425877521 ], [ 106.956283223210448, -6.109342672706802 ], [ 106.95616641782658, -6.109473743375928 ], [ 106.956165833785207, -6.109474341309294 ], [ 106.95616519624231, -6.109474881574297 ], [ 106.956075589038292, -6.109544101674302 ], [ 106.956074439230875, -6.109544858077095 ], [ 106.956073187590349, -6.109545430412004 ], [ 106.956031181826333, -6.109560891630771 ], [ 106.956029822010223, -6.109561274496107 ], [ 106.956028419860203, -6.10956144143321 ], [ 106.955974894252861, -6.109563549269502 ], [ 106.955973643102482, -6.109563510424178 ], [ 106.955972408493253, -6.109563300641896 ], [ 106.955971214819286, -6.109562921642155 ], [ 106.955942495131197, -6.10955154393401 ], [ 106.955941394869342, -6.109551019936754 ], [ 106.955940376280708, -6.109550351888883 ], [ 106.955939455672876, -6.10954955329272 ], [ 106.955898557714903, -6.109508913165565 ], [ 106.955853422131042, -6.109491032238571 ], [ 106.955789293767296, -6.109482100567194 ], [ 106.954925989253908, -6.109700991898119 ], [ 106.954610290582053, -6.10980314792848 ], [ 106.954549893772992, -6.109840088872325 ], [ 106.954434970445575, -6.110007329570627 ], [ 106.95443485543052, -6.110007495441015 ], [ 106.954434514698207, -6.110007936981679 ], [ 106.954200466652381, -6.110293834976621 ], [ 106.953971026971232, -6.110590236427726 ], [ 106.953835038891526, -6.110920671563246 ], [ 106.95383449461572, -6.110921774748829 ], [ 106.953833805511991, -6.110922793474427 ], [ 106.953832985063457, -6.110923709608842 ], [ 106.953722469592208, -6.111031293682439 ], [ 106.953721844729415, -6.111031844749125 ], [ 106.953721693416796, -6.111031964641779 ], [ 106.95364924293925, -6.111087725937195 ], [ 106.953648005666565, -6.111088526052106 ], [ 106.953646654720387, -6.111089115018213 ], [ 106.953645226171588, -6.111089476430403 ], [ 106.95344656911989, -6.111122720247216 ], [ 106.953116105160348, -6.111183232699083 ], [ 106.953115311588888, -6.111183341363819 ], [ 106.953114512345451, -6.111183380432593 ], [ 106.952997887649843, -6.111183804214355 ], [ 106.95299637876299, -6.111183682217359 ], [ 106.952994911427083, -6.111183311438748 ], [ 106.95291501291166, -6.111155737942692 ], [ 106.952839198712581, -6.11117268521935 ], [ 106.952084630224022, -6.111343829764339 ], [ 106.952083878302687, -6.111343966303886 ], [ 106.952083769965242, -6.111343981163149 ], [ 106.951695831688539, -6.111393232915257 ], [ 106.951695133689853, -6.111393294217193 ], [ 106.951694352382503, -6.111393297958474 ], [ 106.951464877017969, -6.111384562082149 ], [ 106.95146454725986, -6.111384543388993 ], [ 106.951130090773077, -6.111358982367431 ], [ 106.950763754450492, -6.111348855216516 ], [ 106.950462348032374, -6.111378600433837 ], [ 106.950462233355665, -6.111378610795241 ], [ 106.950206117194327, -6.111400592449162 ], [ 106.950205331478074, -6.111400626040003 ], [ 106.950204546409665, -6.111400589107689 ], [ 106.950101269363742, -6.111391394711603 ], [ 106.950101076902698, -6.111391376423544 ], [ 106.949968872142904, -6.111376738418199 ], [ 106.949854402876795, -6.111407235359414 ], [ 106.949755718146747, -6.111443732576196 ], [ 106.949684544331404, -6.111474317437344 ], [ 106.949664815830772, -6.111696742971531 ], [ 106.949664600197451, -6.111698058334285 ], [ 106.949664193811216, -6.111699328279253 ], [ 106.949663605603135, -6.111700524746537 ], [ 106.949633884562715, -6.111751142653982 ], [ 106.949579827245515, -6.111976727838084 ], [ 106.94957951657409, -6.11241751939039 ], [ 106.949589885425965, -6.112643086933281 ], [ 106.949589875488428, -6.112644084206138 ], [ 106.949589756231163, -6.112645074642691 ], [ 106.949569146745731, -6.112761890314067 ], [ 106.94956887350699, -6.11276301240572 ], [ 106.949568459200393, -6.112764090707652 ], [ 106.949519138570764, -6.112871436894758 ], [ 106.949519084794673, -6.112871552816356 ], [ 106.949518721449138, -6.112872236740064 ], [ 106.949378098559563, -6.11311197618654 ], [ 106.949377988117448, -6.113112158313997 ], [ 106.949228252950476, -6.113353136906441 ], [ 106.949171714095385, -6.113496117788726 ], [ 106.949171254284607, -6.11349710222804 ], [ 106.949170680434634, -6.113498023793142 ], [ 106.949170000632208, -6.113498870701209 ], [ 106.949067168403928, -6.11361215214253 ], [ 106.949066412341551, -6.113612892641823 ], [ 106.949065575549042, -6.1136135394062 ], [ 106.949006609893999, -6.113653833565322 ], [ 106.948801636856416, -6.113806961809643 ], [ 106.948696331291856, -6.113930208292046 ], [ 106.948606423014212, -6.11410042639073 ], [ 106.948571320673352, -6.114380231317138 ], [ 106.948571117739291, -6.114381312469014 ], [ 106.948570784618511, -6.11438236154502 ], [ 106.948570326671657, -6.114383362251648 ], [ 106.948543740622767, -6.114433214770902 ], [ 106.948542984365815, -6.114434400998777 ], [ 106.948542052396036, -6.114435454959287 ], [ 106.948540969012939, -6.114436352153225 ], [ 106.94853975942587, -6.11443706988632 ], [ 106.948538453380081, -6.114437590872512 ], [ 106.948537082443721, -6.114437902339713 ], [ 106.948497273080676, -6.114443741747063 ], [ 106.948427469083356, -6.11445911442466 ], [ 106.94831536078749, -6.114499513599661 ], [ 106.948314029796862, -6.114499880976545 ], [ 106.948184452647993, -6.114525163414989 ], [ 106.948051166549888, -6.114561895412632 ], [ 106.94792333696067, -6.114600593935025 ], [ 106.947922059873406, -6.114600880649514 ], [ 106.947920755014366, -6.114600981217222 ], [ 106.947855751242145, -6.114601216927086 ], [ 106.94785534564717, -6.114601209356645 ], [ 106.94785455684881, -6.114601141695966 ], [ 106.947739861032773, -6.114586257252232 ], [ 106.947739786929731, -6.11458624757566 ], [ 106.947638830296924, -6.114573988566267 ], [ 106.947622204071365, -6.114604506642819 ], [ 106.947657657013082, -6.114963320441102 ], [ 106.947657686191306, -6.114964643958345 ], [ 106.947657522936424, -6.114965957323941 ], [ 106.947657169860051, -6.114967233405028 ], [ 106.947656634086812, -6.11496844414822 ], [ 106.947643340554194, -6.114993369952319 ], [ 106.9476425977779, -6.114994538048608 ], [ 106.947641684727827, -6.114995579282179 ], [ 106.947640623893804, -6.114996468256336 ], [ 106.947639439588528, -6.114997184088267 ], [ 106.947563102899764, -6.115035735637202 ], [ 106.947561996287732, -6.115036205268274 ], [ 106.94756083764031, -6.115036523196841 ], [ 106.947398443955962, -6.115069644711674 ], [ 106.9473978851764, -6.115069739861264 ], [ 106.94739765043407, -6.115069769643968 ], [ 106.947028799641515, -6.115111294655191 ], [ 106.947027671661971, -6.115111351182511 ], [ 106.947026544972104, -6.115111264855086 ], [ 106.946665008749548, -6.115060905075366 ], [ 106.946663537025429, -6.115060573174268 ], [ 106.946662141208321, -6.115060000503587 ], [ 106.946660860197184, -6.115059203196405 ], [ 106.946630185583118, -6.115036349851006 ], [ 106.946629061935866, -6.115035356684679 ], [ 106.946628117415614, -6.115034191087399 ], [ 106.946627378334554, -6.115032885511953 ], [ 106.946626865598503, -6.115031476047154 ], [ 106.946626591990366, -6.115030000619509 ], [ 106.946620641712869, -6.114970696893053 ], [ 106.946620636074201, -6.114970636337809 ], [ 106.946620611379487, -6.11497030190488 ], [ 106.946614498579621, -6.114861570819165 ], [ 106.946604940387829, -6.114787210382668 ], [ 106.946579917566083, -6.114744632272542 ], [ 106.946520145624476, -6.114701957665938 ], [ 106.946519332121866, -6.114701303322367 ], [ 106.946518599585431, -6.11470055827392 ], [ 106.946379301181196, -6.114541016620014 ], [ 106.946379069850025, -6.114540740799062 ], [ 106.946307278949433, -6.114451581242645 ], [ 106.946246362848612, -6.114387488636106 ], [ 106.946245716976648, -6.114386729711332 ], [ 106.946245159381988, -6.114385903562249 ], [ 106.946200083404122, -6.114310176367636 ], [ 106.946143448575228, -6.11429372683943 ], [ 106.946036874653316, -6.114287002950406 ], [ 106.946036012583107, -6.114286905716463 ], [ 106.94603516286756, -6.114286727971534 ], [ 106.945913162389729, -6.114254875814598 ], [ 106.945911765066114, -6.114254385420962 ], [ 106.945769910944875, -6.114191107577938 ], [ 106.945669714428078, -6.114191469567202 ], [ 106.945603999760777, -6.114219445817783 ], [ 106.9453247767146, -6.114390646752083 ], [ 106.945283262213891, -6.114513288439824 ], [ 106.945282913113061, -6.114514166695875 ], [ 106.945282474439367, -6.11451500368698 ], [ 106.945143865745067, -6.114748142634227 ], [ 106.944938244910404, -6.115260896825036 ], [ 106.944857248855669, -6.115550387739033 ], [ 106.94483726821656, -6.115954674783856 ], [ 106.944839010565445, -6.116436956252858 ], [ 106.944874206682286, -6.116517188384742 ], [ 106.945036297670285, -6.116799630145118 ], [ 106.945125960014039, -6.116952715671006 ], [ 106.945159458440259, -6.116989331246971 ], [ 106.945211945675595, -6.117002263444227 ], [ 106.945263300713407, -6.116988356553959 ], [ 106.945420746882462, -6.116941175411211 ], [ 106.945422011348782, -6.11694089326685 ], [ 106.945423303576632, -6.116940794557291 ], [ 106.945480661613558, -6.116940586753671 ], [ 106.94548213527186, -6.116940702566091 ], [ 106.945483569143263, -6.116941056304929 ], [ 106.945484927071107, -6.116941640868273 ], [ 106.945486171956276, -6.116942438308238 ], [ 106.945487269402889, -6.116943428858911 ], [ 106.945488191308456, -6.116944584594518 ], [ 106.945523785069199, -6.11699760856762 ], [ 106.945613115804633, -6.117089927774076 ], [ 106.945670624379076, -6.117147074651937 ], [ 106.945671564134855, -6.117148170650712 ], [ 106.945672316502609, -6.117149402945727 ], [ 106.945672864202592, -6.11715073905147 ], [ 106.945673192661673, -6.117152145568484 ], [ 106.945673292716393, -6.117153586365379 ], [ 106.945673162426203, -6.117155024380449 ], [ 106.945672804370034, -6.117156423439754 ], [ 106.945672229259557, -6.117157748243988 ], [ 106.945647304434203, -6.11720448456713 ], [ 106.945647105181948, -6.117204836989885 ], [ 106.94564704502632, -6.117204937564628 ], [ 106.945562161015474, -6.117344128967186 ], [ 106.945528305820361, -6.117464382318881 ], [ 106.945565314549398, -6.117514516117959 ], [ 106.945565775914943, -6.117515207902514 ], [ 106.94556604683666, -6.11751569062243 ], [ 106.945619906087614, -6.117618997653777 ], [ 106.945706024549693, -6.117740180564711 ], [ 106.945706400587071, -6.117740756027396 ], [ 106.945706608745695, -6.117741117823178 ], [ 106.945786008424264, -6.117887946771665 ], [ 106.945786597695573, -6.117889288150974 ], [ 106.945786963235577, -6.117890707190869 ], [ 106.945823577783756, -6.118102279343802 ], [ 106.945823706109792, -6.118103544639669 ], [ 106.945823655609246, -6.118104816008337 ], [ 106.94580977061257, -6.118230453325711 ], [ 106.945809486840474, -6.118231911787531 ], [ 106.945767317290787, -6.118381692941182 ], [ 106.945764188374937, -6.118491064222149 ], [ 106.945788432761134, -6.118664714699336 ], [ 106.945800587385079, -6.1186862238407 ], [ 106.945816789182444, -6.118706121644949 ], [ 106.945836102700994, -6.118723004699507 ], [ 106.94585798425129, -6.11873639669798 ], [ 106.945881801037714, -6.118745909356224 ], [ 106.945906874636378, -6.11875127570704 ], [ 106.945932886593667, -6.118752357671104 ], [ 106.945978951247938, -6.118750432187167 ], [ 106.945979620567087, -6.118750429760914 ], [ 106.94602607702528, -6.118751939393254 ], [ 106.946026157425649, -6.118751941814138 ], [ 106.94602674471453, -6.118751985795051 ], [ 106.946072680582063, -6.118756906727405 ], [ 106.946156596961103, -6.118760702672974 ], [ 106.946240458585663, -6.118757855368509 ], [ 106.946323835577317, -6.118748388072361 ], [ 106.946406215978584, -6.118732356888786 ], [ 106.946487405617717, -6.118709771564347 ], [ 106.946487782838659, -6.118709675264549 ], [ 106.946487950711671, -6.118709637587173 ], [ 106.946502583386703, -6.118706532239741 ], [ 106.946503212572566, -6.118706422368731 ], [ 106.946503987314884, -6.118706348134535 ], [ 106.946518940941573, -6.118705568813906 ], [ 106.946519767425158, -6.118705564913014 ], [ 106.946520342061604, -6.118705607131023 ], [ 106.946535216572556, -6.118707176986486 ], [ 106.946536312012796, -6.118707361974394 ], [ 106.946537376316542, -6.118707679075925 ], [ 106.9465887297834, -6.118726510012447 ], [ 106.94658914226747, -6.118726673065582 ], [ 106.946589759347432, -6.118726961952876 ], [ 106.946638376797168, -6.118752033057652 ], [ 106.946639342681109, -6.118752609996702 ], [ 106.946682442814534, -6.118782143017405 ], [ 106.946695858011651, -6.118783069005273 ], [ 106.946710964702618, -6.118781654435285 ], [ 106.946725638978933, -6.118777814789746 ], [ 106.946739506345693, -6.118771650879407 ], [ 106.946752188940508, -6.118763331335853 ], [ 106.946763369560401, -6.118753063447578 ], [ 106.94677319887063, -6.118740547406439 ], [ 106.946773824960488, -6.118739831789667 ], [ 106.946774522656924, -6.118739184625915 ], [ 106.946840286102798, -6.118684405433116 ], [ 106.946905809086289, -6.118629826917711 ], [ 106.946912662846842, -6.118623257177743 ], [ 106.946918185431699, -6.118616008754956 ], [ 106.946922520142436, -6.11860799343058 ], [ 106.946925562000871, -6.118599405969936 ], [ 106.946927241275787, -6.118590446435216 ], [ 106.946927515428754, -6.118581341009267 ], [ 106.946926286933518, -6.118571598207536 ], [ 106.946926255178539, -6.118571309910217 ], [ 106.946926222628292, -6.118570801915976 ], [ 106.946924623835883, -6.11852763444468 ], [ 106.946919512248854, -6.118484728344052 ], [ 106.946919487939283, -6.118484500595389 ], [ 106.946919469978724, -6.11848428005662 ], [ 106.946915663223848, -6.118429035295244 ], [ 106.946915642121525, -6.118428445889203 ], [ 106.946915658956286, -6.118427856345567 ], [ 106.946919065666833, -6.118372585424297 ], [ 106.946919259371143, -6.118371199618593 ], [ 106.946919664609283, -6.118369860059719 ], [ 106.946920271563201, -6.118368599331406 ], [ 106.946932622731055, -6.118347327742591 ], [ 106.946933400872979, -6.118346196585933 ], [ 106.946948827229832, -6.118327043034241 ], [ 106.946949766620591, -6.118326040581143 ], [ 106.946967914780643, -6.118309447555728 ], [ 106.946968349718361, -6.11830907619564 ], [ 106.946968994749895, -6.118308602812816 ], [ 106.946989447863515, -6.11829494793668 ], [ 106.946990146377374, -6.118294526798528 ], [ 106.946990639569009, -6.118294278186711 ], [ 106.94701291826189, -6.118283884158629 ], [ 106.947014202774369, -6.118283400319607 ], [ 106.947037796650591, -6.118276504059986 ], [ 106.947038286664394, -6.118276375706865 ], [ 106.947038861640593, -6.118276262415566 ], [ 106.947058387836975, -6.118273045282572 ], [ 106.947059617675762, -6.118272928712155 ], [ 106.947079400232013, -6.118272409429928 ], [ 106.947080009960928, -6.118272414451524 ], [ 106.947080634292604, -6.118272461009413 ], [ 106.947100301993984, -6.118274648157023 ], [ 106.947101517698073, -6.118274868872403 ], [ 106.947119794142182, -6.118279492228321 ], [ 106.947178033237591, -6.118281856824497 ], [ 106.94723669189122, -6.118278354903508 ], [ 106.947294727774718, -6.118269001095866 ], [ 106.947351961971549, -6.118253777064913 ], [ 106.947352239931078, -6.118253708248126 ], [ 106.947352647901596, -6.118253622685715 ], [ 106.947391402380745, -6.118246489694202 ], [ 106.947391790564552, -6.118246427710497 ], [ 106.947392614975342, -6.118246350582762 ], [ 106.947431995896025, -6.118244587562418 ], [ 106.947432071760304, -6.118244584574891 ], [ 106.947497199243116, -6.118242216428326 ], [ 106.947561219779942, -6.118232993680444 ], [ 106.94762401344417, -6.11821697463074 ], [ 106.947684299913817, -6.118196299442359 ], [ 106.947744929194471, -6.118175506374246 ], [ 106.947805557568515, -6.118154714208115 ], [ 106.947806322726592, -6.118154488115978 ], [ 106.947807105298793, -6.118154331577418 ], [ 106.947849884802082, -6.11814771286064 ], [ 106.947850020222717, -6.11814769338293 ], [ 106.947850781414502, -6.118147619196258 ], [ 106.947894029025349, -6.11814529964765 ], [ 106.947894885321631, -6.118145297444968 ], [ 106.947938148591589, -6.118147302212638 ], [ 106.94793891030065, -6.118147370873953 ], [ 106.947939045858803, -6.118147389368504 ], [ 106.947981872175831, -6.118153698395617 ], [ 106.947983023842667, -6.118153945560628 ], [ 106.947984133593152, -6.118154341152372 ], [ 106.948002350411656, -6.118162205941481 ], [ 106.948003023624381, -6.118162530788005 ], [ 106.948003665416067, -6.11816290909126 ], [ 106.948020339081637, -6.118173667218228 ], [ 106.94802152205304, -6.118174576984953 ], [ 106.948036199867175, -6.118187935351387 ], [ 106.948037217296459, -6.118189027445592 ], [ 106.948049497787849, -6.118204621342299 ], [ 106.94805032156583, -6.11820586603025 ], [ 106.948059870788313, -6.118223269927437 ], [ 106.94806047821227, -6.11822463383931 ], [ 106.948067036113514, -6.11824337402106 ], [ 106.948067410783878, -6.118244818339483 ], [ 106.948070797564284, -6.118264382825942 ], [ 106.948070891334837, -6.118265084077983 ], [ 106.948070930317456, -6.118265871419623 ], [ 106.948071051213944, -6.118285285016046 ], [ 106.948079547953924, -6.118366985165434 ], [ 106.948088089622274, -6.118449117317007 ], [ 106.948095728028804, -6.118521525385259 ], [ 106.94811009962028, -6.118592483231596 ], [ 106.948131115021113, -6.11866175430122 ], [ 106.948158529404395, -6.118728579121478 ], [ 106.94818682643141, -6.118778235232147 ], [ 106.948220041782889, -6.118824894435561 ], [ 106.948256942362477, -6.118867026020825 ], [ 106.948296580656489, -6.118887431760046 ], [ 106.948337547439692, -6.11890852160826 ], [ 106.9483795093835, -6.118927547365482 ], [ 106.94842147857193, -6.118946577612737 ], [ 106.948464325305991, -6.118963491757162 ], [ 106.948506787597907, -6.118980253593447 ], [ 106.948574310660106, -6.118996347632593 ], [ 106.948643128250197, -6.119007492366265 ], [ 106.948712904885085, -6.119013586847566 ], [ 106.948713299775108, -6.119013630619711 ], [ 106.948713538364473, -6.119013665013996 ], [ 106.948757540615148, -6.119020668565173 ], [ 106.948758100131755, -6.119020775931682 ], [ 106.948758874095319, -6.119020985588602 ], [ 106.948801315858901, -6.119034573129697 ], [ 106.948802079255245, -6.119034857866324 ], [ 106.948802581408543, -6.119035088400458 ], [ 106.948842476072926, -6.119054945265354 ], [ 106.948843743436683, -6.119055711872908 ], [ 106.948890146153744, -6.119089264121344 ], [ 106.948936547966156, -6.119122814558952 ], [ 106.94893687857811, -6.119123067414445 ], [ 106.948981629985099, -6.119158826258338 ], [ 106.949026365999543, -6.119194573398999 ], [ 106.949026699413096, -6.119194851559413 ], [ 106.949069665447894, -6.119232712609091 ], [ 106.949112630581965, -6.11927057275255 ], [ 106.949112881615093, -6.11927080058166 ], [ 106.949112941443502, -6.119270859131775 ], [ 106.949168343105924, -6.119324480720495 ], [ 106.949223574372553, -6.119377939274221 ], [ 106.94928053477507, -6.119427979416492 ], [ 106.949337644701558, -6.119478150102649 ], [ 106.949394754638263, -6.119528320779266 ], [ 106.949451864588482, -6.119578492350424 ], [ 106.949508779721043, -6.119628491934065 ], [ 106.949561354411856, -6.119669464335858 ], [ 106.949615451706848, -6.119708851714091 ], [ 106.949616156521415, -6.119709421457459 ], [ 106.949616801059847, -6.119710058324141 ], [ 106.949642323159196, -6.119737969612617 ], [ 106.949643003662544, -6.119738809774003 ], [ 106.949664661063466, -6.119769078559187 ], [ 106.949704633208853, -6.119811529735513 ], [ 106.949749248981959, -6.119849213829358 ], [ 106.949797855966125, -6.119881563618653 ], [ 106.949849830305922, -6.119908166381165 ], [ 106.949904488759501, -6.119928672898596 ], [ 106.949961629385399, -6.119942942862751 ], [ 106.949963070995608, -6.11994343579137 ], [ 106.950045146916921, -6.119979471172804 ], [ 106.950045712447462, -6.119979742160123 ], [ 106.950125096166261, -6.120021382860408 ], [ 106.950125154993216, -6.120021414290602 ], [ 106.950125640162781, -6.120021693706813 ], [ 106.950201577691615, -6.120068509396313 ], [ 106.950245352264758, -6.120089923365293 ], [ 106.950246518158508, -6.120090605350227 ], [ 106.950247568134472, -6.120091454113085 ], [ 106.9502841000904, -6.12012577709501 ], [ 106.950284680370331, -6.12012637893358 ], [ 106.950284919865169, -6.120126662858763 ], [ 106.950316428362598, -6.120165623202128 ], [ 106.950316696091519, -6.120165971216671 ], [ 106.950317136578661, -6.120166632330485 ], [ 106.950343059945695, -6.12020952867785 ], [ 106.9503434509665, -6.120210248738675 ], [ 106.950343619411754, -6.120210617908587 ], [ 106.950363466030353, -6.120256638346271 ], [ 106.950363618239834, -6.120257013903943 ], [ 106.950363874887415, -6.120257793220381 ], [ 106.950377282204173, -6.12030609733828 ], [ 106.950377460244809, -6.120306870611564 ], [ 106.950377529567135, -6.120307305237754 ], [ 106.950384244954193, -6.120356977184878 ], [ 106.950384286942452, -6.120357346814307 ], [ 106.950384326103332, -6.12035818207193 ], [ 106.950384225294471, -6.120408332654017 ], [ 106.950384191918701, -6.12040909222979 ], [ 106.950384178851806, -6.120409225181821 ], [ 106.950381593416765, -6.120434802878885 ], [ 106.95037470540845, -6.120502888595246 ], [ 106.950367817397805, -6.120570973407832 ], [ 106.950360934624086, -6.120639007571378 ], [ 106.950360930288142, -6.120639057313324 ], [ 106.950354772007216, -6.120703373845929 ], [ 106.950348705080557, -6.120766728071104 ], [ 106.950353209937489, -6.120801646605961 ], [ 106.950363597583291, -6.120842469313695 ], [ 106.95037895459528, -6.120881668256249 ], [ 106.950399047579936, -6.120918649375147 ], [ 106.95042357011657, -6.120952856850061 ], [ 106.950452145421281, -6.120983760431572 ], [ 106.950483200208666, -6.121009928298659 ], [ 106.950554348036718, -6.121028665999861 ], [ 106.950627302344174, -6.121047879919516 ], [ 106.950700912326113, -6.121064325764609 ], [ 106.950774541294507, -6.121080776049712 ], [ 106.950848714745433, -6.121094434253518 ], [ 106.950922937002872, -6.121108100405418 ], [ 106.950975827392824, -6.121116274770833 ], [ 106.951028984012297, -6.121119654560076 ], [ 106.95108219735458, -6.121118255001025 ], [ 106.951134264635613, -6.121112181727952 ], [ 106.951212558157465, -6.12108010756773 ], [ 106.95121315713186, -6.121079886594701 ], [ 106.951213217581753, -6.121079867388547 ], [ 106.951294943858102, -6.121053603218717 ], [ 106.951295620634667, -6.121053415414848 ], [ 106.951379161439846, -6.121033581913723 ], [ 106.951379978353771, -6.121033429764656 ], [ 106.951380315127466, -6.121033388759101 ], [ 106.951426424069268, -6.121028725843777 ], [ 106.95142689364593, -6.121028690684052 ], [ 106.951427524102343, -6.121028682062641 ], [ 106.951473856790855, -6.121029669933317 ], [ 106.951474954603114, -6.121029760872839 ], [ 106.951520823592389, -6.121036384850824 ], [ 106.951521511446771, -6.12103651163735 ], [ 106.951521902011933, -6.121036607861076 ], [ 106.951566624973793, -6.121048770071069 ], [ 106.951567017417673, -6.121048886178404 ], [ 106.951567667735304, -6.121049123403016 ], [ 106.951610579198316, -6.121066641826248 ], [ 106.951611571829915, -6.121067120107822 ], [ 106.951652034041501, -6.121089734871402 ], [ 106.951652579011878, -6.121090064698437 ], [ 106.95165296115816, -6.121090330021588 ], [ 106.951690374030221, -6.121117706074626 ], [ 106.951691370707593, -6.121118552314794 ], [ 106.951692234190688, -6.12111953375203 ], [ 106.951692948141968, -6.121120628747094 ], [ 106.951693496227151, -6.121121816564806 ], [ 106.951722229650954, -6.121198745094855 ], [ 106.951722421401271, -6.121199313083747 ], [ 106.951745995213471, -6.121277955585462 ], [ 106.951746041867565, -6.121278117251769 ], [ 106.95174614725957, -6.12127853456806 ], [ 106.951764466340506, -6.121358566812638 ], [ 106.951764543567194, -6.121358939025782 ], [ 106.951764581385589, -6.121359154970935 ], [ 106.951777506743852, -6.121439862312778 ], [ 106.951791553301419, -6.121496996286359 ], [ 106.951805628301628, -6.121554250401922 ], [ 106.951822900395186, -6.121610615898242 ], [ 106.951840214559709, -6.121667123185237 ], [ 106.951851311370874, -6.121700468951311 ], [ 106.951866878593023, -6.121731350120371 ], [ 106.951886142973123, -6.121758758707943 ], [ 106.951939118118247, -6.121793245005659 ], [ 106.951996548445308, -6.121822564364376 ], [ 106.952056721242613, -6.121845695943233 ], [ 106.952118985236581, -6.12186238896014 ], [ 106.952182662305006, -6.121872461443514 ], [ 106.952247283278965, -6.121875812936008 ], [ 106.952316680324401, -6.121875803638213 ], [ 106.952386316739165, -6.121875795268644 ], [ 106.952386707889659, -6.121875803790576 ], [ 106.952456291600669, -6.121878942815285 ], [ 106.952525857240985, -6.121882080992346 ], [ 106.952526263815955, -6.121882108444384 ], [ 106.952595616843197, -6.121888385556052 ], [ 106.952664969879066, -6.121894665370545 ], [ 106.952665806737244, -6.121894781667678 ], [ 106.952666629419014, -6.121894973961755 ], [ 106.95274660713396, -6.121917753100943 ], [ 106.952746894691245, -6.121917839753188 ], [ 106.952747275449184, -6.121917971271801 ], [ 106.952825244029682, -6.121946898432147 ], [ 106.952825623956656, -6.121947049844145 ], [ 106.952825891757044, -6.12194716821215 ], [ 106.952845204665266, -6.121956095634727 ], [ 106.952854176739805, -6.121980161157812 ], [ 106.952818639895582, -6.121963732607194 ] ] ] ] } },
{ "type": "Feature", "properties": { "OBJECTID_1": 20, "OBJECTID": 20, "toponimi": "Kali Betik Pertamina", "kewenangan": "Pemprov DKI", "jenis": "Saluran Drainase Sekunder", "lebar_min": 4.0, "lebar_max": 15.0, "ked_min": 2.0, "ked_max": 4.0, "jenis_kons": "Sheetpile, Turap batu kali", "kondisi": "Baik", "panjang_su": 3.35, "Shape_Leng": 6820.7161375899996, "Shape_Le_1": 6769.4406256800003, "Shape_Area": 42920.011735799999 }, "geometry": { "type": "MultiPolygon", "coordinates": [ [ [ [ 106.907429042091394, -6.143172656692762 ], [ 106.907445466110175, -6.143157049710255 ], [ 106.907452397288196, -6.143149655387848 ], [ 106.907535095293099, -6.143058624193149 ], [ 106.907566972811154, -6.143024022280003 ], [ 106.907602155905735, -6.142992793652682 ], [ 106.907640289780161, -6.142965252406603 ], [ 106.907680990605982, -6.142941677479474 ], [ 106.907734380339292, -6.142917013008151 ], [ 106.907789828777865, -6.142897423326111 ], [ 106.907846857758969, -6.142883078307168 ], [ 106.907904971792831, -6.142874101776274 ], [ 106.907963667999084, -6.142870571474 ], [ 106.908022437913431, -6.142872519050235 ], [ 106.90807611787622, -6.142879131125661 ], [ 106.908114710012882, -6.142885154192284 ], [ 106.908172920795238, -6.14289319851294 ], [ 106.908234515780208, -6.142898031020791 ], [ 106.908296290767865, -6.14289912699787 ], [ 106.90835801810276, -6.142896482736253 ], [ 106.90840876282283, -6.142888050519643 ], [ 106.908458624386242, -6.142875394625255 ], [ 106.908507252620709, -6.142858605812654 ], [ 106.908554304670972, -6.142837800131106 ], [ 106.908600834988391, -6.142812289388684 ], [ 106.908644989993221, -6.142782853235798 ], [ 106.908668739233562, -6.142763984191188 ], [ 106.908668772566401, -6.142763958756469 ], [ 106.909098952786394, -6.142422161637516 ], [ 106.909139658216574, -6.142390283053426 ], [ 106.909183804102028, -6.142363377577191 ], [ 106.90923078562389, -6.142341815349202 ], [ 106.909279960653635, -6.142325889791747 ], [ 106.90933065698286, -6.142315818487424 ], [ 106.909382182246773, -6.142311739527187 ], [ 106.909433830237873, -6.14231370877553 ], [ 106.909477904818672, -6.14231420058122 ], [ 106.909521888834604, -6.142311332947576 ], [ 106.909565527602382, -6.142305122154522 ], [ 106.909667941949408, -6.14228930212076 ], [ 106.909737502181187, -6.142272016250603 ], [ 106.909805534088534, -6.142249443939538 ], [ 106.909871637068193, -6.142221719526818 ], [ 106.91020772905533, -6.142072212487651 ], [ 106.910286873042267, -6.14204260878168 ], [ 106.910367844947416, -6.14201846130776 ], [ 106.910450271196638, -6.141999883511299 ], [ 106.91095778967815, -6.141919864744187 ], [ 106.910969735620142, -6.141917656664631 ], [ 106.911016754431245, -6.141904059586825 ], [ 106.91106221321111, -6.141885912156496 ], [ 106.911105675373435, -6.141863390431894 ], [ 106.911352335894122, -6.141723059264892 ], [ 106.911406827521262, -6.141689085247511 ], [ 106.911428214935825, -6.141673665691783 ], [ 106.911442793160944, -6.141662842666341 ], [ 106.911458003833573, -6.141651545423457 ], [ 106.911638972352648, -6.141517147681916 ], [ 106.911686952781309, -6.141480407670913 ], [ 106.911716874820144, -6.141460671115065 ], [ 106.911747788983092, -6.141442528613602 ], [ 106.912026968958315, -6.14128521081848 ], [ 106.912070433608193, -6.141254555462621 ], [ 106.912109592864681, -6.141218553993043 ], [ 106.912134156516132, -6.14119507990941 ], [ 106.912164621588502, -6.141160708022618 ], [ 106.912191683045293, -6.14112359160444 ], [ 106.912209680274557, -6.141094015499855 ], [ 106.912222985586027, -6.141065955218628 ], [ 106.912232847855591, -6.141036504937259 ], [ 106.91223580634265, -6.141024375377958 ], [ 106.912240053501662, -6.141006316435936 ], [ 106.912240065077057, -6.141006269379695 ], [ 106.91225989763511, -6.140921948764896 ], [ 106.912265440379031, -6.140898379028803 ], [ 106.912333353148753, -6.140609634120692 ], [ 106.912348098189554, -6.140571653985598 ], [ 106.912368324951714, -6.140536292511294 ], [ 106.912393584578155, -6.140504336992523 ], [ 106.912423313219634, -6.140476499187812 ], [ 106.9124568500431, -6.140453398980824 ], [ 106.912700320057823, -6.140305540248529 ], [ 106.91277224845463, -6.140258413802345 ], [ 106.912840176734477, -6.140205675241996 ], [ 106.912868649279488, -6.140178730676856 ], [ 106.912892702851963, -6.140147770388845 ], [ 106.912911777237824, -6.140113511549568 ], [ 106.912925430841995, -6.140076750469936 ], [ 106.912933346027572, -6.140038339977663 ], [ 106.912959858082061, -6.139907305241177 ], [ 106.912979830751269, -6.139818486088723 ], [ 106.913005407431029, -6.139731117922005 ], [ 106.91303648369194, -6.139645554629809 ], [ 106.913045492844702, -6.139624872054576 ], [ 106.913057452486484, -6.139597416930604 ], [ 106.913099581905925, -6.139500728563116 ], [ 106.913113965925291, -6.139474243041208 ], [ 106.913132266815964, -6.13945029949373 ], [ 106.913154044911082, -6.139429475424197 ], [ 106.913178776257979, -6.139412270882037 ], [ 106.913205867936014, -6.13939909755844 ], [ 106.913234667976752, -6.139390274230173 ], [ 106.913323825980314, -6.139367861158564 ], [ 106.913341682385308, -6.139362381558843 ], [ 106.913358539579178, -6.139354335086447 ], [ 106.913374032331689, -6.139343894832563 ], [ 106.913387823612439, -6.139331288939497 ], [ 106.913399613591665, -6.13931679152726 ], [ 106.913409145940932, -6.139300716342023 ], [ 106.913484699238154, -6.139155165826083 ], [ 106.913500188772289, -6.139120798653221 ], [ 106.913529297871833, -6.139050018617182 ], [ 106.913555025684374, -6.138977937875109 ], [ 106.913577313170265, -6.138904718477717 ], [ 106.913616861480762, -6.138766985457791 ], [ 106.91365553590397, -6.138616246022123 ], [ 106.913677463666573, -6.138541709691663 ], [ 106.913705785767959, -6.138469364712435 ], [ 106.913740287365584, -6.138399759755881 ], [ 106.913780647394958, -6.138338355113332 ], [ 106.913826566476558, -6.138280996467645 ], [ 106.913877641711977, -6.138228186147131 ], [ 106.913906929373411, -6.138193273263473 ], [ 106.913931859565622, -6.138155121091414 ], [ 106.913952078313798, -6.138114271567699 ], [ 106.913964515206487, -6.138086157436592 ], [ 106.913981773154987, -6.138054755821732 ], [ 106.914003497605506, -6.138026266713253 ], [ 106.91402920843737, -6.138001322007181 ], [ 106.914058334918039, -6.137980475264081 ], [ 106.914090231014242, -6.13796418899654 ], [ 106.914124189806302, -6.137952823768102 ], [ 106.914159458818659, -6.137946630905517 ], [ 106.914198532271001, -6.137941600707769 ], [ 106.914201777777478, -6.137941307914771 ], [ 106.914260211339027, -6.137936035777581 ], [ 106.914285285899311, -6.13793377346293 ], [ 106.914293117919684, -6.137933067350503 ], [ 106.914296293899753, -6.137932782942833 ], [ 106.914299383150862, -6.137931989819676 ], [ 106.914302304452193, -6.137930709970712 ], [ 106.914305009069977, -6.137928956228089 ], [ 106.914307393323298, -6.137926785018792 ], [ 106.914309393286686, -6.137924255339969 ], [ 106.914310955000204, -6.137921434290356 ], [ 106.914312037172905, -6.137918395252195 ], [ 106.914312612099067, -6.137915221504668 ], [ 106.914364106370428, -6.137500873960242 ], [ 106.914372386120334, -6.137427974111782 ], [ 106.91437465628249, -6.137417884028936 ], [ 106.914378605820716, -6.137408326801385 ], [ 106.914384120098646, -6.137399579503144 ], [ 106.914391038333505, -6.137391897674201 ], [ 106.914399160780633, -6.13738550354098 ], [ 106.914408249627186, -6.137380583300854 ], [ 106.914418041615846, -6.137377280748046 ], [ 106.914428252535586, -6.137375690024549 ], [ 106.914438584461124, -6.137375859210756 ], [ 106.914443365481631, -6.137376541002876 ], [ 106.914582709663847, -6.137413496186265 ], [ 106.914684197616978, -6.137440411666962 ], [ 106.914710281421094, -6.137447328984786 ], [ 106.914774479203047, -6.13746133214446 ], [ 106.914842928630847, -6.137476262188535 ], [ 106.914894974746431, -6.137490982383347 ], [ 106.914945363761731, -6.13751064776627 ], [ 106.914993627109965, -6.137535077379535 ], [ 106.915039316835617, -6.137564044081193 ], [ 106.915052909894683, -6.13757335500278 ], [ 106.91508815164164, -6.137594444324212 ], [ 106.915125916738816, -6.137610577211421 ], [ 106.915165512181673, -6.137621457780906 ], [ 106.915206213688606, -6.137626885195028 ], [ 106.915247273863315, -6.137626762674143 ], [ 106.915287941138473, -6.137621090195685 ], [ 106.915327471548153, -6.137609972589273 ], [ 106.915365138641619, -6.137593613172181 ], [ 106.915645625130935, -6.137456773706133 ], [ 106.915693014693886, -6.137438903029397 ], [ 106.915742437598553, -6.137427848541582 ], [ 106.915792919031503, -6.137423827105545 ], [ 106.91588019159137, -6.137421731769894 ], [ 106.915963845315503, -6.137417581629286 ], [ 106.916046892315137, -6.137406694263154 ], [ 106.916128791745834, -6.137389139418687 ], [ 106.916219403481023, -6.137366714468652 ], [ 106.916256616322386, -6.137359757770858 ], [ 106.916294298090037, -6.137356115740176 ], [ 106.916332153498558, -6.137355816557384 ], [ 106.916372979772277, -6.137359262490107 ], [ 106.916413291493726, -6.137366595307632 ], [ 106.916413319515783, -6.137366600632068 ], [ 106.916457464496318, -6.137379368910842 ], [ 106.916515333447848, -6.13740294212096 ], [ 106.916571071932282, -6.137431195494436 ], [ 106.916624302578541, -6.137463936899199 ], [ 106.916657478585591, -6.137487592184693 ], [ 106.916857682117353, -6.137630341579081 ], [ 106.916861879722646, -6.137633334584278 ], [ 106.916864670471284, -6.137634957447073 ], [ 106.916867595792283, -6.137636321246843 ], [ 106.916872549124918, -6.137637951734414 ], [ 106.916877686802309, -6.137638842887863 ], [ 106.916882900362324, -6.137638977013046 ], [ 106.916888076871558, -6.1376383490897 ], [ 106.916893107084192, -6.137636974879278 ], [ 106.916870108072814, -6.137669206289946 ], [ 106.916850902567305, -6.137703838139747 ], [ 106.916835739189139, -6.137740422898452 ], [ 106.916835697596284, -6.137734095044663 ], [ 106.916834675294055, -6.137727851170841 ], [ 106.916832697208505, -6.137721841273202 ], [ 106.916829812638937, -6.137716210740025 ], [ 106.916826088921752, -6.137711096757819 ], [ 106.916821618637641, -6.137706622860726 ], [ 106.916819443553194, -6.137704887488967 ], [ 106.916497697171849, -6.137477554385304 ], [ 106.916460284838919, -6.137452707243193 ], [ 106.916419753163751, -6.137433372896165 ], [ 106.916376906578819, -6.137419937239341 ], [ 106.916332598768776, -6.137412665742589 ], [ 106.916287709184445, -6.137411703534545 ], [ 106.916243131280524, -6.137417070020057 ], [ 106.916232044322868, -6.137419466780553 ], [ 106.916142032759765, -6.137441743117583 ], [ 106.916056066022108, -6.137460158792685 ], [ 106.915968899101102, -6.137471592539529 ], [ 106.915881094514589, -6.1374759727249 ], [ 106.915793802076337, -6.137478069038693 ], [ 106.915750968500561, -6.13748142207373 ], [ 106.915709022500579, -6.137490733762803 ], [ 106.91566878905995, -6.137505821231846 ], [ 106.915495141310799, -6.137590537691123 ], [ 106.915441025331958, -6.137616938486999 ], [ 106.915389436962343, -6.137642106944941 ], [ 106.915345103416584, -6.137661271326754 ], [ 106.915298594351526, -6.137674280034599 ], [ 106.915250757149138, -6.137680897673591 ], [ 106.915202465798089, -6.137681003578353 ], [ 106.915154601026998, -6.13767459369255 ], [ 106.91510803587407, -6.137661786949401 ], [ 106.9150636193949, -6.13764281628877 ], [ 106.915022162206057, -6.137618027804665 ], [ 106.915008416111434, -6.137608612550935 ], [ 106.914969747770527, -6.137583902687332 ], [ 106.914929006508899, -6.13756279144302 ], [ 106.914886525374513, -6.137545453931583 ], [ 106.914831045630123, -6.137529191821423 ], [ 106.914801158440127, -6.13752267237376 ], [ 106.914619289567526, -6.137483002385438 ], [ 106.914552715556923, -6.137473671213138 ], [ 106.9145192984099, -6.137468988006504 ], [ 106.914487044420682, -6.137464466997083 ], [ 106.914470042570329, -6.137462083946708 ], [ 106.91446289912021, -6.137461083310021 ], [ 106.914457478937479, -6.137460511396125 ], [ 106.914452032676607, -6.137460731594033 ], [ 106.914446675951993, -6.137461740777822 ], [ 106.914441522503552, -6.137463516841514 ], [ 106.914435797331819, -6.137466580624176 ], [ 106.914430687079587, -6.137470587928139 ], [ 106.914426343974228, -6.137475417055368 ], [ 106.914422898486066, -6.137480924686574 ], [ 106.914420453902181, -6.137486944092218 ], [ 106.914420107887892, -6.137489715586685 ], [ 106.914366457127016, -6.137921436477741 ], [ 106.914364083970014, -6.137933545853643 ], [ 106.914359734131764, -6.137945091793659 ], [ 106.914353527513398, -6.137955753806579 ], [ 106.914346679594559, -6.137964155978062 ], [ 106.914338678750752, -6.137971467371075 ], [ 106.914330602911321, -6.137977002415194 ], [ 106.914321867275632, -6.137981422313564 ], [ 106.914312625126215, -6.137984647858498 ], [ 106.91430462606553, -6.137986387086369 ], [ 106.914296483791901, -6.137987230832699 ], [ 106.914204424825712, -6.137995536356445 ], [ 106.914165550915016, -6.138000541430579 ], [ 106.914133667365348, -6.138006425631105 ], [ 106.914103285610722, -6.138017754560095 ], [ 106.914075326720592, -6.138034184970598 ], [ 106.914050638037963, -6.138055217464669 ], [ 106.914029966150949, -6.13808021648101 ], [ 106.914013938878171, -6.13810842482523 ], [ 106.914001812039956, -6.138135838954645 ], [ 106.913981022758946, -6.138178308914326 ], [ 106.913968453298807, -6.138199400230373 ], [ 106.913935847830544, -6.138244210750955 ], [ 106.913893332019043, -6.138297386473621 ], [ 106.913853838756367, -6.138352846974662 ], [ 106.913817490287386, -6.138410421840779 ], [ 106.913811156793074, -6.138421226254512 ], [ 106.913776050114294, -6.138489351506209 ], [ 106.913747450806781, -6.138560460626482 ], [ 106.91372560958105, -6.13863393067691 ], [ 106.913723631716778, -6.138641640043437 ], [ 106.913722323492252, -6.138644871566019 ], [ 106.913696076110625, -6.138749037257266 ], [ 106.913686599280368, -6.13878597416609 ], [ 106.913646844895965, -6.138924428515523 ], [ 106.913623539388723, -6.139000942591317 ], [ 106.91359663890006, -6.139076266125876 ], [ 106.913566203343706, -6.139150228928161 ], [ 106.913549748565941, -6.139186735111722 ], [ 106.913473528703022, -6.13933357097864 ], [ 106.913458382637216, -6.139358886570689 ], [ 106.913439665761487, -6.13938168517314 ], [ 106.913417788203134, -6.139401465334431 ], [ 106.913393230787207, -6.1394177922558 ], [ 106.913373968735925, -6.139427302076833 ], [ 106.913353795737308, -6.139434677788518 ], [ 106.913340735295463, -6.139438187315442 ], [ 106.913251231615618, -6.139460686617618 ], [ 106.913250352478698, -6.139460884149505 ], [ 106.913236060288554, -6.139465010175731 ], [ 106.913222376722871, -6.139470846450173 ], [ 106.913209503814755, -6.13947830545386 ], [ 106.913195920779785, -6.139488770521074 ], [ 106.913183937646707, -6.139501037225963 ], [ 106.913173789319742, -6.13951486332561 ], [ 106.913165677173879, -6.139529976860627 ], [ 106.913103174809166, -6.139673434657396 ], [ 106.913070535987615, -6.139764618194094 ], [ 106.913044470940591, -6.139857897510503 ], [ 106.91303076065293, -6.139921292696625 ], [ 106.913027126543525, -6.139939257221283 ], [ 106.913004664063919, -6.140050278992241 ], [ 106.912994843172143, -6.14009687597575 ], [ 106.912978417572276, -6.140141571680141 ], [ 106.912955731712913, -6.140183432714022 ], [ 106.912935367277782, -6.140211843724247 ], [ 106.912912112944895, -6.140237936928883 ], [ 106.912886228733925, -6.14026142026756 ], [ 106.912834248371368, -6.140302663644079 ], [ 106.912779969767556, -6.140340824913451 ], [ 106.91273762917254, -6.140367485436927 ], [ 106.912493761645024, -6.140515586111562 ], [ 106.912469306696678, -6.140532298712111 ], [ 106.912447577562162, -6.14055243274736 ], [ 106.91242904692588, -6.14057554983222 ], [ 106.912414119487991, -6.140601145822971 ], [ 106.912403119359851, -6.140628662615938 ], [ 106.912311037068719, -6.141020172558883 ], [ 106.91231102726772, -6.141020210567461 ], [ 106.912306272013851, -6.141040428584237 ], [ 106.912292742793809, -6.141085986425342 ], [ 106.912272851873539, -6.141129143936253 ], [ 106.912265670558426, -6.141141595996842 ], [ 106.912234770059712, -6.141188110126061 ], [ 106.912199354507521, -6.141231278833581 ], [ 106.912159781867416, -6.141270665047408 ], [ 106.912129916804105, -6.141299017793195 ], [ 106.912097754173047, -6.141324729644956 ], [ 106.912063526375988, -6.141347616232706 ], [ 106.911782961653671, -6.141505713843915 ], [ 106.911739448422026, -6.141532131693966 ], [ 106.911710125424776, -6.141552918520708 ], [ 106.911701982489475, -6.14155916624526 ], [ 106.911699243127643, -6.141561317020909 ], [ 106.91169070942783, -6.141568177335288 ], [ 106.91168301241656, -6.141574588017939 ], [ 106.911642041080995, -6.141612632958759 ], [ 106.911576660608844, -6.141671393815175 ], [ 106.911485857670428, -6.141745616675543 ], [ 106.91138010837372, -6.141832057137115 ], [ 106.911159690614497, -6.141957457743436 ], [ 106.911106068088301, -6.141985139497987 ], [ 106.911049964471715, -6.142007354688177 ], [ 106.91099193362858, -6.142023883437928 ], [ 106.910485301082389, -6.142117537943238 ], [ 106.910407255104843, -6.142134346990345 ], [ 106.910330605496597, -6.142156679811888 ], [ 106.910255740291518, -6.142184424718953 ], [ 106.910072205433366, -6.14226606341998 ], [ 106.91005830239753, -6.142277772772578 ], [ 106.910046251655373, -6.142291384134275 ], [ 106.910036308716215, -6.142306606365966 ], [ 106.91002831966469, -6.142324101842758 ], [ 106.910023117433809, -6.142342619886468 ], [ 106.910022175280361, -6.142346680999986 ], [ 106.910021764600287, -6.142350829724545 ], [ 106.910022011836404, -6.142356072812674 ], [ 106.910023105106433, -6.142361206191546 ], [ 106.910025015020537, -6.14236609434618 ], [ 106.910027690534875, -6.142370609071984 ], [ 106.910031061661627, -6.142374629465055 ], [ 106.910035039497942, -6.142378050059387 ], [ 106.910039735735936, -6.142380020571054 ], [ 106.910044643879459, -6.142381378227864 ], [ 106.910051575414698, -6.142382206973349 ], [ 106.910109625899423, -6.142389149525274 ], [ 106.910176432531927, -6.142397139426222 ], [ 106.91020655326399, -6.142400412394301 ], [ 106.910221875250144, -6.142402078231654 ], [ 106.910226720480537, -6.142402258930334 ], [ 106.910231529460759, -6.142401646833946 ], [ 106.910236174873759, -6.142400256863376 ], [ 106.910240531296154, -6.142398128344363 ], [ 106.910244483299152, -6.142395316841307 ], [ 106.91024792365485, -6.142391897780241 ], [ 106.9102507605498, -6.142387962806549 ], [ 106.910249238101486, -6.142410671924122 ], [ 106.910251625928552, -6.142433307401773 ], [ 106.91025785479026, -6.142455197715947 ], [ 106.910267739904143, -6.142475695263188 ], [ 106.910257045478929, -6.142466619804353 ], [ 106.910245240797522, -6.142459048267299 ], [ 106.910232535004724, -6.142453113716594 ], [ 106.910217731274585, -6.142448588969079 ], [ 106.909976115218498, -6.14242246898874 ], [ 106.90985716541806, -6.142412976356708 ], [ 106.909843782308727, -6.142411907545514 ], [ 106.909792711521959, -6.142409423635534 ], [ 106.909750846439053, -6.142412462745226 ], [ 106.909709398864152, -6.142419097002408 ], [ 106.909698503114384, -6.142421456819548 ], [ 106.909691965099441, -6.142422815570549 ], [ 106.90958785971641, -6.142438897524291 ], [ 106.909533385807222, -6.142446481510834 ], [ 106.909478489453249, -6.142449846506685 ], [ 106.909423497594574, -6.142448973261402 ], [ 106.909398527239617, -6.142447353602425 ], [ 106.909373508163938, -6.142447778361547 ], [ 106.909334753883812, -6.142452516049873 ], [ 106.909296914954339, -6.142462146349609 ], [ 106.909257136779487, -6.142478174888927 ], [ 106.909219983062968, -6.142499602582419 ], [ 106.909186181304946, -6.142526010932362 ], [ 106.908727212861933, -6.142890681488669 ], [ 106.908673676604948, -6.142926681690839 ], [ 106.908617246320745, -6.142957940996673 ], [ 106.908558338524713, -6.142984227364294 ], [ 106.90849739064123, -6.143005345746748 ], [ 106.908434854689972, -6.143021140826957 ], [ 106.908371192762772, -6.143031495225629 ], [ 106.908301514382586, -6.143034686840543 ], [ 106.908231771320487, -6.143033669030187 ], [ 106.908162214725181, -6.143028447226787 ], [ 106.908093100307184, -6.143019039504304 ], [ 106.908054490990523, -6.143013014692078 ], [ 106.908052400348538, -6.143012671347783 ], [ 106.908004847309556, -6.143007215499526 ], [ 106.907950730698857, -6.143006600291115 ], [ 106.907896869071877, -6.143011887258538 ], [ 106.907843902666016, -6.143023012637077 ], [ 106.907792461537639, -6.14303984398439 ], [ 106.907743157435448, -6.143062181113502 ], [ 106.907714640760034, -6.143078635922138 ], [ 106.907687886307173, -6.143097828490186 ], [ 106.907663157184828, -6.143119571627671 ], [ 106.907637488050469, -6.143147505108112 ], [ 106.90761043794997, -6.14317728161932 ], [ 106.907552750192835, -6.143240783134503 ], [ 106.907517410481816, -6.143275472444533 ], [ 106.907478223963153, -6.143305739793466 ], [ 106.907435740165695, -6.143331161893537 ], [ 106.907390552223035, -6.143351384015648 ], [ 106.907343294166836, -6.143366120903151 ], [ 106.907294628315597, -6.143375166762482 ], [ 106.907267733055207, -6.143377655938653 ], [ 106.907171055523065, -6.143381078439624 ], [ 106.907156276962937, -6.143381601299884 ], [ 106.907156185736568, -6.143381604337656 ], [ 106.907069194377002, -6.143384683963337 ], [ 106.906992152039052, -6.14338969729836 ], [ 106.906915641772684, -6.143400042214788 ], [ 106.906840031959447, -6.14341566857659 ], [ 106.906765685471058, -6.143436500951778 ], [ 106.90669295967264, -6.143462439516489 ], [ 106.906622204616113, -6.143493360061456 ], [ 106.90661929993226, -6.143494756457206 ], [ 106.906562415085673, -6.143524254158431 ], [ 106.906507318577866, -6.143556976856613 ], [ 106.90644540426257, -6.143596721862818 ], [ 106.906416924065837, -6.14361304358488 ], [ 106.906382559320093, -6.143626518370932 ], [ 106.906346525563592, -6.143634511007494 ], [ 106.90630969021943, -6.143636828533056 ], [ 106.906272940169913, -6.143633415345384 ], [ 106.906237160079826, -6.143624354183075 ], [ 106.906234763297846, -6.143623530019579 ], [ 106.906223505180947, -6.143619270994174 ], [ 106.90619662802392, -6.143606295733883 ], [ 106.906171585667551, -6.143590053620427 ], [ 106.906148771983254, -6.143570802736564 ], [ 106.906138572472273, -6.143560420749849 ], [ 106.906109645635169, -6.143529419819091 ], [ 106.90599575735456, -6.14340736522971 ], [ 106.905938021130936, -6.143342818685029 ], [ 106.905884027926703, -6.143275104261512 ], [ 106.905833951956211, -6.143204439236073 ], [ 106.905677071981088, -6.142953093629219 ], [ 106.905419673995567, -6.142593766263642 ], [ 106.905373070498769, -6.142525614033003 ], [ 106.905332494271747, -6.14245370443369 ], [ 106.905298245305275, -6.142378568934534 ], [ 106.905257599584743, -6.142268059316939 ], [ 106.905228078935394, -6.142194509993773 ], [ 106.905192986349718, -6.142123455133817 ], [ 106.905152531095126, -6.142055316221289 ], [ 106.905054339452022, -6.141912338805504 ], [ 106.905006108324727, -6.141839121914083 ], [ 106.90496205045369, -6.141763315172345 ], [ 106.904934815674409, -6.141710951512086 ], [ 106.904853224395907, -6.141538897569141 ], [ 106.904668656052948, -6.141149691506117 ], [ 106.904639078814427, -6.141082281387455 ], [ 106.904613931544404, -6.141013092426808 ], [ 106.904595539032243, -6.140950909068526 ], [ 106.904461653120734, -6.140330219087462 ], [ 106.904401289288273, -6.140058882172939 ], [ 106.904373256439456, -6.139932873981285 ], [ 106.904371845477712, -6.139926531065107 ], [ 106.904366254838578, -6.139905964693474 ], [ 106.904357211653632, -6.139886668263839 ], [ 106.904347401498271, -6.139872190896048 ], [ 106.904335644686327, -6.139859246638302 ], [ 106.904322177013185, -6.139848096850623 ], [ 106.904307270268887, -6.139838963887073 ], [ 106.90429122321143, -6.139832032936231 ], [ 106.904282269490366, -6.139829271024717 ], [ 106.904179336380011, -6.139804345982673 ], [ 106.904039139409718, -6.139770397346323 ], [ 106.903274089342617, -6.139585142221232 ], [ 106.90299938869785, -6.139516844373741 ], [ 106.902638970048287, -6.13942723507681 ], [ 106.901803637283024, -6.139219548075879 ], [ 106.90137004370942, -6.139118333782119 ], [ 106.901282446234788, -6.13909788604588 ], [ 106.900983558805166, -6.139023156825798 ], [ 106.900008835474907, -6.138779449981155 ], [ 106.89942549728157, -6.138633600222708 ], [ 106.897340550453166, -6.138112299219147 ], [ 106.893345891016395, -6.137137263124507 ], [ 106.893250186016516, -6.137113902287179 ], [ 106.892942874943117, -6.137038891175403 ], [ 106.89289663312853, -6.137027603748326 ], [ 106.892853804345691, -6.137017149619967 ], [ 106.892846175330817, -6.137016282401892 ], [ 106.892838505429609, -6.137016627782661 ], [ 106.89283098521139, -6.137018176046961 ], [ 106.892823801536437, -6.137020890368366 ], [ 106.892817134830125, -6.137024702298227 ], [ 106.892811150972065, -6.137029517219228 ], [ 106.892805998586212, -6.137035214354934 ], [ 106.89280180544668, -6.137041652207386 ], [ 106.892798677580828, -6.137048670368538 ], [ 106.892809975100477, -6.137004002874092 ], [ 106.892811347082812, -6.136998576787171 ], [ 106.892812430415916, -6.136994292748153 ], [ 106.892827166818023, -6.136936030168613 ], [ 106.892838460779771, -6.136891378961984 ], [ 106.89283989869503, -6.136885694057391 ], [ 106.892842439548232, -6.136875649096614 ], [ 106.892852156897945, -6.136834753846394 ], [ 106.892852182410081, -6.136842749083579 ], [ 106.892853493887756, -6.136850635797011 ], [ 106.892856057180367, -6.136858207963053 ], [ 106.892859806549751, -6.136865267807083 ], [ 106.892864641979301, -6.136871631237741 ], [ 106.892870439126426, -6.136877132332616 ], [ 106.89287704571899, -6.136881626063285 ], [ 106.892884289713777, -6.136884996403784 ], [ 106.892929567739401, -6.136896051263064 ], [ 106.89297416134356, -6.136906936751383 ], [ 106.893235889627547, -6.136970821788782 ], [ 106.897373021856438, -6.137980629976379 ], [ 106.898262865550095, -6.138203119591865 ], [ 106.901314254758461, -6.138966052839113 ], [ 106.901747888881701, -6.139067275212651 ], [ 106.902026286107386, -6.139135162863663 ], [ 106.903306354823499, -6.139453423142846 ], [ 106.904039598044648, -6.139630975211632 ], [ 106.904177027494299, -6.139664254702523 ], [ 106.904276991473509, -6.139688460683278 ], [ 106.904315376429253, -6.139697756009965 ], [ 106.904354664780158, -6.139711390683003 ], [ 106.904391264885092, -6.139731147784189 ], [ 106.904424230945779, -6.139756516226978 ], [ 106.904452712404819, -6.139786840828529 ], [ 106.904475973883052, -6.13982134032138 ], [ 106.904493415110295, -6.139859123556877 ], [ 106.904504585465219, -6.139899213864894 ], [ 106.904594007635325, -6.140301169980042 ], [ 106.904608614927398, -6.140368888380034 ], [ 106.904718352582037, -6.140877621041811 ], [ 106.904727300317049, -6.140919102573916 ], [ 106.904749271335078, -6.140990288318325 ], [ 106.904776485109224, -6.141059635365886 ], [ 106.90477650332997, -6.141059678699511 ], [ 106.904790972589467, -6.141091340639537 ], [ 106.904831164265062, -6.141176094049532 ], [ 106.90493327134368, -6.141391410173412 ], [ 106.905010674962099, -6.141554633860551 ], [ 106.905056693571609, -6.141651674474536 ], [ 106.905089029426435, -6.141712910321378 ], [ 106.905124291690896, -6.141772506487993 ], [ 106.905165660948853, -6.141835017528385 ], [ 106.90526521737587, -6.141979981867859 ], [ 106.905311337949911, -6.142057403236066 ], [ 106.905351334044994, -6.142138163687627 ], [ 106.905384967268333, -6.142221780361447 ], [ 106.905424618752988, -6.142329586523646 ], [ 106.905454082802706, -6.142393815295834 ], [ 106.905488937182383, -6.142455279903526 ], [ 106.905528925550001, -6.142513530095183 ], [ 106.905789706170935, -6.142877578490694 ], [ 106.905947761774456, -6.143130806795236 ], [ 106.905993185980591, -6.143194737212268 ], [ 106.906042130988439, -6.143256009573118 ], [ 106.906094441633996, -6.143314429136606 ], [ 106.906212451296369, -6.143440900177143 ], [ 106.906237874266452, -6.143468146063327 ], [ 106.906246869828337, -6.143476808155029 ], [ 106.906256851318986, -6.143484309438982 ], [ 106.906272017983071, -6.143492574313822 ], [ 106.906288357624135, -6.143498171425047 ], [ 106.906305404449057, -6.143500939688934 ], [ 106.906322673090756, -6.143500802176218 ], [ 106.906339673042098, -6.143497760635686 ], [ 106.906355921331539, -6.143491903586313 ], [ 106.906370954234234, -6.143483397234057 ], [ 106.906375476857065, -6.143480494207323 ], [ 106.906434495355796, -6.143442607587687 ], [ 106.906506638585469, -6.143400189660164 ], [ 106.906581456967118, -6.143362700571607 ], [ 106.906658629499631, -6.143330305113431 ], [ 106.906737336080184, -6.143303292819117 ], [ 106.906817652322786, -6.143281588374529 ], [ 106.906899233480203, -6.143265283421124 ], [ 106.90698171847805, -6.143254450671955 ], [ 106.90706474073211, -6.143249137544089 ], [ 106.907123480118855, -6.143247058301733 ], [ 106.907248868417753, -6.143242619333225 ], [ 106.907261124265389, -6.143242185033393 ], [ 106.907301296761901, -6.143236645871712 ], [ 106.907340264701432, -6.143225411341119 ], [ 106.907377226750015, -6.143208714854812 ], [ 106.907411422606884, -6.143186897271736 ], [ 106.907429042091394, -6.143172656692762 ] ] ], [ [ [ 106.907445464200507, -6.143157020784769 ], [ 106.907445466110175, -6.143157049710255 ], [ 106.907445439868638, -6.143157037145985 ], [ 106.907445464200507, -6.143157020784769 ] ] ] ] } },
{ "type": "Feature", "properties": { "OBJECTID_1": 21, "OBJECTID": 21, "toponimi": "Kali Sodetan Buaran", "kewenangan": "Pemprov DKI", "jenis": "Saluran Drainase Sekunder", "lebar_min": 2.0, "lebar_max": 4.0, "ked_min": 2.0, "ked_max": 2.0, "jenis_kons": "Box culvert", "kondisi": "Baik", "panjang_su": 0.81, "Shape_Leng": 1679.5610168600001, "Shape_Le_1": 1668.6253320599999, "Shape_Area": 11886.0100423 }, "geometry": { "type": "MultiPolygon", "coordinates": [ [ [ [ 106.923752344588735, -6.186268931056627 ], [ 106.923968492936879, -6.186288743076179 ], [ 106.924105479696919, -6.186301299616655 ], [ 106.924262926950263, -6.186317169736359 ], [ 106.924345608449883, -6.186326247714835 ], [ 106.924438097567261, -6.186336403115842 ], [ 106.924613361552488, -6.186358971408749 ], [ 106.924703225589326, -6.186371930921062 ], [ 106.924827225872491, -6.186391213093405 ], [ 106.924831169137022, -6.186391938374226 ], [ 106.924897026206253, -6.186405407994426 ], [ 106.924954149046769, -6.186417091976312 ], [ 106.924958224058813, -6.186418025631146 ], [ 106.925080332865221, -6.186449107081114 ], [ 106.92513539826011, -6.186464673573629 ], [ 106.925135459746286, -6.186464688720844 ], [ 106.925200361514896, -6.186483036796511 ], [ 106.925518281895521, -6.186567793966725 ], [ 106.925620909849286, -6.186595154013918 ], [ 106.925624320137416, -6.186596137087653 ], [ 106.925768042102831, -6.186640728956128 ], [ 106.925878249062293, -6.186674922852344 ], [ 106.925937818816237, -6.186694723194939 ], [ 106.925942557383763, -6.186696531434061 ], [ 106.92599928375212, -6.186719469443284 ], [ 106.926107977764488, -6.186766450359964 ], [ 106.926111176569307, -6.186767907957622 ], [ 106.926217647082936, -6.186819063110438 ], [ 106.926220529672179, -6.186820513717177 ], [ 106.926285458102043, -6.186854691830688 ], [ 106.926285512400426, -6.186854717853279 ], [ 106.926311252428221, -6.186868268601618 ], [ 106.926419916154586, -6.186923088293354 ], [ 106.926528920994414, -6.186971814737254 ], [ 106.92664004635283, -6.187015364587583 ], [ 106.92675563397313, -6.187054521358371 ], [ 106.926832311776906, -6.187079384067472 ], [ 106.926916859595053, -6.187103380082017 ], [ 106.926959125368469, -6.187115376304635 ], [ 106.927008928010167, -6.187128309870452 ], [ 106.927089393873331, -6.187149205963566 ], [ 106.927117938298281, -6.187156582175367 ], [ 106.927286524854878, -6.187194965106165 ], [ 106.92745617050825, -6.187228445595378 ], [ 106.927626684503593, -6.187256987266896 ], [ 106.927798781771372, -6.18728068517083 ], [ 106.92788083424503, -6.187290426634345 ], [ 106.927963220895691, -6.187295909359055 ], [ 106.927984993882333, -6.187296932426466 ], [ 106.928067171231064, -6.187296514688643 ], [ 106.928139979354157, -6.187292348113542 ], [ 106.92818804176126, -6.187286761506843 ], [ 106.928233266653777, -6.187277457504901 ], [ 106.928279286731595, -6.187263722221738 ], [ 106.928332214917361, -6.187244200781659 ], [ 106.928463088648286, -6.187191061276005 ], [ 106.928500891126646, -6.187176512276874 ], [ 106.928573291899298, -6.187148462938035 ], [ 106.928725102088151, -6.187089648113535 ], [ 106.928738062142898, -6.187084627464242 ], [ 106.928807252622036, -6.187055948739401 ], [ 106.928872585972613, -6.18702364492868 ], [ 106.928900768483771, -6.187007955494396 ], [ 106.928948725509144, -6.186980302311853 ], [ 106.928988657378426, -6.186951835638131 ], [ 106.929009801674425, -6.186933458498576 ], [ 106.92901652887187, -6.186927611516431 ], [ 106.929038373790405, -6.1869068784023 ], [ 106.929058770797681, -6.186884717514835 ], [ 106.929087057324423, -6.186848144293666 ], [ 106.929111407751464, -6.186808836841527 ], [ 106.929127990526808, -6.18677544886508 ], [ 106.929141729310217, -6.186740791888428 ], [ 106.9291499413265, -6.186701966194304 ], [ 106.929152600058075, -6.186662370472312 ], [ 106.929151175937676, -6.186635121802281 ], [ 106.929144059354854, -6.186594633963292 ], [ 106.929171095261324, -6.186662090813078 ], [ 106.92919001345517, -6.186704705668196 ], [ 106.929195688504009, -6.186716878939658 ], [ 106.929223414726437, -6.186772906985516 ], [ 106.929259129358897, -6.186838048482715 ], [ 106.929279136187276, -6.186871703146554 ], [ 106.929285228488723, -6.186881601034026 ], [ 106.929292308803383, -6.18689290847373 ], [ 106.929288507087932, -6.18689011227637 ], [ 106.92928431468431, -6.186887947671193 ], [ 106.929279834772316, -6.186886467626477 ], [ 106.929275178603191, -6.186885708807016 ], [ 106.929270460076069, -6.186885690689665 ], [ 106.929265798438209, -6.186886412841165 ], [ 106.929261306550899, -6.18688785767318 ], [ 106.929257097209785, -6.186889989515158 ], [ 106.929253274114373, -6.186892755551325 ], [ 106.929251929190571, -6.186894066893394 ], [ 106.929237519404296, -6.186908112336706 ], [ 106.929217704701884, -6.186927424034428 ], [ 106.929189882795995, -6.186952115414615 ], [ 106.929142700603919, -6.186996122264437 ], [ 106.92911991082218, -6.187017378685339 ], [ 106.929072586291909, -6.187058510038375 ], [ 106.929066293212372, -6.187062996549491 ], [ 106.928986118835809, -6.187114488224855 ], [ 106.928902481263009, -6.187160129243682 ], [ 106.928891355050524, -6.187165630557011 ], [ 106.928848495289799, -6.187185642573006 ], [ 106.928788454246032, -6.18721052873391 ], [ 106.928770732729404, -6.187217394815386 ], [ 106.9285496701809, -6.187303038765561 ], [ 106.928512884410907, -6.187317196209426 ], [ 106.92838113023808, -6.187370693348606 ], [ 106.928326261422555, -6.187390930676322 ], [ 106.928308540648572, -6.187396511081672 ], [ 106.928303365240012, -6.187398056035186 ], [ 106.928249640367824, -6.187411882592952 ], [ 106.928195085160382, -6.187421942876248 ], [ 106.928139964138296, -6.187428188005424 ], [ 106.928071386654238, -6.187432112289019 ], [ 106.927982158362624, -6.18743256648605 ], [ 106.927955546826823, -6.187431315972073 ], [ 106.927868348374929, -6.187425512581908 ], [ 106.927781563629608, -6.187415209666018 ], [ 106.927606267578113, -6.187391071321242 ], [ 106.927461299185197, -6.187366805644601 ], [ 106.927431879203056, -6.187361880998398 ], [ 106.927380116068321, -6.187351665158204 ], [ 106.927325584737247, -6.187340903324929 ], [ 106.927258380445267, -6.187327639666538 ], [ 106.927085962966501, -6.187288384602647 ], [ 106.927055437324668, -6.187280496615071 ], [ 106.92692361708572, -6.187246263924854 ], [ 106.926792929299225, -6.18720917186719 ], [ 106.926713025248517, -6.187183263040469 ], [ 106.926593592515545, -6.187142803816383 ], [ 106.926476555001685, -6.18709693735097 ], [ 106.926361753553664, -6.187045619920276 ], [ 106.926249208920481, -6.186988842408305 ], [ 106.926158541354383, -6.18694111624979 ], [ 106.926157876141076, -6.186940781424802 ], [ 106.926053777545903, -6.186890765899191 ], [ 106.926053039151526, -6.186890429531208 ], [ 106.925947030610956, -6.186844608805393 ], [ 106.92594658365185, -6.186844421464698 ], [ 106.925893035600339, -6.186822775672116 ], [ 106.925892305546128, -6.186822497137499 ], [ 106.925891827950338, -6.186822331606818 ], [ 106.925836825883934, -6.186804056227865 ], [ 106.925585499804725, -6.18672607744591 ], [ 106.925584713023682, -6.186725850651533 ], [ 106.925164501871222, -6.186613823529387 ], [ 106.925045724754497, -6.186580240981645 ], [ 106.925045209311477, -6.186580101806847 ], [ 106.924926401836231, -6.186549860979614 ], [ 106.924925461518313, -6.18654964559012 ], [ 106.924805354712873, -6.186525079202615 ], [ 106.924804573653475, -6.186524935565543 ], [ 106.924683158522228, -6.186506055404275 ], [ 106.924595050687856, -6.186493349014256 ], [ 106.924422060675468, -6.186471073561598 ], [ 106.924248748144805, -6.186452044118536 ], [ 106.924092510044048, -6.186436296203236 ], [ 106.923959170591658, -6.186424074544006 ], [ 106.923863995384565, -6.186415350980095 ], [ 106.92374094638123, -6.186404072054055 ], [ 106.923488079214039, -6.18638452495313 ], [ 106.923411477590307, -6.186377198711354 ], [ 106.92302042458499, -6.186339799924156 ], [ 106.9229964372648, -6.186337505319337 ], [ 106.922915157361828, -6.18633355295786 ], [ 106.922833804718366, -6.186335469522132 ], [ 106.922771550231758, -6.186342945105134 ], [ 106.922570822483152, -6.186376269157181 ], [ 106.922560186467109, -6.186380698998151 ], [ 106.922550074764956, -6.186386222740455 ], [ 106.922535796457964, -6.186396715268287 ], [ 106.922523396936597, -6.186409376319395 ], [ 106.922513201129277, -6.186423873807796 ], [ 106.922505476877589, -6.186439827935502 ], [ 106.922500425935127, -6.186456820266385 ], [ 106.922498181299773, -6.186474405489395 ], [ 106.922498800929034, -6.186492122290851 ], [ 106.922502269599207, -6.18650950781367 ], [ 106.922438350834909, -6.18633796898808 ], [ 106.922399770817279, -6.186234433513683 ], [ 106.922407241822299, -6.18624789330515 ], [ 106.922416870328192, -6.186259901398437 ], [ 106.922428381369002, -6.186270116125373 ], [ 106.922441447755091, -6.186278243925409 ], [ 106.922455694645791, -6.186284054699382 ], [ 106.922470715807137, -6.186287380846387 ], [ 106.922486081781656, -6.186288128083828 ], [ 106.92249970591341, -6.186286603231069 ], [ 106.922512946898067, -6.18628305000407 ], [ 106.922513001019837, -6.186283027205017 ], [ 106.922526022617632, -6.186277263281862 ], [ 106.922539805844636, -6.186272266011742 ], [ 106.922634315411543, -6.186242289355388 ], [ 106.922730707719907, -6.186219078669603 ], [ 106.922751687061975, -6.186214973932535 ], [ 106.922822717482774, -6.186206579635138 ], [ 106.922894049273921, -6.186201334209037 ], [ 106.922975853896176, -6.186201500013164 ], [ 106.923057547805826, -6.186205777261333 ], [ 106.923125354312674, -6.186212471784976 ], [ 106.923426449341648, -6.186242195741526 ], [ 106.923498515096369, -6.18624930967228 ], [ 106.923752344588735, -6.186268931056627 ] ] ] ] } },
{ "type": "Feature", "properties": { "OBJECTID_1": 22, "OBJECTID": 22, "toponimi": "Kali Jembatan Merah", "kewenangan": "Pemprov DKI", "jenis": "Saluran Drainase Sekunder", "lebar_min": 20.0, "lebar_max": 20.0, "ked_min": 5.0, "ked_max": 5.0, "jenis_kons": "Turap batu kali, Dinding cor beton", "kondisi": "Baik", "panjang_su": 9.02, "Shape_Leng": 13336.0238178, "Shape_Le_1": 13194.20243, "Shape_Area": 79387.703005599993 }, "geometry": { "type": "MultiPolygon", "coordinates": [ [ [ [ 106.967804054068779, -6.162840040249764 ], [ 106.96792139819982, -6.162722485160692 ], [ 106.967925667626574, -6.162719610628534 ], [ 106.967956701391131, -6.162704291775347 ], [ 106.96796684113697, -6.162700061116186 ], [ 106.967969967188864, -6.162699215993232 ], [ 106.968009651638027, -6.162691824913352 ], [ 106.96803641265916, -6.162690246097646 ], [ 106.968063197096569, -6.162691344239768 ], [ 106.968064474697186, -6.162691419987866 ], [ 106.968085647261674, -6.162692673559287 ], [ 106.968192572653777, -6.162699007999843 ], [ 106.968193256632063, -6.162699048871289 ], [ 106.96820476982397, -6.162699330933589 ], [ 106.968216186981309, -6.162697821420529 ], [ 106.968227231819299, -6.162694557516356 ], [ 106.968237636333114, -6.162689617059384 ], [ 106.968308409916332, -6.162633414438572 ], [ 106.968375967913772, -6.162573376734058 ], [ 106.968440101437452, -6.16250969005934 ], [ 106.968610755408776, -6.162335415409028 ], [ 106.968614266581213, -6.162330241831027 ], [ 106.968618740313261, -6.162321529661312 ], [ 106.968621875919823, -6.162312251040941 ], [ 106.968623602788171, -6.16230260965354 ], [ 106.968623882858637, -6.162292818103509 ], [ 106.968622710607974, -6.162283093395616 ], [ 106.968620112119282, -6.162273649705543 ], [ 106.968608361113581, -6.162237280409489 ], [ 106.968603063615248, -6.162183774446802 ], [ 106.968604309489095, -6.162139713880615 ], [ 106.968610582226546, -6.162096085898303 ], [ 106.968621799016802, -6.162053461293985 ], [ 106.968629391999031, -6.1620322591966 ], [ 106.968696260687551, -6.161845548557388 ], [ 106.968699706679729, -6.161835927041176 ], [ 106.968715994941235, -6.161804858018644 ], [ 106.968733052697687, -6.16175635146102 ], [ 106.968746923376372, -6.161706836846321 ], [ 106.968757547232073, -6.161656525050843 ], [ 106.968765936560288, -6.161595520561817 ], [ 106.968769607890266, -6.161531120512109 ], [ 106.968768018777737, -6.161466635011741 ], [ 106.968760313072863, -6.161391094141425 ], [ 106.968759647636702, -6.161384565369286 ], [ 106.968758739962979, -6.161355453035834 ], [ 106.968761180382174, -6.161326429598688 ], [ 106.96876693688715, -6.161297879419307 ], [ 106.968843309844132, -6.161012013445961 ], [ 106.968901538440562, -6.160828109428558 ], [ 106.968915418224483, -6.160790380653326 ], [ 106.968947977018246, -6.160701883609228 ], [ 106.968959424414422, -6.160677713584441 ], [ 106.968978178105928, -6.160646225002872 ], [ 106.969001431234318, -6.160617902243743 ], [ 106.969028659504787, -6.16059338282585 ], [ 106.969059248880683, -6.160573219613742 ], [ 106.969092509086693, -6.16055786811053 ], [ 106.969099644209621, -6.160555331073005 ], [ 106.969125647836989, -6.16054608192594 ], [ 106.969146447851344, -6.160538683703151 ], [ 106.969183917972813, -6.160527601185387 ], [ 106.969236089671497, -6.160516711192894 ], [ 106.969289053836363, -6.160510788113927 ], [ 106.969341666969285, -6.160509865102174 ], [ 106.969394137375886, -6.160513842840879 ], [ 106.969446010559849, -6.160522688652445 ], [ 106.969469737772727, -6.160529609610866 ], [ 106.969512777679128, -6.160541512258248 ], [ 106.969554435565016, -6.160557601473785 ], [ 106.969594307066274, -6.160577721437555 ], [ 106.969629583956831, -6.160599977581649 ], [ 106.969662663828572, -6.160625388109537 ], [ 106.969693265861949, -6.160653739786936 ], [ 106.96972006710314, -6.160680740308995 ], [ 106.9697464513238, -6.160694354441651 ], [ 106.96976336865815, -6.160703086138649 ], [ 106.969909209278796, -6.160627139028413 ], [ 106.969922112119704, -6.160620420000711 ], [ 106.969931522685968, -6.160616154946871 ], [ 106.969960153594627, -6.16060554713809 ], [ 106.96998974804707, -6.160598038642595 ], [ 106.970019971224573, -6.160593715682538 ], [ 106.97004614294562, -6.16059257656264 ], [ 106.970046405822373, -6.160592578303729 ], [ 106.970049347162615, -6.160592600888571 ], [ 106.970202519203937, -6.160590628185926 ], [ 106.970233225692809, -6.160590232650548 ], [ 106.970303240713918, -6.160589331133153 ], [ 106.970433567592835, -6.160587653432675 ], [ 106.970483329312529, -6.160584156923419 ], [ 106.97053264809999, -6.160576662305545 ], [ 106.970543774263348, -6.160574403430675 ], [ 106.970576739334575, -6.16056771060581 ], [ 106.97062804190405, -6.160557295636957 ], [ 106.970630723512528, -6.160555720728757 ], [ 106.970633110900437, -6.16055372830933 ], [ 106.970635141931979, -6.160551371046134 ], [ 106.970636759938074, -6.160548714243829 ], [ 106.970637922722773, -6.160545828578233 ], [ 106.970638598953329, -6.160542791013638 ], [ 106.970638769063569, -6.160539684799648 ], [ 106.970638430643717, -6.16053659131419 ], [ 106.970635788233295, -6.16052381619382 ], [ 106.970611414950412, -6.160388539812105 ], [ 106.97059340742662, -6.160252268897043 ], [ 106.970581803797657, -6.160115302567157 ], [ 106.970577426129879, -6.160058215751098 ], [ 106.970570179690569, -6.159963719715984 ], [ 106.970530462105188, -6.159504831991545 ], [ 106.970460989584495, -6.158598851610892 ], [ 106.970390002099862, -6.157703187984297 ], [ 106.970374899577521, -6.157512644858537 ], [ 106.970363489969287, -6.157368673689795 ], [ 106.970330703857243, -6.156999239053369 ], [ 106.970255323911957, -6.156088636711913 ], [ 106.970205750841302, -6.155516266204105 ], [ 106.97020333557623, -6.155488386319893 ], [ 106.970189229773808, -6.155259107770727 ], [ 106.970179073312622, -6.155094041063531 ], [ 106.970177023688365, -6.155027618004748 ], [ 106.970159420550473, -6.154457168155882 ], [ 106.970159420280638, -6.154457094924706 ], [ 106.970158125534411, -6.154269230233561 ], [ 106.970162485783945, -6.154081411572416 ], [ 106.970177214045407, -6.153660337275875 ], [ 106.970182450128263, -6.153537861993291 ], [ 106.970191296660204, -6.15341559489108 ], [ 106.970203746805197, -6.153293642678976 ], [ 106.970212526443731, -6.153195879673973 ], [ 106.970224161833073, -6.153018031715145 ], [ 106.970233204147291, -6.152840033300822 ], [ 106.970239200747656, -6.152699870999289 ], [ 106.970242452333395, -6.15252027470987 ], [ 106.970239827797201, -6.152340667555469 ], [ 106.970230816955265, -6.151973739770644 ], [ 106.970220092660014, -6.151420673843025 ], [ 106.970154877401882, -6.149716988575875 ], [ 106.970154385901793, -6.149693900550304 ], [ 106.9701368942887, -6.14922557829507 ], [ 106.970111936560897, -6.148486243969307 ], [ 106.970102518717241, -6.148070070292311 ], [ 106.9700222051151, -6.145760712252881 ], [ 106.969988941621622, -6.144710784436935 ], [ 106.969968925333518, -6.143946087886191 ], [ 106.969961916736153, -6.143787475559074 ], [ 106.969946780590874, -6.143549880135905 ], [ 106.969918169222211, -6.143306699990196 ], [ 106.969827039003263, -6.142813864626442 ], [ 106.969785191355541, -6.142607436098978 ], [ 106.969676968218849, -6.142039375420818 ], [ 106.96958345015257, -6.141565130651492 ], [ 106.969472259161691, -6.140982468613726 ], [ 106.969427252979145, -6.140727569128841 ], [ 106.969407459428041, -6.140603330718515 ], [ 106.969400196400102, -6.140542240176602 ], [ 106.969396325941304, -6.14048084059902 ], [ 106.969395858681111, -6.140419320904346 ], [ 106.969395575983228, -6.140394258435051 ], [ 106.9693946884165, -6.140339792281491 ], [ 106.969391620576431, -6.140285405578099 ], [ 106.969383657346896, -6.140210259731989 ], [ 106.969369905256997, -6.14013595611926 ], [ 106.969350446345913, -6.140062941967119 ], [ 106.969325397844173, -6.139991654428004 ], [ 106.969294911273693, -6.139922521487087 ], [ 106.969259167921251, -6.139855959266586 ], [ 106.969218383331665, -6.139792365680567 ], [ 106.969057411247292, -6.139577100178196 ], [ 106.969004683004641, -6.139513922102277 ], [ 106.968969568374817, -6.13947365785639 ], [ 106.968989395677696, -6.139460347932584 ], [ 106.969012025327089, -6.139445156204197 ], [ 106.969030256822094, -6.139432918088538 ], [ 106.96906028116085, -6.13946771858875 ], [ 106.969114109041982, -6.13953221440868 ], [ 106.969143340701024, -6.139571305069452 ], [ 106.969276941121961, -6.139749966558053 ], [ 106.969320893052142, -6.139818332082749 ], [ 106.969359415294562, -6.139889902737702 ], [ 106.969392277732055, -6.13996424811507 ], [ 106.969419281795567, -6.140040919608838 ], [ 106.9694402650006, -6.140119455822714 ], [ 106.969455100953809, -6.140199384378235 ], [ 106.969463699359835, -6.140280223722926 ], [ 106.96946690086132, -6.140337059143204 ], [ 106.969467840807127, -6.140393977929573 ], [ 106.969468131200742, -6.140419658775027 ], [ 106.969469908230892, -6.140506242578424 ], [ 106.969478891048212, -6.140592375828452 ], [ 106.96949851912386, -6.140715580547945 ], [ 106.969543333443937, -6.140969390376289 ], [ 106.969654390014199, -6.141551344055256 ], [ 106.969747909979503, -6.142025599635489 ], [ 106.969856096349659, -6.142593470550731 ], [ 106.969897982663227, -6.1428000905915 ], [ 106.969989659449382, -6.143295876704943 ], [ 106.9700187762068, -6.143543344031671 ], [ 106.970034078358765, -6.143783577902994 ], [ 106.970041147959179, -6.143943543437389 ], [ 106.970061175040954, -6.144708691059655 ], [ 106.97009443030592, -6.145758308750025 ], [ 106.970174753547155, -6.148067993929469 ], [ 106.970184175192387, -6.148484203737491 ], [ 106.970209113894697, -6.149223005583046 ], [ 106.970226621686805, -6.149691779806857 ], [ 106.970257189622018, -6.151172567381586 ], [ 106.970264462627043, -6.151379184587837 ], [ 106.970275972051411, -6.151972744999447 ], [ 106.970284977448159, -6.152339412412743 ], [ 106.970287617464408, -6.152520520312605 ], [ 106.970284332583844, -6.152701618432074 ], [ 106.970278328555267, -6.152841967906689 ], [ 106.970269237052094, -6.153020831723174 ], [ 106.970257545244166, -6.153199544206999 ], [ 106.970248677127316, -6.153298298431324 ], [ 106.970236322393433, -6.153419174408993 ], [ 106.970227546876444, -6.15354036355826 ], [ 106.970222358318978, -6.153661760070169 ], [ 106.970207621920167, -6.154083067644796 ], [ 106.970203342020426, -6.154263514869658 ], [ 106.97020432056091, -6.154444009587881 ], [ 106.970214336193848, -6.155078784375686 ], [ 106.970236046377678, -6.155431651662449 ], [ 106.970239372934898, -6.15548571275195 ], [ 106.9702403022536, -6.155496441902772 ], [ 106.970291328286478, -6.156085581719068 ], [ 106.970366705439517, -6.156996146074368 ], [ 106.970399496324816, -6.157365643970238 ], [ 106.970497013981372, -6.158596038776375 ], [ 106.970570103173657, -6.159549195301001 ], [ 106.970597538445176, -6.159966034377472 ], [ 106.970608840912263, -6.160113437853139 ], [ 106.970615135633693, -6.160196772663628 ], [ 106.970623823398867, -6.160279891590857 ], [ 106.970626207727918, -6.160299352585032 ], [ 106.970642133038837, -6.160408923156652 ], [ 106.970662221097953, -6.160517805690527 ], [ 106.97066377655328, -6.160525372688083 ], [ 106.970666064407666, -6.160536311986153 ], [ 106.970669089288535, -6.160550898414174 ], [ 106.970676537017027, -6.160586819734318 ], [ 106.970677827418939, -6.160590122165026 ], [ 106.970679551568139, -6.160593219570125 ], [ 106.970682038678007, -6.160596465140284 ], [ 106.970685000270734, -6.160599284029617 ], [ 106.970688363827136, -6.160601607794507 ], [ 106.970786051878605, -6.16061033929396 ], [ 106.970789072788719, -6.160609893256558 ], [ 106.970791970745609, -6.160608930528114 ], [ 106.970794657320496, -6.160607477654379 ], [ 106.970797051384551, -6.160605581044298 ], [ 106.970799080878862, -6.160603297018475 ], [ 106.970800682827758, -6.160600695425365 ], [ 106.970801809645394, -6.160597855097605 ], [ 106.970802427322482, -6.160594862050422 ], [ 106.970802516322848, -6.160591807670181 ], [ 106.97080471665987, -6.160622360845128 ], [ 106.970807356852688, -6.16065901597631 ], [ 106.970809230582674, -6.160685025445244 ], [ 106.970809841855797, -6.160693517209586 ], [ 106.970810565441994, -6.160703559091051 ], [ 106.970808673162793, -6.160698963309627 ], [ 106.97080606047713, -6.160694735447419 ], [ 106.970802797357791, -6.160690988258323 ], [ 106.970798969080604, -6.160687819974098 ], [ 106.970794678941218, -6.160685316102497 ], [ 106.970791763011391, -6.160684100919528 ], [ 106.970788738013823, -6.160683194437902 ], [ 106.97063618772809, -6.160669560243971 ], [ 106.970627759607652, -6.160672250351251 ], [ 106.970619862023653, -6.16067624040253 ], [ 106.970612692426656, -6.160681427504754 ], [ 106.970606431914049, -6.160687683510538 ], [ 106.970601237986855, -6.160694850524338 ], [ 106.970597239159716, -6.160702749059328 ], [ 106.970594538584223, -6.160711180736305 ], [ 106.970593201419135, -6.160719932850816 ], [ 106.970592123120284, -6.160727109969611 ], [ 106.970589832924574, -6.16074026586359 ], [ 106.97058385900516, -6.160767153289055 ], [ 106.970571310567735, -6.160807983639841 ], [ 106.970566007080748, -6.160821937237525 ], [ 106.970551908871371, -6.160853558723028 ], [ 106.970507085777186, -6.160929563041039 ], [ 106.970483096929769, -6.160970238577946 ], [ 106.970470537843951, -6.160991534971579 ], [ 106.970459734625706, -6.161016690810563 ], [ 106.970452896629922, -6.161043202612455 ], [ 106.970450183260525, -6.161070448671018 ], [ 106.970451659005874, -6.161097789548665 ], [ 106.970470260987653, -6.161311675306894 ], [ 106.970470928416972, -6.161324615040325 ], [ 106.97046945559697, -6.161337487643265 ], [ 106.970465882782833, -6.161349941271826 ], [ 106.970460307179053, -6.161361634720845 ], [ 106.970452882076302, -6.161372248276241 ], [ 106.970443810558095, -6.16138149187522 ], [ 106.970433340107675, -6.161389112358992 ], [ 106.970421758117922, -6.161394900722231 ], [ 106.970300642844961, -6.161442988997107 ], [ 106.97027233582385, -6.161454227605422 ], [ 106.970241550970286, -6.161466450893891 ], [ 106.970211873785203, -6.161478233407143 ], [ 106.970103996429685, -6.161521065109001 ], [ 106.970080609797876, -6.161532039612471 ], [ 106.970059023652027, -6.161546235102089 ], [ 106.970039676850192, -6.161563362452511 ], [ 106.970032231043618, -6.161571060356825 ], [ 106.970004659596938, -6.16159559736834 ], [ 106.969974540701216, -6.161616695551375 ], [ 106.96994218530952, -6.161634165703481 ], [ 106.969879194242438, -6.161662186894143 ], [ 106.969836552661178, -6.161681156074675 ], [ 106.969822288804508, -6.161687966026706 ], [ 106.969751668380098, -6.161721685012107 ], [ 106.969742626547742, -6.161726002048821 ], [ 106.969739501084774, -6.161727493609558 ], [ 106.96973380458752, -6.161731151854188 ], [ 106.969728787967952, -6.161735699030486 ], [ 106.969725671778065, -6.161739459850371 ], [ 106.969723025693924, -6.161743566108189 ], [ 106.96972050525693, -6.161748919561142 ], [ 106.969718781792366, -6.161754580176233 ], [ 106.969717505187077, -6.161801797046428 ], [ 106.969719234833306, -6.161848999193137 ], [ 106.969724058873922, -6.161915430079822 ], [ 106.96973328956517, -6.161970886076499 ], [ 106.969746942306458, -6.162025419824505 ], [ 106.969749537829429, -6.162034055247939 ], [ 106.969774228253641, -6.162116208275761 ], [ 106.969813994580576, -6.162261812355092 ], [ 106.969815527600247, -6.16227235754821 ], [ 106.969815420565169, -6.162283012773082 ], [ 106.969813675251388, -6.162293524874903 ], [ 106.969810334997945, -6.162303643257578 ], [ 106.969808666563495, -6.162307324592868 ], [ 106.969717162743748, -6.162509291682579 ], [ 106.969716214725864, -6.162511382754687 ], [ 106.969712285635637, -6.162518111126634 ], [ 106.969707339479385, -6.16252412992101 ], [ 106.969701500352386, -6.162529285886201 ], [ 106.969694917726443, -6.162533448279334 ], [ 106.969687758329925, -6.162536511608577 ], [ 106.969531402138287, -6.162577620173495 ], [ 106.969367105136755, -6.162620816675342 ], [ 106.969325109434621, -6.162624624393611 ], [ 106.969317465953793, -6.162624778301528 ], [ 106.969286810942094, -6.16262373701416 ], [ 106.969253234556902, -6.162619517752291 ], [ 106.96922021192384, -6.162612115814352 ], [ 106.969184055585401, -6.162600053055057 ], [ 106.968951652344415, -6.162522510565908 ], [ 106.968796429559887, -6.162470720128382 ], [ 106.968791367347464, -6.162469030976939 ], [ 106.968773149611351, -6.162461160248961 ], [ 106.968756157042179, -6.162450904496195 ], [ 106.968740699277689, -6.162438452436469 ], [ 106.968735967319574, -6.162435683471575 ], [ 106.968730864204531, -6.162433680747226 ], [ 106.968725512971517, -6.162432494438711 ], [ 106.968720042896138, -6.16243215119162 ], [ 106.968714584997258, -6.162432660467219 ], [ 106.968709272020504, -6.162434010021973 ], [ 106.968704232118071, -6.162436166834916 ], [ 106.968699587049002, -6.162439078922645 ], [ 106.968695448569065, -6.162442676256632 ], [ 106.968537510906458, -6.162603963569636 ], [ 106.96846670662849, -6.162674128366984 ], [ 106.968392063362046, -6.162740187345533 ], [ 106.968313818818118, -6.162801931682443 ], [ 106.968283571022866, -6.162817999865393 ], [ 106.96825111184458, -6.162828920120484 ], [ 106.968217309224556, -6.16283440173787 ], [ 106.968183065057389, -6.162834297634714 ], [ 106.968052661236769, -6.16282657167966 ], [ 106.9680326708975, -6.162825988203723 ], [ 106.968012818100419, -6.162828409453815 ], [ 106.967993552505419, -6.162833780427888 ], [ 106.967975309076067, -6.162841980178815 ], [ 106.967958499056238, -6.162852824559855 ], [ 106.967938493087004, -6.162872265187369 ], [ 106.967899345000575, -6.16291979641176 ], [ 106.967883975593736, -6.162943329064242 ], [ 106.967869526227574, -6.162963305199426 ], [ 106.967849062661614, -6.162989718141223 ], [ 106.967835293069811, -6.163006389082197 ], [ 106.967805070247039, -6.163040271579088 ], [ 106.967773145047047, -6.163072552866801 ], [ 106.967711218926695, -6.16312833945079 ], [ 106.967126202554212, -6.163570460308066 ], [ 106.966376509431484, -6.16413911639192 ], [ 106.966318287746418, -6.164186104966022 ], [ 106.966292762901205, -6.164206706001638 ], [ 106.966228633265814, -6.164263975222856 ], [ 106.966168800166372, -6.164325727404283 ], [ 106.966113576780799, -6.164391640435394 ], [ 106.966085905736662, -6.164431661376919 ], [ 106.966060688616096, -6.164473275335168 ], [ 106.966026576700088, -6.164540758656897 ], [ 106.965998909043947, -6.164611134840138 ], [ 106.965977928192217, -6.164683789104523 ], [ 106.965963816089982, -6.164758086098563 ], [ 106.965956695919203, -6.164833378029797 ], [ 106.965956631198736, -6.164909005572227 ], [ 106.965963622214034, -6.164984309632835 ], [ 106.966145736763849, -6.166055994911737 ], [ 106.966473197583298, -6.167957281226507 ], [ 106.966549002408613, -6.16837543262606 ], [ 106.966560126050453, -6.168438109139989 ], [ 106.966566822883593, -6.168501412268613 ], [ 106.966569059236591, -6.168565030221583 ], [ 106.966567947336998, -6.168609905836966 ], [ 106.966566293776097, -6.16863576294489 ], [ 106.966565570066081, -6.168644549876912 ], [ 106.966561879376854, -6.168685824029921 ], [ 106.966561232151193, -6.168693059239704 ], [ 106.966557316770562, -6.168736849435632 ], [ 106.966556980698087, -6.16873929265743 ], [ 106.966556868730066, -6.168741755846034 ], [ 106.966557218980398, -6.168746098764982 ], [ 106.966558260780914, -6.168750328829677 ], [ 106.966559967534835, -6.168754337646033 ], [ 106.966562293688654, -6.168758020506362 ], [ 106.966565181075424, -6.168761281790608 ], [ 106.966568552601487, -6.168764037701929 ], [ 106.966610585432051, -6.168776520024454 ], [ 106.966674543995978, -6.168795514085745 ], [ 106.966694938907665, -6.168800897736425 ], [ 106.966729027378136, -6.168812808158806 ], [ 106.966761778423177, -6.168828021683318 ], [ 106.966771618573148, -6.16883340001035 ], [ 106.966780937750656, -6.168838848973006 ], [ 106.966799917468563, -6.168853148678081 ], [ 106.966816781527285, -6.168869894559973 ], [ 106.966831217128657, -6.16888877676298 ], [ 106.966842958304611, -6.168909446382064 ], [ 106.966851705556621, -6.168931280693039 ], [ 106.966857440134305, -6.168954094424427 ], [ 106.966859971428917, -6.168975682270859 ], [ 106.966880844725836, -6.169153669024086 ], [ 106.966882775378707, -6.169170134636508 ], [ 106.966893341174512, -6.169277243482743 ], [ 106.966900483424439, -6.169384636203646 ], [ 106.966905037699547, -6.169489610968295 ], [ 106.966906771355099, -6.169529573116971 ], [ 106.966919224707141, -6.169816588619359 ], [ 106.966922087737146, -6.169882562136737 ], [ 106.966925208984165, -6.170048920787151 ], [ 106.966926058992826, -6.170094221305664 ], [ 106.966922672399434, -6.170134900334998 ], [ 106.966915381420137, -6.170175063080416 ], [ 106.966904254230741, -6.170214334991825 ], [ 106.966836372030144, -6.170431897595027 ], [ 106.966835730908059, -6.170434416984243 ], [ 106.966835740441923, -6.170434797576084 ], [ 106.966840582028993, -6.170676925398401 ], [ 106.966841555447445, -6.170725557078929 ], [ 106.966855185107704, -6.170768136049211 ], [ 106.96688099638537, -6.170836156654088 ], [ 106.966911535703773, -6.170902185227466 ], [ 106.966935690602469, -6.170951199579878 ], [ 106.966955582134204, -6.170995929772312 ], [ 106.966964259604751, -6.171023563236933 ], [ 106.966970562702926, -6.171051833825271 ], [ 106.966974555670902, -6.171081749374033 ], [ 106.966975890939253, -6.171111900768267 ], [ 106.966972775177211, -6.171157913903588 ], [ 106.966969529364249, -6.171177487955568 ], [ 106.966964806729635, -6.171192942950334 ], [ 106.966960275034367, -6.171210691850921 ], [ 106.966952097490349, -6.171255891915973 ], [ 106.966948569911636, -6.171301690493098 ], [ 106.966949726672226, -6.171347610089083 ], [ 106.966967037424865, -6.171679840738494 ], [ 106.966970276206652, -6.17170488596156 ], [ 106.96697710582788, -6.171729197345741 ], [ 106.96698738347294, -6.17175226188847 ], [ 106.967000891442083, -6.171773592178788 ], [ 106.967021880400921, -6.171803575107292 ], [ 106.967035359951154, -6.171822833298818 ], [ 106.967050351111723, -6.171847558433547 ], [ 106.967062920721673, -6.171873600752182 ], [ 106.96707213802398, -6.171898185388936 ], [ 106.967079194399616, -6.171923476882182 ], [ 106.967171777878178, -6.172289598918528 ], [ 106.967184036192521, -6.172355393033081 ], [ 106.967189867664501, -6.172422065277216 ], [ 106.967189215782682, -6.172488990222198 ], [ 106.967187015585395, -6.172543194749999 ], [ 106.967186329553556, -6.172589848045693 ], [ 106.967191377940296, -6.172636232421457 ], [ 106.967202084973835, -6.172681642957156 ], [ 106.967218287324457, -6.172725393138267 ], [ 106.967313326819848, -6.172938612405068 ], [ 106.967328540589264, -6.172981048955102 ], [ 106.967338777775083, -6.173024955888908 ], [ 106.967343903425814, -6.173069748752075 ], [ 106.967343847600517, -6.173114834712864 ], [ 106.967340409164322, -6.173320606554526 ], [ 106.967339991105888, -6.17334562459997 ], [ 106.967339731386261, -6.173361165263814 ], [ 106.967339627849114, -6.173367378634911 ], [ 106.967340849626794, -6.173379734999341 ], [ 106.967343950064844, -6.173391758941642 ], [ 106.967348855837926, -6.17340316413254 ], [ 106.967355452126853, -6.173413680669946 ], [ 106.967363580835254, -6.173423061414368 ], [ 106.967370867417472, -6.173429451790631 ], [ 106.967378865162289, -6.173434922778163 ], [ 106.967387460861175, -6.173439396138664 ], [ 106.967394514526063, -6.173442155598298 ], [ 106.967401796061296, -6.17344424156355 ], [ 106.967425102812427, -6.173446233020697 ], [ 106.967431571677324, -6.173448414208465 ], [ 106.967437572950459, -6.173451668485643 ], [ 106.967442931029169, -6.173455900666641 ], [ 106.967447488270849, -6.173460986568307 ], [ 106.967451111329808, -6.173466776602754 ], [ 106.967453692980527, -6.173473100291166 ], [ 106.967455157561275, -6.173479772572473 ], [ 106.967455489087428, -6.173484176130921 ], [ 106.96746409891729, -6.173598690384693 ], [ 106.967465258882328, -6.173614122730656 ], [ 106.967470640733239, -6.17364926696868 ], [ 106.967479750579898, -6.173683632552241 ], [ 106.967492484883067, -6.173716823867172 ], [ 106.967501676064472, -6.173733822256997 ], [ 106.967516412970141, -6.173760611453753 ], [ 106.967535298786004, -6.173784650400695 ], [ 106.967557833415555, -6.173805303554732 ], [ 106.967611946098287, -6.173850008388007 ], [ 106.967612808726983, -6.173850721246779 ], [ 106.967621957448657, -6.173859397532942 ], [ 106.967629689926966, -6.173869357455752 ], [ 106.967635829168358, -6.173880373836115 ], [ 106.967640055820894, -6.173891586246049 ], [ 106.967642626626187, -6.173903290281647 ], [ 106.96764349009888, -6.173915242929955 ], [ 106.96764344590126, -6.173917952686282 ], [ 106.967642076910579, -6.173935706169763 ], [ 106.967632248689085, -6.174042967171109 ], [ 106.967621121391062, -6.174164406580002 ], [ 106.967614717161325, -6.174234300149245 ], [ 106.967614566870338, -6.1742413056853 ], [ 106.967614663550151, -6.174248407046927 ], [ 106.96761502479373, -6.174255475786648 ], [ 106.967615071856955, -6.17425598914238 ], [ 106.967615496439521, -6.174260639175717 ], [ 106.967615665004544, -6.174262498289623 ], [ 106.967616619373075, -6.174269463576526 ], [ 106.967618007646323, -6.174276752735449 ], [ 106.967619783124903, -6.174283950956379 ], [ 106.967622085736522, -6.174291522430123 ], [ 106.967624741182917, -6.174298991339655 ], [ 106.967627686273275, -6.174306369671935 ], [ 106.967630877666934, -6.174313663011866 ], [ 106.967636456150842, -6.174325228445717 ], [ 106.967640604152621, -6.174333242433348 ], [ 106.967644336642252, -6.174340041940705 ], [ 106.96765365514652, -6.174357020865654 ], [ 106.967720592963715, -6.17447489871952 ], [ 106.967778234282576, -6.17457710217262 ], [ 106.96780175755093, -6.174619124608245 ], [ 106.967831723999552, -6.174673736332001 ], [ 106.967985206414042, -6.174954998771248 ], [ 106.967988915410444, -6.174961793839695 ], [ 106.968002237086338, -6.1749862077394 ], [ 106.968027976748843, -6.175032988377368 ], [ 106.968054159317873, -6.175079348775172 ], [ 106.968221010096457, -6.175372391778994 ], [ 106.968247214342284, -6.175418740322704 ], [ 106.968273009598889, -6.175465395059028 ], [ 106.968427075007654, -6.175745862164344 ], [ 106.968462655199588, -6.1758095491995 ], [ 106.968545007288384, -6.175956953787027 ], [ 106.968562546727526, -6.175988188860084 ], [ 106.968562763134244, -6.175988569589906 ], [ 106.968580088429647, -6.176019057762549 ], [ 106.968734217268448, -6.176287738576027 ], [ 106.968761009788111, -6.176334841619984 ], [ 106.968964172163751, -6.176699993715178 ], [ 106.969111833301341, -6.176967917091448 ], [ 106.969138010297954, -6.177015152563544 ], [ 106.969166552616215, -6.177065649407661 ], [ 106.969291118750803, -6.177284739098145 ], [ 106.969305346774121, -6.177309677564906 ], [ 106.969326861565122, -6.177347386593425 ], [ 106.969367616900882, -6.177418273577145 ], [ 106.969381139442362, -6.177442244552002 ], [ 106.969389761332877, -6.177458422244498 ], [ 106.96939532158602, -6.177470897229129 ], [ 106.969406342936949, -6.177497370974786 ], [ 106.969411237925286, -6.177511206381896 ], [ 106.969446819141282, -6.177632265689265 ], [ 106.969456216758047, -6.177681109279132 ], [ 106.96945744089804, -6.177689926959688 ], [ 106.969458367356665, -6.177698860563487 ], [ 106.969458986063387, -6.17770787396378 ], [ 106.969459590699003, -6.177726030586069 ], [ 106.969459684709321, -6.177742416158083 ], [ 106.969459746835312, -6.177753354641751 ], [ 106.969459700422973, -6.177770364563258 ], [ 106.969459421009404, -6.177871191806426 ], [ 106.969459581307333, -6.178049645310044 ], [ 106.969459250732925, -6.178387524311755 ], [ 106.969459249126075, -6.178389044110862 ], [ 106.969459083203162, -6.178559392653529 ], [ 106.969459020694828, -6.178623347155061 ], [ 106.969459005037223, -6.178639632777595 ], [ 106.969458881421986, -6.178702207847766 ], [ 106.969458503740896, -6.178765455605679 ], [ 106.969457975161319, -6.178840906568489 ], [ 106.969457956803311, -6.178843514966772 ], [ 106.969455590874006, -6.179181087776931 ], [ 106.969450684348274, -6.17973129004617 ], [ 106.96944682097903, -6.180048883253459 ], [ 106.969446058416182, -6.180117966596328 ], [ 106.969446025057053, -6.180120914991944 ], [ 106.969444971577985, -6.180216120686628 ], [ 106.969444449434434, -6.180263500204028 ], [ 106.969444285427016, -6.180278262965989 ], [ 106.969444028282837, -6.180301549029209 ], [ 106.969443368593929, -6.180365227277303 ], [ 106.969440465627471, -6.180645948604923 ], [ 106.969438158073501, -6.18086905301189 ], [ 106.969438123450388, -6.180872391983581 ], [ 106.969437713661705, -6.180912043736488 ], [ 106.969437382573361, -6.180956608080209 ], [ 106.969437370731342, -6.18098368684011 ], [ 106.969437348804561, -6.181030260757841 ], [ 106.969437345637473, -6.181037218727498 ], [ 106.969437343748965, -6.181041103654619 ], [ 106.969436204737931, -6.181050420110988 ], [ 106.969433453685212, -6.181194411031835 ], [ 106.969430519365233, -6.181347953549853 ], [ 106.969429965869963, -6.18136487493874 ], [ 106.969428203262126, -6.181418802027567 ], [ 106.96942539364872, -6.181504715553455 ], [ 106.969425301810574, -6.18150821657113 ], [ 106.969425194969403, -6.181512301693362 ], [ 106.969425031074067, -6.181518546019151 ], [ 106.969424483639756, -6.181545407067079 ], [ 106.969424406816827, -6.181560047452051 ], [ 106.969424389817235, -6.181563266113029 ], [ 106.969424523907222, -6.181572161965572 ], [ 106.969424682218389, -6.181576372679296 ], [ 106.969424856602245, -6.181581020918123 ], [ 106.969425472751041, -6.181589824574212 ], [ 106.969426488796486, -6.181598548091635 ], [ 106.96942779944159, -6.181606078008689 ], [ 106.969428177619235, -6.181607696755429 ], [ 106.969429533380378, -6.181613503289619 ], [ 106.96943167484099, -6.181620711884417 ], [ 106.96943420698409, -6.181627791553235 ], [ 106.969437106285596, -6.181634732438099 ], [ 106.969440370855196, -6.181641511943512 ], [ 106.969441836136497, -6.181644201637168 ], [ 106.96944318499186, -6.181646676586336 ], [ 106.969446816874466, -6.181652626574357 ], [ 106.969450175093982, -6.181657615613524 ], [ 106.969457400843481, -6.181667297971606 ], [ 106.969464223151277, -6.181675613920524 ], [ 106.96947008486292, -6.181682380184444 ], [ 106.969482128192723, -6.181695699062768 ], [ 106.969513963313801, -6.18172972895916 ], [ 106.969568080583429, -6.181787577976469 ], [ 106.969598525042954, -6.181820527193608 ], [ 106.96961656293864, -6.18184038129008 ], [ 106.969842300184965, -6.182092856331733 ], [ 106.969946418296374, -6.182209306344751 ], [ 106.970082810607806, -6.182360007845744 ], [ 106.970147058267131, -6.18243099556034 ], [ 106.970295816042139, -6.182595360895466 ], [ 106.970360742261022, -6.182667099164968 ], [ 106.970625263878873, -6.182961068139349 ], [ 106.970743830687866, -6.183092834897137 ], [ 106.970744126405194, -6.183093163796708 ], [ 106.970746852257506, -6.183096193269709 ], [ 106.970794722708703, -6.183150063698322 ], [ 106.971109562651492, -6.183507434562052 ], [ 106.971111150226449, -6.183509235967136 ], [ 106.971136827313799, -6.183538155066631 ], [ 106.971188125254429, -6.18359593018084 ], [ 106.971217978118716, -6.183631535870237 ], [ 106.971232675265554, -6.183649628424357 ], [ 106.971240270796429, -6.183659131259179 ], [ 106.971297651991335, -6.183724687066532 ], [ 106.971359995155197, -6.183785535790977 ], [ 106.971374719726555, -6.183798592402516 ], [ 106.971381577719882, -6.183804332396447 ], [ 106.971386240900571, -6.183808225322606 ], [ 106.971390543297375, -6.18381251467896 ], [ 106.971396841330261, -6.183820484451461 ], [ 106.971401896727158, -6.183829295126984 ], [ 106.971405600378006, -6.183838756345458 ], [ 106.97140787110996, -6.183848659561217 ], [ 106.971408658440879, -6.18385878978594 ], [ 106.97140865940554, -6.183859050163008 ], [ 106.971407983209616, -6.183868675906544 ], [ 106.971405966609467, -6.183878112242758 ], [ 106.971402650469599, -6.183887172775481 ], [ 106.971398099172049, -6.183895679158256 ], [ 106.971392402436578, -6.183903464703802 ], [ 106.971387625324624, -6.183908565277854 ], [ 106.971382356691805, -6.18391315505145 ], [ 106.971369271709591, -6.183921304338265 ], [ 106.971363547827778, -6.183924688828329 ], [ 106.971344063763993, -6.183935388818301 ], [ 106.971313021187584, -6.183950031079167 ], [ 106.971280974366636, -6.183962318269593 ], [ 106.971278377882143, -6.183962998746067 ], [ 106.97125851572433, -6.183967716806317 ], [ 106.97121764126392, -6.183974430428426 ], [ 106.971176316086556, -6.183977260804319 ], [ 106.971134908684064, -6.18397618486798 ], [ 106.971051652826063, -6.183965686166019 ], [ 106.970641928157079, -6.183924346421088 ], [ 106.970639819770668, -6.183923882301884 ], [ 106.970637663898529, -6.18392376824543 ], [ 106.970635518369164, -6.183924007653661 ], [ 106.970633440974254, -6.183924593983464 ], [ 106.970631485858561, -6.183925511664329 ], [ 106.970629708040065, -6.183926736985564 ], [ 106.970628152559627, -6.183928235424315 ], [ 106.97062686263456, -6.183929967943957 ], [ 106.970625872418552, -6.183931887404627 ], [ 106.970625207921572, -6.183933943080253 ], [ 106.970563037304359, -6.184201661584534 ], [ 106.97055876898294, -6.184225843103012 ], [ 106.97055780019528, -6.184250379446644 ], [ 106.970560149155048, -6.184274822114194 ], [ 106.97059321458957, -6.184441938039138 ], [ 106.970606420605264, -6.184497924253175 ], [ 106.970624707251744, -6.184552459523871 ], [ 106.970647920157347, -6.184605084236139 ], [ 106.970651315570294, -6.184611812607865 ], [ 106.970661482824326, -6.18462735976118 ], [ 106.970668012109186, -6.184635080961277 ], [ 106.970661359966883, -6.184631506418673 ], [ 106.97065517037052, -6.184628180595615 ], [ 106.970654156571868, -6.184627635568081 ], [ 106.970652526448916, -6.184627030444153 ], [ 106.97065081966818, -6.184626704067333 ], [ 106.970649081427922, -6.184626664406877 ], [ 106.970647361419751, -6.184626913086595 ], [ 106.970645705688398, -6.184627442702904 ], [ 106.970644425448555, -6.184628131855955 ], [ 106.970641355580298, -6.184629785089935 ], [ 106.970640500666804, -6.184630430172401 ], [ 106.970639768209551, -6.184631210415549 ], [ 106.970639179812181, -6.184632104944925 ], [ 106.970638751634837, -6.184633086577596 ], [ 106.970638497124085, -6.184634127236562 ], [ 106.970638422486289, -6.184635195255341 ], [ 106.970638531224395, -6.184636260785631 ], [ 106.970638803196536, -6.184637251574153 ], [ 106.970647759842308, -6.184669848212543 ], [ 106.970637683666283, -6.18464474529029 ], [ 106.970633772560646, -6.184637077663719 ], [ 106.970627188817204, -6.184624165323922 ], [ 106.970601360707775, -6.184567168140202 ], [ 106.970581104554654, -6.184507957841224 ], [ 106.970566604854923, -6.18444707891591 ], [ 106.970533483274323, -6.184279680211828 ], [ 106.970530720311416, -6.18425150876338 ], [ 106.970531792648885, -6.184223221828985 ], [ 106.970536681437366, -6.184195340240254 ], [ 106.970598810280748, -6.18392780271001 ], [ 106.970600968326508, -6.183921185735113 ], [ 106.970604231134217, -6.183915039314701 ], [ 106.970608500910458, -6.183909545535594 ], [ 106.970613651790615, -6.1839048685067 ], [ 106.970619529815551, -6.183901148030479 ], [ 106.970625959234908, -6.183898494154902 ], [ 106.970632748830809, -6.183896987150015 ], [ 106.970639696411013, -6.183896671162621 ], [ 106.970646595139371, -6.183897556000929 ], [ 106.97105470576038, -6.183938733574577 ], [ 106.971137583828124, -6.183949184857741 ], [ 106.971191862347752, -6.183949489757062 ], [ 106.971245710610518, -6.183942655669377 ], [ 106.971273080263714, -6.183936355605388 ], [ 106.97127875508275, -6.18393435818676 ], [ 106.971304117220825, -6.183924341584798 ], [ 106.971343252131618, -6.183905043923513 ], [ 106.971366486812002, -6.183891123175477 ], [ 106.971369709834207, -6.183888139440683 ], [ 106.971374033013618, -6.18388292030603 ], [ 106.971377452284131, -6.183877068943652 ], [ 106.971379877882484, -6.18387074028767 ], [ 106.971381246286356, -6.183864100928122 ], [ 106.971381519304458, -6.183857327306103 ], [ 106.971380691279847, -6.183850599358376 ], [ 106.971379172430403, -6.183845159603525 ], [ 106.971376933636961, -6.183839975668072 ], [ 106.971374013189021, -6.183835141436213 ], [ 106.971370467433246, -6.183830748012909 ], [ 106.971367715638081, -6.183828033268382 ], [ 106.971364723627019, -6.183825584316318 ], [ 106.971357578370458, -6.183819603089507 ], [ 106.971287192401263, -6.183760686434614 ], [ 106.971278642563149, -6.183753529663992 ], [ 106.971270095445391, -6.183746375595357 ], [ 106.971251698888054, -6.183730940357083 ], [ 106.971237358947761, -6.183718558579855 ], [ 106.97123555392632, -6.183716829406168 ], [ 106.971233604070008, -6.183715264411874 ], [ 106.971229364033434, -6.183712688994927 ], [ 106.971224743828785, -6.18371088618539 ], [ 106.971219881867825, -6.183709908811603 ], [ 106.9712149237088, -6.18370978797693 ], [ 106.971210019319642, -6.183710525837289 ], [ 106.971206483068158, -6.183711623877536 ], [ 106.971203118309603, -6.183713169714815 ], [ 106.971184849129997, -6.183720170135076 ], [ 106.97117990385938, -6.183722065394297 ], [ 106.971174388475021, -6.183723206037461 ], [ 106.971168760327771, -6.183723414068216 ], [ 106.971163175682292, -6.183722684386257 ], [ 106.971157789090341, -6.183721037212449 ], [ 106.971152750680616, -6.183718518098841 ], [ 106.971149145890962, -6.183715990049661 ], [ 106.971145899891198, -6.183713014948173 ], [ 106.971125653944114, -6.183689968622616 ], [ 106.971045878580654, -6.183599163904323 ], [ 106.971042980107285, -6.183595871077596 ], [ 106.971040079830587, -6.183592579161629 ], [ 106.971038494972248, -6.183590779554457 ], [ 106.971033352134853, -6.183584943684994 ], [ 106.971003238076094, -6.183550765618698 ], [ 106.970993276258923, -6.183539458837413 ], [ 106.970965510904108, -6.183507944572608 ], [ 106.970878821098324, -6.183409555654829 ], [ 106.970842301415829, -6.183368106154058 ], [ 106.970730817364711, -6.183241575036074 ], [ 106.970723502730038, -6.183233273599942 ], [ 106.970713911963017, -6.183222387647871 ], [ 106.97066612041256, -6.183168601000214 ], [ 106.970649969401123, -6.183150652139516 ], [ 106.970625793228436, -6.183123784262315 ], [ 106.970584330354583, -6.183077705087263 ], [ 106.970583945743172, -6.183077277970372 ], [ 106.970560875335948, -6.183051638275149 ], [ 106.970557218797694, -6.183047575249867 ], [ 106.970537885668151, -6.18302608959285 ], [ 106.970537178124999, -6.183025302937683 ], [ 106.970531713722508, -6.183019229570025 ], [ 106.970516432634426, -6.183002247575282 ], [ 106.970280296114481, -6.182739820401199 ], [ 106.9701970540915, -6.182647844849559 ], [ 106.970068571407523, -6.182505882955472 ], [ 106.970067868419434, -6.182505106227442 ], [ 106.970065927265992, -6.182502961665841 ], [ 106.969968230072197, -6.182395013565053 ], [ 106.969912167936172, -6.182333070833815 ], [ 106.969898267827674, -6.182317711973654 ], [ 106.969865848757237, -6.18228189054945 ], [ 106.969771258181311, -6.182176096190393 ], [ 106.969536291804502, -6.181913294332896 ], [ 106.96951856499399, -6.18189377269375 ], [ 106.969517107432679, -6.181892193207464 ], [ 106.969489036436812, -6.181861769383018 ], [ 106.969462669879306, -6.181833481957716 ], [ 106.969459348554167, -6.181829919452948 ], [ 106.969416834272351, -6.181784303300784 ], [ 106.969414803564732, -6.181782124711144 ], [ 106.969401033930353, -6.181767351202288 ], [ 106.969398315737706, -6.181764434701886 ], [ 106.969396330378785, -6.181762304765505 ], [ 106.969393941413159, -6.181759740548339 ], [ 106.969382234710693, -6.181746820936888 ], [ 106.969376493968397, -6.181740276632351 ], [ 106.969366692388093, -6.181728554222359 ], [ 106.969361971824881, -6.181722572103981 ], [ 106.969357410784951, -6.181716489039234 ], [ 106.969353054345845, -6.181710280450339 ], [ 106.969348960195418, -6.181703911767714 ], [ 106.969345826123288, -6.181698464422209 ], [ 106.969344937812537, -6.181696918989667 ], [ 106.969344386437214, -6.18169585600239 ], [ 106.969341217415945, -6.181689752409291 ], [ 106.969337737714397, -6.181682449321831 ], [ 106.969334459087221, -6.181675044229943 ], [ 106.969331360834133, -6.181667558004635 ], [ 106.96932843939183, -6.18166000422066 ], [ 106.969325709244188, -6.181652390961235 ], [ 106.969323204725484, -6.181644719907354 ], [ 106.969320980923811, -6.181636986334361 ], [ 106.969318520670043, -6.18162614081913 ], [ 106.969317242882738, -6.181617724760978 ], [ 106.969316403826554, -6.181609225708027 ], [ 106.969315887051849, -6.181600666694274 ], [ 106.969315486345252, -6.181583435117361 ], [ 106.969315697346204, -6.181557446867476 ], [ 106.9693166886223, -6.181510882916822 ], [ 106.969318189132622, -6.181399048247566 ], [ 106.969318762092783, -6.181356375287709 ], [ 106.96931891782981, -6.181344750688993 ], [ 106.969319110590121, -6.181344354882765 ], [ 106.969323495550142, -6.181193687444723 ], [ 106.969327966963476, -6.181040013551779 ], [ 106.969328004160829, -6.181033707312118 ], [ 106.969328028413344, -6.181029762631242 ], [ 106.969328641592057, -6.180926163085272 ], [ 106.969328959620867, -6.18091054537683 ], [ 106.969330004163083, -6.180840768444954 ], [ 106.969330370856781, -6.18080607041655 ], [ 106.969334256590201, -6.180438370046223 ], [ 106.969334323165285, -6.180432190271707 ], [ 106.969334333937084, -6.180431194817005 ], [ 106.96933781577026, -6.180101793643454 ], [ 106.969342110552773, -6.179747929012911 ], [ 106.969345459895592, -6.179373631590837 ], [ 106.969346635387311, -6.179242272259277 ], [ 106.969347190121709, -6.179180245282319 ], [ 106.96934798441238, -6.179066963950987 ], [ 106.96935016315058, -6.178755941632616 ], [ 106.969350534187711, -6.178684053405123 ], [ 106.969350730150779, -6.178487376424957 ], [ 106.96935116892864, -6.178046817381743 ], [ 106.96935118418611, -6.178031887006293 ], [ 106.969351116845687, -6.177965543442216 ], [ 106.969351091897522, -6.177940471918057 ], [ 106.969350932813185, -6.177783590240701 ], [ 106.969350885675354, -6.177775483344226 ], [ 106.969350771926145, -6.177755712891202 ], [ 106.969350728834769, -6.177748211727225 ], [ 106.969350349145472, -6.177730545197292 ], [ 106.969349465413003, -6.177712887766804 ], [ 106.969344007655366, -6.177676337104791 ], [ 106.969342731657704, -6.177670596270139 ], [ 106.96934145475673, -6.177664855438834 ], [ 106.969294802982631, -6.177507428072369 ], [ 106.969290110871938, -6.177500331078925 ], [ 106.969288083325594, -6.177497046756282 ], [ 106.969285548664359, -6.177492940675726 ], [ 106.969282594215827, -6.177487932048897 ], [ 106.969264744931365, -6.177459661819619 ], [ 106.969263729109784, -6.177457832064876 ], [ 106.969263365342755, -6.177457177034759 ], [ 106.969236415624778, -6.177408638015585 ], [ 106.969205757402207, -6.177354179111923 ], [ 106.969065088963788, -6.177106533317272 ], [ 106.969043453601785, -6.177068212639066 ], [ 106.969017233876514, -6.177020903182501 ], [ 106.96899435908341, -6.176979398324747 ], [ 106.968993359584502, -6.176977584782268 ], [ 106.968990120989275, -6.176971708362945 ], [ 106.968977233001638, -6.176948323588937 ], [ 106.968970386569055, -6.176935900369823 ], [ 106.968958509909186, -6.176914351696133 ], [ 106.968902513438422, -6.176812747284084 ], [ 106.968869358117587, -6.176752589088804 ], [ 106.968858185190157, -6.176732507873283 ], [ 106.968787758288798, -6.176605925008813 ], [ 106.968731876414566, -6.17650548642351 ], [ 106.968675046064419, -6.176403344393075 ], [ 106.968666635911717, -6.176388227307229 ], [ 106.968640316199938, -6.176341951567605 ], [ 106.968605133080715, -6.17628061918133 ], [ 106.968539202043431, -6.176165687935014 ], [ 106.968492573723267, -6.17608440459621 ], [ 106.968485781869646, -6.176072565210841 ], [ 106.968468191974424, -6.176041610592893 ], [ 106.968446211196166, -6.176002438572685 ], [ 106.968397961443827, -6.175916038578618 ], [ 106.968338010767283, -6.175808688639881 ], [ 106.968331573290257, -6.175797161662089 ], [ 106.968329515368396, -6.175793476023128 ], [ 106.968328328632751, -6.175791351255782 ], [ 106.968297805633142, -6.175735777885149 ], [ 106.968272797712061, -6.175690244944083 ], [ 106.968186018087195, -6.175532245219609 ], [ 106.968174074830415, -6.175510499659854 ], [ 106.968148315606228, -6.175464060863687 ], [ 106.968143533667174, -6.175455623399112 ], [ 106.96812234273122, -6.175418230411383 ], [ 106.968033536349594, -6.17526226241397 ], [ 106.967981326743995, -6.175170567198508 ], [ 106.967959693680925, -6.175132573700702 ], [ 106.967933297432182, -6.175085836172561 ], [ 106.967907171235467, -6.175038349046548 ], [ 106.967868736974253, -6.174967924278296 ], [ 106.96783778257533, -6.174911206948779 ], [ 106.967712435240259, -6.174681529684184 ], [ 106.967682981383149, -6.174628977406094 ], [ 106.967682897717722, -6.174628826730543 ], [ 106.967676736195429, -6.17461789632608 ], [ 106.967675841426669, -6.174616308416278 ], [ 106.967673712717485, -6.174612531719283 ], [ 106.967670602857467, -6.174607014638724 ], [ 106.967625623553729, -6.174527216804402 ], [ 106.96762278284811, -6.17452217609357 ], [ 106.967579815695117, -6.174446388637585 ], [ 106.967555903429854, -6.174404209404693 ], [ 106.967542725206002, -6.174380469411765 ], [ 106.96753432173233, -6.174364449064467 ], [ 106.967531250746148, -6.174358204940559 ], [ 106.967530622710584, -6.17435692705487 ], [ 106.967523631446042, -6.174341710656012 ], [ 106.9675149678921, -6.174307361510086 ], [ 106.967511801440082, -6.17427207708524 ], [ 106.967514212104319, -6.174236732256546 ], [ 106.967530272827346, -6.174076673973507 ], [ 106.967537705931733, -6.174002602359584 ], [ 106.967544790244915, -6.173947102286411 ], [ 106.967544713409737, -6.173939013571855 ], [ 106.967543288326141, -6.173931050992348 ], [ 106.967540554665774, -6.173923438618419 ], [ 106.967536589097435, -6.173916389534565 ], [ 106.967531503470241, -6.173910103133642 ], [ 106.967525441157036, -6.173904753377127 ], [ 106.967518570744204, -6.173900492434812 ], [ 106.967511028885042, -6.173896897585866 ], [ 106.967507105567591, -6.173894197075052 ], [ 106.967458698941471, -6.173860870047663 ], [ 106.967421739865088, -6.173835425140539 ], [ 106.967410826666409, -6.17382791262409 ], [ 106.96739239936403, -6.173812087549875 ], [ 106.967376321922089, -6.1737938759986 ], [ 106.967362473583989, -6.173772867954677 ], [ 106.967351755213343, -6.173750100708859 ], [ 106.967351389437638, -6.173749144617321 ], [ 106.967346556679999, -6.173734516938499 ], [ 106.967338189326554, -6.173709186911862 ], [ 106.967335167250681, -6.173700038628628 ], [ 106.967326036831793, -6.173679676750304 ], [ 106.967314094427877, -6.173660828789283 ], [ 106.96729958537064, -6.173643880793946 ], [ 106.967282806342126, -6.173629180650557 ], [ 106.967244366011329, -6.173601594861375 ], [ 106.967240170549019, -6.17359858524659 ], [ 106.967232162177879, -6.173591214778365 ], [ 106.967225470033654, -6.173582629755582 ], [ 106.967220275646355, -6.173573062765486 ], [ 106.967216719085528, -6.173562771863496 ], [ 106.967214898043494, -6.173552036960102 ], [ 106.96721381884943, -6.173503415633282 ], [ 106.967217316421014, -6.173467128323996 ], [ 106.967226101983655, -6.173431748170654 ], [ 106.967229579549965, -6.173421859808956 ], [ 106.967253538114292, -6.173353737565972 ], [ 106.967264381679527, -6.173307874879979 ], [ 106.967269127407491, -6.173260985978457 ], [ 106.967269349364543, -6.173247695763327 ], [ 106.967270469662623, -6.173180666023561 ], [ 106.967271472407162, -6.173120702275081 ], [ 106.967271617437589, -6.173112024168385 ], [ 106.967271817963436, -6.17307505831454 ], [ 106.967267745533647, -6.173038316199759 ], [ 106.967259454371529, -6.173002293071106 ], [ 106.967247057367487, -6.172967470397179 ], [ 106.967219147434847, -6.172904855108497 ], [ 106.967166306239363, -6.172786309289659 ], [ 106.967152245617143, -6.172754763800141 ], [ 106.967141028056488, -6.172726943550696 ], [ 106.967125885093481, -6.172676514464186 ], [ 106.967116715301643, -6.172624663748708 ], [ 106.967113645039802, -6.172572096137674 ], [ 106.967114858165161, -6.172539024121171 ], [ 106.967117034308089, -6.172485398305593 ], [ 106.967118113833195, -6.172448924646869 ], [ 106.967118110969707, -6.172448883068761 ], [ 106.967118088326927, -6.172443481142658 ], [ 106.96711598387202, -6.172397554207453 ], [ 106.967110472100657, -6.172351910191878 ], [ 106.967101581958005, -6.17230680394535 ], [ 106.967008956346234, -6.171940514779557 ], [ 106.967001035066801, -6.171913647014235 ], [ 106.966989919280749, -6.171887937455181 ], [ 106.966975774797604, -6.171863765212271 ], [ 106.96696220171961, -6.17184437626972 ], [ 106.966942204447932, -6.17181580911415 ], [ 106.966934081359852, -6.171804023420189 ], [ 106.966914550515895, -6.171767455042872 ], [ 106.966901429629218, -6.171728124452412 ], [ 106.966897139575437, -6.171706080211362 ], [ 106.966894873735839, -6.171683735561269 ], [ 106.966893071309798, -6.171649144942628 ], [ 106.966889848575718, -6.171587309027514 ], [ 106.96687760089489, -6.171352219900244 ], [ 106.96687659212904, -6.171291807900865 ], [ 106.966882563745372, -6.171231684737334 ], [ 106.966895434692134, -6.171172653552416 ], [ 106.966899263859105, -6.171160123013163 ], [ 106.966903347817222, -6.171124094820188 ], [ 106.966902546520402, -6.171087844186257 ], [ 106.966896876857561, -6.171052031043261 ], [ 106.966886439704936, -6.17101730868395 ], [ 106.966871427099306, -6.170984309269793 ], [ 106.966846889021866, -6.170934516992685 ], [ 106.966845685037484, -6.170932118337184 ], [ 106.966825725414623, -6.170890231790072 ], [ 106.966807542440165, -6.170847542163249 ], [ 106.966786554216398, -6.170790799587626 ], [ 106.966771487951846, -6.170743737053556 ], [ 106.96675818972399, -6.170689372784983 ], [ 106.966749854517758, -6.170634027311488 ], [ 106.966746550856243, -6.17057815514408 ], [ 106.966748304811986, -6.17052221275872 ], [ 106.966755102713748, -6.170466657682102 ], [ 106.96676688842328, -6.170411944885402 ], [ 106.966831162850184, -6.170205944613001 ], [ 106.966831033335694, -6.170199485280673 ], [ 106.966830764116153, -6.170186007918455 ], [ 106.966830427412717, -6.170169173873774 ], [ 106.966830174957792, -6.170156568004216 ], [ 106.966827690439729, -6.17003229928266 ], [ 106.966826983968119, -6.169997012972021 ], [ 106.966826337230472, -6.169964696416674 ], [ 106.966825879923604, -6.169960720055912 ], [ 106.966820707720558, -6.169915754648488 ], [ 106.966803759874807, -6.169837842046035 ], [ 106.966792595079028, -6.169758890964601 ], [ 106.966790915158512, -6.16974133859894 ], [ 106.966785539004093, -6.169685157649273 ], [ 106.966772002813343, -6.169543708401859 ], [ 106.966771992416554, -6.169543583674133 ], [ 106.966742720671746, -6.169237720956046 ], [ 106.966742453769456, -6.169235403823395 ], [ 106.966740363241769, -6.16921722733393 ], [ 106.966736896143175, -6.169187082901116 ], [ 106.96673426526209, -6.169164210691362 ], [ 106.966727108027428, -6.169101985157328 ], [ 106.966725443009139, -6.169090186442165 ], [ 106.966714883275714, -6.169015334122308 ], [ 106.966711573628359, -6.168991875847948 ], [ 106.966702057599278, -6.168975178769891 ], [ 106.966690158138334, -6.168960089850995 ], [ 106.966676142977008, -6.16894694623662 ], [ 106.966660325760174, -6.168936042409765 ], [ 106.966643059696139, -6.168927622981713 ], [ 106.966523183030745, -6.168892023634142 ], [ 106.966489325435418, -6.168882461204468 ], [ 106.966470089585101, -6.168871214681917 ], [ 106.966452804513665, -6.168857148291928 ], [ 106.966437879763276, -6.168840595040294 ], [ 106.966425668179085, -6.168821946004789 ], [ 106.966416458658941, -6.16880164403322 ], [ 106.96641036566669, -6.16877961818318 ], [ 106.966407808570281, -6.168756906624266 ], [ 106.966408851789282, -6.168734075991108 ], [ 106.96641346940946, -6.168711693251795 ], [ 106.966416436120056, -6.168696774550385 ], [ 106.966423642271366, -6.168660541347268 ], [ 106.966431017977527, -6.168601933692724 ], [ 106.966433243943641, -6.16854290565977 ], [ 106.966427919182209, -6.168471970449444 ], [ 106.966416074265751, -6.168401829608382 ], [ 106.966407272833436, -6.168353280155093 ], [ 106.966378343837704, -6.168193701658869 ], [ 106.966048279178196, -6.166373001203755 ], [ 106.965811400375586, -6.165050472034698 ], [ 106.965801618157471, -6.164985500406683 ], [ 106.965796962134206, -6.164919960171927 ], [ 106.965797462702326, -6.164854256257153 ], [ 106.965803115034973, -6.164788795527113 ], [ 106.965813884475224, -6.164723979531801 ], [ 106.96582970565629, -6.164660210838439 ], [ 106.965845593999006, -6.164610999763918 ], [ 106.965870664040011, -6.164531159974179 ], [ 106.965902379789242, -6.164453723185636 ], [ 106.965940514735209, -6.164379242640416 ], [ 106.965984796220383, -6.164308250956181 ], [ 106.966039140104144, -6.164242184770778 ], [ 106.96609730206292, -6.164179459623855 ], [ 106.966159076942205, -6.164120295063986 ], [ 106.966224247807915, -6.164064900738023 ], [ 106.966288386424608, -6.164016451013539 ], [ 106.966778112836678, -6.163646514203156 ], [ 106.967545847752277, -6.163065986437717 ], [ 106.967798470421101, -6.162848345149055 ], [ 106.967804054068779, -6.162840040249764 ] ], [ [ 106.970510774964595, -6.160661193364675 ], [ 106.970434164117719, -6.160659978375518 ], [ 106.970073777892992, -6.160664619901994 ], [ 106.970049255330906, -6.160664935624241 ], [ 106.970046677109124, -6.160664907177444 ], [ 106.970046531667577, -6.160664905906589 ], [ 106.970023517047707, -6.16066603155542 ], [ 106.969988065026641, -6.160672711839629 ], [ 106.96995422620158, -6.160685227557846 ], [ 106.969935765881019, -6.160694841254942 ], [ 106.96990155635639, -6.160712656371554 ], [ 106.96979936864696, -6.160765871346226 ], [ 106.969787285429376, -6.160821171923213 ], [ 106.969790509875551, -6.160844806772608 ], [ 106.969791794638581, -6.160868625991266 ], [ 106.969777357155593, -6.161052227195182 ], [ 106.96977229299975, -6.161104872717639 ], [ 106.969769232424412, -6.161136693913287 ], [ 106.969764272254139, -6.161224636962351 ], [ 106.969764421868092, -6.161312719351598 ], [ 106.969765247745343, -6.161333355117558 ], [ 106.969765568155452, -6.161341363364371 ], [ 106.96976751939107, -6.161390111608877 ], [ 106.969765299314034, -6.161454613853882 ], [ 106.969757626958852, -6.161518695945396 ], [ 106.969744556628939, -6.161581896591697 ], [ 106.96973019359443, -6.161661498789959 ], [ 106.969728413416476, -6.16167137634152 ], [ 106.969726391921057, -6.161683668734286 ], [ 106.969735917087789, -6.161679120270659 ], [ 106.969755662673052, -6.161669692585678 ], [ 106.969759836867553, -6.161667699894778 ], [ 106.969817653363208, -6.16164009473499 ], [ 106.969849423063096, -6.161625961981373 ], [ 106.969891973550801, -6.161607032918307 ], [ 106.969923444732316, -6.161593033263197 ], [ 106.96995381749511, -6.161576350677533 ], [ 106.96998182512381, -6.161555941085141 ], [ 106.97000701536372, -6.161532135250261 ], [ 106.970031221236141, -6.161510606865738 ], [ 106.970058251869972, -6.161492760390733 ], [ 106.970087553065284, -6.161478962225186 ], [ 106.970238153435176, -6.161419168132265 ], [ 106.970294773785099, -6.161396687279125 ], [ 106.970350758209634, -6.161374459207431 ], [ 106.97040503421205, -6.161352909191796 ], [ 106.970407292437613, -6.161351899102671 ], [ 106.970411982134806, -6.161349091716578 ], [ 106.970416146992648, -6.161345549428104 ], [ 106.970419671742661, -6.161341369401976 ], [ 106.970422461052905, -6.161336665907246 ], [ 106.970424439514545, -6.161331566700761 ], [ 106.970425551635273, -6.161326211219122 ], [ 106.970425793680846, -6.161321546069487 ], [ 106.970425377237206, -6.161316892394403 ], [ 106.970423555642157, -6.161295952923113 ], [ 106.970421463296191, -6.161271898017494 ], [ 106.970418902066228, -6.161242441939239 ], [ 106.970406743208258, -6.161102640586718 ], [ 106.970405023484801, -6.161069646364418 ], [ 106.970408173125108, -6.161036757105124 ], [ 106.97041774357055, -6.160999923033558 ], [ 106.97043109278512, -6.160969487783635 ], [ 106.97050289681836, -6.160847729390664 ], [ 106.970512141514988, -6.16083205066979 ], [ 106.970529710453093, -6.160790176515234 ], [ 106.970542372439354, -6.160746578293041 ], [ 106.970543830398825, -6.160739961217539 ], [ 106.970546099303064, -6.160728379441192 ], [ 106.970546637265784, -6.160725326113671 ], [ 106.970547287130145, -6.160715141731364 ], [ 106.970546273652957, -6.160705364916651 ], [ 106.970543679532966, -6.160695885063627 ], [ 106.970539573460002, -6.160686956874753 ], [ 106.970534065616604, -6.16067881862535 ], [ 106.970527304058109, -6.160671690368764 ], [ 106.970519470152666, -6.160665762199943 ], [ 106.970510774964595, -6.160661193364675 ] ] ], [ [ [ 106.967804054068779, -6.162840040249764 ], [ 106.967804574700253, -6.162838898255179 ], [ 106.967804889096598, -6.162837681981491 ], [ 106.967804988367789, -6.162836430337865 ], [ 106.967804868137165, -6.162835181312783 ], [ 106.967804534861273, -6.162833971046473 ], [ 106.967803995903338, -6.162832836579923 ], [ 106.967803268559862, -6.162831814013378 ], [ 106.967802374617335, -6.162830932197661 ], [ 106.967801342185481, -6.162830219960263 ], [ 106.967800202050753, -6.162829697077758 ], [ 106.967798987696227, -6.162829379700411 ], [ 106.967797738004961, -6.162829278533875 ], [ 106.967796489116679, -6.162829395252966 ], [ 106.967795278964473, -6.162829727909413 ], [ 106.967784148855031, -6.162835593222503 ], [ 106.967699259341174, -6.162884374600514 ], [ 106.967617704967353, -6.162938556517731 ], [ 106.967322515323389, -6.163144526500602 ], [ 106.966969739239374, -6.16339781354862 ], [ 106.966945383078837, -6.163415635593052 ], [ 106.966907792883404, -6.163445938787422 ], [ 106.966873851723236, -6.163480286126322 ], [ 106.966833706820353, -6.163516705957949 ], [ 106.966789458123856, -6.163548001109204 ], [ 106.966741752541978, -6.163573712620001 ], [ 106.966691291486327, -6.163593463602428 ], [ 106.966600435975636, -6.163614022722822 ], [ 106.966566725177216, -6.163621651161077 ], [ 106.966535089429229, -6.163628809944687 ], [ 106.966505566638503, -6.163635489893062 ], [ 106.966275317004346, -6.163687591168427 ], [ 106.966268948894864, -6.163689430100475 ], [ 106.9662629366034, -6.163692223356381 ], [ 106.966257422609587, -6.163695903506935 ], [ 106.966252535776519, -6.163700385091091 ], [ 106.966248392247479, -6.163705562804425 ], [ 106.966245088225861, -6.163711313334105 ], [ 106.966242702711895, -6.163717502581462 ], [ 106.966241809575351, -6.163721009274735 ], [ 106.966218898923287, -6.163810997778973 ], [ 106.966202089050341, -6.163865070895832 ], [ 106.966178881803017, -6.163916717495959 ], [ 106.966160833688889, -6.163947311111097 ], [ 106.966156691310175, -6.163951820688338 ], [ 106.966151879596779, -6.163955605836213 ], [ 106.966146523761921, -6.163958571161966 ], [ 106.966140761725384, -6.16396063749983 ], [ 106.966134744153507, -6.163961752760061 ], [ 106.966128625409198, -6.163961887441893 ], [ 106.966122563565236, -6.163961038249854 ], [ 106.966116716787667, -6.163959227203007 ], [ 106.966111236105732, -6.163956500757535 ], [ 106.966012038196681, -6.163902757951715 ], [ 106.965967264643027, -6.163879373042458 ], [ 106.965921601581186, -6.163857781533154 ], [ 106.965912951844089, -6.163854037905543 ], [ 106.965885852334807, -6.16384344956138 ], [ 106.965857468398625, -6.163837065511563 ], [ 106.96582914021576, -6.163835028181606 ], [ 106.965829044462808, -6.163835028534794 ], [ 106.96580291576656, -6.163836875253991 ], [ 106.965777277931323, -6.16384225068376 ], [ 106.965754810048239, -6.163850113361248 ], [ 106.965572643302437, -6.163936082843587 ], [ 106.965538780032915, -6.163950403057388 ], [ 106.965503626336996, -6.163961165862199 ], [ 106.965467553064499, -6.16396825597289 ], [ 106.96544444945421, -6.163971521811851 ], [ 106.965423853123596, -6.163974433940142 ], [ 106.965382874440436, -6.163980227569999 ], [ 106.965125716867433, -6.164028002977037 ], [ 106.965122964205051, -6.164028691204515 ], [ 106.965120362232966, -6.164029824599284 ], [ 106.965117983101123, -6.164031371251714 ], [ 106.96511589169954, -6.164033290237888 ], [ 106.965114145645074, -6.164035528003247 ], [ 106.965112790784559, -6.164038023803824 ], [ 106.965111866608353, -6.164040707878061 ], [ 106.965111398146746, -6.164043508709469 ], [ 106.965111396856841, -6.164046348502942 ], [ 106.965120996782517, -6.164211036218366 ], [ 106.965121292080227, -6.164221807521081 ], [ 106.965119761333426, -6.164232473448403 ], [ 106.965116449480291, -6.164242726439469 ], [ 106.965111452088834, -6.164252270500086 ], [ 106.96510491177348, -6.164260829352818 ], [ 106.965097019141766, -6.164268158186856 ], [ 106.965042130235204, -6.164301788901127 ], [ 106.964978667119539, -6.164338455562699 ], [ 106.964913808031895, -6.164372587739871 ], [ 106.964898629740517, -6.164380110694546 ], [ 106.964873065403978, -6.164392705087113 ], [ 106.964764735043033, -6.164446076827749 ], [ 106.964716002048206, -6.164471763972768 ], [ 106.964669247428589, -6.164500902921396 ], [ 106.964624714524518, -6.16453334088779 ], [ 106.964466232749743, -6.16466318936227 ], [ 106.964416589707668, -6.164699093505096 ], [ 106.964364608621551, -6.164731511903079 ], [ 106.964310531032325, -6.16476029358376 ], [ 106.964254612994381, -6.164785303795065 ], [ 106.964247034006803, -6.16478802415329 ], [ 106.964224734594069, -6.164796029917015 ], [ 106.9641852076671, -6.164810219964103 ], [ 106.964154885880916, -6.164822217079148 ], [ 106.964126108480713, -6.164837560917587 ], [ 106.964099244207347, -6.164856053930129 ], [ 106.963901104553457, -6.165017853051071 ], [ 106.963895285384169, -6.165022075869453 ], [ 106.96388884271947, -6.165025265786671 ], [ 106.963881957793362, -6.165027330820215 ], [ 106.963874824616198, -6.165028214200611 ], [ 106.963867643634828, -6.16502788987413 ], [ 106.963860619045803, -6.165026368841558 ], [ 106.963853947025427, -6.165023691968663 ], [ 106.963811826791243, -6.164999888444794 ], [ 106.963810150315894, -6.16499894260176 ], [ 106.963808347475151, -6.164998270263855 ], [ 106.963806461682225, -6.164997885736725 ], [ 106.963804539047018, -6.164997799699717 ], [ 106.96380262654948, -6.164998013787878 ], [ 106.963800770242983, -6.164998523310955 ], [ 106.96379901614759, -6.16499931453781 ], [ 106.963797405753411, -6.165000370137555 ], [ 106.963795979610651, -6.165001662837624 ], [ 106.963738929661545, -6.165061059355563 ], [ 106.963689406391111, -6.165109165708689 ], [ 106.96363562597665, -6.165152451695326 ], [ 106.963623470034307, -6.165161148768639 ], [ 106.963610718581975, -6.165169790173674 ], [ 106.963494651582451, -6.165248441884641 ], [ 106.963429132917071, -6.165290216055607 ], [ 106.96336095356294, -6.165327482216679 ], [ 106.963340511697623, -6.165337292030654 ], [ 106.963232843870273, -6.165391370846582 ], [ 106.963127443893598, -6.165449754773848 ], [ 106.963050494961138, -6.165494923447789 ], [ 106.962487882722741, -6.165840619961635 ], [ 106.962485547970459, -6.16584244852434 ], [ 106.962483548788668, -6.165844639301076 ], [ 106.962481940961354, -6.165847131511378 ], [ 106.962480767595963, -6.165849856284482 ], [ 106.962480062739985, -6.165852737550215 ], [ 106.962480295486046, -6.165845281445366 ], [ 106.962480716510598, -6.165829085570747 ], [ 106.96248103586403, -6.165813000371413 ], [ 106.962481124211934, -6.165807055557427 ], [ 106.962481456223173, -6.165807678166758 ], [ 106.962481882865191, -6.165808240756614 ], [ 106.962482394141432, -6.165808727089924 ], [ 106.962482976458659, -6.165809125463417 ], [ 106.96248361532696, -6.165809425985278 ], [ 106.962484293553018, -6.165809620581928 ], [ 106.962484993953538, -6.165809703892023 ], [ 106.962485698455168, -6.165809674173908 ], [ 106.962486389897848, -6.165809532394914 ], [ 106.962487049324864, -6.16580928224128 ], [ 106.962487660496109, -6.165808929197458 ], [ 106.963036548467102, -6.165471665209854 ], [ 106.963113789453729, -6.16542632549092 ], [ 106.96322016034749, -6.165367401856036 ], [ 106.963328820917553, -6.165312823032535 ], [ 106.96334900217461, -6.165303138041795 ], [ 106.96341549379278, -6.165266776781597 ], [ 106.963479392908752, -6.165226025698006 ], [ 106.963599179644561, -6.165144853202698 ], [ 106.963608102329445, -6.165138807124895 ], [ 106.963633867472367, -6.165119878783387 ], [ 106.963678138833572, -6.165082858022297 ], [ 106.963719279122913, -6.165042380654998 ], [ 106.963776383067298, -6.164982927885638 ], [ 106.963781423563177, -6.164978462021773 ], [ 106.963787149478165, -6.164974918530327 ], [ 106.96379339498155, -6.16497240199438 ], [ 106.963799976059519, -6.164970985420367 ], [ 106.963806702255198, -6.164970709290786 ], [ 106.963813377572038, -6.16497158156075 ], [ 106.963819807703629, -6.164973578535561 ], [ 106.963825804533954, -6.164976640333524 ], [ 106.963866556059415, -6.164999669563437 ], [ 106.963869002901518, -6.165000564649552 ], [ 106.963871564743414, -6.165001043423956 ], [ 106.963874170165226, -6.165001090780128 ], [ 106.963876746900297, -6.165000706984395 ], [ 106.963879225428613, -6.164999902238137 ], [ 106.96388153717335, -6.164998697588478 ], [ 106.963883617220944, -6.164997127630623 ], [ 106.964082372012953, -6.164834826280072 ], [ 106.964111739260147, -6.164814561944406 ], [ 106.964143203194638, -6.164797741748148 ], [ 106.964176361715474, -6.164784580541458 ], [ 106.964213707238017, -6.164771174257362 ], [ 106.964229905391448, -6.164765359025067 ], [ 106.964244928039392, -6.164759965821361 ], [ 106.964316551802568, -6.164726903631667 ], [ 106.964384877465591, -6.164687465195874 ], [ 106.964449340736223, -6.164641977169222 ], [ 106.9646077630685, -6.164512176837011 ], [ 106.964653911254032, -6.164478539500418 ], [ 106.964702364716814, -6.164448324735686 ], [ 106.964752872003203, -6.164421689879012 ], [ 106.964860859718314, -6.164368488472643 ], [ 106.964880686483482, -6.164358720668818 ], [ 106.964886688254566, -6.164355763820009 ], [ 106.96495821694468, -6.164318745566828 ], [ 106.965028050328414, -6.164278613497312 ], [ 106.965081373659586, -6.164245942386856 ], [ 106.96508566056643, -6.164241672773026 ], [ 106.96508917903563, -6.164236750517752 ], [ 106.965091832003367, -6.164231310690348 ], [ 106.96509354595895, -6.164225506355365 ], [ 106.965094271808297, -6.164219497720123 ], [ 106.965093991193868, -6.164213451207337 ], [ 106.965084357506313, -6.164048178658429 ], [ 106.965084419368736, -6.164040934753951 ], [ 106.965085660490359, -6.164033798610085 ], [ 106.965088048143471, -6.164026959305101 ], [ 106.965091517063811, -6.164020601516743 ], [ 106.965095976640555, -6.164014895550537 ], [ 106.965101304579875, -6.164009993746773 ], [ 106.965107361341396, -6.164006025906715 ], [ 106.965113982011644, -6.164003100226719 ], [ 106.965120991627401, -6.164001294200689 ], [ 106.965378504865271, -6.163953453296863 ], [ 106.965418038047048, -6.163947863901427 ], [ 106.965463733334175, -6.163941403729294 ], [ 106.96549364273902, -6.163935687985775 ], [ 106.96552795023392, -6.163925478901713 ], [ 106.965560952483287, -6.163911613011971 ], [ 106.965743754977495, -6.163825343740814 ], [ 106.965773172210774, -6.163815256653488 ], [ 106.965803718031594, -6.163809425535526 ], [ 106.965834779502359, -6.163807967468439 ], [ 106.965864636094452, -6.163810728772 ], [ 106.965893839094051, -6.1638175311126 ], [ 106.965924184320542, -6.163829348817604 ], [ 106.965932523715651, -6.163832957974472 ], [ 106.965979213835837, -6.1638550293898 ], [ 106.966024993824604, -6.163878935869689 ], [ 106.966093525305808, -6.163916064094876 ], [ 106.966102056327955, -6.163920686040637 ], [ 106.966124844338452, -6.163933031578988 ], [ 106.966126498941932, -6.163933925961352 ], [ 106.966128281629466, -6.163934523325459 ], [ 106.96613013994461, -6.163934806686862 ], [ 106.966132020554312, -6.163934766297207 ], [ 106.966133865658747, -6.163934405986113 ], [ 106.966135621988087, -6.16393373318295 ], [ 106.966137237232445, -6.163932770683246 ], [ 106.966138663611886, -6.163931544882275 ], [ 106.966161984475463, -6.163881067772401 ], [ 106.966181129139414, -6.16382886115117 ], [ 106.966191412203699, -6.163793629204926 ], [ 106.966199790983893, -6.163757896178326 ], [ 106.966213802382924, -6.163702863284091 ], [ 106.966216975422995, -6.163692698503771 ], [ 106.966221747050199, -6.163683180588224 ], [ 106.966227991713993, -6.163674558628856 ], [ 106.966235545840803, -6.163667059254823 ], [ 106.966244210520685, -6.16366088029426 ], [ 106.966253759603987, -6.163656181703512 ], [ 106.966263940618006, -6.163653089180154 ], [ 106.96632692240378, -6.16363883780465 ], [ 106.96640497110478, -6.16362117661278 ], [ 106.966681705812505, -6.163558555409787 ], [ 106.966727462117035, -6.163540480818049 ], [ 106.966770735339225, -6.163517067619861 ], [ 106.966810905214004, -6.163488650814699 ], [ 106.966847396902892, -6.163455635754451 ], [ 106.966868975191502, -6.163432881235829 ], [ 106.966892038712885, -6.163411636511685 ], [ 106.966914003031633, -6.163393869405033 ], [ 106.966924195692428, -6.163386340398189 ], [ 106.966948545546316, -6.163368522898704 ], [ 106.967296332131767, -6.163118818253999 ], [ 106.967301651381788, -6.163114999583768 ], [ 106.967331768096841, -6.163093985582751 ], [ 106.967350870696535, -6.163080656417449 ], [ 106.967383013811116, -6.163058229056513 ], [ 106.967458608769405, -6.163005482270708 ], [ 106.96751650941772, -6.162965081211071 ], [ 106.967548768746141, -6.162942572046264 ], [ 106.967576454482199, -6.162923254969276 ], [ 106.967596898691113, -6.162908989621529 ], [ 106.96764476433961, -6.162876248080742 ], [ 106.967687350374021, -6.162849256225555 ], [ 106.967739675599461, -6.16281866715816 ], [ 106.967793158416569, -6.162790153248684 ], [ 106.967882044007709, -6.162740563309007 ], [ 106.96792139819982, -6.162722485160692 ], [ 106.96788991873801, -6.162745797918987 ], [ 106.967848222937207, -6.162783444052052 ], [ 106.967825715734463, -6.162807818553041 ], [ 106.967819187858453, -6.16281752920028 ], [ 106.967815872707291, -6.162822459753419 ], [ 106.96781373627725, -6.162825637421913 ], [ 106.967810500188975, -6.162830451054019 ], [ 106.967804054068779, -6.162840040249764 ] ] ] ] } },
{ "type": "Feature", "properties": { "OBJECTID_1": 26, "OBJECTID": 26, "toponimi": "Kali Gendong Cakung Drain", "kewenangan": "Pemprov DKI", "jenis": "Saluran Drainase Sekunder", "lebar_min": 5.2, "lebar_max": 5.2, "ked_min": 3.0, "ked_max": 4.0, "jenis_kons": "Sheetpile, Tanah", "kondisi": "Baik", "panjang_su": 4.83, "Shape_Leng": 9162.8410463399996, "Shape_Le_1": 9053.5235010300003, "Shape_Area": 54755.535576200004 }, "geometry": { "type": "MultiPolygon", "coordinates": [ [ [ [ 106.9404853717093, -6.10733147411285 ], [ 106.940499151775924, -6.108300538613965 ], [ 106.940498089303802, -6.109031950444867 ], [ 106.940495805556282, -6.109660212225715 ], [ 106.940502695577834, -6.110044536061354 ], [ 106.940503023382334, -6.110062815240085 ], [ 106.940499847054909, -6.110129879713615 ], [ 106.940489819725187, -6.110196264609761 ], [ 106.940481835843741, -6.110231635402696 ], [ 106.940478813892483, -6.110245026353705 ], [ 106.940464071981282, -6.110328587525158 ], [ 106.940456185575584, -6.110413074178425 ], [ 106.940455814592482, -6.110552281665035 ], [ 106.940455447444734, -6.110690795678707 ], [ 106.940452068447726, -6.111960676864188 ], [ 106.940443449372395, -6.11309166734037 ], [ 106.94045072013995, -6.113934686753571 ], [ 106.940446440931851, -6.115095534448571 ], [ 106.940455267855128, -6.115831015107968 ], [ 106.940455518416769, -6.115851902941759 ], [ 106.940454704875336, -6.115958940777994 ], [ 106.940446904549077, -6.11698563907769 ], [ 106.940447111178983, -6.118216069441265 ], [ 106.940455526175469, -6.119374979681911 ], [ 106.940451883261829, -6.12012493411094 ], [ 106.940455433419174, -6.120620082143104 ], [ 106.940456220955753, -6.120729919652899 ], [ 106.940457182661888, -6.120863985982946 ], [ 106.940458155258, -6.120999564861819 ], [ 106.940460406760039, -6.121313533290767 ], [ 106.940450847774116, -6.122184482727486 ], [ 106.940448373661226, -6.124612367597004 ], [ 106.940448223971089, -6.124759506949483 ], [ 106.940448185145968, -6.124798028828511 ], [ 106.940448127586961, -6.124854873622497 ], [ 106.940448108816156, -6.124872436174737 ], [ 106.940447995109963, -6.124984013738533 ], [ 106.940447978411157, -6.125000899099116 ], [ 106.940447880815128, -6.125096426708712 ], [ 106.940446193277452, -6.126755563590399 ], [ 106.940452476154576, -6.127321740837242 ], [ 106.940437942924788, -6.127987195908487 ], [ 106.940444295058683, -6.129744868609951 ], [ 106.940445717548542, -6.13061743985776 ], [ 106.940448324415698, -6.130910771314102 ], [ 106.940448471264006, -6.130946393912562 ], [ 106.940448471643151, -6.130946498788816 ], [ 106.940448665367015, -6.13102432089774 ], [ 106.940448668398972, -6.131116357326917 ], [ 106.940448424555868, -6.131208566432272 ], [ 106.940446303366187, -6.131478333816819 ], [ 106.940442079241421, -6.131748076268653 ], [ 106.940441135186504, -6.131795764647836 ], [ 106.940449107262097, -6.132249806123864 ], [ 106.940456925558735, -6.132495172434066 ], [ 106.940462339110667, -6.132689528109514 ], [ 106.940464426956055, -6.132883947365851 ], [ 106.940463187985259, -6.133078374152944 ], [ 106.940455720301998, -6.133415290700426 ], [ 106.940445652051949, -6.134444718100461 ], [ 106.940463057869891, -6.135318923787802 ], [ 106.940463939756015, -6.135899230068537 ], [ 106.940463940593006, -6.135899711055877 ], [ 106.940464120358541, -6.135901710311673 ], [ 106.940464580889, -6.135903664248037 ], [ 106.940465440404594, -6.135905791232851 ], [ 106.940466632637978, -6.135907751558211 ], [ 106.940468126684038, -6.135909491993221 ], [ 106.940469882634233, -6.135910967476678 ], [ 106.940471854276453, -6.135912138394911 ], [ 106.940473988208268, -6.135912975105613 ], [ 106.940476230146814, -6.135913454298499 ], [ 106.940478520432038, -6.135913564436299 ], [ 106.940473316034399, -6.135914941284701 ], [ 106.940469016789336, -6.135916078877575 ], [ 106.940463966704854, -6.135917413577176 ], [ 106.940461395643538, -6.135918094655525 ], [ 106.94045500813948, -6.135919784096118 ], [ 106.940451795436189, -6.135920633857716 ], [ 106.940409790244047, -6.135931744915458 ], [ 106.940396799556311, -6.135935182440792 ], [ 106.940384702281463, -6.135938381657164 ], [ 106.940376262616638, -6.135940613772517 ], [ 106.940364824129716, -6.13594363972256 ], [ 106.940355612581527, -6.135945745346548 ], [ 106.940340884575235, -6.135949112317629 ], [ 106.940343960856566, -6.13594750720897 ], [ 106.940346778174046, -6.135945481720203 ], [ 106.940349282483609, -6.135943078540778 ], [ 106.940351421564131, -6.135940344874044 ], [ 106.940353152256918, -6.135937336027594 ], [ 106.940354408300252, -6.135934213174476 ], [ 106.940355224818077, -6.135930947255641 ], [ 106.940355586680027, -6.135927600710024 ], [ 106.940355583152538, -6.13592562703471 ], [ 106.940354663383374, -6.135320086940223 ], [ 106.940337244683732, -6.134445268249397 ], [ 106.940347335595035, -6.133413556903869 ], [ 106.940354809566529, -6.133076361845708 ], [ 106.940356030176673, -6.132883840992584 ], [ 106.940353958295063, -6.132691327545255 ], [ 106.940348593224655, -6.132498877560388 ], [ 106.940340742370665, -6.132252487890172 ], [ 106.940332721410883, -6.131795643796917 ], [ 106.940333704214709, -6.13174592824325 ], [ 106.94033781778468, -6.131485317761987 ], [ 106.940339960303447, -6.131224683678272 ], [ 106.94034009507574, -6.130952125225847 ], [ 106.940340076640283, -6.130946775629522 ], [ 106.940337323604183, -6.130618241061473 ], [ 106.940335900324328, -6.129745152606027 ], [ 106.940329543945253, -6.127986206810291 ], [ 106.940344067934731, -6.127321156778154 ], [ 106.94033779829698, -6.126756112305734 ], [ 106.940339574384708, -6.125010850560498 ], [ 106.940339722255075, -6.124865456153599 ], [ 106.940339780289975, -6.124808990179632 ], [ 106.94034000830851, -6.12458498154712 ], [ 106.940342454804124, -6.122183831384127 ], [ 106.940352008346053, -6.12131332674003 ], [ 106.9403487986974, -6.120865755752394 ], [ 106.940347834874942, -6.120731345856599 ], [ 106.940346787318802, -6.120585244211699 ], [ 106.940343488094413, -6.120125060187119 ], [ 106.940347131172544, -6.119375109327425 ], [ 106.940338719197442, -6.118216471140546 ], [ 106.940338511716462, -6.116985235133384 ], [ 106.94034646968602, -6.115937820147191 ], [ 106.940346938915582, -6.115876069006499 ], [ 106.940347120908754, -6.115852142676556 ], [ 106.94033804614493, -6.115095985687604 ], [ 106.940342326735149, -6.113934955283465 ], [ 106.940335053561299, -6.113091722452476 ], [ 106.940343677882055, -6.111960118895743 ], [ 106.940346203827502, -6.111010701742465 ], [ 106.940357952998767, -6.109989429035347 ], [ 106.940358103691153, -6.109932972645735 ], [ 106.940356869125921, -6.109107067024971 ], [ 106.94035944039905, -6.109065101240467 ], [ 106.940365255563336, -6.109023461889531 ], [ 106.940366426956658, -6.109017154150695 ], [ 106.940372712704587, -6.10898328399684 ], [ 106.94037838468725, -6.108901893802143 ], [ 106.940377463061054, -6.108820310414018 ], [ 106.940376470415103, -6.108803770443014 ], [ 106.940365979850839, -6.108628958184986 ], [ 106.940356229671025, -6.107560927866746 ], [ 106.940355912041653, -6.10752615120361 ], [ 106.940355407428683, -6.107470803814502 ], [ 106.940355087979157, -6.107468380122131 ], [ 106.940354398477638, -6.107466035519052 ], [ 106.940353352674691, -6.107463826010937 ], [ 106.940351978763147, -6.107461804839081 ], [ 106.940350308535756, -6.107460021615235 ], [ 106.940348381891752, -6.107458519593153 ], [ 106.940346245927017, -6.107457333863508 ], [ 106.940343765072882, -6.107456442312449 ], [ 106.940341170142858, -6.107455978820842 ], [ 106.94033853434567, -6.107455955782224 ], [ 106.940355226938891, -6.107451033209719 ], [ 106.940357638327583, -6.107450192720949 ], [ 106.94035814890222, -6.107450006438732 ], [ 106.940360555624892, -6.107449124377355 ], [ 106.940360979588561, -6.107448966435284 ], [ 106.940365101711819, -6.107447362123295 ], [ 106.940386769137916, -6.10743708187939 ], [ 106.940407049995684, -6.107424276010907 ], [ 106.940425649580376, -6.107409128213246 ], [ 106.940425700886479, -6.107409078301634 ], [ 106.940425726992771, -6.107409053796262 ], [ 106.940446103808185, -6.107387277824873 ], [ 106.94046301649972, -6.107362709777571 ], [ 106.940476088569952, -6.107335896196306 ], [ 106.940485030415886, -6.107307433939903 ], [ 106.9404853717093, -6.10733147411285 ] ] ], [ [ [ 106.940464143994291, -6.136033819839682 ], [ 106.940464247121128, -6.136101766589907 ], [ 106.940464325616091, -6.136153668060386 ], [ 106.940465164794233, -6.136706366355237 ], [ 106.940455898447951, -6.137052535805441 ], [ 106.940449227793636, -6.137847586425924 ], [ 106.94044851128487, -6.137933142018785 ], [ 106.940448142036573, -6.13837668426986 ], [ 106.940470605229009, -6.139301370021197 ], [ 106.940482218218364, -6.139872238097807 ], [ 106.940482380258942, -6.140574374866362 ], [ 106.940481354418864, -6.140838146616494 ], [ 106.940476965439657, -6.141101882646909 ], [ 106.940469213168939, -6.141365542274358 ], [ 106.940463277557157, -6.141561372063323 ], [ 106.940435839435679, -6.142685509752662 ], [ 106.940430383375158, -6.14300621264208 ], [ 106.940428960577009, -6.143534598279776 ], [ 106.940428628904385, -6.143657735704883 ], [ 106.94043629593385, -6.144747690573052 ], [ 106.940441556857053, -6.14488504663152 ], [ 106.940446022694829, -6.145001663322405 ], [ 106.940447610059081, -6.145043107708218 ], [ 106.940453804041894, -6.145249985164458 ], [ 106.940490675623195, -6.146481456602111 ], [ 106.940510375553998, -6.14704672576227 ], [ 106.940511537003331, -6.14708005543083 ], [ 106.940515773571391, -6.147201653714769 ], [ 106.940517286713003, -6.147245032269209 ], [ 106.940518714339817, -6.147286001662534 ], [ 106.940518964358574, -6.147293172209795 ], [ 106.940519128687498, -6.147297885678531 ], [ 106.940518286263554, -6.147306961550692 ], [ 106.940515938825882, -6.147315768940742 ], [ 106.940512151415177, -6.147324058980316 ], [ 106.94050703248702, -6.147331598013443 ], [ 106.940500724901639, -6.147338173957932 ], [ 106.940493407746942, -6.14734360081946 ], [ 106.940485285521731, -6.147347725059608 ], [ 106.940476589061944, -6.147350431921361 ], [ 106.940467988571797, -6.147350955896254 ], [ 106.93974555823155, -6.147392783116889 ], [ 106.939739403340155, -6.147393139078335 ], [ 106.939738038697939, -6.147393218169565 ], [ 106.939734537760401, -6.147393816745883 ], [ 106.939731177938569, -6.147394968129726 ], [ 106.939728153994906, -6.14739657396945 ], [ 106.939725413514154, -6.1473986281265 ], [ 106.939723022258178, -6.147401080635735 ], [ 106.939721038732898, -6.147403873421257 ], [ 106.939719508761726, -6.147406938507934 ], [ 106.939718470928469, -6.147410204330462 ], [ 106.93971794842777, -6.14741359033821 ], [ 106.939717158134073, -6.14739442772822 ], [ 106.939716309263886, -6.147373807893707 ], [ 106.939716094285444, -6.147368576547181 ], [ 106.93971561594806, -6.147356977554291 ], [ 106.939715531732716, -6.147354926417805 ], [ 106.939715292055084, -6.147349111101159 ], [ 106.93971492560776, -6.147340220437562 ], [ 106.93971419665742, -6.147322530411879 ], [ 106.939714127312143, -6.147320843580693 ], [ 106.939713102157043, -6.147295947911052 ], [ 106.939712348303232, -6.147292076504747 ], [ 106.939711029523949, -6.147288359040759 ], [ 106.939709175930005, -6.147284878588556 ], [ 106.939706759512092, -6.147281633441582 ], [ 106.939703878447489, -6.147278794121613 ], [ 106.939711911497213, -6.147281717809978 ], [ 106.939720282569581, -6.147283444124022 ], [ 106.939728178558795, -6.147283942562867 ], [ 106.939864720181987, -6.147277210313125 ], [ 106.940389959167732, -6.147246799265591 ], [ 106.940392906175504, -6.147246647522427 ], [ 106.940395788184773, -6.147246008696227 ], [ 106.940398523962656, -6.147244901164287 ], [ 106.940401037735512, -6.147243354133516 ], [ 106.940403261008669, -6.147241411250239 ], [ 106.940405131649939, -6.14723912698708 ], [ 106.940406598393224, -6.147236563010162 ], [ 106.940407619948175, -6.147233791798771 ], [ 106.940408167683984, -6.14723088940268 ], [ 106.940408227439278, -6.147227936339737 ], [ 106.940382332578267, -6.146484972789127 ], [ 106.940344935864417, -6.145235900013936 ], [ 106.940343340895069, -6.145182633418888 ], [ 106.940339274300726, -6.145046810921888 ], [ 106.940327912374059, -6.144750151682521 ], [ 106.940320230276669, -6.143657971766663 ], [ 106.940321988280388, -6.143005143105209 ], [ 106.940323991574743, -6.142887355594454 ], [ 106.940326278917311, -6.142752968366534 ], [ 106.940327465428908, -6.142683261151423 ], [ 106.940354920141061, -6.141558402755185 ], [ 106.940360874333095, -6.141361955375644 ], [ 106.940368592324077, -6.141099540826819 ], [ 106.940372962376003, -6.140837048914515 ], [ 106.940373982841038, -6.140574522136795 ], [ 106.940373821744743, -6.139873355438259 ], [ 106.94036223527506, -6.139303792772417 ], [ 106.940339744621895, -6.138377957924881 ], [ 106.940340114766201, -6.137932641764595 ], [ 106.940341881877032, -6.137722046555817 ], [ 106.940347514173652, -6.137050626838112 ], [ 106.940356766281312, -6.136704996273483 ], [ 106.940356308753593, -6.136403797583357 ], [ 106.940356074359599, -6.136249389663378 ], [ 106.940355871245856, -6.136115607257389 ], [ 106.940355835418359, -6.13609097471112 ], [ 106.940355799409431, -6.136067290584552 ], [ 106.940355383995268, -6.136063325727592 ], [ 106.940354303302769, -6.136059488050139 ], [ 106.940352586646327, -6.136055890460622 ], [ 106.940350285886794, -6.136052635840395 ], [ 106.940347466408227, -6.136049819788936 ], [ 106.940344209801793, -6.136047523381066 ], [ 106.940340612058975, -6.136045813173505 ], [ 106.940336776338782, -6.136044739422937 ], [ 106.940332813854667, -6.136044331562141 ], [ 106.940328839377628, -6.136044603641018 ], [ 106.940337105944579, -6.136042713909602 ], [ 106.94034584635628, -6.136040715774753 ], [ 106.940352629110137, -6.136039165040506 ], [ 106.940355753782001, -6.136038451215912 ], [ 106.940375688676653, -6.136033895443205 ], [ 106.940380502036248, -6.136032793960215 ], [ 106.940386427357879, -6.136031439814535 ], [ 106.94040993243685, -6.136025221990362 ], [ 106.940426498618692, -6.136020840263354 ], [ 106.940464108006253, -6.136010891556513 ], [ 106.940481058628009, -6.136006408077591 ], [ 106.940476934645105, -6.136009299022933 ], [ 106.9404732688715, -6.136012753380653 ], [ 106.94047013692574, -6.136016699451401 ], [ 106.940467603547475, -6.136021054725862 ], [ 106.940465912925816, -6.136025151984473 ], [ 106.940464753200118, -6.136029429950426 ], [ 106.940464143994291, -6.136033819839682 ] ] ] ] } },
{ "type": "Feature", "properties": { "OBJECTID_1": 27, "OBJECTID": 27, "toponimi": "Kali Item", "kewenangan": "Pemprov DKI", "jenis": "Saluran Drainase Sekunder", "lebar_min": 23.0, "lebar_max": 23.0, "ked_min": 8.0, "ked_max": 10.0, "jenis_kons": "Sheetpile", "kondisi": "Baik", "panjang_su": 2.86, "Shape_Leng": 5819.8618720499999, "Shape_Le_1": 5779.5735814400005, "Shape_Area": 37609.983423600002 }, "geometry": { "type": "MultiPolygon", "coordinates": [ [ [ [ 106.880222117631874, -6.162913388521748 ], [ 106.880199921430005, -6.162918255179029 ], [ 106.880164366338505, -6.162926049569063 ], [ 106.880140752010306, -6.162931226828068 ], [ 106.880112439188125, -6.16293743420765 ], [ 106.880061386738248, -6.162948626789897 ], [ 106.880057249716756, -6.162949533774869 ], [ 106.880025750403192, -6.162956440445526 ], [ 106.879969891130969, -6.16296868703084 ], [ 106.879404367324256, -6.16309267159823 ], [ 106.878383866500428, -6.163352377853037 ], [ 106.877641384052779, -6.163543905860905 ], [ 106.877587405022282, -6.163557830036614 ], [ 106.877522099916007, -6.163572696445325 ], [ 106.877456363009074, -6.163585514662241 ], [ 106.877358192066367, -6.16360073099496 ], [ 106.877259422377108, -6.163611382562849 ], [ 106.877239318597034, -6.163612984998467 ], [ 106.877171216369931, -6.163617002389119 ], [ 106.877103021592575, -6.163618850139213 ], [ 106.877078147857645, -6.1636199205492 ], [ 106.877072709382432, -6.163620154889675 ], [ 106.877017392667724, -6.16361899618679 ], [ 106.876962583675251, -6.163611418942733 ], [ 106.876926864466284, -6.163602896539951 ], [ 106.876891908958953, -6.163591643626676 ], [ 106.876854550974826, -6.163576174080699 ], [ 106.87681863919606, -6.163557586452818 ], [ 106.876737656352475, -6.163498097385695 ], [ 106.876732131336496, -6.163494529174708 ], [ 106.876724680475405, -6.163489469569029 ], [ 106.876709992549578, -6.163479006027689 ], [ 106.876688234656726, -6.163462873045686 ], [ 106.876631654640519, -6.163420229135634 ], [ 106.876543949065592, -6.163354126333965 ], [ 106.876281360752884, -6.163156792423812 ], [ 106.875855681823964, -6.162830756933007 ], [ 106.875830951001561, -6.162811815222351 ], [ 106.875726638213976, -6.162736332242979 ], [ 106.875619122994237, -6.162665492462205 ], [ 106.874891076881383, -6.162244564017249 ], [ 106.874850877682647, -6.162221322253965 ], [ 106.874823759881693, -6.162205643812883 ], [ 106.874731040389278, -6.162151235318153 ], [ 106.874658031858772, -6.162108393907936 ], [ 106.874132789348863, -6.161753956367331 ], [ 106.873294208227676, -6.16124144054003 ], [ 106.871990404871283, -6.160459317065599 ], [ 106.871415907528259, -6.160126336964573 ], [ 106.870328647882104, -6.159514189027167 ], [ 106.868962330110577, -6.158761451754353 ], [ 106.86785431124504, -6.158139617586055 ], [ 106.867800822185572, -6.158110748068411 ], [ 106.867791115990514, -6.158105509025493 ], [ 106.867734195742386, -6.158074788954905 ], [ 106.867341776412985, -6.157863714475461 ], [ 106.866866041896529, -6.157596512817852 ], [ 106.866847794797636, -6.157586263880795 ], [ 106.866841956489239, -6.157582975104207 ], [ 106.86544739259233, -6.15679970632722 ], [ 106.865440362126449, -6.156796242675188 ], [ 106.865435610167282, -6.156793088415719 ], [ 106.865268006630174, -6.156699145800667 ], [ 106.865262222899588, -6.156695959883802 ], [ 106.863754465167162, -6.155865187744351 ], [ 106.862795970685724, -6.155329294381509 ], [ 106.862355162847734, -6.155104384845447 ], [ 106.862343118344086, -6.155098239726996 ], [ 106.862281791736734, -6.155066949267047 ], [ 106.862226595532078, -6.155038786587258 ], [ 106.86219346645133, -6.155023918486273 ], [ 106.862152783837416, -6.155009982701801 ], [ 106.862110918581266, -6.155000163145949 ], [ 106.86206828567191, -6.15499455692402 ], [ 106.862041283461863, -6.1549932162303 ], [ 106.862012659509546, -6.154993641586774 ], [ 106.861960065335595, -6.154997724696949 ], [ 106.861890637267038, -6.155002243559871 ], [ 106.861814944332949, -6.155010937966039 ], [ 106.861737829142385, -6.155019797359086 ], [ 106.861660713039413, -6.155028655840741 ], [ 106.861583597837097, -6.155037515213027 ], [ 106.861506481722401, -6.15504637367392 ], [ 106.861429366508347, -6.155055233025441 ], [ 106.861352782262529, -6.155064030840427 ], [ 106.861268887291175, -6.155075263719647 ], [ 106.861184434284297, -6.155086571769416 ], [ 106.861099979460008, -6.155097878909022 ], [ 106.861015526434926, -6.155109186030046 ], [ 106.860931072502098, -6.155120494046066 ], [ 106.860846619461967, -6.155131801142492 ], [ 106.860762166417459, -6.155143109130762 ], [ 106.860678177484132, -6.155154354005977 ], [ 106.860590868879058, -6.155167491994089 ], [ 106.860503083530972, -6.155180702155389 ], [ 106.860415296370675, -6.155193913213967 ], [ 106.860327508295285, -6.15520712335842 ], [ 106.860239721114681, -6.155220333486574 ], [ 106.860151935732219, -6.155233543595269 ], [ 106.860064148537589, -6.155246754601274 ], [ 106.859976360427822, -6.155259964693118 ], [ 106.859888573212856, -6.155273174768684 ], [ 106.859800787796033, -6.155286384824804 ], [ 106.859713000567027, -6.155299595778202 ], [ 106.859625212422941, -6.15531280581747 ], [ 106.859537425173599, -6.155326015840441 ], [ 106.859449638819058, -6.155339225847103 ], [ 106.859361852459074, -6.155352436744777 ], [ 106.859274151863687, -6.155365633768105 ], [ 106.859195866982432, -6.155377722933402 ], [ 106.859117445760518, -6.155389834262985 ], [ 106.859039023625144, -6.155401944681103 ], [ 106.858960601486004, -6.155414055992903 ], [ 106.858882074016293, -6.155426274351807 ], [ 106.858804022220752, -6.155441235165182 ], [ 106.858796272529474, -6.155443178972924 ], [ 106.858796914982463, -6.155442961545558 ], [ 106.858837499792841, -6.155426682767668 ], [ 106.858876088549565, -6.155406109856838 ], [ 106.858912230396044, -6.155381483081976 ], [ 106.858942590311798, -6.155356517493733 ], [ 106.859031121576223, -6.155279016582172 ], [ 106.859115968375789, -6.155197491429626 ], [ 106.859196948843405, -6.155112118982311 ], [ 106.859191297903962, -6.155121130523574 ], [ 106.85918868988648, -6.155126599821781 ], [ 106.859184033093499, -6.155140409885969 ], [ 106.859181765983919, -6.155154807466324 ], [ 106.859181954880256, -6.155169380939685 ], [ 106.859184593822704, -6.155183715317982 ], [ 106.859189607304316, -6.15519739947201 ], [ 106.859196851234174, -6.155210043307119 ], [ 106.859206120189512, -6.155221284971206 ], [ 106.859217148362987, -6.155230803509683 ], [ 106.859229621334933, -6.155238326961872 ], [ 106.859243182422048, -6.155243639572218 ], [ 106.859257442646026, -6.155246590797097 ], [ 106.859271996997322, -6.155247096152362 ], [ 106.859280503001884, -6.155246245544366 ], [ 106.859288883226682, -6.155244555411211 ], [ 106.859344391441951, -6.155236202909092 ], [ 106.85943217778501, -6.15522299201986 ], [ 106.859519965025981, -6.155209782018479 ], [ 106.859607752258356, -6.155196572003967 ], [ 106.859695539482161, -6.15518336197629 ], [ 106.859783326694227, -6.15517015103132 ], [ 106.859871112997467, -6.15515694098051 ], [ 106.859958900195508, -6.155143730913391 ], [ 106.860046687384951, -6.155130520833139 ], [ 106.860134474562656, -6.155117309835577 ], [ 106.860222260831549, -6.155104099732164 ], [ 106.860310047995213, -6.15509088961247 ], [ 106.860397835150295, -6.155077679479613 ], [ 106.860485622293638, -6.155064468429463 ], [ 106.860573408528168, -6.155051258273477 ], [ 106.86066166789071, -6.155037980451381 ], [ 106.860746594069042, -6.155026606638638 ], [ 106.860831047096951, -6.155015298658239 ], [ 106.860915501023854, -6.155003991566535 ], [ 106.860999954940084, -6.154992683558388 ], [ 106.861084407948553, -6.154981376445253 ], [ 106.861168861852889, -6.154970069316651 ], [ 106.861253314843154, -6.154958761274754 ], [ 106.861338314138308, -6.154947386216025 ], [ 106.861415974751779, -6.15493845988043 ], [ 106.861493089950372, -6.154929600535841 ], [ 106.861570206049606, -6.154920742081846 ], [ 106.861647321236447, -6.154911882716493 ], [ 106.861724437323943, -6.154903024241755 ], [ 106.861801552499045, -6.154894164855624 ], [ 106.861878668574803, -6.154885306360121 ], [ 106.861881555782574, -6.154885047645314 ], [ 106.861951699160727, -6.154880484701491 ], [ 106.862010217890074, -6.154875938794435 ], [ 106.86203850174401, -6.154875392565248 ], [ 106.862083873760298, -6.154877645663637 ], [ 106.862142664622951, -6.154886391709975 ], [ 106.862200124750714, -6.154901606210644 ], [ 106.862255546145946, -6.154923101762765 ], [ 106.862282362449832, -6.154936170011129 ], [ 106.86232609914542, -6.154959372684544 ], [ 106.8624062189905, -6.155001877827374 ], [ 106.862603003868102, -6.155106274946953 ], [ 106.865308790315353, -6.156602471984458 ], [ 106.865315935888873, -6.156605786051238 ], [ 106.865495227291333, -6.156705922850384 ], [ 106.867804019202453, -6.157987705011144 ], [ 106.867845755189194, -6.158010876113173 ], [ 106.86791097683583, -6.15804708515746 ], [ 106.867979582806839, -6.158085172926639 ], [ 106.871035723977585, -6.159782948388957 ], [ 106.873295126307269, -6.161107314619493 ], [ 106.873514123951139, -6.16123654583631 ], [ 106.87356024576124, -6.161263945012132 ], [ 106.873598312995298, -6.161287226048939 ], [ 106.873661232603823, -6.161326280367473 ], [ 106.873742777230518, -6.161376894796839 ], [ 106.873772790731138, -6.161395523329477 ], [ 106.873906328581228, -6.161480047821227 ], [ 106.874718304221147, -6.161991880186763 ], [ 106.874727495740032, -6.1619976742111 ], [ 106.874882933104317, -6.162095653774687 ], [ 106.874920409017093, -6.162119276721282 ], [ 106.874987538278418, -6.162161591755273 ], [ 106.87499944130407, -6.162168539878163 ], [ 106.875504224377721, -6.1624632070729 ], [ 106.875778814806978, -6.162632340482417 ], [ 106.875883500868582, -6.162702221837975 ], [ 106.875986360633178, -6.162774767792111 ], [ 106.876087328887579, -6.162849929751073 ], [ 106.876107838777699, -6.162865696461892 ], [ 106.876804405727228, -6.163401167196211 ], [ 106.876828150524688, -6.163416630435494 ], [ 106.876852849179002, -6.163430517094699 ], [ 106.876900875363958, -6.163451927313096 ], [ 106.876951127395245, -6.163467397564343 ], [ 106.877002874538562, -6.163476701671827 ], [ 106.877062961138407, -6.163479919509454 ], [ 106.877123118701007, -6.163481223910458 ], [ 106.87720239486967, -6.163480019768146 ], [ 106.877281551855887, -6.163475495094189 ], [ 106.87732152779715, -6.163471936611566 ], [ 106.877415307528622, -6.163460366822096 ], [ 106.877508443977959, -6.1634444123523 ], [ 106.877600730397219, -6.163424110097425 ], [ 106.877636514072847, -6.163415004940567 ], [ 106.879693025285093, -6.162891736714839 ], [ 106.88109448093978, -6.162531461324988 ], [ 106.881121246111491, -6.16252496732469 ], [ 106.881264620691667, -6.162490180637239 ], [ 106.881658470075308, -6.162381799283779 ], [ 106.881666900406259, -6.162379479323389 ], [ 106.881783771719128, -6.162348370103159 ], [ 106.881833760829196, -6.162331048309158 ], [ 106.881881476489724, -6.162308192116853 ], [ 106.881926310843596, -6.16228009209581 ], [ 106.881967690604483, -6.162247107408799 ], [ 106.882005086974814, -6.162209660351746 ], [ 106.882038021943856, -6.162168229098326 ], [ 106.882022399769653, -6.162190538012037 ], [ 106.882010109665117, -6.162208088392301 ], [ 106.881951192289137, -6.162303806829148 ], [ 106.881944040499477, -6.162315425950226 ], [ 106.881930219273983, -6.162337880402597 ], [ 106.881889081654933, -6.162404714586796 ], [ 106.88179217224554, -6.162562157618325 ], [ 106.881781117590037, -6.162580116831876 ], [ 106.881764786667659, -6.162606648804017 ], [ 106.881764429164519, -6.16260722871998 ], [ 106.881759199602669, -6.16261572446121 ], [ 106.881656385979468, -6.162782757823103 ], [ 106.88166098293982, -6.162761890160374 ], [ 106.881661989975882, -6.16274054512203 ], [ 106.88165937763344, -6.162719336727704 ], [ 106.881653221236661, -6.162698875010489 ], [ 106.881643698120683, -6.16267974975212 ], [ 106.881631083041398, -6.162662509703869 ], [ 106.881615737299839, -6.162647652679257 ], [ 106.881598103245622, -6.162635603874048 ], [ 106.881578688906728, -6.162626712303924 ], [ 106.881558051665209, -6.162621232779172 ], [ 106.88153678650383, -6.162619323233743 ], [ 106.881515504299685, -6.162621037568705 ], [ 106.881499209974763, -6.162624887072161 ], [ 106.880949386395514, -6.162754777790167 ], [ 106.880926014641403, -6.162759824026343 ], [ 106.8806994843317, -6.162808731164236 ], [ 106.880645808712472, -6.162820499046309 ], [ 106.880616728624958, -6.162826874615118 ], [ 106.880522525923112, -6.162847527664272 ], [ 106.880311199422977, -6.162893858450807 ], [ 106.880222117631874, -6.162913388521748 ] ] ] ] } },
{ "type": "Feature", "properties": { "OBJECTID_1": 31, "OBJECTID": 31, "toponimi": "Kali Cijantung", "kewenangan": "Pemprov DKI", "jenis": "Saluran Drainase Sekunder", "lebar_min": 3.0, "lebar_max": 4.0, "ked_min": 0.8, "ked_max": 0.8, "jenis_kons": "Turap batu kali, Tanah", "kondisi": null, "panjang_su": 7.3, "Shape_Leng": 14745.3699254, "Shape_Le_1": 14605.459728, "Shape_Area": 51481.4557184 }, "geometry": { "type": "MultiPolygon", "coordinates": [ [ [ [ 106.858646219995663, -6.311368972984849 ], [ 106.858674038336204, -6.311456003394674 ], [ 106.858708312177257, -6.311540697930656 ], [ 106.858729493309568, -6.311576305662763 ], [ 106.858754065945547, -6.311609659888719 ], [ 106.858781793987944, -6.311640438667831 ], [ 106.858812408895304, -6.311668344587398 ], [ 106.858840657586555, -6.311697135076582 ], [ 106.85886422498406, -6.311729872632556 ], [ 106.858882568009292, -6.311765801513933 ], [ 106.858895263515834, -6.311804095027165 ], [ 106.858902019187923, -6.311843870858255 ], [ 106.858902679936932, -6.31188421094114 ], [ 106.85889233918958, -6.311963956257044 ], [ 106.858881171505701, -6.31201934933263 ], [ 106.858866820330547, -6.31207400332656 ], [ 106.858854569753802, -6.312129561208421 ], [ 106.858845974174315, -6.312185802239991 ], [ 106.858841070685344, -6.312242484879583 ], [ 106.858834393449953, -6.312328087789587 ], [ 106.858823571455204, -6.312413266079187 ], [ 106.858808628378227, -6.312497818037841 ], [ 106.858793162710754, -6.312573170288711 ], [ 106.85876133465176, -6.312733673597608 ], [ 106.858733892191182, -6.312894985839388 ], [ 106.858722221827904, -6.312967794720025 ], [ 106.858710934457747, -6.313021810298261 ], [ 106.858692709172757, -6.313073894059049 ], [ 106.858667857278093, -6.313123158819844 ], [ 106.858636802295365, -6.31316876310898 ], [ 106.858600073708317, -6.313209931079407 ], [ 106.858558297952143, -6.313245959774139 ], [ 106.858293624979225, -6.313450245307588 ], [ 106.85816600387291, -6.313545092772142 ], [ 106.858034890704729, -6.31363504402988 ], [ 106.857977468708654, -6.313671501963216 ], [ 106.857954281210894, -6.313686284468314 ], [ 106.857879322623276, -6.313737374531158 ], [ 106.857806866045877, -6.313791958351433 ], [ 106.857737073702694, -6.313849914194655 ], [ 106.857670103267466, -6.313911111301088 ], [ 106.857380228715698, -6.314200414651368 ], [ 106.857348294152757, -6.314232287039606 ], [ 106.85734500930019, -6.314235565472056 ], [ 106.857332264657046, -6.314251177780529 ], [ 106.857322264819132, -6.314268677210557 ], [ 106.857315283700004, -6.31428758629531 ], [ 106.857311510125683, -6.314307387184584 ], [ 106.857311048805826, -6.31432754062854 ], [ 106.857313912226815, -6.314347493239929 ], [ 106.857320020741753, -6.314366702810032 ], [ 106.857329208908979, -6.314384641902731 ], [ 106.857341225575709, -6.314400821362299 ], [ 106.85735574204638, -6.314414800229859 ], [ 106.857372361151249, -6.314426194752726 ], [ 106.857390629952292, -6.314434693709651 ], [ 106.857409099313983, -6.31443988274436 ], [ 106.857438177383187, -6.314448051082018 ], [ 106.857531717174012, -6.314469222565466 ], [ 106.857626297198777, -6.314485105534403 ], [ 106.85772799166476, -6.314504269583067 ], [ 106.857756415218802, -6.314507292885759 ], [ 106.857783699731655, -6.31451019457512 ], [ 106.857994484392535, -6.314532612902795 ], [ 106.858030666065602, -6.31454102166527 ], [ 106.858065089162594, -6.314554988209936 ], [ 106.858096905727777, -6.31457416746481 ], [ 106.85812533332637, -6.314598089350959 ], [ 106.858149673136523, -6.314626164142831 ], [ 106.858169326282678, -6.314657701397072 ], [ 106.85818380925231, -6.314691925268082 ], [ 106.858188462345311, -6.314707680719885 ], [ 106.858191715018933, -6.314718691649854 ], [ 106.858198764620454, -6.31474255784915 ], [ 106.858212520174732, -6.314805165713462 ], [ 106.858219816621101, -6.314868850882394 ], [ 106.858220791051949, -6.314889961210353 ], [ 106.85822640636988, -6.315011573398099 ], [ 106.858232168542827, -6.315080360760157 ], [ 106.858239761402231, -6.315131630832076 ], [ 106.858251957004597, -6.315182002917902 ], [ 106.8582686544826, -6.31523106598699 ], [ 106.858289717755497, -6.315278417271781 ], [ 106.858314974647982, -6.315323668600087 ], [ 106.858366568406979, -6.315405329286557 ], [ 106.858422619182221, -6.315483993954303 ], [ 106.858618511118578, -6.315744527006021 ], [ 106.858629876142246, -6.31575964274441 ], [ 106.858684675763882, -6.31583662648647 ], [ 106.858733782195586, -6.315917364709779 ], [ 106.858760470737963, -6.315960385758697 ], [ 106.858782151013514, -6.315992715897848 ], [ 106.858788939571696, -6.316002415821774 ], [ 106.858805123723855, -6.316019277437901 ], [ 106.85882373171701, -6.316033417028951 ], [ 106.858840476324232, -6.31604273328624 ], [ 106.858858272118027, -6.316049835131571 ], [ 106.85887682860789, -6.316054606062692 ], [ 106.858898314092443, -6.316060202871513 ], [ 106.858909725010847, -6.316061332985199 ], [ 106.858931161046442, -6.316063455306328 ], [ 106.858941477244571, -6.316064476310983 ], [ 106.858956185200228, -6.316066250156141 ], [ 106.858956302722774, -6.316066263298598 ], [ 106.859009427281848, -6.316070642191927 ], [ 106.859069906192445, -6.316075633136331 ], [ 106.859071387380013, -6.316075658585535 ], [ 106.859073649538217, -6.316075742726908 ], [ 106.859074794691622, -6.316075803734543 ], [ 106.85907705258974, -6.316075960223412 ], [ 106.859078196068154, -6.316076058307327 ], [ 106.85908044789565, -6.31607628624602 ], [ 106.859081586981674, -6.316076419607588 ], [ 106.859083830027615, -6.316076719005776 ], [ 106.8590849647277, -6.316076889453329 ], [ 106.859087315633573, -6.316077279785649 ], [ 106.859088325681967, -6.316077465145005 ], [ 106.859090545739704, -6.31607790657743 ], [ 106.859091667136767, -6.316078147596461 ], [ 106.859093872084202, -6.316078659606841 ], [ 106.859094985474286, -6.316078935916472 ], [ 106.859097172597245, -6.316079517610351 ], [ 106.859098276173057, -6.316079829217022 ], [ 106.85910044456466, -6.316080479693488 ], [ 106.859101538326215, -6.316080826597215 ], [ 106.859103684371888, -6.316081545869166 ], [ 106.859104609067501, -6.316081869868951 ], [ 106.859106888394621, -6.316082713437896 ], [ 106.859107958002937, -6.316083129143598 ], [ 106.859110053925178, -6.316083983313503 ], [ 106.859111109194544, -6.316084432524093 ], [ 106.85911317823971, -6.316085351889079 ], [ 106.859114218266456, -6.316085834607816 ], [ 106.859116256823199, -6.316086820084924 ], [ 106.859117281604128, -6.316087335407651 ], [ 106.859119286951795, -6.316088384294164 ], [ 106.859120295583253, -6.31608893222411 ], [ 106.859122370947389, -6.316090102921178 ], [ 106.859123256582791, -6.316090623261824 ], [ 106.859125191894535, -6.316091798075883 ], [ 106.859126163699116, -6.316092408524006 ], [ 106.859128060367013, -6.316093643150261 ], [ 106.85912901149743, -6.316094284413469 ], [ 106.859130868617825, -6.316095578855167 ], [ 106.859131799070866, -6.316096250029313 ], [ 106.859133613929615, -6.316097603391968 ], [ 106.859134522798357, -6.316098303576145 ], [ 106.859136294482127, -6.316099713150581 ], [ 106.85913705306146, -6.316100334306209 ], [ 106.859138905753923, -6.316101907242989 ], [ 106.859139768736753, -6.316102663648631 ], [ 106.8591414468317, -6.31610418296 ], [ 106.859142284609206, -6.316104966580308 ], [ 106.859143914094389, -6.316106538506268 ], [ 106.859144727566999, -6.316107348433856 ], [ 106.859146305724991, -6.316108971175797 ], [ 106.859147092178574, -6.316109806516223 ], [ 106.859148619002937, -6.316111478265864 ], [ 106.859149378434225, -6.316112338114978 ], [ 106.859150929253616, -6.316114149922682 ], [ 106.859151583616594, -6.316114941431522 ], [ 106.85915300052838, -6.316116706701693 ], [ 106.859153705001773, -6.316117612858982 ], [ 106.859155065141948, -6.316119422635524 ], [ 106.859155739872449, -6.316120350598765 ], [ 106.859157042330864, -6.31612220307661 ], [ 106.859157687315232, -6.316123151941678 ], [ 106.85915893117857, -6.316125044411615 ], [ 106.859159545509925, -6.316126013277583 ], [ 106.8591607280608, -6.316127943941038 ], [ 106.859161228987702, -6.316128787534841 ], [ 106.859162432067464, -6.316130899859825 ], [ 106.859162984179463, -6.316131906018398 ], [ 106.859164042278763, -6.316133907650487 ], [ 106.859164471827214, -6.316134754211777 ], [ 106.859164561920792, -6.316134931103979 ], [ 106.859165555073659, -6.316136965517659 ], [ 106.859166042239252, -6.316138004457806 ], [ 106.859166971342887, -6.316140069841536 ], [ 106.859167425125179, -6.316141123367427 ], [ 106.859168288362611, -6.316143217015258 ], [ 106.859168707857933, -6.316144285130104 ], [ 106.859169546290218, -6.316146518106232 ], [ 106.859169890421384, -6.316147485225139 ], [ 106.859170618292467, -6.316149629989248 ], [ 106.859170970098148, -6.316150721853937 ], [ 106.859171630273138, -6.316152888559605 ], [ 106.859171946875307, -6.316153991399919 ], [ 106.859172538440873, -6.316156177337958 ], [ 106.859172819833077, -6.316157289345613 ], [ 106.859173340978714, -6.316159493618339 ], [ 106.859173587157713, -6.316160613889197 ], [ 106.859174038777368, -6.316162833780944 ], [ 106.85917422114278, -6.316163797861234 ], [ 106.859174630016639, -6.316166194215668 ], [ 106.859174804855911, -6.316167328303741 ], [ 106.859175114683623, -6.31616957130595 ], [ 106.859175253396373, -6.316170710948017 ], [ 106.859175491868214, -6.316172963246723 ], [ 106.85917559444475, -6.31617410573038 ], [ 106.859175760647403, -6.31617636461639 ], [ 106.859175827087725, -6.316177509941602 ], [ 106.859175921915153, -6.316179772699249 ], [ 106.859175952216034, -6.316180919961912 ], [ 106.859175976090981, -6.316183305033825 ], [ 106.859175969461802, -6.316184232719102 ], [ 106.859175968913135, -6.316184332177958 ], [ 106.859175920063862, -6.31618659635314 ], [ 106.859175877166081, -6.31618774297318 ], [ 106.859175756918987, -6.316190004690999 ], [ 106.859175677865636, -6.316191148727787 ], [ 106.859175486211043, -6.316193405275824 ], [ 106.85917537100535, -6.316194547633481 ], [ 106.859175107029898, -6.316196796302542 ], [ 106.859174955662169, -6.316197934268634 ], [ 106.85917462116997, -6.316200174148136 ], [ 106.859174462873256, -6.316201143062245 ], [ 106.859174027711461, -6.316203534295116 ], [ 106.859173804910398, -6.316204659858283 ], [ 106.859173328451959, -6.316206874024584 ], [ 106.859173069475972, -6.316207991579641 ], [ 106.859172524282243, -6.316210189716769 ], [ 106.85916605266047, -6.316228273308792 ], [ 106.859091943489858, -6.316435356014977 ], [ 106.858986867745273, -6.316766523306621 ], [ 106.858958244703899, -6.316866895317958 ], [ 106.858946540586771, -6.316907936890821 ], [ 106.85893585736865, -6.316940810308245 ], [ 106.858932710673784, -6.316948110838674 ], [ 106.858919871206439, -6.316971331078231 ], [ 106.85890368757957, -6.316992353514823 ], [ 106.858884526784166, -6.317010701252074 ], [ 106.858862825605399, -6.317025956818362 ], [ 106.8588390771002, -6.317037771256626 ], [ 106.858792286734641, -6.317058357841125 ], [ 106.858691075468712, -6.317099781587995 ], [ 106.85858742803623, -6.317134656194875 ], [ 106.858508434038967, -6.317157059423026 ], [ 106.858428755813904, -6.317176889150689 ], [ 106.858380809171706, -6.317181899455496 ], [ 106.858332639164189, -6.317180027229617 ], [ 106.858285225497752, -6.317171310564083 ], [ 106.858157892274647, -6.317136317107367 ], [ 106.85811503027648, -6.317124539880405 ], [ 106.857914589728153, -6.317069463988686 ], [ 106.857907213141203, -6.317067436997308 ], [ 106.857896105422739, -6.317065940506326 ], [ 106.857884901054874, -6.317066229160675 ], [ 106.857873884664528, -6.317068295614894 ], [ 106.857863336199145, -6.317072087332498 ], [ 106.857853524607592, -6.31707750841696 ], [ 106.857844697900035, -6.317084419647042 ], [ 106.85783708137285, -6.317092647524863 ], [ 106.85783086946617, -6.317101981592291 ], [ 106.857826217666457, -6.317112184405727 ], [ 106.857784121149507, -6.317279536364287 ], [ 106.857779928815788, -6.317315693093936 ], [ 106.857781278513045, -6.317352067825421 ], [ 106.85778813830683, -6.317387814383984 ], [ 106.857800350709908, -6.317422102413737 ], [ 106.857817630029331, -6.317454133661933 ], [ 106.857888272004985, -6.3175557162711 ], [ 106.857897637409181, -6.317571886171216 ], [ 106.857904207998089, -6.317589381596822 ], [ 106.85790780222581, -6.317607721282267 ], [ 106.857908493211141, -6.31761979108133 ], [ 106.857907095725906, -6.3176379098976 ], [ 106.857902809399803, -6.317655568871078 ], [ 106.857895261775852, -6.317673233163074 ], [ 106.857884829601545, -6.317689360749251 ], [ 106.857871813935205, -6.317703484010703 ], [ 106.857856592858482, -6.317715194727586 ], [ 106.857839607046984, -6.317724152268018 ], [ 106.857821349878506, -6.317730097185819 ], [ 106.857802348482153, -6.317732858521397 ], [ 106.857783154705004, -6.317732354738188 ], [ 106.857604936334639, -6.317709332166022 ], [ 106.857600896006531, -6.317708810430129 ], [ 106.857593357441544, -6.317708750550728 ], [ 106.857585902593627, -6.317709866677103 ], [ 106.857578712099354, -6.317712131943758 ], [ 106.857571961973917, -6.31771549056877 ], [ 106.857565817295097, -6.317719860588827 ], [ 106.85756042859208, -6.317725134776202 ], [ 106.857555927343157, -6.317731185175669 ], [ 106.857552423264863, -6.317737863114178 ], [ 106.857550001626819, -6.317745006443586 ], [ 106.857532279811039, -6.317838971582376 ], [ 106.857523511818982, -6.317873748640301 ], [ 106.857509553303288, -6.317906784748464 ], [ 106.857490730447523, -6.317937309306574 ], [ 106.857465971862865, -6.317962635376458 ], [ 106.857437950616543, -6.317984292283302 ], [ 106.857414090960916, -6.317998411764592 ], [ 106.857357421821348, -6.318031733288221 ], [ 106.8570435302655, -6.318216304238518 ], [ 106.857042688147232, -6.318216837983726 ], [ 106.857016293679976, -6.318231207911664 ], [ 106.856988052869866, -6.318241479568085 ], [ 106.856956783685504, -6.318247641801704 ], [ 106.856924933601277, -6.318248779911595 ], [ 106.856893304070439, -6.318244866624106 ], [ 106.856862690665736, -6.318235999460219 ], [ 106.856839950840708, -6.318225346510974 ], [ 106.856819255913592, -6.318211119370443 ], [ 106.856737562507092, -6.318145365189645 ], [ 106.856732063919424, -6.318141367657077 ], [ 106.8567259768989, -6.318138342382874 ], [ 106.856719470737858, -6.31813637556164 ], [ 106.856712727263741, -6.318135520793595 ], [ 106.856705936336965, -6.318135803621561 ], [ 106.856699287692166, -6.318137214326762 ], [ 106.856693893817251, -6.318139267927943 ], [ 106.856688845082772, -6.31814206532071 ], [ 106.856684244308397, -6.318145550984586 ], [ 106.856680182508313, -6.318149653166547 ], [ 106.856669110190296, -6.318162908718485 ], [ 106.856619241998317, -6.318222606321983 ], [ 106.856573653018145, -6.318273031008848 ], [ 106.85652378908361, -6.318319227753423 ], [ 106.856499462477871, -6.318338498936986 ], [ 106.856473916365886, -6.318356119868988 ], [ 106.856265948733892, -6.318484082116851 ], [ 106.856233904640376, -6.318503050818201 ], [ 106.856200903761248, -6.318520300517347 ], [ 106.856161479618336, -6.318537292848999 ], [ 106.856120285765599, -6.318549375602551 ], [ 106.856095434057622, -6.31855266318648 ], [ 106.856070365828145, -6.318552502190267 ], [ 106.856045558222576, -6.31854889543187 ], [ 106.8560214813957, -6.318541912661784 ], [ 106.855966065364939, -6.318522728027445 ], [ 106.855886887994771, -6.318493293674294 ], [ 106.855809616889857, -6.318459162651989 ], [ 106.855634089891979, -6.318373174417638 ], [ 106.855565506610631, -6.31834106297965 ], [ 106.855495393252113, -6.318312451548751 ], [ 106.855439348149275, -6.318292463486913 ], [ 106.855415764154642, -6.318284556686395 ], [ 106.855391172095977, -6.318280827061858 ], [ 106.855366305241091, -6.318281385921393 ], [ 106.855341905440199, -6.318286217056744 ], [ 106.855318700531328, -6.318295175919626 ], [ 106.855297381768509, -6.31830799512724 ], [ 106.855278584877183, -6.318324293571234 ], [ 106.855262871106717, -6.318343584622744 ], [ 106.855251387991075, -6.31836380542697 ], [ 106.855243304685146, -6.318385610843576 ], [ 106.855240875390635, -6.31839492688512 ], [ 106.855187971170196, -6.318597816400162 ], [ 106.855168119742302, -6.318666631959315 ], [ 106.855143959186051, -6.318734053310144 ], [ 106.855133262179692, -6.318756029894008 ], [ 106.855119309684824, -6.318776094950439 ], [ 106.85510243526231, -6.318793771703706 ], [ 106.85508304225101, -6.318808638282612 ], [ 106.855061592059073, -6.318820338612216 ], [ 106.855037663879301, -6.318830986300498 ], [ 106.854979862934357, -6.318857934660964 ], [ 106.854924126832785, -6.318888934407366 ], [ 106.854870739664719, -6.318923827204427 ], [ 106.854819971901378, -6.318962436682256 ], [ 106.854801998256022, -6.318979254785885 ], [ 106.85477502877518, -6.319006264968017 ], [ 106.85475197438916, -6.319036689746264 ], [ 106.854733263231637, -6.319069964305276 ], [ 106.854723868243468, -6.319090125220279 ], [ 106.854715191219839, -6.319107369480948 ], [ 106.854703956725217, -6.319123065001495 ], [ 106.854690432711877, -6.319136835601602 ], [ 106.854674945130384, -6.31914835100604 ], [ 106.854657865304219, -6.319157334122945 ], [ 106.854639603633146, -6.319163569203706 ], [ 106.854620598765393, -6.319166906402353 ], [ 106.854601306770022, -6.319167266334999 ], [ 106.854457591368075, -6.319162218237155 ], [ 106.854365280482753, -6.319157524792184 ], [ 106.854273243371225, -6.319149015720173 ], [ 106.854181636412974, -6.319136703121337 ], [ 106.85408331008631, -6.319121174867925 ], [ 106.854051978348124, -6.3191153914644 ], [ 106.854021268644843, -6.319106904222902 ], [ 106.854003977918609, -6.319100822119653 ], [ 106.853977770752323, -6.31908967507214 ], [ 106.853952508007765, -6.319076522854771 ], [ 106.85391557035959, -6.319052081366855 ], [ 106.853882312469466, -6.319022824785421 ], [ 106.853837270923052, -6.318980159070434 ], [ 106.853790016866427, -6.318937397257338 ], [ 106.853740480625277, -6.318897305407653 ], [ 106.853676483731576, -6.318849037266594 ], [ 106.85364589126182, -6.318824485433671 ], [ 106.853617882849051, -6.318797020238808 ], [ 106.853592734170249, -6.318766911946874 ], [ 106.853571740872439, -6.318726485982722 ], [ 106.853556945393578, -6.318683400505734 ], [ 106.853548671899873, -6.318638601013297 ], [ 106.853541564977064, -6.318572459272924 ], [ 106.853540413770645, -6.318565115296568 ], [ 106.853538121301014, -6.318558043921593 ], [ 106.853534744225584, -6.318551422160725 ], [ 106.853530368076875, -6.318545415169736 ], [ 106.853525100920791, -6.318540171749319 ], [ 106.853519074260348, -6.318535824341834 ], [ 106.853512438485112, -6.318532480005919 ], [ 106.853505359266336, -6.31853022314192 ], [ 106.853493163931262, -6.318528597526913 ], [ 106.853480860158669, -6.318528495801522 ], [ 106.853468639536061, -6.3185299208997 ], [ 106.853446397355341, -6.318533150238144 ], [ 106.853424895343466, -6.318539698808944 ], [ 106.853404626367677, -6.318549416574418 ], [ 106.853386054120932, -6.318562081268342 ], [ 106.853369603197805, -6.318577402952148 ], [ 106.853361943704641, -6.318586790976488 ], [ 106.853355479211402, -6.318597040020476 ], [ 106.853350307679051, -6.318607998740932 ], [ 106.853346873485918, -6.318626712549933 ], [ 106.853346476711607, -6.318645735607298 ], [ 106.853349127356523, -6.318664576920391 ], [ 106.853354757725967, -6.318682751198237 ], [ 106.853363222465617, -6.318699788797253 ], [ 106.853374303140782, -6.318715252883891 ], [ 106.853387713671367, -6.31872874303189 ], [ 106.853403109426196, -6.318739911464729 ], [ 106.853426136374352, -6.318755066253932 ], [ 106.853452131329036, -6.318776162526789 ], [ 106.853474164796978, -6.318801372359844 ], [ 106.853491596178188, -6.318829962053147 ], [ 106.85350391735868, -6.318861098881695 ], [ 106.853510770883361, -6.318893879059395 ], [ 106.853511957252977, -6.318927346700249 ], [ 106.85350744137854, -6.31896052996158 ], [ 106.853497354466029, -6.318992462736938 ], [ 106.853481991415038, -6.319022215406769 ], [ 106.853461797363849, -6.319048922915103 ], [ 106.853435244583721, -6.31907345146271 ], [ 106.853393064080819, -6.319101362996127 ], [ 106.853338158838895, -6.319140388555271 ], [ 106.853287080875688, -6.319184310042385 ], [ 106.853240264427512, -6.319232753398894 ], [ 106.853198108350327, -6.319285305813498 ], [ 106.853088099926893, -6.319427603360356 ], [ 106.853070364877368, -6.319448261431539 ], [ 106.853049551711564, -6.319465810225841 ], [ 106.85302619740267, -6.319479796655497 ], [ 106.85300090521929, -6.31948985962042 ], [ 106.852974328491811, -6.319495739107747 ], [ 106.852947154372217, -6.319497283483004 ], [ 106.852784107404702, -6.31947748107531 ], [ 106.852742057985779, -6.319474195083995 ], [ 106.852699925989384, -6.319476145355059 ], [ 106.852658360139841, -6.319483301549018 ], [ 106.85261799983877, -6.31949555288978 ], [ 106.852579466141435, -6.319512711813452 ], [ 106.852543353620646, -6.319534513093071 ], [ 106.852429426892002, -6.3196217704112 ], [ 106.85238471846661, -6.319659009136208 ], [ 106.852343757643467, -6.319700338478927 ], [ 106.852319305977034, -6.319729234725169 ], [ 106.852296691238891, -6.319759590970756 ], [ 106.852275535296172, -6.31979205684326 ], [ 106.852245965216781, -6.319840248850001 ], [ 106.852228301514174, -6.319869036831284 ], [ 106.852199270498218, -6.3199163489813 ], [ 106.852168882530279, -6.319971637012363 ], [ 106.852143163041575, -6.320029247469987 ], [ 106.852122287751399, -6.320088786420316 ], [ 106.852106272575782, -6.320139995241128 ], [ 106.852098019225068, -6.320163069791425 ], [ 106.852086146268576, -6.32018450533872 ], [ 106.852070966184371, -6.320203740192548 ], [ 106.852052879298625, -6.320220266598896 ], [ 106.852032360298153, -6.320233649775616 ], [ 106.852009948332125, -6.320243539701655 ], [ 106.851994803086924, -6.320247929979409 ], [ 106.851979283436108, -6.320250715807221 ], [ 106.851950429175915, -6.320252468657509 ], [ 106.851834354687355, -6.320260617101702 ], [ 106.851718150609983, -6.320266633979719 ], [ 106.851680858259328, -6.320269764961969 ], [ 106.85164407266447, -6.320276650006465 ], [ 106.851608170409065, -6.320287219960762 ], [ 106.851573108165212, -6.320302250746516 ], [ 106.85154041100553, -6.320321906011197 ], [ 106.851504600359817, -6.320351374330136 ], [ 106.851473127412561, -6.32038544021374 ], [ 106.851438023337352, -6.320434954799855 ], [ 106.851407882651841, -6.320487641580382 ], [ 106.851402790674541, -6.32049786222231 ], [ 106.851377397478458, -6.320557299717362 ], [ 106.851369996540612, -6.320578422772785 ], [ 106.851362257509834, -6.320613994563025 ], [ 106.851359557240244, -6.320650298863426 ], [ 106.851361948325334, -6.320686623914627 ], [ 106.851369383962435, -6.320722260119394 ], [ 106.851381719792073, -6.320756509077537 ], [ 106.851406497550983, -6.320800719138517 ], [ 106.851435762797252, -6.320842093151335 ], [ 106.851469192210601, -6.320880177475219 ], [ 106.851511591747268, -6.320921897115315 ], [ 106.851557999276281, -6.320959101582183 ], [ 106.851607937201138, -6.320991408308875 ], [ 106.851660891051736, -6.321018484588597 ], [ 106.85167362157766, -6.321023708679387 ], [ 106.851738014854533, -6.321046678214447 ], [ 106.851803727335877, -6.321065539072031 ], [ 106.851811452749956, -6.321067551335598 ], [ 106.851841935423209, -6.321078230265615 ], [ 106.851870455019053, -6.321093395379862 ], [ 106.851896356944138, -6.321112698197068 ], [ 106.85191904681227, -6.321135695085216 ], [ 106.851938002233808, -6.321161858973507 ], [ 106.851950146203052, -6.321184585105246 ], [ 106.851959460883961, -6.321208610642246 ], [ 106.851965811286405, -6.321233585252688 ], [ 106.851974312714873, -6.321298767298726 ], [ 106.851976508336875, -6.321350745796361 ], [ 106.851975786741633, -6.321384392051013 ], [ 106.851973558629794, -6.321430963172303 ], [ 106.851968023899943, -6.321477256742048 ], [ 106.851959210638228, -6.321523039387849 ], [ 106.851945566117323, -6.321587296706058 ], [ 106.851934055746398, -6.321651971376313 ], [ 106.85191200646193, -6.321786149073011 ], [ 106.851904126723966, -6.321823560421081 ], [ 106.851891209346689, -6.321859542159015 ], [ 106.851873496820986, -6.321893418921701 ], [ 106.851851321245164, -6.321924555711768 ], [ 106.851825099835722, -6.32195236605293 ], [ 106.851795324144518, -6.321976329207461 ], [ 106.851758596098961, -6.321998403025006 ], [ 106.851719528795769, -6.322016005074431 ], [ 106.851678665380632, -6.322028892010413 ], [ 106.85164193550699, -6.322039787733106 ], [ 106.851607280868606, -6.32205613084265 ], [ 106.851575504385409, -6.322077542350508 ], [ 106.851537461316056, -6.322106175076816 ], [ 106.851488255218527, -6.322140409935409 ], [ 106.851436061809594, -6.322169886000757 ], [ 106.851412511755356, -6.322179445442791 ], [ 106.851387722255467, -6.322185051801557 ], [ 106.851362352462445, -6.322186556255774 ], [ 106.851337074566146, -6.322183918436669 ], [ 106.851312561152128, -6.32217720918555 ], [ 106.85128946168706, -6.322166605212646 ], [ 106.851261429184532, -6.322144602010435 ], [ 106.851237381045891, -6.322118298911159 ], [ 106.851167490602307, -6.322028520836837 ], [ 106.851128417615087, -6.321974415948108 ], [ 106.851093176093784, -6.321917737741388 ], [ 106.851061935087131, -6.321858757767166 ], [ 106.851029277804628, -6.321794123709659 ], [ 106.850993160695793, -6.321731360009798 ], [ 106.850953691045859, -6.321670649828646 ], [ 106.850946427459618, -6.321660523808039 ], [ 106.850916948418316, -6.32162307638423 ], [ 106.850883194992264, -6.321589435307679 ], [ 106.850845654176908, -6.321560085280602 ], [ 106.850804866968289, -6.321535449330447 ], [ 106.850761422925018, -6.321515884308512 ], [ 106.850715946578205, -6.321501670992587 ], [ 106.850669096530936, -6.321493014994374 ], [ 106.850621546462335, -6.321490041402153 ], [ 106.850573983313922, -6.321492792978918 ], [ 106.85046322954112, -6.321502797486406 ], [ 106.850432648114491, -6.321508066361869 ], [ 106.850403415195672, -6.321518483231729 ], [ 106.850376389992647, -6.32153374214548 ], [ 106.850352365235352, -6.321553393628279 ], [ 106.850332048256689, -6.321576861022878 ], [ 106.850316033937403, -6.321603455956686 ], [ 106.850304793923073, -6.32163239555894 ], [ 106.850299283673621, -6.321657911518524 ], [ 106.850297496627491, -6.321683955817679 ], [ 106.850298032821996, -6.321697262209356 ], [ 106.850298361003354, -6.321713063008803 ], [ 106.850301726069588, -6.321874913377152 ], [ 106.850300089032956, -6.321928407375765 ], [ 106.850294833836784, -6.321971267793079 ], [ 106.850286098368784, -6.322013556511576 ], [ 106.850273939453047, -6.322054989423503 ], [ 106.850268636831601, -6.322070531783541 ], [ 106.850254053242551, -6.322101511314615 ], [ 106.850234988339849, -6.322129950741147 ], [ 106.850211873591917, -6.322155204766712 ], [ 106.85018523200101, -6.322176701909896 ], [ 106.850155668198326, -6.322193954485388 ], [ 106.850127025041573, -6.322205560029148 ], [ 106.85009523581553, -6.322213500462113 ], [ 106.850068729173273, -6.322216274721736 ], [ 106.850042092126387, -6.322215412920686 ], [ 106.850015819943536, -6.322210930475238 ], [ 106.849980479023671, -6.322203548117112 ], [ 106.84992407459066, -6.322193432398771 ], [ 106.849867015864007, -6.322188137260442 ], [ 106.849809714149998, -6.32218770102175 ], [ 106.849754150737198, -6.322189958407555 ], [ 106.849726604589378, -6.322189350276421 ], [ 106.849699486980683, -6.322184475704887 ], [ 106.849673451690549, -6.322175453523782 ], [ 106.849649130253866, -6.322162500292321 ], [ 106.849627110273005, -6.32214593037533 ], [ 106.849331565378463, -6.321795481239038 ], [ 106.849330895642055, -6.321794686153787 ], [ 106.849327954954816, -6.321791851228147 ], [ 106.84932459138092, -6.321789534081222 ], [ 106.849320893710555, -6.321787799496553 ], [ 106.849316963314493, -6.321786692321476 ], [ 106.849312904223154, -6.321786242927303 ], [ 106.849308826728247, -6.321786463579929 ], [ 106.849304839246756, -6.321787347564585 ], [ 106.849301051041451, -6.321788871888635 ], [ 106.849297561370591, -6.3217909955119 ], [ 106.849294466723649, -6.321793661129174 ], [ 106.849292251948071, -6.321796240434011 ], [ 106.849034234632356, -6.322096761958666 ], [ 106.848984937158377, -6.322157484276417 ], [ 106.848940413879077, -6.322221793588147 ], [ 106.848900926432179, -6.322289314642574 ], [ 106.848880273283342, -6.322326544496176 ], [ 106.848840370257136, -6.322403765937697 ], [ 106.848803641049187, -6.322482547518966 ], [ 106.848770145747125, -6.322562759731953 ], [ 106.84873471657437, -6.322642972494373 ], [ 106.848696087598981, -6.322721693021697 ], [ 106.848654320716207, -6.322798792702892 ], [ 106.848482740400854, -6.323102690299554 ], [ 106.848464174262034, -6.32314157909589 ], [ 106.848452196703136, -6.323182977009893 ], [ 106.848447127303231, -6.323225775310606 ], [ 106.848449102059334, -6.323268827040734 ], [ 106.848458068986773, -6.323310980486326 ], [ 106.848473786407851, -6.323351106307626 ], [ 106.848495834815026, -6.32338813004671 ], [ 106.848521996366372, -6.323431655427075 ], [ 106.848542929062233, -6.323477926344801 ], [ 106.848558349635752, -6.32352631722633 ], [ 106.848568048811018, -6.323576171493517 ], [ 106.848571896776548, -6.323626816010614 ], [ 106.848569839580321, -6.323677563809515 ], [ 106.848561905513364, -6.323727730341898 ], [ 106.848548203309036, -6.323776635293868 ], [ 106.848528916772452, -6.323823617071638 ], [ 106.848391552549614, -6.324131181463222 ], [ 106.848290429654782, -6.324382878284879 ], [ 106.848227671626177, -6.324536435981231 ], [ 106.848193836728896, -6.324604022844407 ], [ 106.848175025734122, -6.324638103299902 ], [ 106.848148844158402, -6.324683581575577 ], [ 106.848103696493538, -6.324755099268997 ], [ 106.848069895172429, -6.324802892166047 ], [ 106.848032966806898, -6.324848309204206 ], [ 106.848017877746372, -6.324866532845337 ], [ 106.84800026602322, -6.324882328749595 ], [ 106.84798051718353, -6.324895351061009 ], [ 106.847959063982728, -6.324905315238498 ], [ 106.847939139514992, -6.324911381574334 ], [ 106.847925719400109, -6.32491302966149 ], [ 106.84791219967083, -6.324912838139051 ], [ 106.847899336211611, -6.324910921859529 ], [ 106.847883496458138, -6.324906073126395 ], [ 106.847868682299392, -6.324898657454736 ], [ 106.847855307447531, -6.324888880425776 ], [ 106.847843742476229, -6.32487701468199 ], [ 106.847652176288108, -6.324622440904848 ], [ 106.847582033774771, -6.324535981434363 ], [ 106.847576805199154, -6.324530160964147 ], [ 106.847570720433865, -6.324525244080453 ], [ 106.84756393264513, -6.324521355916809 ], [ 106.847556613883, -6.32451859531902 ], [ 106.847548950550276, -6.324517031244611 ], [ 106.847541135269395, -6.324516702791734 ], [ 106.847533367789453, -6.324517620100156 ], [ 106.847525844122842, -6.324519758964862 ], [ 106.847518754753949, -6.324523065363272 ], [ 106.84749825507744, -6.324538159041717 ], [ 106.847435050399156, -6.324588417205498 ], [ 106.847375990826052, -6.32464349336019 ], [ 106.847308154874469, -6.324711850261728 ], [ 106.847281425693481, -6.324738784347457 ], [ 106.84725738188574, -6.324762054274354 ], [ 106.847227267389641, -6.324787426251835 ], [ 106.847195348158863, -6.32481048457102 ], [ 106.847182768403727, -6.324818478658559 ], [ 106.847176049305901, -6.324822483557144 ], [ 106.847170043167637, -6.324827494058954 ], [ 106.847164897753913, -6.324833386673082 ], [ 106.847160740865576, -6.324840014471413 ], [ 106.847157741114543, -6.324847016999167 ], [ 106.847155846998163, -6.324854396247765 ], [ 106.84715510308348, -6.324861978460157 ], [ 106.847155526808223, -6.324869584550828 ], [ 106.847157109410134, -6.324877037335637 ], [ 106.84717452505339, -6.324921549578701 ], [ 106.847196634956859, -6.324963923974839 ], [ 106.847223181629658, -6.325003667767599 ], [ 106.847238572354755, -6.325024830056369 ], [ 106.847258946140414, -6.325057490002169 ], [ 106.847275052798082, -6.325092453543768 ], [ 106.847286637325269, -6.325129165530319 ], [ 106.847293516015938, -6.325167044336903 ], [ 106.847295579194068, -6.325205488183836 ], [ 106.847295685415645, -6.325235397395324 ], [ 106.847300183670626, -6.325284431139752 ], [ 106.847310813621988, -6.325332509087167 ], [ 106.84732740447204, -6.325378866925242 ], [ 106.847349694245153, -6.325422766886322 ], [ 106.847373328844412, -6.325464672009275 ], [ 106.847391843612144, -6.325493974175292 ], [ 106.847413089718756, -6.325521357044153 ], [ 106.847436871972874, -6.325546567240755 ], [ 106.847455576969338, -6.325562511582388 ], [ 106.847473012680538, -6.325579836566576 ], [ 106.847501555838861, -6.325614546105043 ], [ 106.847524869028689, -6.325652967728283 ], [ 106.84754247775281, -6.325694320122638 ], [ 106.847554022054652, -6.325737758276058 ], [ 106.847556571914296, -6.325775316116705 ], [ 106.847554848225826, -6.326052496749297 ], [ 106.847554841814087, -6.326054507622004 ], [ 106.847556391958605, -6.326075205545093 ], [ 106.847560864894263, -6.326095474448363 ], [ 106.847568168786452, -6.326114901457501 ], [ 106.847579531471965, -6.326135191970674 ], [ 106.847593678056356, -6.326153095548599 ], [ 106.847605481703255, -6.326168033678886 ], [ 106.847640013030855, -6.326211736367075 ], [ 106.847665242585776, -6.326247503779324 ], [ 106.847685954628247, -6.326286066641138 ], [ 106.847703978997487, -6.326332479023325 ], [ 106.847716410560452, -6.326380694297355 ], [ 106.847723077029329, -6.32643003857421 ], [ 106.847723883786799, -6.326479825030204 ], [ 106.847718820234221, -6.32652936021358 ], [ 106.847709527115029, -6.326566084944828 ], [ 106.847696012661999, -6.326601472972778 ], [ 106.847678460408176, -6.326635039919481 ], [ 106.847657110908003, -6.326666326520445 ], [ 106.847634914161461, -6.32669238738275 ], [ 106.847598952185649, -6.326726495394174 ], [ 106.847577609302704, -6.326743113797686 ], [ 106.847535736814478, -6.326769982430561 ], [ 106.847490887590524, -6.32679150993004 ], [ 106.847443737338111, -6.326807372011337 ], [ 106.847394999111089, -6.326817327439589 ], [ 106.847345407979404, -6.326821227126048 ], [ 106.847300316950211, -6.326824042088827 ], [ 106.847276620964934, -6.326826698687261 ], [ 106.847253540486761, -6.326832690347719 ], [ 106.847231543190262, -6.326841895154164 ], [ 106.847211072126171, -6.326854127987052 ], [ 106.847132756735988, -6.326916099066731 ], [ 106.847119189006051, -6.326931413137382 ], [ 106.847108198256393, -6.326948671028741 ], [ 106.847100056784015, -6.326967445009525 ], [ 106.847094968962963, -6.326987265998533 ], [ 106.847093158991143, -6.327004087085531 ], [ 106.847093420872824, -6.327052880920835 ], [ 106.847096296817199, -6.327101591319698 ], [ 106.847101964521386, -6.32715139757787 ], [ 106.847102728739031, -6.32715691023222 ], [ 106.847105354484555, -6.327178178476495 ], [ 106.847106796994225, -6.327228868655765 ], [ 106.847101508858245, -6.327279302479651 ], [ 106.847089582703546, -6.327328589926364 ], [ 106.847071230509329, -6.327375859536738 ], [ 106.847046775538473, -6.327420276526142 ], [ 106.847019681990446, -6.327454824053051 ], [ 106.846989447524749, -6.327486655803676 ], [ 106.846802227740824, -6.32766888033934 ], [ 106.846585433581836, -6.32787190439505 ], [ 106.846551329563468, -6.3279106287379 ], [ 106.846521945060786, -6.327953048780137 ], [ 106.84649767475851, -6.327998591690345 ], [ 106.846478847228965, -6.328046644184766 ], [ 106.846465716811792, -6.328096556172801 ], [ 106.846458460050499, -6.328147655236189 ], [ 106.846457174807995, -6.328199252057111 ], [ 106.846457857840832, -6.328225416912035 ], [ 106.846459199805849, -6.32825493023971 ], [ 106.846464853182795, -6.328344470765654 ], [ 106.846472897067699, -6.328433827384476 ], [ 106.84647596212983, -6.328462255922745 ], [ 106.846477724230724, -6.328475716210653 ], [ 106.846478189923857, -6.328489284182056 ], [ 106.846477411191415, -6.328502329452907 ], [ 106.846475434623585, -6.328515247879515 ], [ 106.846469968724705, -6.328534980704963 ], [ 106.846461715937636, -6.328553718917849 ], [ 106.846451650566863, -6.328569972615631 ], [ 106.846446226710199, -6.328578134761279 ], [ 106.846442269681773, -6.328587100914547 ], [ 106.846439896938236, -6.328596610259869 ], [ 106.846439176173206, -6.328606384979536 ], [ 106.84644012896706, -6.328616140186568 ], [ 106.846442727194869, -6.328625590266453 ], [ 106.846446895779081, -6.32863446062157 ], [ 106.84645251179866, -6.328642491290955 ], [ 106.846459412660749, -6.328649447771145 ], [ 106.84648831743641, -6.328683638867711 ], [ 106.846510211171903, -6.328715981471781 ], [ 106.846529137349606, -6.3287501465616 ], [ 106.846544947703535, -6.328785862512825 ], [ 106.846558749417198, -6.328824957216139 ], [ 106.846570452476755, -6.328864732075629 ], [ 106.846578830971595, -6.328893849673641 ], [ 106.846591075879246, -6.328921563829396 ], [ 106.846606961264158, -6.32894736178329 ], [ 106.846627416307953, -6.328967735708464 ], [ 106.846651082060873, -6.328984267291105 ], [ 106.846677248254608, -6.328996456343971 ], [ 106.846705125578893, -6.329003938585024 ], [ 106.84674121686119, -6.329016095955029 ], [ 106.846774973511231, -6.329033734501775 ], [ 106.846805567124647, -6.329056423175102 ], [ 106.846899614763842, -6.329133994682159 ], [ 106.847063584553496, -6.329256127589911 ], [ 106.847086983692321, -6.329278748701553 ], [ 106.847106627197448, -6.329304701435256 ], [ 106.847122046571101, -6.329333368108933 ], [ 106.847132876106215, -6.329364066479592 ], [ 106.847138858366236, -6.32939606599867 ], [ 106.84713984967162, -6.329428605875602 ], [ 106.84714103535336, -6.329762258111903 ], [ 106.847140898323275, -6.329770234187855 ], [ 106.847142128238687, -6.329778115889217 ], [ 106.847144689927717, -6.32978566916382 ], [ 106.847148507597979, -6.329792672762243 ], [ 106.847153468451296, -6.329798918224983 ], [ 106.847159424529579, -6.3298042207257 ], [ 106.847166200864038, -6.329808423563117 ], [ 106.847173597298507, -6.329811402675321 ], [ 106.847181393924515, -6.329813070237003 ], [ 106.847292435783814, -6.329838812620714 ], [ 106.847307150800887, -6.329845495349136 ], [ 106.847320612315315, -6.329854442030471 ], [ 106.847332474296692, -6.329865421526979 ], [ 106.847342433920758, -6.329878154626881 ], [ 106.847350235187221, -6.329892314935512 ], [ 106.847355678895681, -6.329907538785637 ], [ 106.847358625395074, -6.329923436077483 ], [ 106.847359044934691, -6.329938755560846 ], [ 106.847357142499902, -6.329953963052529 ], [ 106.847352963831653, -6.329968706671952 ], [ 106.847333777645872, -6.330024651968813 ], [ 106.847326640179347, -6.330045463981739 ], [ 106.847294822330838, -6.330128899068106 ], [ 106.847258883962965, -6.33021064176324 ], [ 106.847244852962021, -6.330240808321478 ], [ 106.847243922080921, -6.33024307383967 ], [ 106.847237688087674, -6.330261792222651 ], [ 106.847233770643712, -6.330281129850062 ], [ 106.847232207465538, -6.330304833423257 ], [ 106.847234118881545, -6.330328511071698 ], [ 106.847237523891934, -6.330355690639268 ], [ 106.847238765587207, -6.330368156384404 ], [ 106.847238190136849, -6.330380671090352 ], [ 106.847235808346994, -6.330392969800071 ], [ 106.847231671711739, -6.330404793740825 ], [ 106.847226672895459, -6.330414566499607 ], [ 106.847220475057455, -6.330423625622102 ], [ 106.847213176174733, -6.330431823381716 ], [ 106.847204708506794, -6.330439169965196 ], [ 106.847195360131579, -6.330445355125072 ], [ 106.847185287922784, -6.330450275229026 ], [ 106.847141473664507, -6.330459749379033 ], [ 106.847119530387801, -6.330464868136604 ], [ 106.847098210246813, -6.330472160083499 ], [ 106.84708208033436, -6.330479801557102 ], [ 106.847072791581809, -6.33048420169296 ], [ 106.847042034965099, -6.330504675493929 ], [ 106.847015047401158, -6.330529914366589 ], [ 106.84699255845986, -6.330559237596609 ], [ 106.846980727361185, -6.330576531949899 ], [ 106.846957373245189, -6.330603725345657 ], [ 106.84693060299341, -6.330627561092323 ], [ 106.846900895849359, -6.330647611625418 ], [ 106.846893072812236, -6.330652502024378 ], [ 106.846812689822315, -6.330705723795072 ], [ 106.846735348682856, -6.330763281935781 ], [ 106.84668534705402, -6.330803596340561 ], [ 106.846670564532602, -6.330820140791745 ], [ 106.846658346481121, -6.330838662558919 ], [ 106.84664895356606, -6.330858766501542 ], [ 106.846642585788587, -6.330880024240827 ], [ 106.846620987920971, -6.330962010678545 ], [ 106.846607523797317, -6.331013119168219 ], [ 106.846601804668609, -6.331034829392803 ], [ 106.846596636537512, -6.331068421025156 ], [ 106.84659647535355, -6.331102407143964 ], [ 106.846601323001622, -6.3311360463315 ], [ 106.846611074751465, -6.331168602974108 ], [ 106.846625516610914, -6.331199365354838 ], [ 106.846644333513524, -6.331227660995139 ], [ 106.846745053982147, -6.331361034192877 ], [ 106.846793241811909, -6.331419597854467 ], [ 106.846835329685405, -6.331460857709934 ], [ 106.846881782727664, -6.331497125536397 ], [ 106.846932012816566, -6.33152794411247 ], [ 106.846985385979579, -6.331552923287957 ], [ 106.847005835743573, -6.331561347813031 ], [ 106.847060627373892, -6.331586741461437 ], [ 106.847114336133913, -6.331614352337467 ], [ 106.847202416330575, -6.331661654636364 ], [ 106.847222790655366, -6.33167631088371 ], [ 106.847240364302223, -6.331694232973666 ], [ 106.847254620293128, -6.331714893813208 ], [ 106.847265140778219, -6.331737688198935 ], [ 106.847271615210744, -6.331761944541981 ], [ 106.847273854899143, -6.331786951036809 ], [ 106.847272965236925, -6.331803607005086 ], [ 106.847270698382701, -6.331817730804167 ], [ 106.847267065022294, -6.33183156561472 ], [ 106.847258390772978, -6.331852999738976 ], [ 106.847246452003375, -6.331872800815703 ], [ 106.84723154788702, -6.331890475013348 ], [ 106.84721404918119, -6.331905582495056 ], [ 106.847194391933385, -6.331917746482773 ], [ 106.847173066672497, -6.331926663241398 ], [ 106.847109091023285, -6.331944809534112 ], [ 106.847089273078169, -6.331951173005528 ], [ 106.847070096591224, -6.331959270179322 ], [ 106.847050946633885, -6.331969492032276 ], [ 106.847038056016842, -6.331980071357957 ], [ 106.847018697704442, -6.332000320173055 ], [ 106.847002616714718, -6.332023261665965 ], [ 106.846990182596869, -6.332048370109588 ], [ 106.846981679771062, -6.332075068542559 ], [ 106.846977303971485, -6.33210274505677 ], [ 106.846977155061822, -6.332130765481173 ], [ 106.846981237083327, -6.332158486943952 ], [ 106.846992739047678, -6.332222228118341 ], [ 106.847003490124052, -6.332297938510745 ], [ 106.84701008139146, -6.332374124826289 ], [ 106.847012493958189, -6.332450557476441 ], [ 106.847013334442977, -6.332538016517243 ], [ 106.84701040383176, -6.332583790964331 ], [ 106.847003358004443, -6.332629114414587 ], [ 106.846992255291468, -6.33267361776361 ], [ 106.846977185671449, -6.332716937219209 ], [ 106.846940889142076, -6.332816168568998 ], [ 106.846932198895146, -6.332845309805865 ], [ 106.846928002582601, -6.332875429625184 ], [ 106.84692839535046, -6.332905837814791 ], [ 106.846933369302405, -6.3329358381999 ], [ 106.846942809942732, -6.332964744930826 ], [ 106.846956500743005, -6.332991896028975 ], [ 106.846970277698389, -6.333016336150423 ], [ 106.846996436228082, -6.333048417558651 ], [ 106.847026840572028, -6.333076503744805 ], [ 106.847060886890304, -6.333100038086998 ], [ 106.847097899362893, -6.333118552827217 ], [ 106.847137145597529, -6.333131681674985 ], [ 106.847177845679397, -6.333139163391627 ], [ 106.847198142090249, -6.333142308146589 ], [ 106.847255770294723, -6.333148298318156 ], [ 106.847313678473682, -6.333150174466892 ], [ 106.847371572886914, -6.333147925884685 ], [ 106.847429161678875, -6.333141563556643 ], [ 106.847430195595138, -6.333141334740466 ], [ 106.847480342439681, -6.333129884072271 ], [ 106.84758637005099, -6.333102915294389 ], [ 106.847605110576865, -6.333097753639691 ], [ 106.847605627046036, -6.333097628835347 ], [ 106.847695522248685, -6.333075842245014 ], [ 106.847764092379919, -6.333063289793371 ], [ 106.847833257308665, -6.333054596877886 ], [ 106.847919377862482, -6.333046051535712 ], [ 106.847938946376118, -6.333046792886946 ], [ 106.847958160601934, -6.333050571663928 ], [ 106.847976553905625, -6.333057295495731 ], [ 106.847993676568819, -6.333066800522725 ], [ 106.848009113875406, -6.333078854948809 ], [ 106.848022487944675, -6.333093166268184 ], [ 106.848033473106767, -6.33310938482713 ], [ 106.848041803177111, -6.333127116456379 ], [ 106.848046968175396, -6.333144499501201 ], [ 106.848049575913521, -6.333162444997564 ], [ 106.848049443815924, -6.333182214897074 ], [ 106.84804621200324, -6.333201718258258 ], [ 106.848039959185286, -6.333220471980098 ], [ 106.848030841856144, -6.333238011671916 ], [ 106.848014207891907, -6.333272908140294 ], [ 106.848002730367185, -6.333309826028313 ], [ 106.847996645156897, -6.333348005906957 ], [ 106.847996077799877, -6.333386664327608 ], [ 106.847996655798838, -6.333419077262101 ], [ 106.848004018126716, -6.333482563670032 ], [ 106.848011994383754, -6.33352073687311 ], [ 106.848022569210954, -6.333558273335443 ], [ 106.848023942468416, -6.333562490865887 ], [ 106.848053793218867, -6.333653908922079 ], [ 106.848072567753604, -6.333731711817004 ], [ 106.848080458992285, -6.333777735224137 ], [ 106.848086069590167, -6.333824092250314 ], [ 106.84808727096366, -6.333835624131456 ], [ 106.848087238075479, -6.333840350285687 ], [ 106.848092294862298, -6.333886241833752 ], [ 106.848093908263877, -6.333903091412432 ], [ 106.848095297004306, -6.333912675972609 ], [ 106.848116376302585, -6.334115020307442 ], [ 106.848121892054678, -6.334150717638735 ], [ 106.848124812057094, -6.334157874503534 ], [ 106.848128840702671, -6.334164469553685 ], [ 106.848133874369822, -6.334170334080613 ], [ 106.848139782377871, -6.334175313938586 ], [ 106.848146412457453, -6.334179283087762 ], [ 106.848153592532086, -6.334182136354451 ], [ 106.848161137085867, -6.334183801162601 ], [ 106.848230369652583, -6.334186463239633 ], [ 106.848299615308079, -6.334184169567841 ], [ 106.848368520751734, -6.334176933160374 ], [ 106.848400118717962, -6.334172685882914 ], [ 106.848467427849741, -6.334160264376178 ], [ 106.848533815470077, -6.334143600216765 ], [ 106.848599014325316, -6.334122761265307 ], [ 106.848808868129609, -6.334049491954719 ], [ 106.848856445748467, -6.334036254633174 ], [ 106.848905154869598, -6.334028117249255 ], [ 106.848954449991197, -6.334025172161832 ], [ 106.849003779977053, -6.334027452075645 ], [ 106.849052594388809, -6.334034931826971 ], [ 106.849411421301497, -6.334102039916927 ], [ 106.849436889315726, -6.334111453650908 ], [ 106.849460895970893, -6.33412414293133 ], [ 106.849488350916346, -6.334144386816821 ], [ 106.849512083363237, -6.334168894415185 ], [ 106.849531438437737, -6.334196989942775 ], [ 106.849545883825257, -6.334227901338482 ], [ 106.849554702147188, -6.334263702585742 ], [ 106.849559269273939, -6.334300712474747 ], [ 106.849559394835609, -6.334338003114309 ], [ 106.849555078745453, -6.33437504286021 ], [ 106.849546381479584, -6.334411304372966 ], [ 106.849442551719434, -6.334707309707158 ], [ 106.849408664271778, -6.334782499118184 ], [ 106.849368809004957, -6.334854698956331 ], [ 106.849341287758136, -6.334891983265208 ], [ 106.849309399453034, -6.334925604121249 ], [ 106.849273625754464, -6.334955052574202 ], [ 106.849234508196204, -6.334979882751386 ], [ 106.84919642966679, -6.334999829482392 ], [ 106.849178954280603, -6.335008796822185 ], [ 106.849162863405894, -6.335020062117356 ], [ 106.849148454511905, -6.335033414543169 ], [ 106.849130993406845, -6.335055022864839 ], [ 106.84911698115846, -6.335079014008671 ], [ 106.849106737541248, -6.335104842531959 ], [ 106.849100495418298, -6.33513191899791 ], [ 106.849098398088103, -6.335159626259943 ], [ 106.849100492109741, -6.335187334857953 ], [ 106.849114476036036, -6.335244219849224 ], [ 106.849133437752201, -6.335299644060313 ], [ 106.849157229304012, -6.33535317040517 ], [ 106.849321316454621, -6.335708726086608 ], [ 106.849343936041748, -6.335762529644881 ], [ 106.849455605825881, -6.336039808357129 ], [ 106.849476068117795, -6.336088480359247 ], [ 106.849489620028052, -6.336120715900622 ], [ 106.849497610210463, -6.336137625000526 ], [ 106.849508150841928, -6.336153071120627 ], [ 106.849517147921489, -6.336160134871756 ], [ 106.849527132871671, -6.336165712281473 ], [ 106.84953786392488, -6.336169668588126 ], [ 106.849547872578555, -6.336171752247008 ], [ 106.849558073205486, -6.336172422926654 ], [ 106.849568267849776, -6.336171667770559 ], [ 106.849701101534876, -6.336151104631774 ], [ 106.849738019849241, -6.336145389808998 ], [ 106.849862699414373, -6.336126088076776 ], [ 106.849898973255293, -6.336122112428697 ], [ 106.849935458663808, -6.336121463323779 ], [ 106.849971851117473, -6.336124147272749 ], [ 106.849987426902146, -6.336125822280358 ], [ 106.850025255803473, -6.33613726238933 ], [ 106.850060687142616, -6.336154775231005 ], [ 106.850092754973261, -6.336177883238948 ], [ 106.850117234355409, -6.336197920666483 ], [ 106.850150036673725, -6.336224770165888 ], [ 106.85016216624652, -6.33623469885489 ], [ 106.850170573269423, -6.336239494356835 ], [ 106.850179645753883, -6.336242863436905 ], [ 106.85018914390389, -6.336244717438822 ], [ 106.8501988172209, -6.336245007527451 ], [ 106.850208409925969, -6.336243724669405 ], [ 106.850217667305017, -6.336240905035423 ], [ 106.850277753753346, -6.336220490020226 ], [ 106.85031335260409, -6.336209435388874 ], [ 106.850349749305892, -6.336201392370239 ], [ 106.850357261751256, -6.336200125067878 ], [ 106.85040753151462, -6.336194981918744 ], [ 106.850428714671821, -6.336193846679169 ], [ 106.850443976954466, -6.336196051722438 ], [ 106.850458667928052, -6.336200744331896 ], [ 106.850472383184098, -6.336207796655719 ], [ 106.850484748807432, -6.336217015634048 ], [ 106.850495425010266, -6.336228148410942 ], [ 106.850502472266413, -6.336238098837784 ], [ 106.850508160628308, -6.336248885032933 ], [ 106.850512772430264, -6.336261628048454 ], [ 106.850515489275907, -6.336274905852117 ], [ 106.850516254134391, -6.336288437454496 ], [ 106.850515048814017, -6.336301936302683 ], [ 106.850511901220827, -6.336315118391746 ], [ 106.850505563050461, -6.336334746751179 ], [ 106.850488787967734, -6.336373111222875 ], [ 106.850475735571777, -6.336395853945564 ], [ 106.850460826411421, -6.336417423366949 ], [ 106.850445194504914, -6.336436517071342 ], [ 106.850428108462495, -6.336454319401508 ], [ 106.850425043549066, -6.336457229968219 ], [ 106.850407019661986, -6.336475594413074 ], [ 106.850348105042258, -6.336539047683099 ], [ 106.850297426087337, -6.336599026731452 ], [ 106.85029172520251, -6.336608056997064 ], [ 106.850287508270924, -6.336617870394229 ], [ 106.850284879250424, -6.336628222429638 ], [ 106.850283904108593, -6.336638858799684 ], [ 106.850284605406998, -6.336649517218245 ], [ 106.850286967745902, -6.336659933726215 ], [ 106.850290931470596, -6.33666985175567 ], [ 106.850296230054312, -6.336678782204014 ], [ 106.850302825809578, -6.336686800250698 ], [ 106.850310566253171, -6.336693720183217 ], [ 106.850319388551554, -6.336701436435439 ], [ 106.8504610113186, -6.336825305265021 ], [ 106.850473030428859, -6.33683491516736 ], [ 106.850486455472748, -6.336842434162221 ], [ 106.850506064195741, -6.336849605597575 ], [ 106.850526550936308, -6.336853628336073 ], [ 106.850547414699776, -6.336854405612105 ], [ 106.850568143914685, -6.336851915742908 ], [ 106.850588230927301, -6.336846222022633 ], [ 106.850629564886788, -6.33683142267268 ], [ 106.850683361214465, -6.3368121611401 ], [ 106.850755500367441, -6.336792012271718 ], [ 106.850804916489508, -6.336781633428184 ], [ 106.850854810046215, -6.336773869507557 ], [ 106.850944508657136, -6.336761749257404 ], [ 106.851002471870402, -6.336750080404498 ], [ 106.851059284137975, -6.336733699570305 ], [ 106.851114563585796, -6.336712716617297 ], [ 106.851173778415131, -6.336688376945702 ], [ 106.851209751784253, -6.33666805511186 ], [ 106.851242556836524, -6.336642932661261 ], [ 106.851249910694179, -6.336636219269319 ], [ 106.851271819960914, -6.3366164503411 ], [ 106.851294484515222, -6.336602960798989 ], [ 106.851318707096155, -6.336592527170501 ], [ 106.851362010000329, -6.336581231587287 ], [ 106.851397827859287, -6.336577113695038 ], [ 106.851399591572232, -6.336577027833793 ], [ 106.851429320603302, -6.336577553722999 ], [ 106.851458649500799, -6.336582445403875 ], [ 106.851486940776212, -6.336591595748878 ], [ 106.851513581918525, -6.336604806221643 ], [ 106.851520387953997, -6.336608686979641 ], [ 106.851535525173063, -6.336620420436741 ], [ 106.851548596488996, -6.336634420755795 ], [ 106.85155926715494, -6.336650328373351 ], [ 106.851567263706968, -6.336667736491107 ], [ 106.851572381216101, -6.336686197379021 ], [ 106.851574488771789, -6.336705239534735 ], [ 106.851573532215468, -6.336724374002915 ], [ 106.851561923498807, -6.336860759575428 ], [ 106.851561155008582, -6.336869784899438 ], [ 106.851558570663471, -6.336888095162834 ], [ 106.851552903982139, -6.336905695816949 ], [ 106.851544321218611, -6.336922072707208 ], [ 106.851535041272982, -6.336934528045827 ], [ 106.851524071626869, -6.336945523778239 ], [ 106.851511639196886, -6.336954831246767 ], [ 106.851433216442985, -6.337002793718157 ], [ 106.851430296441421, -6.337005539216226 ], [ 106.851427870545592, -6.337008730508107 ], [ 106.851426008026635, -6.33701227964331 ], [ 106.851424758239176, -6.337016088796729 ], [ 106.85142426042006, -6.33701890973486 ], [ 106.851424100725197, -6.337021770153055 ], [ 106.851424298476999, -6.337024766727092 ], [ 106.851424866573083, -6.337027714962955 ], [ 106.851425796722225, -6.337030570586532 ], [ 106.851429121808636, -6.337041573155592 ], [ 106.851431985071059, -6.337051045731489 ], [ 106.851449547823989, -6.337109150158287 ], [ 106.851460338012032, -6.337139057313363 ], [ 106.851473762219712, -6.337167876405574 ], [ 106.851495858640263, -6.337204638296537 ], [ 106.85158724453602, -6.337331132688516 ], [ 106.851608117547414, -6.337356037305644 ], [ 106.851632833050516, -6.337377129839956 ], [ 106.851660705763805, -6.337393825939956 ], [ 106.851690960462292, -6.337405660924147 ], [ 106.851722760053235, -6.337412306859804 ], [ 106.851768671689285, -6.337418916871425 ], [ 106.851786830863901, -6.337420756185784 ], [ 106.851823305609088, -6.337424450528859 ], [ 106.851891410418673, -6.33743134746632 ], [ 106.851892498129502, -6.33743150452214 ], [ 106.851926859260928, -6.33743929138434 ], [ 106.851959511964765, -6.337452529175597 ], [ 106.851989598297592, -6.337470871051158 ], [ 106.852016327608453, -6.337493834302732 ], [ 106.852038998285437, -6.33752081655562 ], [ 106.852048725135674, -6.337533574729793 ], [ 106.852083523007025, -6.337584491901122 ], [ 106.85211404508641, -6.337638084366962 ], [ 106.852116476331801, -6.337642725760825 ], [ 106.852150073105278, -6.337711599239743 ], [ 106.852180316324976, -6.337782010907382 ], [ 106.852223675848904, -6.337889650475818 ], [ 106.852232900207397, -6.337915058681983 ], [ 106.852239842571237, -6.337941183897182 ], [ 106.85224590351892, -6.337977352917249 ], [ 106.852246960031962, -6.33799307965676 ], [ 106.852245883807214, -6.338008804972509 ], [ 106.852242695503847, -6.338024240364833 ], [ 106.852236514251558, -6.338041225321788 ], [ 106.852227780418204, -6.33805704851365 ], [ 106.852216362042356, -6.338071704082585 ], [ 106.852202758597073, -6.338084355708074 ], [ 106.852127644152048, -6.338142423103425 ], [ 106.852114988751936, -6.338153827222266 ], [ 106.852104799604632, -6.338166259599822 ], [ 106.852096536565085, -6.338180048565876 ], [ 106.852090377512212, -6.338194898730157 ], [ 106.852086453242819, -6.338210489554173 ], [ 106.852084812253167, -6.338228762088635 ], [ 106.852081471963103, -6.33830544468046 ], [ 106.852080104951469, -6.338322747884833 ], [ 106.852076207993903, -6.33833966139243 ], [ 106.85206986472393, -6.338355816912883 ], [ 106.852063361200734, -6.338367583326 ], [ 106.85205555703682, -6.338378529793867 ], [ 106.852049790252593, -6.338386053081604 ], [ 106.85204246281566, -6.338395613583121 ], [ 106.852018300976795, -6.338427137402641 ], [ 106.851853328289252, -6.338642377895343 ], [ 106.851844555117381, -6.338652752779563 ], [ 106.851803623845228, -6.338701157416208 ], [ 106.851763869641317, -6.338748169967609 ], [ 106.851675992107715, -6.33884576382443 ], [ 106.851650844115738, -6.338873692616938 ], [ 106.85161909362516, -6.338908954190183 ], [ 106.85161304682083, -6.338914996563589 ], [ 106.851606092483905, -6.338919965327254 ], [ 106.851598418104714, -6.338923725996373 ], [ 106.851590231174114, -6.338926177468558 ], [ 106.851581753767846, -6.338927253851445 ], [ 106.851573214413293, -6.338926924491724 ], [ 106.85156484359365, -6.338925200320344 ], [ 106.851556870104005, -6.338922125728104 ], [ 106.851549506618184, -6.338917785850419 ], [ 106.851542955075388, -6.338912296602423 ], [ 106.851537390423402, -6.338905807449417 ], [ 106.851475675756646, -6.338813106732538 ], [ 106.851472681191751, -6.338809898627447 ], [ 106.851469176256543, -6.33880725925107 ], [ 106.851465266963402, -6.338805266886451 ], [ 106.851461071918351, -6.338803983496933 ], [ 106.851456717776756, -6.33880344750895 ], [ 106.851452336535445, -6.338803674726019 ], [ 106.851448061017621, -6.338804659248932 ], [ 106.851419196286415, -6.33881592413266 ], [ 106.851391109807338, -6.338829009016398 ], [ 106.851352742089233, -6.338852786097442 ], [ 106.851318621588902, -6.33888234004054 ], [ 106.851251159700439, -6.338949339335167 ], [ 106.851205908083656, -6.338990998991235 ], [ 106.851157282236542, -6.339028661660697 ], [ 106.851150157947473, -6.339033363396243 ], [ 106.851119872543038, -6.339049940742187 ], [ 106.851087260363286, -6.339061270529585 ], [ 106.851053223997354, -6.339067040313718 ], [ 106.851018701820337, -6.339067089420604 ], [ 106.850984649048016, -6.339061418056354 ], [ 106.850979443926988, -6.339059702465474 ], [ 106.850946529477753, -6.339047853450463 ], [ 106.850914445299708, -6.339033911962048 ], [ 106.850828531555052, -6.338993472815077 ], [ 106.850795105182854, -6.338978968297871 ], [ 106.850760395112346, -6.338967887882386 ], [ 106.850724749666895, -6.338960343344854 ], [ 106.850710295894899, -6.338958076677657 ], [ 106.850667864880847, -6.338952907164881 ], [ 106.85062513792117, -6.338951670884318 ], [ 106.850590190179318, -6.338953263067424 ], [ 106.850555386786766, -6.338956814945902 ], [ 106.850540077926212, -6.338960579341895 ], [ 106.850525451688839, -6.338966463358235 ], [ 106.850511800457937, -6.338974350219328 ], [ 106.850497098875053, -6.338986222737455 ], [ 106.850486009228177, -6.33899855614276 ], [ 106.850476867920378, -6.339012397961939 ], [ 106.850469876285928, -6.339027440967205 ], [ 106.850465190390707, -6.339043354584201 ], [ 106.850431561692801, -6.339163216673403 ], [ 106.850347069528596, -6.339442422722459 ], [ 106.850296769361933, -6.339599570283384 ], [ 106.850283377371454, -6.339633281665005 ], [ 106.850265104125768, -6.339664614450729 ], [ 106.85024236102025, -6.339692867354191 ], [ 106.850215656384194, -6.339717405650608 ], [ 106.85015892760822, -6.339764147799601 ], [ 106.850130208851169, -6.339791035953601 ], [ 106.850099169650576, -6.339828393489269 ], [ 106.850073569363644, -6.33986967193266 ], [ 106.850057983091091, -6.339903364020326 ], [ 106.850054968348502, -6.339911733714563 ], [ 106.850033780844385, -6.339968727845714 ], [ 106.850023777249973, -6.339998249928239 ], [ 106.850007820148647, -6.340055937870489 ], [ 106.850006275925594, -6.340062587130368 ], [ 106.850002079474564, -6.340098428441607 ], [ 106.85000364580327, -6.340134481555782 ], [ 106.850010936377686, -6.340169823465246 ], [ 106.850023764525545, -6.34020355067819 ], [ 106.850041801839353, -6.340234800895575 ], [ 106.850092519280352, -6.340293264445314 ], [ 106.850148322704314, -6.340346888867116 ], [ 106.850169031828386, -6.34036559068585 ], [ 106.850512906053822, -6.340654168219356 ], [ 106.850535844925133, -6.340678269819858 ], [ 106.850554755025058, -6.340705650713296 ], [ 106.850569175787768, -6.340735641659881 ], [ 106.850578753973878, -6.340767513362249 ], [ 106.850599631640719, -6.340829153879493 ], [ 106.850627080705905, -6.340888159726568 ], [ 106.850650584894822, -6.34092582527228 ], [ 106.850678983579428, -6.340959948935938 ], [ 106.850706933454731, -6.340984283986449 ], [ 106.850737465978526, -6.341005284323389 ], [ 106.850770184364322, -6.341022680116022 ], [ 106.850808531379201, -6.341041692331732 ], [ 106.85087396101396, -6.341069667488448 ], [ 106.850979174392052, -6.341110018616794 ], [ 106.851086027966929, -6.341145798773106 ], [ 106.851194321777029, -6.341176940859548 ], [ 106.851276563827611, -6.341197525003647 ], [ 106.851341556508544, -6.341210166246022 ], [ 106.851394783363332, -6.341225713875413 ], [ 106.851446232888364, -6.341246398936534 ], [ 106.85149541185848, -6.341272023372808 ], [ 106.851507326504617, -6.34127891117195 ], [ 106.851545735390701, -6.341301829959543 ], [ 106.85158185670214, -6.341328210793814 ], [ 106.8515950367171, -6.341339199845077 ], [ 106.851618352800784, -6.341360597502135 ], [ 106.851633438707211, -6.341375883528602 ], [ 106.851661501181354, -6.34140794954868 ], [ 106.851686876168756, -6.34144207850734 ], [ 106.851709461903738, -6.34147811615782 ], [ 106.851727300969799, -6.341522902205157 ], [ 106.851739515646102, -6.341569538358892 ], [ 106.851745922681673, -6.341617321840773 ], [ 106.851746423704853, -6.341665530581849 ], [ 106.851740645758468, -6.341715507683468 ], [ 106.851734669793132, -6.341753555147126 ], [ 106.851707516803785, -6.341926422014376 ], [ 106.851700866336245, -6.341976021584621 ], [ 106.851698873212015, -6.342026024947098 ], [ 106.851701554857769, -6.342075997139903 ], [ 106.851708888020823, -6.342125499729717 ], [ 106.851724752648494, -6.342177662604613 ], [ 106.851743923551098, -6.342228701551439 ], [ 106.851774302651776, -6.342305422794744 ], [ 106.851804978253739, -6.34238013936315 ], [ 106.851822669448381, -6.342423230629524 ], [ 106.851875161422171, -6.34255108516408 ], [ 106.851909013342038, -6.342628008261879 ], [ 106.851954970623055, -6.342716622233094 ], [ 106.852006141883081, -6.342802328780811 ], [ 106.85202698475662, -6.342825539025955 ], [ 106.85205131002003, -6.342845064139976 ], [ 106.852091033433112, -6.342867078511713 ], [ 106.85213300756017, -6.342884417579712 ], [ 106.852176683939277, -6.342896853648433 ], [ 106.852262951308703, -6.342910327338403 ], [ 106.852333864412813, -6.342916392091 ], [ 106.852359388946439, -6.342917454550051 ], [ 106.852604343118045, -6.342927652935425 ], [ 106.852627558331079, -6.342928619659412 ], [ 106.852634232167475, -6.342928604839852 ], [ 106.852634448147896, -6.342928603163497 ], [ 106.852694269802384, -6.342927014960717 ], [ 106.85276405290962, -6.342921849554232 ], [ 106.852833481725511, -6.342913132976807 ], [ 106.852917045284869, -6.342900830597375 ], [ 106.852958409581774, -6.34289671253423 ], [ 106.852973051137894, -6.342896367230211 ], [ 106.852974179861917, -6.342896365002241 ], [ 106.853016935752507, -6.342898791663464 ], [ 106.853051195344378, -6.342904357192716 ], [ 106.853121866733602, -6.342918403682685 ], [ 106.853168507245556, -6.342925012625232 ], [ 106.853215613663338, -6.342925184116174 ], [ 106.853262301246531, -6.342918915895275 ], [ 106.853268388896694, -6.342917726857465 ], [ 106.853434613977839, -6.342885262640071 ], [ 106.853496231894781, -6.342873228540835 ], [ 106.853586980387831, -6.34285550435876 ], [ 106.853632858452883, -6.342849551841061 ], [ 106.853675017060382, -6.342848714774918 ], [ 106.853717034995626, -6.342852262458734 ], [ 106.853758457561455, -6.3428601576402 ], [ 106.853783209491056, -6.342867060020724 ], [ 106.853829113840717, -6.342880853243106 ], [ 106.853880989077894, -6.342896440642697 ], [ 106.853936365426094, -6.342913079700709 ], [ 106.853948854736814, -6.342919671516515 ], [ 106.853960272074843, -6.342927984158404 ], [ 106.853960825036097, -6.342928459574033 ], [ 106.853969642411585, -6.342937026544107 ], [ 106.853977322096327, -6.34294662651336 ], [ 106.853983746073311, -6.342957109814315 ], [ 106.853984055408191, -6.34295769007943 ], [ 106.853985915159512, -6.342961460082354 ], [ 106.853992120353496, -6.342968885408243 ], [ 106.853991088622749, -6.342975038260491 ], [ 106.853991094158047, -6.34297506988612 ], [ 106.853993007764871, -6.342982529554385 ], [ 106.853994633492505, -6.342992630386347 ], [ 106.853995202292666, -6.343002846211094 ], [ 106.853994369131399, -6.343016009173651 ], [ 106.853994353204186, -6.343016104166942 ], [ 106.853991778330538, -6.343028939728029 ], [ 106.853987596042273, -6.343047922063795 ], [ 106.853948944337489, -6.343223354389861 ], [ 106.853945844420508, -6.34325464925805 ], [ 106.853946666208145, -6.343286087417248 ], [ 106.85395151066723, -6.343322402663575 ], [ 106.853958781933855, -6.343358309589526 ], [ 106.853968429528933, -6.34337918094976 ], [ 106.853980672055926, -6.34339864248777 ], [ 106.853995308643974, -6.343416372138594 ], [ 106.854020339826803, -6.343444503971619 ], [ 106.854048079822164, -6.343469965180372 ], [ 106.854078244844814, -6.343492497287371 ], [ 106.854078326355349, -6.343492546724235 ], [ 106.854124338345571, -6.343520506726064 ], [ 106.854170861760352, -6.343546422405384 ], [ 106.854218689449382, -6.343569871396747 ], [ 106.854230944493608, -6.343575388997802 ], [ 106.854302148471589, -6.343607443252144 ], [ 106.854568023853915, -6.343727136662568 ], [ 106.854607510533754, -6.343753168798463 ], [ 106.854643333761331, -6.3437840530819 ], [ 106.854674901589476, -6.34381927897663 ], [ 106.854701692303536, -6.343858264266996 ], [ 106.854723264404015, -6.343900366776043 ], [ 106.85473926114129, -6.343944888869998 ], [ 106.854743772283769, -6.343958484773354 ], [ 106.854773678634444, -6.344056240728256 ], [ 106.854798696296811, -6.344155362275301 ], [ 106.854818762940823, -6.344255604613124 ], [ 106.854842791405318, -6.344388423026418 ], [ 106.854847837694592, -6.344421512398755 ], [ 106.854848781560065, -6.34445497179227 ], [ 106.854844710433596, -6.344496431021199 ], [ 106.854835337741619, -6.344537020448105 ], [ 106.854820817406903, -6.344576064118197 ], [ 106.854761776497696, -6.344715110308186 ], [ 106.854741523235674, -6.344757753150557 ], [ 106.85471590568325, -6.344797403459136 ], [ 106.854685357022746, -6.344833388799438 ], [ 106.854653170422523, -6.344862184738044 ], [ 106.854617190536914, -6.344886066611788 ], [ 106.854493903816888, -6.344954367543991 ], [ 106.854434074814336, -6.34498502824971 ], [ 106.85437219859341, -6.345011308414414 ], [ 106.854308595486685, -6.345033072171206 ], [ 106.854245869744048, -6.345052019050139 ], [ 106.854228319643852, -6.345057320547726 ], [ 106.854196383304227, -6.345068672610839 ], [ 106.854166261238277, -6.345084215266771 ], [ 106.85413849917876, -6.345103665370302 ], [ 106.854117295940853, -6.345123532319851 ], [ 106.854099272489208, -6.345146327296056 ], [ 106.854079548979257, -6.345172864326744 ], [ 106.854039441851342, -6.345233157717768 ], [ 106.854003386898526, -6.345295961005967 ], [ 106.853993640662551, -6.345314241744514 ], [ 106.853993622698454, -6.345314272550091 ], [ 106.853989708773696, -6.345320605700531 ], [ 106.853985665552727, -6.345329195181257 ], [ 106.853958778814274, -6.34537963207129 ], [ 106.853955609472351, -6.345394789825087 ], [ 106.853955014133888, -6.345410264765952 ], [ 106.853957009318052, -6.345425621936021 ], [ 106.853961538357169, -6.345440430255923 ], [ 106.853968475957174, -6.345454274262569 ], [ 106.853977625525317, -6.345466764968539 ], [ 106.853988731867204, -6.345477552474893 ], [ 106.854024452240978, -6.345510218329724 ], [ 106.854056458760041, -6.34554653398711 ], [ 106.854084383012136, -6.345586078526002 ], [ 106.854107900733368, -6.34562839379707 ], [ 106.854119640236576, -6.345650455656278 ], [ 106.85416354080499, -6.345737890347224 ], [ 106.854203538562558, -6.345827179861828 ], [ 106.854216286967812, -6.345857172066058 ], [ 106.854232725623319, -6.345906728730044 ], [ 106.854242614871907, -6.345957997802024 ], [ 106.854245788053646, -6.346010116411394 ], [ 106.85424219232624, -6.346062207717541 ], [ 106.85423188690622, -6.346113394478388 ], [ 106.854220416802505, -6.346153773521866 ], [ 106.854208746741861, -6.346193834114658 ], [ 106.854174969734942, -6.346304558536787 ], [ 106.854139142588551, -6.346414635691926 ], [ 106.854138728228421, -6.346419308041152 ], [ 106.854139076622332, -6.346423985796987 ], [ 106.854140180097687, -6.346428545117639 ], [ 106.854142008395741, -6.346432864050453 ], [ 106.854144513215999, -6.346436829748958 ], [ 106.854147628203393, -6.346440334856242 ], [ 106.854151270794375, -6.346443288348198 ], [ 106.85423715523136, -6.346508210225686 ], [ 106.85427173065851, -6.346538085393258 ], [ 106.854302773003525, -6.346571619665365 ], [ 106.854329899409947, -6.34660839669385 ], [ 106.854457966547074, -6.346797849549556 ], [ 106.854476304480329, -6.346815969150965 ], [ 106.854497022792046, -6.346831308087721 ], [ 106.854519702861595, -6.346843557733594 ], [ 106.854543887428932, -6.346852471083311 ], [ 106.854569090554833, -6.346857868141883 ], [ 106.854737346886168, -6.346889448036051 ], [ 106.854775209725986, -6.346899524854702 ], [ 106.854811748724799, -6.346913670587842 ], [ 106.854846528597349, -6.346931717717691 ], [ 106.854879134671933, -6.346953450732579 ], [ 106.854932004985926, -6.346987373305371 ], [ 106.854987682093608, -6.34701645582172 ], [ 106.85505985512512, -6.347049946665613 ], [ 106.855145461891993, -6.34709202495198 ], [ 106.855228458360074, -6.347139046543778 ], [ 106.855270500988553, -6.347162277355054 ], [ 106.855313802781126, -6.347183063337156 ], [ 106.855376874091817, -6.347209613894297 ], [ 106.855385386858259, -6.347211317561382 ], [ 106.855394065962344, -6.347211521544089 ], [ 106.855402649304153, -6.347210219548293 ], [ 106.855410877656695, -6.347207450477369 ], [ 106.85541850279931, -6.347203298402948 ], [ 106.855425293827324, -6.347197888021593 ], [ 106.855431047086356, -6.347191382810866 ], [ 106.855435587056647, -6.347183979601244 ], [ 106.855438778078451, -6.347175902204986 ], [ 106.855492292725799, -6.347022989717624 ], [ 106.855501144592537, -6.347004808002905 ], [ 106.855512779457172, -6.346988270014885 ], [ 106.855526900608993, -6.346973799056732 ], [ 106.855543146980324, -6.346961764412917 ], [ 106.855561102160905, -6.346952474987829 ], [ 106.85561258875407, -6.346928290622183 ], [ 106.855659368845181, -6.346902857301784 ], [ 106.855703438100093, -6.346872967169887 ], [ 106.855744371894346, -6.346838906557625 ], [ 106.855781779186444, -6.346801002362744 ], [ 106.855784063208915, -6.346798067430136 ], [ 106.855785844491834, -6.34679480337865 ], [ 106.855787076340533, -6.346791293557788 ], [ 106.855787725651382, -6.346787631214101 ], [ 106.855787776500904, -6.346783912245006 ], [ 106.855787227428024, -6.346780233400253 ], [ 106.855786091430957, -6.346776691377759 ], [ 106.855784399568975, -6.346773379194127 ], [ 106.855782196434248, -6.346770383488373 ], [ 106.855779538337927, -6.346767782720126 ], [ 106.855780018203234, -6.34676803325957 ], [ 106.855853308928388, -6.346807531704992 ], [ 106.855847700321263, -6.34680773986863 ], [ 106.855842207142913, -6.346808888843206 ], [ 106.855836984710379, -6.346810944618409 ], [ 106.855832181933792, -6.346813850603067 ], [ 106.855827936781864, -6.346817523120538 ], [ 106.855815267428639, -6.346831354164259 ], [ 106.855774739953745, -6.346872382546378 ], [ 106.855730395647839, -6.346909249219881 ], [ 106.855682659789494, -6.346941598231217 ], [ 106.855631989455603, -6.346969120528939 ], [ 106.855579357067441, -6.34699384245422 ], [ 106.855567740013569, -6.346999703219301 ], [ 106.855557207462695, -6.347007343994928 ], [ 106.855548029829777, -6.347016569419008 ], [ 106.855540441232847, -6.347027142668414 ], [ 106.85553463770826, -6.347038791794414 ], [ 106.855481722431961, -6.347189991474967 ], [ 106.855476114318776, -6.347203971715405 ], [ 106.855468372357677, -6.347216892699514 ], [ 106.855458689682777, -6.347228429143744 ], [ 106.855447309264633, -6.347238292656265 ], [ 106.855434515796375, -6.347246237190989 ], [ 106.855420630284371, -6.347252062683594 ], [ 106.855405999232943, -6.347255623227651 ], [ 106.855390991042526, -6.34725683070426 ], [ 106.855375979739705, -6.347255653936045 ], [ 106.855361342279011, -6.347252122313575 ], [ 106.855295858019673, -6.347224555089789 ], [ 106.855249888459653, -6.347202507423565 ], [ 106.855205265118272, -6.34717784553881 ], [ 106.855124399371277, -6.34713202154947 ], [ 106.855040985262647, -6.347091024008643 ], [ 106.854968623030814, -6.34705744432986 ], [ 106.85490907163765, -6.347026325971258 ], [ 106.854852539916308, -6.346990003322344 ], [ 106.854814099615922, -6.346965283984104 ], [ 106.854772478388242, -6.346946414162955 ], [ 106.854728557884783, -6.346933794857981 ], [ 106.854561715896921, -6.346902480242229 ], [ 106.854529905394443, -6.346895479367249 ], [ 106.854499426279318, -6.346883991825853 ], [ 106.854470905669388, -6.346868253165089 ], [ 106.854444933050274, -6.346848589482468 ], [ 106.854422044870319, -6.34682540572702 ], [ 106.854292279709355, -6.346633441772869 ], [ 106.854268145347348, -6.346600663956963 ], [ 106.854240516713773, -6.346570773863446 ], [ 106.85420973765072, -6.346544144580879 ], [ 106.854124690506438, -6.346479856227248 ], [ 106.854115166369624, -6.346471800848625 ], [ 106.854107129856104, -6.346462260041755 ], [ 106.854100809665894, -6.346451503330377 ], [ 106.854096385831539, -6.346439837482793 ], [ 106.854093984247513, -6.346427592969167 ], [ 106.854093672138674, -6.346415120361133 ], [ 106.85409545889614, -6.346402771341491 ], [ 106.854132375833416, -6.346289381981455 ], [ 106.85416710059431, -6.346175302463367 ], [ 106.854177132194593, -6.346140792016135 ], [ 106.854188318465702, -6.346101404038786 ], [ 106.854196851108895, -6.346060156673105 ], [ 106.85420047311807, -6.346018191809871 ], [ 106.854200602814004, -6.346007204051821 ], [ 106.854199008176877, -6.345974725273391 ], [ 106.854194468433462, -6.345942525572497 ], [ 106.85418620076095, -6.345908020059218 ], [ 106.854174553133475, -6.345874505845568 ], [ 106.854161931411213, -6.345844811557478 ], [ 106.854122747142853, -6.345757331053009 ], [ 106.854079737648306, -6.345671668024167 ], [ 106.854067627843278, -6.345648909481385 ], [ 106.854046441698188, -6.34561063647748 ], [ 106.854021252047389, -6.345574873270803 ], [ 106.853992353187124, -6.345542037431124 ], [ 106.85396008357182, -6.345512512012365 ], [ 106.853943080502532, -6.345495911097271 ], [ 106.853929185665535, -6.345476631797933 ], [ 106.853918813204643, -6.345455247675139 ], [ 106.853912273567403, -6.345432396855869 ], [ 106.853909759875179, -6.345408761286452 ], [ 106.85391134784571, -6.345385045033125 ], [ 106.853916991209914, -6.345361956215219 ], [ 106.853926539944581, -6.345344042366915 ], [ 106.853955491408911, -6.345289741865635 ], [ 106.853963502408874, -6.345274715968364 ], [ 106.854002794143938, -6.345206515947745 ], [ 106.854043032354383, -6.345146233843709 ], [ 106.854062443782112, -6.345120117459224 ], [ 106.85408439844403, -6.345092538089801 ], [ 106.854110146771816, -6.345068465017595 ], [ 106.854142764013474, -6.34504560062585 ], [ 106.85417814669988, -6.345027310401016 ], [ 106.85421565798309, -6.345013922117821 ], [ 106.854295526688773, -6.344989797263375 ], [ 106.854356078972202, -6.344969075167669 ], [ 106.85441498557303, -6.344944052466874 ], [ 106.854471942402711, -6.344914858640498 ], [ 106.854595134418375, -6.34484661049537 ], [ 106.854625618247667, -6.344826354070936 ], [ 106.854652893498582, -6.344801942786757 ], [ 106.854679735332809, -6.344770307047064 ], [ 106.854702224172797, -6.344735438263245 ], [ 106.854719976270957, -6.344697933647793 ], [ 106.854779404336682, -6.344557976493813 ], [ 106.854788410056869, -6.344535306018726 ], [ 106.85479539166019, -6.344511932125046 ], [ 106.854801064395573, -6.344482917374319 ], [ 106.854803621377471, -6.344453464414235 ], [ 106.854803745995653, -6.344445100535009 ], [ 106.854803043383299, -6.344428052497023 ], [ 106.854799150071472, -6.344400477052941 ], [ 106.854798471638716, -6.344397263402874 ], [ 106.854774274485948, -6.344263517021216 ], [ 106.854756634975431, -6.344174325613327 ], [ 106.854734987983306, -6.344086021059296 ], [ 106.854709376638226, -6.343998785842934 ], [ 106.8547008971195, -6.343972755739643 ], [ 106.854696085408222, -6.343958251331721 ], [ 106.854689927300839, -6.343938982325953 ], [ 106.854671743698674, -6.343897270034098 ], [ 106.854647879165213, -6.343858529238929 ], [ 106.854618808192399, -6.343823530389343 ], [ 106.854585108021595, -6.343792967617426 ], [ 106.854547448663979, -6.343767447924533 ], [ 106.854166317557485, -6.343595867932013 ], [ 106.85409564673968, -6.343565573946849 ], [ 106.854082646845782, -6.343560002045765 ], [ 106.854034546514356, -6.343534607368939 ], [ 106.853990086763545, -6.343503267495967 ], [ 106.853967974994333, -6.343481325009001 ], [ 106.853947485362909, -6.343457859543546 ], [ 106.853927553292365, -6.343433121743385 ], [ 106.853911029581269, -6.343405987488768 ], [ 106.853898196947071, -6.343376922312726 ], [ 106.853889437406238, -6.343334731404751 ], [ 106.853883685379429, -6.343292026120891 ], [ 106.853882656115729, -6.34325159054805 ], [ 106.853886810341237, -6.343211356138862 ], [ 106.853924249978846, -6.34304142541311 ], [ 106.853925738512615, -6.343035898410221 ], [ 106.853926710621863, -6.343030257523145 ], [ 106.853927162460778, -6.343020645638679 ], [ 106.853926123345545, -6.343011079775649 ], [ 106.853923618496964, -6.343001789499258 ], [ 106.853919706549874, -6.342992997926072 ], [ 106.853914484058848, -6.342984918091253 ], [ 106.853908074621458, -6.342977743945968 ], [ 106.853900633387099, -6.342971647628748 ], [ 106.853892339811168, -6.342966774970707 ], [ 106.853883392232987, -6.342963245514837 ], [ 106.85385518341279, -6.342954769619921 ], [ 106.853764638538124, -6.342927562923975 ], [ 106.853728032121651, -6.342918232799305 ], [ 106.853690620674314, -6.342912996855315 ], [ 106.853652860794639, -6.34291191855792 ], [ 106.85362759435472, -6.342913530636429 ], [ 106.853598882954941, -6.342917664972916 ], [ 106.853274693248338, -6.342980980744845 ], [ 106.853233503681921, -6.342987209413251 ], [ 106.853191893193241, -6.342989196380994 ], [ 106.853150297294192, -6.342986920198721 ], [ 106.853109151655019, -6.342980403720249 ], [ 106.853038493821813, -6.342966359894907 ], [ 106.853001392172459, -6.342960825324914 ], [ 106.852963892857417, -6.342959834653302 ], [ 106.852926550807069, -6.342963403074819 ], [ 106.852842821949352, -6.342975730461865 ], [ 106.852770923535047, -6.342984768711233 ], [ 106.852698661472147, -6.342990166311059 ], [ 106.852626219164193, -6.342991909042714 ], [ 106.852330846775246, -6.342979612439063 ], [ 106.852246920648355, -6.342972140321877 ], [ 106.852163722763805, -6.342958806654525 ], [ 106.85211248844756, -6.342944286395763 ], [ 106.852063271228161, -6.342923949717006 ], [ 106.85201672726302, -6.342898067328457 ], [ 106.851993652890783, -6.342880611877162 ], [ 106.851972702339296, -6.342860654266319 ], [ 106.85195414402969, -6.342838453029736 ], [ 106.851900047803767, -6.342748031807297 ], [ 106.851851547058686, -6.342654487512164 ], [ 106.851816946226464, -6.342575864558358 ], [ 106.85171563711485, -6.342329102517832 ], [ 106.851685275351073, -6.342252426414936 ], [ 106.851664431468507, -6.342196768681359 ], [ 106.851647245900338, -6.3421398727423 ], [ 106.8516388035342, -6.342084193298712 ], [ 106.851635627832366, -6.342027966105494 ], [ 106.851637745874939, -6.341971689256783 ], [ 106.851645139553767, -6.341915860103796 ], [ 106.851678274754931, -6.341704915910242 ], [ 106.851682257440061, -6.341676065415172 ], [ 106.851683675453671, -6.341646975440137 ], [ 106.851680395002035, -6.341599122919471 ], [ 106.851670198384241, -6.341552255322297 ], [ 106.851653300625969, -6.341507369164187 ], [ 106.851624612827607, -6.341463668883591 ], [ 106.851591269678934, -6.341423411984747 ], [ 106.851553680514655, -6.341387092482176 ], [ 106.851516617818717, -6.341358511579853 ], [ 106.851476600943158, -6.341334245012485 ], [ 106.851463615905061, -6.341326738072566 ], [ 106.85142029376081, -6.341304127063285 ], [ 106.851374981697276, -6.341285832368267 ], [ 106.851328108684115, -6.341272026053153 ], [ 106.851262841981665, -6.34125933154057 ], [ 106.851178567475671, -6.341238238382525 ], [ 106.851067349915766, -6.341206267680407 ], [ 106.850957617286141, -6.341169521315452 ], [ 106.850849572262874, -6.341128067280008 ], [ 106.850782037387518, -6.341099191865609 ], [ 106.850742869255825, -6.341079772997677 ], [ 106.850703796157077, -6.341058873681455 ], [ 106.85066735193088, -6.341033663899673 ], [ 106.850634010381199, -6.341004470170083 ], [ 106.850610475986599, -6.340977593135179 ], [ 106.850589502632943, -6.340948670792935 ], [ 106.850571265610469, -6.340917948448627 ], [ 106.850549960986655, -6.340874184642026 ], [ 106.850531932555356, -6.340828971527182 ], [ 106.850517276077852, -6.340782553789367 ], [ 106.850510728424197, -6.34075991717725 ], [ 106.850500715202031, -6.340738587690058 ], [ 106.850487484099645, -6.340719092471058 ], [ 106.850471362165777, -6.340701912268195 ], [ 106.850127499693116, -6.340413342805463 ], [ 106.850106269263975, -6.34039417177978 ], [ 106.850065382347694, -6.340355994088678 ], [ 106.850026899683854, -6.340315390999312 ], [ 106.849990964604388, -6.340272515707443 ], [ 106.84997078596912, -6.340239113097339 ], [ 106.84995528985695, -6.340203294141418 ], [ 106.849944759649858, -6.340165712439086 ], [ 106.849939387569194, -6.340127053560467 ], [ 106.849939271926104, -6.340088024206403 ], [ 106.849944414345998, -6.340049334135081 ], [ 106.849957818302229, -6.33999767789685 ], [ 106.849974384911874, -6.339946947984217 ], [ 106.849995394293174, -6.339890432788778 ], [ 106.850014874622161, -6.339853442001646 ], [ 106.850038193029576, -6.339818745831998 ], [ 106.850065082526427, -6.339786740349033 ], [ 106.850089987710973, -6.339762402872869 ], [ 106.850090169663872, -6.339762235858566 ], [ 106.850114021561083, -6.339742582963704 ], [ 106.850187316281762, -6.339682191308889 ], [ 106.850209185048044, -6.339662173880396 ], [ 106.850227803133379, -6.339639099342576 ], [ 106.850242751280547, -6.339613491794999 ], [ 106.850253689954101, -6.339585930206172 ], [ 106.850303927572739, -6.339428978167191 ], [ 106.850388182171699, -6.339150555967078 ], [ 106.850421343287138, -6.33903236190864 ], [ 106.850429340362993, -6.339007073021534 ], [ 106.850441482492798, -6.338983493569143 ], [ 106.850457420538291, -6.338962297490367 ], [ 106.850476699387798, -6.3389440912904 ], [ 106.850498769633305, -6.338929394107692 ], [ 106.85052299837929, -6.338918627729595 ], [ 106.850548693577935, -6.338912098422481 ], [ 106.850598688687484, -6.338907412759972 ], [ 106.850624360423353, -6.338906469416425 ], [ 106.850671115579303, -6.338907816998088 ], [ 106.850717549855858, -6.338913455042329 ], [ 106.850731806509017, -6.338915690767782 ], [ 106.850771763106778, -6.33892413401983 ], [ 106.850810676459872, -6.338936527638116 ], [ 106.850848157540298, -6.338952749141812 ], [ 106.850933725484197, -6.338993025869126 ], [ 106.850963216534112, -6.339005840993013 ], [ 106.850993472472368, -6.339016728433887 ], [ 106.850997191061097, -6.339017953853629 ], [ 106.851023499149434, -6.339022119416614 ], [ 106.851050135110555, -6.339021929387589 ], [ 106.851076381425841, -6.339017389945004 ], [ 106.851102121919155, -6.33900836045536 ], [ 106.851125278162527, -6.338995625914392 ], [ 106.851131766839103, -6.338991344169078 ], [ 106.851177074196116, -6.33895618882359 ], [ 106.85121925146845, -6.338917330374919 ], [ 106.851233292254392, -6.33890338425666 ], [ 106.85124305110449, -6.338893691209799 ], [ 106.851286614304797, -6.338850429991167 ], [ 106.851308447891284, -6.338830200186655 ], [ 106.851332017586259, -6.338812024756312 ], [ 106.8513490865232, -6.338800823694463 ], [ 106.851370592166504, -6.338788730662631 ], [ 106.851401579227044, -6.338774294558977 ], [ 106.85143343112837, -6.338761885197874 ], [ 106.851441730896198, -6.338759652131719 ], [ 106.851450240378881, -6.338758448151195 ], [ 106.851458834021557, -6.338758289979412 ], [ 106.851465692660256, -6.33875892100255 ], [ 106.851472456077389, -6.338760218729144 ], [ 106.851481823658744, -6.338763204258975 ], [ 106.851490684298966, -6.338767466459825 ], [ 106.851498865093248, -6.338772921862546 ], [ 106.851506206614772, -6.338779465250126 ], [ 106.851512564715506, -6.338786967842892 ], [ 106.85156847452555, -6.338870949704922 ], [ 106.851569108162124, -6.338872002593076 ], [ 106.851569835563183, -6.338872993663758 ], [ 106.851571408436499, -6.338874634516366 ], [ 106.851573236925844, -6.338875985126008 ], [ 106.851575267574745, -6.338877006804816 ], [ 106.851577441533649, -6.338877669021651 ], [ 106.8515796954797, -6.338877953919472 ], [ 106.851581966122254, -6.338877852682758 ], [ 106.851584186597904, -6.33887736826273 ], [ 106.851586292792959, -6.338876514450706 ], [ 106.851588224247251, -6.338875315874803 ], [ 106.851589925057738, -6.338873807996809 ], [ 106.851590410227843, -6.338873268290996 ], [ 106.85166416825669, -6.338791355022409 ], [ 106.85170720373678, -6.33874356041556 ], [ 106.851729827740229, -6.338718434480711 ], [ 106.851818132714271, -6.338614006385432 ], [ 106.852020051149196, -6.338350564465918 ], [ 106.852027047911292, -6.338340266449936 ], [ 106.852032177507013, -6.338328921760437 ], [ 106.852035288403357, -6.338316864572389 ], [ 106.852036287894279, -6.338304453262874 ], [ 106.852039636518327, -6.338227571725241 ], [ 106.852041662034395, -6.338204360218416 ], [ 106.852047144419274, -6.338181715025368 ], [ 106.852055959888816, -6.338160149244942 ], [ 106.852067908655442, -6.338140150026824 ], [ 106.852082720321334, -6.338122170414876 ], [ 106.852100060159145, -6.338106616666501 ], [ 106.852174906941116, -6.338048755475224 ], [ 106.852183732505793, -6.338040404809154 ], [ 106.852191010530703, -6.338030674502792 ], [ 106.852196529655629, -6.33801984740794 ], [ 106.852200129249482, -6.338008240553102 ], [ 106.852201704777713, -6.337996189753711 ], [ 106.852201209596686, -6.337984045989037 ], [ 106.852195472734223, -6.337949806184019 ], [ 106.852189596737688, -6.337927986368479 ], [ 106.852181850386117, -6.33790675822223 ], [ 106.852138396038583, -6.33779888209794 ], [ 106.852109028534628, -6.337730504363551 ], [ 106.852076406720414, -6.337663619255693 ], [ 106.852073962736426, -6.33765895349483 ], [ 106.852045311190054, -6.337608618350743 ], [ 106.852012646233362, -6.337560792103784 ], [ 106.852002582534269, -6.337547592095055 ], [ 106.851984597881653, -6.337526025278831 ], [ 106.851963348769601, -6.337507668120787 ], [ 106.851939400853851, -6.337493010461802 ], [ 106.851913390820016, -6.337482440623672 ], [ 106.851886010094731, -6.337476239138237 ], [ 106.851763176431433, -6.337463798938345 ], [ 106.851716755747034, -6.337457115699929 ], [ 106.851677750758014, -6.337448894229698 ], [ 106.85164064170921, -6.337434332369071 ], [ 106.851606451211239, -6.337413830625158 ], [ 106.851576119325173, -6.337387955260819 ], [ 106.851550481796465, -6.337357416672575 ], [ 106.851458931527688, -6.337230696820562 ], [ 106.851437791985191, -6.337196429697066 ], [ 106.851420204245869, -6.337160208667926 ], [ 106.851406347648194, -6.337122401085313 ], [ 106.851382954120027, -6.33704500558316 ], [ 106.851380063723383, -6.337034259146554 ], [ 106.851378930768107, -6.337023188173257 ], [ 106.851379581576154, -6.337012078282908 ], [ 106.851382001806783, -6.337001216144492 ], [ 106.851386128294351, -6.336990881367926 ], [ 106.851391531645803, -6.336981796099003 ], [ 106.851398252286117, -6.336973639217728 ], [ 106.851402884329602, -6.336969242042958 ], [ 106.8514079020362, -6.336965291049126 ], [ 106.851462198944375, -6.336932083746422 ], [ 106.85148759623128, -6.336916550989629 ], [ 106.851491719282635, -6.336913615844672 ], [ 106.85149972593581, -6.336906233755138 ], [ 106.851506339068564, -6.336897579970745 ], [ 106.851511358077602, -6.336887912892308 ], [ 106.851514633989197, -6.336877524190204 ], [ 106.851516066699645, -6.336866725251693 ], [ 106.851528606990186, -6.336719400574647 ], [ 106.851529347325396, -6.336707548052712 ], [ 106.85152819452999, -6.336695728509304 ], [ 106.851525177692082, -6.336684242924786 ], [ 106.8515203755735, -6.336673383964713 ], [ 106.851513907537466, -6.336663426066597 ], [ 106.851505940771631, -6.336654623605782 ], [ 106.851496675790401, -6.336647200097325 ], [ 106.851490878528338, -6.336643895302693 ], [ 106.851470094510191, -6.336633544565362 ], [ 106.851448008784544, -6.336626381105591 ], [ 106.851425107204733, -6.336622564128953 ], [ 106.85140189342691, -6.33662217682847 ], [ 106.851367307965106, -6.336626226127825 ], [ 106.851333658179726, -6.336635188890559 ], [ 106.851318498583751, -6.336641509711542 ], [ 106.851299721527397, -6.33665215175166 ], [ 106.851292446662953, -6.336658715676345 ], [ 106.851280538984994, -6.336669460683506 ], [ 106.851253204230886, -6.33669261424945 ], [ 106.851223599582454, -6.336712782252579 ], [ 106.851192048670399, -6.336729741114727 ], [ 106.851132018091377, -6.336754416430675 ], [ 106.851073196306771, -6.33677671311084 ], [ 106.851012743933353, -6.336794106936316 ], [ 106.85095106993019, -6.336806480714529 ], [ 106.850860714637705, -6.336818689206297 ], [ 106.850805735961188, -6.336827466751591 ], [ 106.850751393618978, -6.336839577456832 ], [ 106.850697888968185, -6.336854974491995 ], [ 106.850603667541989, -6.336888710256275 ], [ 106.850576822134485, -6.336896283422397 ], [ 106.850549124664369, -6.336899582059338 ], [ 106.850521251717225, -6.33689852599524 ], [ 106.850493883870612, -6.336893140830537 ], [ 106.850467687616899, -6.336883557098325 ], [ 106.850448195830708, -6.336872683624396 ], [ 106.850430691513111, -6.336858832901845 ], [ 106.850281799316534, -6.336728605741736 ], [ 106.850267539973032, -6.336715200938652 ], [ 106.850255802945497, -6.336699539401716 ], [ 106.850246938726372, -6.33668208823438 ], [ 106.850241212154231, -6.336663369999283 ], [ 106.850238795116496, -6.336643943756916 ], [ 106.850239759274984, -6.336624392433335 ], [ 106.850244076885843, -6.336605299309181 ], [ 106.850251618046599, -6.336587236275363 ], [ 106.85026215694802, -6.336570743015168 ], [ 106.850265663841526, -6.336566584039208 ], [ 106.850265682722309, -6.336566556847144 ], [ 106.850268606396057, -6.336562811343306 ], [ 106.850269790261393, -6.336561295368922 ], [ 106.850276451756571, -6.336552766196715 ], [ 106.850291610414544, -6.336533243803972 ], [ 106.850323955101189, -6.336495826502467 ], [ 106.850358840356748, -6.336460769029546 ], [ 106.850362117384122, -6.336457533113916 ], [ 106.850374340884841, -6.336444367471902 ], [ 106.850393492106335, -6.336424853439058 ], [ 106.850418410865615, -6.336398277252994 ], [ 106.85043949307962, -6.336368561956434 ], [ 106.850456348507947, -6.336336258669624 ], [ 106.850468664795073, -6.336301965250971 ], [ 106.850470495846835, -6.336294402675748 ], [ 106.85047108180332, -6.336286642915281 ], [ 106.850470408937028, -6.336278891262266 ], [ 106.850468492425577, -6.336271349289625 ], [ 106.850465384491258, -6.336264216629782 ], [ 106.850461166225983, -6.336257679249854 ], [ 106.850455947591342, -6.336251909451584 ], [ 106.850449866485775, -6.336247057737248 ], [ 106.850443082418906, -6.336243252832318 ], [ 106.850435772867741, -6.33624059356094 ], [ 106.850428130572027, -6.336239150663976 ], [ 106.850409757376084, -6.336240134831441 ], [ 106.850388186209898, -6.336241687367338 ], [ 106.850339745116131, -6.336249504819453 ], [ 106.850292620803884, -6.33626318193552 ], [ 106.850233107507108, -6.336283402323672 ], [ 106.850216609498261, -6.33628819534058 ], [ 106.850199550384559, -6.336290224540745 ], [ 106.850182389055533, -6.336289436750213 ], [ 106.850165587369602, -6.336285851117147 ], [ 106.850149598428587, -6.336279565482655 ], [ 106.850134851189267, -6.336270749202518 ], [ 106.850063755022759, -6.336212554423571 ], [ 106.850038290667086, -6.336194054861519 ], [ 106.85001017322719, -6.336179915566264 ], [ 106.849980142341636, -6.336170506412583 ], [ 106.849966740785689, -6.336169065965141 ], [ 106.84991813099461, -6.336166569349104 ], [ 106.849869638105929, -6.336170759461482 ], [ 106.849769097463295, -6.3361863241291 ], [ 106.849715967604155, -6.336194548840662 ], [ 106.849574983430543, -6.3362163743198 ], [ 106.849556896756312, -6.336217628682939 ], [ 106.84953883092318, -6.336216108110807 ], [ 106.849521208082194, -6.336211847264422 ], [ 106.849504440678899, -6.336204946842977 ], [ 106.849488922397143, -6.336195568191223 ], [ 106.849475015497816, -6.336183930632081 ], [ 106.849459438517911, -6.336161877703479 ], [ 106.849447686089718, -6.336137568826389 ], [ 106.84940283602235, -6.336030887107993 ], [ 106.8492866163689, -6.335766104687784 ], [ 106.849271698274308, -6.33573062084432 ], [ 106.849108337904269, -6.335376641209133 ], [ 106.849082618898535, -6.335318582857342 ], [ 106.849062148492862, -6.335258471439851 ], [ 106.849047086517942, -6.335196780166884 ], [ 106.849044178306272, -6.335160706486485 ], [ 106.849046762680061, -6.335124608709118 ], [ 106.849054779338601, -6.33508931797123 ], [ 106.849068044111831, -6.335055647767415 ], [ 106.849086251607218, -6.335024375857761 ], [ 106.849108980554803, -6.33499622254907 ], [ 106.849128236909706, -6.334978310357117 ], [ 106.849149694373637, -6.334963107314619 ], [ 106.849172975252202, -6.334950881494046 ], [ 106.849208822193532, -6.334932102754296 ], [ 106.84924199851811, -6.334910986337606 ], [ 106.849272358646402, -6.334885985749086 ], [ 106.849299449338488, -6.3348574715013 ], [ 106.849322869064409, -6.334825869980246 ], [ 106.849360088812844, -6.334758394722371 ], [ 106.849391805164501, -6.334688161508208 ], [ 106.849494821749261, -6.334394473719591 ], [ 106.84949515924329, -6.334393321523575 ], [ 106.849503091914926, -6.334356786063824 ], [ 106.849505665663827, -6.334319486705505 ], [ 106.849504031135538, -6.334291388591912 ], [ 106.849500330088858, -6.334268177584476 ], [ 106.849494534009708, -6.334245398998782 ], [ 106.849486659840167, -6.334228064521589 ], [ 106.84947608014312, -6.334211021784982 ], [ 106.849463340709917, -6.33419552833532 ], [ 106.849448666626373, -6.33418185642581 ], [ 106.849433130509752, -6.334170748163492 ], [ 106.849416320236358, -6.334161685126427 ], [ 106.849398502914184, -6.334154812836092 ], [ 106.84904208048566, -6.33408815368295 ], [ 106.848998898065716, -6.334081482975973 ], [ 106.848955253982425, -6.334079416979435 ], [ 106.848911635410232, -6.334081979274049 ], [ 106.848868532044833, -6.334089140086379 ], [ 106.848826426172366, -6.334100819036675 ], [ 106.848617009199671, -6.334173935808747 ], [ 106.848548427993961, -6.334195842871047 ], [ 106.848478595773514, -6.33421335113117 ], [ 106.848407793340996, -6.334226390871761 ], [ 106.848375920780512, -6.334230675295133 ], [ 106.848302756800592, -6.334238331034039 ], [ 106.848229231536607, -6.334240709572603 ], [ 106.848155725396822, -6.334237796896808 ], [ 106.848138646618693, -6.334234289015064 ], [ 106.848122411682098, -6.334227928219219 ], [ 106.848107492979764, -6.334218900891704 ], [ 106.848094324316094, -6.334207469501804 ], [ 106.848083288229887, -6.334193965417511 ], [ 106.848074705124432, -6.334178781710956 ], [ 106.848068825085903, -6.334162359625113 ], [ 106.84806258598887, -6.334121980422726 ], [ 106.848032117427636, -6.333829495969201 ], [ 106.848025304603937, -6.333775683913755 ], [ 106.848015233081341, -6.333722386175225 ], [ 106.848001940613003, -6.33366979972525 ], [ 106.847972412381722, -6.333579367856514 ], [ 106.847957876489659, -6.333527557078196 ], [ 106.847947867947994, -6.333474684064843 ], [ 106.847942463166845, -6.333421143662298 ], [ 106.847941883064735, -6.333388646647498 ], [ 106.847942728930491, -6.33334215993206 ], [ 106.84795021637143, -6.333296272531636 ], [ 106.847964190602269, -6.333251929843427 ], [ 106.847984364784338, -6.333210045184916 ], [ 106.847989919614477, -6.333199579658952 ], [ 106.847993665200661, -6.333188338478392 ], [ 106.84799549871947, -6.333176631231699 ], [ 106.847995368008483, -6.333164782697566 ], [ 106.847993276936691, -6.333153118359285 ], [ 106.847989284494631, -6.333141962599744 ], [ 106.847983500217794, -6.333131622442743 ], [ 106.847976084173936, -6.333122383936518 ], [ 106.847967240598621, -6.333114501326507 ], [ 106.847957214267609, -6.33310819345157 ], [ 106.847946282331648, -6.33310363473156 ], [ 106.847934747070866, -6.333100950672303 ], [ 106.847922925944616, -6.333100215188571 ], [ 106.847838557027913, -6.333108587027564 ], [ 106.847772759513205, -6.333116843905576 ], [ 106.847707522617611, -6.333128751581499 ], [ 106.84761876598364, -6.333150261970971 ], [ 106.8475291663908, -6.333173861242956 ], [ 106.847438944268646, -6.333194955485104 ], [ 106.847376953016791, -6.333201922999454 ], [ 106.847314622343603, -6.333204420648689 ], [ 106.847252273013083, -6.333202434632263 ], [ 106.847190226786282, -6.333195977366765 ], [ 106.847170635641447, -6.33319294131333 ], [ 106.847122625648282, -6.333183956682445 ], [ 106.847088240153795, -6.333173051040549 ], [ 106.847055167021892, -6.333158642533262 ], [ 106.847017356194343, -6.333136713814251 ], [ 106.846982590849535, -6.333110218194535 ], [ 106.846951418297948, -6.333079571448307 ], [ 106.846924330062393, -6.333045257360409 ], [ 106.846909641857195, -6.333019200226964 ], [ 106.846892449891399, -6.332984859958494 ], [ 106.846880602717803, -6.33294832797358 ], [ 106.846874368962659, -6.332910431526793 ], [ 106.846873888128101, -6.332872027265179 ], [ 106.846879171441344, -6.332833985854534 ], [ 106.846890100867526, -6.332797168474729 ], [ 106.846926547766728, -6.332697526102609 ], [ 106.846943802125196, -6.33264570610502 ], [ 106.846954708323452, -6.332592188083668 ], [ 106.846959108256385, -6.332537745657173 ], [ 106.846958273683924, -6.332450930353993 ], [ 106.846955965814232, -6.332377509083135 ], [ 106.84694964548541, -6.332304323609187 ], [ 106.846939331556911, -6.332231594479243 ], [ 106.846928073901196, -6.332169210479746 ], [ 106.8469227898795, -6.332130023128554 ], [ 106.846924027522292, -6.332090500636017 ], [ 106.846931754511843, -6.332051720875324 ], [ 106.846945757729841, -6.332014744279594 ], [ 106.846965656690685, -6.33198057943593 ], [ 106.846990907076062, -6.33195016046895 ], [ 106.847020819603173, -6.331924316232291 ], [ 106.847060338181905, -6.331904264213843 ], [ 106.847060392312756, -6.331904238704756 ], [ 106.847066075769746, -6.331901734755011 ], [ 106.847073439243886, -6.331898991553814 ], [ 106.847079130777644, -6.331897234410699 ], [ 106.847094551889043, -6.331892546622742 ], [ 106.847132786512162, -6.331881701701154 ], [ 106.847152171949261, -6.331876203240111 ], [ 106.847157097526889, -6.33187480596489 ], [ 106.847169199710208, -6.33186970412702 ], [ 106.847180453716362, -6.331862932612924 ], [ 106.84719212102496, -6.331853199410865 ], [ 106.847202032439711, -6.331841681318137 ], [ 106.847209917962203, -6.33182869032647 ], [ 106.847215564677043, -6.331814580719818 ], [ 106.847218817600904, -6.331799733700742 ], [ 106.847219590516957, -6.331784554639349 ], [ 106.847217859584887, -6.331769455012841 ], [ 106.847213674156023, -6.331754844229548 ], [ 106.847207147701184, -6.331741119715611 ], [ 106.847198455958292, -6.331728654263189 ], [ 106.847187836896978, -6.331717786085013 ], [ 106.847175577134522, -6.331708810725205 ], [ 106.84708863414113, -6.331662120109208 ], [ 106.847037140725135, -6.331635638781074 ], [ 106.846984614687756, -6.33161127414069 ], [ 106.846964970386324, -6.331603181288237 ], [ 106.846917403526433, -6.331581532267278 ], [ 106.846871986047461, -6.331555673061041 ], [ 106.846829087407301, -6.331525814832856 ], [ 106.84678906001578, -6.331492203164887 ], [ 106.84675223107584, -6.331455110853943 ], [ 106.846702473982958, -6.331394639569604 ], [ 106.846601289545333, -6.33126065228034 ], [ 106.846578042148082, -6.331225575831601 ], [ 106.846560227752846, -6.331187449312547 ], [ 106.846548237916451, -6.331147108582901 ], [ 106.846542334235693, -6.331105437885003 ], [ 106.846542647379408, -6.33106335176406 ], [ 106.846549170685833, -6.331021773391015 ], [ 106.846589902791905, -6.330867157382568 ], [ 106.846599049309447, -6.330837475651466 ], [ 106.846612546852455, -6.330809505388445 ], [ 106.846630088604385, -6.330783878787955 ], [ 106.846649569463821, -6.330762770607834 ], [ 106.846667551989128, -6.330748270833397 ], [ 106.84670156344751, -6.330720850565892 ], [ 106.846702777323273, -6.33071989507228 ], [ 106.84674325577663, -6.330688968073065 ], [ 106.846802978847037, -6.330646494310667 ], [ 106.846864372517842, -6.33060647572288 ], [ 106.846872939447877, -6.330601120652726 ], [ 106.846896626679197, -6.33058527146561 ], [ 106.846917997902423, -6.330566413337326 ], [ 106.846936674755028, -6.330544880344804 ], [ 106.846947408150783, -6.330529190259318 ], [ 106.846973881657306, -6.330494581607063 ], [ 106.847005417518076, -6.330464518236614 ], [ 106.847041247497671, -6.330439735249143 ], [ 106.847080497158558, -6.330420835212201 ], [ 106.847122209331062, -6.330408280842999 ], [ 106.847130871336489, -6.330406540260484 ], [ 106.847159144133343, -6.330400427012705 ], [ 106.847167999812186, -6.33039851214203 ], [ 106.847171015044225, -6.330396625283964 ], [ 106.847173802299366, -6.330394414643859 ], [ 106.847177136453553, -6.330390979634746 ], [ 106.847179921343042, -6.330387086362801 ], [ 106.847182094012425, -6.330382820043003 ], [ 106.847183606910605, -6.330378277589542 ], [ 106.847184425154083, -6.330373560392387 ], [ 106.847184531042075, -6.33036877339695 ], [ 106.847183922245975, -6.330364024206475 ], [ 106.847180410265537, -6.330335986971264 ], [ 106.847177984379528, -6.330302824714173 ], [ 106.847180661695901, -6.33026968137129 ], [ 106.84718952702697, -6.330233868634711 ], [ 106.847195290475611, -6.330218787550054 ], [ 106.847209769002177, -6.330187659183222 ], [ 106.847236264257774, -6.330128413016838 ], [ 106.847260525826272, -6.330068216389122 ], [ 106.847275434301139, -6.330027623563339 ], [ 106.847280104958401, -6.330014003871522 ], [ 106.847301905538771, -6.329950435349347 ], [ 106.847304081556715, -6.329942789271031 ], [ 106.847304932748969, -6.329934883891788 ], [ 106.8473044328247, -6.329926949865722 ], [ 106.847302597049378, -6.32991921408246 ], [ 106.847299478636501, -6.329911901488278 ], [ 106.847295166898419, -6.329905223338596 ], [ 106.847289787227098, -6.329899371773148 ], [ 106.847283494758656, -6.329894517126078 ], [ 106.847276471627069, -6.329890797989828 ], [ 106.847171360129039, -6.329866430529925 ], [ 106.847155288500616, -6.329862495842551 ], [ 106.847140079753785, -6.329855978518649 ], [ 106.847126143884381, -6.329847054314922 ], [ 106.847113858590347, -6.32983596510662 ], [ 106.847103557494975, -6.329823010792038 ], [ 106.847095517469768, -6.329808542104326 ], [ 106.847089957695317, -6.32979295066901 ], [ 106.84708702697138, -6.329776658199277 ], [ 106.847086806389257, -6.329760105636459 ], [ 106.847085623868807, -6.329427333125721 ], [ 106.847085082501465, -6.329403156928693 ], [ 106.847080831004135, -6.329379351071914 ], [ 106.847072971702985, -6.329356483003196 ], [ 106.847061690879229, -6.329335095459352 ], [ 106.847047256932811, -6.32931569833535 ], [ 106.847030013098347, -6.329298753339579 ], [ 106.846866160186181, -6.329176708614904 ], [ 106.846770482935156, -6.32909779298815 ], [ 106.846747045824273, -6.329080248846068 ], [ 106.8467211850582, -6.329066529778634 ], [ 106.846693519926461, -6.329056964505646 ], [ 106.846656649972772, -6.329046675182889 ], [ 106.846622112021294, -6.329030163276131 ], [ 106.846590947083428, -6.329007926892271 ], [ 106.846564093758047, -6.328980635388868 ], [ 106.846543975549508, -6.328948490818105 ], [ 106.846528427637224, -6.328913899613932 ], [ 106.846517742409887, -6.328877510827967 ], [ 106.846507004044469, -6.328841171959047 ], [ 106.846494381855109, -6.328805443766279 ], [ 106.846472986672481, -6.328759792873165 ], [ 106.846445794865289, -6.328717342517427 ], [ 106.846420431154499, -6.328687340457879 ], [ 106.846407721469603, -6.3286732816606 ], [ 106.846397573140152, -6.328657273429586 ], [ 106.846390278797017, -6.328639778558532 ], [ 106.846386048074081, -6.328621299919202 ], [ 106.846385003964613, -6.328602372336957 ], [ 106.846387176418602, -6.328583540913726 ], [ 106.846392502297775, -6.328565348369784 ], [ 106.846401047237975, -6.328547955412223 ], [ 106.846408162057287, -6.328537549459877 ], [ 106.846413894222053, -6.32852815746549 ], [ 106.84641840140182, -6.328518118831432 ], [ 106.846421612774677, -6.328507593845767 ], [ 106.846423627517197, -6.328495245808004 ], [ 106.846423860518456, -6.328482735931276 ], [ 106.846422305461132, -6.328470321019355 ], [ 106.846410814161146, -6.328348944086708 ], [ 106.846403666616325, -6.328227234348934 ], [ 106.846402977406328, -6.328200856133452 ], [ 106.846404153745425, -6.328146583385737 ], [ 106.846411220099455, -6.328092759861349 ], [ 106.846424094694939, -6.328040025092171 ], [ 106.846442622502934, -6.327989002595355 ], [ 106.846459704354345, -6.327952977110002 ], [ 106.846475008689282, -6.327925867532854 ], [ 106.846490724256626, -6.327901572950853 ], [ 106.846517651566245, -6.327866002517676 ], [ 106.846547650520989, -6.327832982647789 ], [ 106.846755161281635, -6.327638651654937 ], [ 106.846764795054028, -6.327629630056546 ], [ 106.846862134231714, -6.32753488790152 ], [ 106.846951801409773, -6.327447613345834 ], [ 106.846978158446532, -6.327419931009834 ], [ 106.847001822333525, -6.327389911956221 ], [ 106.847021516718144, -6.327354150234775 ], [ 106.847036609042149, -6.327316213195504 ], [ 106.847046862834233, -6.327276692095477 ], [ 106.847051119300403, -6.327247976229911 ], [ 106.847052752385395, -6.327206289581286 ], [ 106.847049073177644, -6.327164733938064 ], [ 106.847048269078087, -6.327158932998441 ], [ 106.847040430638955, -6.327080861393934 ], [ 106.847038961827465, -6.327002409996874 ], [ 106.847041829917544, -6.326976402504772 ], [ 106.847048356693762, -6.32695106554795 ], [ 106.847055435667428, -6.326933119938791 ], [ 106.847064353911946, -6.32691601498703 ], [ 106.847079322385582, -6.326894349642367 ], [ 106.847097230794489, -6.326875045453836 ], [ 106.847178616405017, -6.32681064483654 ], [ 106.847205820935031, -6.32679412133386 ], [ 106.847235108427313, -6.326781660948305 ], [ 106.847265875225062, -6.326773518990579 ], [ 106.847297490249943, -6.326769863165524 ], [ 106.847343303160642, -6.326767004045871 ], [ 106.847383844707906, -6.326764094952535 ], [ 106.847423776829103, -6.326756510808077 ], [ 106.847462563095633, -6.326744352978212 ], [ 106.847501796976374, -6.326726681799936 ], [ 106.847538572490421, -6.326704334914314 ], [ 106.847545695350377, -6.326699256236406 ], [ 106.84758231657456, -6.326668584400537 ], [ 106.847614271147833, -6.326633072018269 ], [ 106.847637119601387, -6.32659815169708 ], [ 106.847654308084842, -6.326560122211844 ], [ 106.847665425042806, -6.326519893706481 ], [ 106.847669738261061, -6.326476891931729 ], [ 106.847668976556932, -6.326433680358598 ], [ 106.847663149287612, -6.326390857506714 ], [ 106.847652338985, -6.326349015306242 ], [ 106.847636693196932, -6.326308731893575 ], [ 106.847619064219032, -6.326275934736774 ], [ 106.84759758950355, -6.326245520152437 ], [ 106.847552359277699, -6.32618827775177 ], [ 106.847534063820845, -6.326164758727964 ], [ 106.847519464727256, -6.32613878080766 ], [ 106.84750888485226, -6.326110920600819 ], [ 106.847502559545774, -6.326081797524095 ], [ 106.847500629362131, -6.326052056647643 ], [ 106.847502340701411, -6.325776988166635 ], [ 106.84750015895149, -6.325744859395589 ], [ 106.847490413457763, -6.325709696941428 ], [ 106.847475856504374, -6.32567624146891 ], [ 106.847456772362079, -6.325645146577884 ], [ 106.847433534616798, -6.325617023959252 ], [ 106.847401372231516, -6.325587660919662 ], [ 106.8473731600387, -6.325558099383374 ], [ 106.847347997438973, -6.325525899514994 ], [ 106.847326131344857, -6.325491374180403 ], [ 106.847302723189657, -6.325449870600382 ], [ 106.847284012479818, -6.325414504025401 ], [ 106.847268551370135, -6.3253775996749 ], [ 106.847265022324081, -6.325367627590491 ], [ 106.847264624931455, -6.325366419238184 ], [ 106.847252598545538, -6.32532386885848 ], [ 106.84724485391699, -6.325280333092587 ], [ 106.847241467584283, -6.325236243857037 ], [ 106.847241357734205, -6.325205312053346 ], [ 106.847238663640837, -6.325165808060831 ], [ 106.847229800655114, -6.325127217499975 ], [ 106.847214989065492, -6.325090498900025 ], [ 106.847194596294258, -6.325056564154929 ], [ 106.847179557920185, -6.325035887049787 ], [ 106.847149733933364, -6.324991147670087 ], [ 106.847124913956662, -6.324943446556223 ], [ 106.847105390954965, -6.324893341438257 ], [ 106.84710195951989, -6.324878026325907 ], [ 106.847100872824257, -6.324862369243902 ], [ 106.847102154727793, -6.324846727250483 ], [ 106.847105777577781, -6.324831456682777 ], [ 106.847108991731133, -6.324822737298496 ], [ 106.847112971540597, -6.324814339785791 ], [ 106.847121145248252, -6.324801338756338 ], [ 106.847131144656998, -6.32478968566784 ], [ 106.847142751977913, -6.324779634459006 ], [ 106.847155713153398, -6.324771404839415 ], [ 106.847165755677594, -6.324765022846456 ], [ 106.847181123522361, -6.324754296424817 ], [ 106.847220108799377, -6.324722635229221 ], [ 106.847242724424433, -6.324700788102838 ], [ 106.847264302989601, -6.324679044120153 ], [ 106.847337515579241, -6.324605270279122 ], [ 106.847368808046355, -6.3245749474566 ], [ 106.847424197083512, -6.324526802076097 ], [ 106.847466166464258, -6.324494430442932 ], [ 106.847488731068395, -6.324477815862239 ], [ 106.847497620329932, -6.324472916265964 ], [ 106.847506946537152, -6.324468912042064 ], [ 106.84751868522288, -6.324465319675132 ], [ 106.847530767825148, -6.324463145615194 ], [ 106.847543021849489, -6.324462420312718 ], [ 106.847558619054652, -6.324463608982961 ], [ 106.847573857681084, -6.324467138891496 ], [ 106.847588389524759, -6.324472928997855 ], [ 106.847601881564074, -6.324480847574635 ], [ 106.847614024996645, -6.324490712175527 ], [ 106.84762454159376, -6.324502297750074 ], [ 106.847858943077256, -6.324791230077512 ], [ 106.847868925895185, -6.324801369079079 ], [ 106.847880491697552, -6.324809653445883 ], [ 106.847893300747927, -6.324815842071372 ], [ 106.847906978269066, -6.324819750935665 ], [ 106.847921121720532, -6.324821266642082 ], [ 106.847935317058301, -6.324820344550964 ], [ 106.847949145976969, -6.324817012370587 ], [ 106.847962203066643, -6.324811366479468 ], [ 106.847973480326075, -6.324804057840297 ], [ 106.84798343208513, -6.324795024258789 ], [ 106.847988972733646, -6.324788463868582 ], [ 106.848017252408468, -6.324752577589456 ], [ 106.848043438149389, -6.324715135465916 ], [ 106.848078882804643, -6.324659582660191 ], [ 106.848112024405822, -6.324602624844466 ], [ 106.848137680489728, -6.324555492020581 ], [ 106.848161443486987, -6.324507376779668 ], [ 106.848223431961358, -6.324355700665602 ], [ 106.848324988449477, -6.324102928166189 ], [ 106.848463339806017, -6.323793152316146 ], [ 106.84848124723122, -6.323748938553573 ], [ 106.848493226790438, -6.323702763054762 ], [ 106.848499071642493, -6.323655416790081 ], [ 106.848498683466474, -6.323607712947674 ], [ 106.848492067879036, -6.323560468866547 ], [ 106.848479338007124, -6.323514494269876 ], [ 106.848460712635529, -6.32347057861343 ], [ 106.84843651163068, -6.323429474827023 ], [ 106.84841166319039, -6.323388510773 ], [ 106.848392896249337, -6.323344423824273 ], [ 106.84838059535258, -6.323298113156478 ], [ 106.848375009645821, -6.323250520922148 ], [ 106.848376253731018, -6.323202618685149 ], [ 106.848384301247748, -6.323155381222954 ], [ 106.848398989340353, -6.323109772043985 ], [ 106.848420018574643, -6.323066719879955 ], [ 106.848591422910474, -6.322763133048825 ], [ 106.848607024055084, -6.322735177035871 ], [ 106.84863283034143, -6.32268659884412 ], [ 106.848669492275263, -6.322611764155785 ], [ 106.848703164407766, -6.322535535038243 ], [ 106.848737765706474, -6.322452747466395 ], [ 106.848775699567014, -6.32237143447969 ], [ 106.848816904110379, -6.322291730113362 ], [ 106.848837449508423, -6.322254693230328 ], [ 106.84887073588574, -6.322196819906067 ], [ 106.848907480968649, -6.322141079848632 ], [ 106.848947548138113, -6.322087681499924 ], [ 106.848966857531011, -6.322064191499267 ], [ 106.848979643269786, -6.322049341332098 ], [ 106.849247678839106, -6.321737150389915 ], [ 106.849312063935358, -6.32165683282267 ], [ 106.849317753000648, -6.321651616387596 ], [ 106.849324187371352, -6.321647353900883 ], [ 106.849331209279313, -6.321644150806097 ], [ 106.849338645497753, -6.321642085476997 ], [ 106.849346451010703, -6.321641205089942 ], [ 106.849354296222543, -6.321641578629204 ], [ 106.849361993149174, -6.321643200434388 ], [ 106.849369332890547, -6.321646027848964 ], [ 106.849376129041758, -6.321649991011677 ], [ 106.84938220592295, -6.321654986569277 ], [ 106.849387410362297, -6.321660887580329 ], [ 106.849391608078065, -6.321667542623948 ], [ 106.849392751363453, -6.321669870381307 ], [ 106.84942846551634, -6.321742622111719 ], [ 106.849434498736414, -6.321754911668745 ], [ 106.849469615747026, -6.32182033731403 ], [ 106.849508670124592, -6.321883488550798 ], [ 106.849551515541251, -6.3219441299132 ], [ 106.849644635757301, -6.322054548944356 ], [ 106.849661895470945, -6.322075014637543 ], [ 106.849678472749218, -6.322094671728035 ], [ 106.849691206978534, -6.322103473606161 ], [ 106.849705098135914, -6.322110304823299 ], [ 106.849719842954343, -6.322115014559904 ], [ 106.84973512026707, -6.322117500884666 ], [ 106.849750596429573, -6.32211771073532 ], [ 106.849806983865804, -6.322115419678569 ], [ 106.849870318583257, -6.322115879659541 ], [ 106.84993338589365, -6.322121701337492 ], [ 106.849995735624063, -6.322132843818558 ], [ 106.850031831665788, -6.322140383525642 ], [ 106.85004868859518, -6.322143376876585 ], [ 106.85006579826161, -6.322144000433521 ], [ 106.850082828065652, -6.322142240913643 ], [ 106.850099994454908, -6.322138230457955 ], [ 106.85011659463332, -6.322132297064563 ], [ 106.850138202270159, -6.322121082745806 ], [ 106.850154536104526, -6.322109370921791 ], [ 106.850169219895776, -6.322095644177011 ], [ 106.850182006860209, -6.322080133950233 ], [ 106.850193364186438, -6.322061820496996 ], [ 106.850202076909852, -6.322042108682163 ], [ 106.850205048399914, -6.322033017648351 ], [ 106.850219254874133, -6.321981877642987 ], [ 106.85022742559137, -6.321929432719905 ], [ 106.850229448311879, -6.321876393042318 ], [ 106.8502284525824, -6.321828639868889 ], [ 106.850228549104216, -6.321820457800316 ], [ 106.850228577851439, -6.321812275972968 ], [ 106.850228537917175, -6.321804093485896 ], [ 106.850228431112001, -6.321795911236798 ], [ 106.850228254731348, -6.321787731043645 ], [ 106.850228124408673, -6.321783355383116 ], [ 106.850228011482983, -6.321779551992623 ], [ 106.850227699566005, -6.321771375898456 ], [ 106.850227380533383, -6.321764502721188 ], [ 106.850227063278865, -6.321761688302505 ], [ 106.850225793441211, -6.321700633228699 ], [ 106.850226157825674, -6.321661291116276 ], [ 106.850232602198389, -6.321622478902139 ], [ 106.850244970837153, -6.321585132039949 ], [ 106.850262967823738, -6.321550150315749 ], [ 106.850286157870585, -6.321518376145231 ], [ 106.850313982519367, -6.3214905755288 ], [ 106.850345771814773, -6.321467417214493 ], [ 106.850380760525397, -6.321449459982123 ], [ 106.850418104351832, -6.321437136310817 ], [ 106.850456904290056, -6.321430742346634 ], [ 106.85056652340073, -6.321420840436787 ], [ 106.850624421448956, -6.321417723865998 ], [ 106.850682260955452, -6.321421779276267 ], [ 106.850739157910837, -6.321432944714433 ], [ 106.850794243279026, -6.321451048771404 ], [ 106.850846674763886, -6.321475815965175 ], [ 106.850895651270733, -6.321506867593547 ], [ 106.850940423775981, -6.321543728928611 ], [ 106.850980308000715, -6.32158583550073 ], [ 106.851005472271382, -6.321618783823948 ], [ 106.851012811237794, -6.321629015361632 ], [ 106.851020865160905, -6.321640813971047 ], [ 106.851059442652797, -6.321701203633707 ], [ 106.851094893843978, -6.321763483261664 ], [ 106.851127125975353, -6.321827488629415 ], [ 106.851155973172553, -6.321881900277083 ], [ 106.851188501629537, -6.321934192125847 ], [ 106.851224556836513, -6.321984115177606 ], [ 106.851249322196423, -6.322015926564873 ], [ 106.851273156137893, -6.322046542354269 ], [ 106.851294492668458, -6.32207395094768 ], [ 106.851309550135326, -6.322090593495022 ], [ 106.851327003257012, -6.322104700390257 ], [ 106.851339583286205, -6.322110033517193 ], [ 106.851352863356098, -6.322113248422484 ], [ 106.851366488915843, -6.32211425776138 ], [ 106.851366915431299, -6.322114252625769 ], [ 106.851376080075099, -6.322113629572443 ], [ 106.851385120971102, -6.32211200605749 ], [ 106.851394515487215, -6.322109192316139 ], [ 106.851403516674736, -6.322105297699121 ], [ 106.851449951669224, -6.32207906546768 ], [ 106.851493718363642, -6.322048585964238 ], [ 106.85153140002663, -6.322020224871824 ], [ 106.851540635989522, -6.32201323267837 ], [ 106.851578466714102, -6.32198943252636 ], [ 106.85161920941708, -6.321971064123145 ], [ 106.851662089986576, -6.32195847561308 ], [ 106.851675576444649, -6.321954678940657 ], [ 106.851717800818165, -6.321937991507095 ], [ 106.851754241055943, -6.321916810217259 ], [ 106.851780439712243, -6.321895048771399 ], [ 106.851802709386945, -6.321869276916723 ], [ 106.851820444397035, -6.321840193916308 ], [ 106.851833163192836, -6.321808591719133 ], [ 106.851840520912518, -6.321775327790559 ], [ 106.851862701124134, -6.321640353062871 ], [ 106.851874623535167, -6.321573380364937 ], [ 106.85188875334083, -6.32150683832089 ], [ 106.851899494679728, -6.321444953002069 ], [ 106.851903512576527, -6.321382270657802 ], [ 106.851904000129153, -6.321336942621693 ], [ 106.85190106942018, -6.321291706326961 ], [ 106.851894736732774, -6.32124682030422 ], [ 106.851888728904711, -6.321225169961639 ], [ 106.851879358380486, -6.321204751304147 ], [ 106.851866862858799, -6.321186081566877 ], [ 106.851851560319218, -6.321169637011926 ], [ 106.851833839921142, -6.321155834877704 ], [ 106.85181415203779, -6.321145026181218 ], [ 106.851792997380258, -6.321137486715195 ], [ 106.851785749547773, -6.321135599332681 ], [ 106.851715511292767, -6.321115418249309 ], [ 106.851646688799164, -6.321090836100396 ], [ 106.85163240439752, -6.321084973783186 ], [ 106.851572834057109, -6.321054650727719 ], [ 106.851516645101967, -6.321018440408003 ], [ 106.851464414496647, -6.320976715091408 ], [ 106.851416683267843, -6.320929905943767 ], [ 106.851378258242576, -6.320885945202315 ], [ 106.851344651674907, -6.32083819515485 ], [ 106.851316234139091, -6.320787183415083 ], [ 106.851300098934175, -6.320742928109431 ], [ 106.851290377775058, -6.320696834417674 ], [ 106.85128726553539, -6.320649829312281 ], [ 106.851290823404781, -6.320602856516404 ], [ 106.851300981532489, -6.320556857506999 ], [ 106.851320272150858, -6.320505014058982 ], [ 106.851343471508727, -6.320454798644501 ], [ 106.851377216298744, -6.320395833223484 ], [ 106.851416534040766, -6.320340432039925 ], [ 106.851439515841264, -6.320314167624657 ], [ 106.851464633932935, -6.320289940806618 ], [ 106.851498719664917, -6.32026281316688 ], [ 106.851522334668076, -6.32024765406821 ], [ 106.851552611757256, -6.320231798554418 ], [ 106.851584280349627, -6.320218950736719 ], [ 106.851627084810659, -6.320206342649728 ], [ 106.851670940458959, -6.320198115979315 ], [ 106.851715402081425, -6.320194353684449 ], [ 106.851830453245825, -6.320188388837739 ], [ 106.851945375786499, -6.320180309600869 ], [ 106.851972190904846, -6.320178681554742 ], [ 106.851985020254276, -6.32017562049968 ], [ 106.851997158962547, -6.320170460642982 ], [ 106.852008266858789, -6.320163346053063 ], [ 106.852018031984926, -6.32015447675563 ], [ 106.852026181410793, -6.32014410055768 ], [ 106.852032484835789, -6.320132509418094 ], [ 106.852036767201554, -6.320120028552778 ], [ 106.852053217525139, -6.320067429397236 ], [ 106.852073952924002, -6.32000768389387 ], [ 106.852099145080146, -6.319949678390916 ], [ 106.852128650590558, -6.319893746128629 ], [ 106.852137542475447, -6.319878699123612 ], [ 106.852177676655245, -6.319813291415105 ], [ 106.852213842331068, -6.319754350809212 ], [ 106.852239754567933, -6.31971485264402 ], [ 106.852268325818969, -6.319677251874943 ], [ 106.852299427462285, -6.319641718037129 ], [ 106.852332909185179, -6.319608419838751 ], [ 106.852385675141036, -6.319564188601709 ], [ 106.85250073198938, -6.319476065607494 ], [ 106.852544570543145, -6.319449347130093 ], [ 106.852591387835091, -6.319428287102605 ], [ 106.852640458481304, -6.319413212700193 ], [ 106.852691021521125, -6.319404357192629 ], [ 106.852742292161366, -6.3194018589983 ], [ 106.852793475308559, -6.319405755307043 ], [ 106.852951895280327, -6.319424995543566 ], [ 106.852967086687016, -6.31942368373587 ], [ 106.8529818865251, -6.319420008049162 ], [ 106.852995927321714, -6.319414058400215 ], [ 106.853008864401403, -6.319405982490578 ], [ 106.853020377670916, -6.319395979471153 ], [ 106.853030183353937, -6.319384296283751 ], [ 106.853042942237323, -6.319367793364983 ], [ 106.853043546296078, -6.319367146549042 ], [ 106.853045220476858, -6.319365280733752 ], [ 106.853046855678144, -6.319363380699385 ], [ 106.853048451903121, -6.319361447350089 ], [ 106.853050009155027, -6.319359481590022 ], [ 106.853051524726126, -6.319357484333005 ], [ 106.853052999523285, -6.319355456479928 ], [ 106.853054914569597, -6.319352712774494 ], [ 106.853059292925977, -6.319346643845793 ], [ 106.853140317730066, -6.319241837358356 ], [ 106.853186471511378, -6.319184426232334 ], [ 106.85323769090509, -6.319131490712581 ], [ 106.853293544632933, -6.319083474467011 ], [ 106.853353561521232, -6.319040783331001 ], [ 106.853390494137173, -6.319016343475929 ], [ 106.853410025024289, -6.318998301959645 ], [ 106.853422197889643, -6.318981426805093 ], [ 106.853431379537824, -6.318962752188786 ], [ 106.853437310682793, -6.318942804349686 ], [ 106.853439823436446, -6.318922145367221 ], [ 106.853438848479996, -6.318901356860869 ], [ 106.853434412294874, -6.318881023725369 ], [ 106.853426639822217, -6.318861719654577 ], [ 106.853415750780613, -6.318843988167457 ], [ 106.853402051481638, -6.318828328170753 ], [ 106.853385927552409, -6.318815180422544 ], [ 106.853364308196305, -6.318800951897407 ], [ 106.853339386463531, -6.318782554318934 ], [ 106.853317768590898, -6.318760363783931 ], [ 106.85330002416255, -6.318734965060804 ], [ 106.8532866227591, -6.318707028265074 ], [ 106.853277916720586, -6.318677289933495 ], [ 106.853274135653891, -6.318646533152087 ], [ 106.853275379142275, -6.318615570403034 ], [ 106.853281614841791, -6.318585216446815 ], [ 106.853290731528432, -6.318564792521983 ], [ 106.853302421259926, -6.318545724705459 ], [ 106.85331648638406, -6.318528337389414 ], [ 106.853340344227789, -6.318506039968733 ], [ 106.853367225568221, -6.318487503914981 ], [ 106.853396544465369, -6.318473134569228 ], [ 106.853427659528379, -6.3184632452462 ], [ 106.853459891065626, -6.318458051748267 ], [ 106.853480088376656, -6.318456128065446 ], [ 106.853500371049122, -6.318456606421234 ], [ 106.853520455306878, -6.318459479689341 ], [ 106.853538480491451, -6.318464998622411 ], [ 106.853555413066573, -6.31847328816676 ], [ 106.853570829382036, -6.318484141876184 ], [ 106.853584344419488, -6.318497289875936 ], [ 106.853595622648939, -6.318512402440643 ], [ 106.853604380791339, -6.318529104450933 ], [ 106.853610402283465, -6.31854697715021 ], [ 106.853613534628067, -6.31856557533302 ], [ 106.853620544354229, -6.318630811451548 ], [ 106.853626596836662, -6.318663988693625 ], [ 106.853637328726407, -6.318695959389093 ], [ 106.853652518092787, -6.318726066102575 ], [ 106.853683616970471, -6.318760872880876 ], [ 106.853719406688512, -6.318790830222518 ], [ 106.853784186442098, -6.318839687791361 ], [ 106.853836854716874, -6.318882298303095 ], [ 106.853887095925302, -6.31892774927521 ], [ 106.853932896396984, -6.318971133797457 ], [ 106.853955444790131, -6.318991467459557 ], [ 106.853978852767725, -6.319008049424719 ], [ 106.853988257301239, -6.319013654218315 ], [ 106.854021850967328, -6.319030112168911 ], [ 106.854057262493967, -6.319042166725302 ], [ 106.854093917357403, -6.319049622829417 ], [ 106.854192824147773, -6.319065242143327 ], [ 106.854281498180598, -6.319077156521975 ], [ 106.854370589243459, -6.319085388578592 ], [ 106.854459944565178, -6.319089924391766 ], [ 106.854561734526499, -6.319093499939639 ], [ 106.854572946813917, -6.319093893953271 ], [ 106.85459189899251, -6.319092001785931 ], [ 106.854610261533821, -6.319086939941951 ], [ 106.85462750721203, -6.319078853158151 ], [ 106.85464314435319, -6.319067972843589 ], [ 106.854656724041931, -6.31905461072473 ], [ 106.854667858159019, -6.319039148835313 ], [ 106.854676817726983, -6.319021565413457 ], [ 106.85469857389603, -6.318986671504181 ], [ 106.854724241055635, -6.31895454754357 ], [ 106.85475346923279, -6.318925629678081 ], [ 106.854772310218635, -6.318908000167918 ], [ 106.854827437390952, -6.318865874257738 ], [ 106.85488544184048, -6.318827811304329 ], [ 106.854946023343089, -6.318794006770742 ], [ 106.855008871660758, -6.31876463536014 ], [ 106.855032087976824, -6.318754304858905 ], [ 106.855043709061533, -6.318747948788982 ], [ 106.855054216155565, -6.318739881508825 ], [ 106.855063357812654, -6.318730292883858 ], [ 106.855070917064026, -6.3187194115352 ], [ 106.855076715007144, -6.318707497593635 ], [ 106.855099363373483, -6.318644285056389 ], [ 106.855117965884546, -6.318579764170017 ], [ 106.855173509816069, -6.318366750451695 ], [ 106.855186273572031, -6.318332366004928 ], [ 106.855204656720858, -6.318300632391554 ], [ 106.855228132051323, -6.318272459263699 ], [ 106.855256023799143, -6.318248657346094 ], [ 106.855287532843107, -6.318229908509007 ], [ 106.855321752925761, -6.318216753052447 ], [ 106.855357701296967, -6.318209566993018 ], [ 106.855394346711009, -6.318208557443401 ], [ 106.855430636503783, -6.31821375347426 ], [ 106.855465682960968, -6.318225066027999 ], [ 106.855520326496759, -6.318244553665673 ], [ 106.85559403068855, -6.318274597125979 ], [ 106.85566612324827, -6.31830833075571 ], [ 106.855841092590225, -6.318394045206531 ], [ 106.855914367641034, -6.318426390311647 ], [ 106.855989448620235, -6.318454284133156 ], [ 106.856045811043657, -6.318473796310621 ], [ 106.856059378730137, -6.318477871747807 ], [ 106.856073357555445, -6.318480164531928 ], [ 106.856087516039182, -6.318480634802052 ], [ 106.856105105114509, -6.318478648898699 ], [ 106.856137607207515, -6.318469013971015 ], [ 106.856168712983163, -6.318455533228134 ], [ 106.856227784869404, -6.31842264897319 ], [ 106.856435431494305, -6.318294884092039 ], [ 106.856477066261093, -6.318264033108602 ], [ 106.856522301536543, -6.318222118691677 ], [ 106.856563651816614, -6.318176363726932 ], [ 106.856624943264563, -6.318102990700933 ], [ 106.856637828685209, -6.318090087627982 ], [ 106.85665262159884, -6.318079426379539 ], [ 106.856668937138963, -6.318071286808816 ], [ 106.856686347719318, -6.318065879301582 ], [ 106.856704402017016, -6.31806334651674 ], [ 106.856722628548454, -6.318063752523734 ], [ 106.856740551954374, -6.318067088169387 ], [ 106.856757704731109, -6.318073266515226 ], [ 106.856771212452841, -6.318080549186232 ], [ 106.856783609537985, -6.318089596210544 ], [ 106.856864787273096, -6.318154935410565 ], [ 106.856875861784616, -6.318162570342491 ], [ 106.856888048105162, -6.318168262797506 ], [ 106.856906364876224, -6.318173700999798 ], [ 106.856925283537819, -6.318176365818574 ], [ 106.856944389100619, -6.318176199061151 ], [ 106.856963258658382, -6.318173203141447 ], [ 106.856977943747182, -6.318168798115964 ], [ 106.856992000996982, -6.318162677437696 ], [ 106.857005283305867, -6.318154895881149 ], [ 106.857379200381544, -6.317935029442616 ], [ 106.857389361130032, -6.317929445270816 ], [ 106.857415250067604, -6.317910922546609 ], [ 106.857433863174165, -6.317892529779137 ], [ 106.857446696506045, -6.317870858389714 ], [ 106.857456030126556, -6.317847462616084 ], [ 106.857460467336395, -6.317829791348801 ], [ 106.857461124945885, -6.317826172383001 ], [ 106.857480029022696, -6.317725945368852 ], [ 106.857482539555562, -6.317710281875081 ], [ 106.857487493907328, -6.317695213630397 ], [ 106.857494768718709, -6.317681118107655 ], [ 106.857504180008476, -6.317668351296422 ], [ 106.857515490357528, -6.317657235019167 ], [ 106.857528416105836, -6.317648047864027 ], [ 106.857542630957397, -6.317641022459553 ], [ 106.857557777689024, -6.31763633458294 ], [ 106.857573474475856, -6.31763410313753 ], [ 106.857589326612938, -6.317634382877775 ], [ 106.857601675425158, -6.31763597801385 ], [ 106.857645783625088, -6.317641676715238 ], [ 106.857758002405987, -6.317656172821169 ], [ 106.857767946709686, -6.317655019773543 ], [ 106.857777560745433, -6.317652225961063 ], [ 106.857786575502629, -6.317647870101723 ], [ 106.857794740195345, -6.317642073343699 ], [ 106.857801825870425, -6.317634997444164 ], [ 106.857807635331554, -6.31762684021301 ], [ 106.857812006731251, -6.317617829171009 ], [ 106.857814817162918, -6.317608215207815 ], [ 106.857815988970216, -6.317598268038741 ], [ 106.857815488798266, -6.31758826354994 ], [ 106.857813332105465, -6.317578481973966 ], [ 106.857809576799141, -6.317569197062736 ], [ 106.857757581761021, -6.317494429260706 ], [ 106.857737962246944, -6.317459438932392 ], [ 106.857723007593862, -6.317422212245644 ], [ 106.857712965812993, -6.317383370373606 ], [ 106.857708003667312, -6.31734355738336 ], [ 106.857708203951091, -6.317303437533161 ], [ 106.857713563614851, -6.317263676291806 ], [ 106.857764099947858, -6.317062769962532 ], [ 106.857771466430663, -6.317045243751629 ], [ 106.857781721918911, -6.317029237957688 ], [ 106.857794566273668, -6.317015224716736 ], [ 106.857809617821232, -6.317003618590038 ], [ 106.857826432281456, -6.316994762934164 ], [ 106.857844515373671, -6.316988917197953 ], [ 106.857863330946344, -6.316986255989248 ], [ 106.857882323523029, -6.316986856336279 ], [ 106.857900933677314, -6.316990701249479 ], [ 106.85815127991178, -6.317059493955567 ], [ 106.858191615504808, -6.317070577676686 ], [ 106.858303821037623, -6.317101409998296 ], [ 106.858340338372628, -6.317108105922815 ], [ 106.858377431887945, -6.317109637067132 ], [ 106.858414376742687, -6.317105974375266 ], [ 106.858490805396414, -6.317086904900535 ], [ 106.858566584642773, -6.317065396520625 ], [ 106.858656218864596, -6.317035548447293 ], [ 106.85874398593333, -6.317000586809289 ], [ 106.858762988112304, -6.316992232350261 ], [ 106.858774319392978, -6.316987247049384 ], [ 106.858788382666333, -6.316981059408688 ], [ 106.858803049739706, -6.316972130024515 ], [ 106.858816330845258, -6.316961244482394 ], [ 106.858827968291294, -6.316948614370947 ], [ 106.858842693112763, -6.316926748147933 ], [ 106.858853651167806, -6.316902769717538 ], [ 106.8588588519208, -6.316885351601289 ], [ 106.858862055694047, -6.316867457801927 ], [ 106.858862108231776, -6.316866986550107 ], [ 106.858862782002333, -6.316860049283622 ], [ 106.858863068870377, -6.316857125129631 ], [ 106.85887009460923, -6.316785407869249 ], [ 106.858879839032326, -6.316721419547679 ], [ 106.858894897972036, -6.316658470098639 ], [ 106.858915167277317, -6.316597002025481 ], [ 106.858977352699071, -6.316425861342746 ], [ 106.85897926782873, -6.316420621258696 ], [ 106.858996138473074, -6.316366246661897 ], [ 106.859008752769995, -6.316306270670002 ], [ 106.859011120866157, -6.316265394462579 ], [ 106.859010512080033, -6.316224453846242 ], [ 106.859007101131823, -6.316210882931943 ], [ 106.859001477124849, -6.316198072180144 ], [ 106.858993795857515, -6.316186378174852 ], [ 106.8589842735757, -6.316176130159446 ], [ 106.858973176070933, -6.316167613800959 ], [ 106.85896081505615, -6.316161068490539 ], [ 106.858947535482358, -6.316156678347278 ], [ 106.858933710991366, -6.316154564096988 ], [ 106.8588823830964, -6.316149481677104 ], [ 106.858856651885745, -6.316142778885655 ], [ 106.858824430642727, -6.316133809960263 ], [ 106.858793767903222, -6.316120449414989 ], [ 106.858765256489491, -6.316102956432667 ], [ 106.858739449750345, -6.316081670807002 ], [ 106.858716848880889, -6.316057004850435 ], [ 106.858685175578188, -6.316010389510947 ], [ 106.858655470404827, -6.315962494993253 ], [ 106.858609402376231, -6.315886652750963 ], [ 106.858557940458752, -6.31581436591183 ], [ 106.858350465584408, -6.315538426729424 ], [ 106.858291759265796, -6.315456048228999 ], [ 106.858237699277225, -6.315370545547452 ], [ 106.858208523811072, -6.315318112043797 ], [ 106.858184205899462, -6.315263253429568 ], [ 106.858164945952993, -6.315206420163103 ], [ 106.858150901055168, -6.315148076419751 ], [ 106.858142185872737, -6.315088701896834 ], [ 106.858127367550793, -6.314911805505049 ], [ 106.858121514376847, -6.314867158474156 ], [ 106.858108988162215, -6.314823908677682 ], [ 106.858090075292893, -6.314783048757696 ], [ 106.858065210158756, -6.314745516578529 ], [ 106.85803496422912, -6.314712172662064 ], [ 106.858000030632681, -6.314683783968078 ], [ 106.85796121232633, -6.314661000428615 ], [ 106.857879698403323, -6.314635530254348 ], [ 106.857797295292642, -6.314613103005892 ], [ 106.857688953211905, -6.314588534162368 ], [ 106.85761264353485, -6.314574490150279 ], [ 106.857513145319402, -6.314557714252866 ], [ 106.85741474511461, -6.31453538019462 ], [ 106.857307362650744, -6.314505212024083 ], [ 106.857279524369119, -6.314493233668523 ], [ 106.857254158326938, -6.314476645246174 ], [ 106.857232019034015, -6.314455941349912 ], [ 106.857213766545726, -6.314431737162458 ], [ 106.857199944727085, -6.31440475497147 ], [ 106.85719096308317, -6.314375797109679 ], [ 106.857187090359531, -6.314345725182142 ], [ 106.857188441801043, -6.314315434795279 ], [ 106.857194977244802, -6.314285827534822 ], [ 106.857206501933646, -6.314257785646552 ], [ 106.857222671835046, -6.314232143084356 ], [ 106.857243007115414, -6.314209662858334 ], [ 106.857352432874563, -6.314100452861095 ], [ 106.857417663473584, -6.314035350614164 ], [ 106.857606929545938, -6.313846456443243 ], [ 106.857678824280768, -6.313780774343865 ], [ 106.857753821319562, -6.313718661619 ], [ 106.857826397203496, -6.313664084614754 ], [ 106.857901367928562, -6.313612850757116 ], [ 106.857929258054313, -6.313595028882157 ], [ 106.857985833432409, -6.313559108332567 ], [ 106.858113820277367, -6.313471275833079 ], [ 106.858238404081959, -6.313378676103304 ], [ 106.858503520433175, -6.313174048152746 ], [ 106.858536547038184, -6.313145628413713 ], [ 106.858565572159449, -6.313113126237898 ], [ 106.858590094467843, -6.31307710399129 ], [ 106.858609692351848, -6.313038178908522 ], [ 106.858624030236513, -6.312997021261923 ], [ 106.858632859438657, -6.312954340796232 ], [ 106.858644638528773, -6.3128808488896 ], [ 106.85867245457203, -6.312717352683211 ], [ 106.858704708660213, -6.312554675169088 ], [ 106.858720081071326, -6.312479775327175 ], [ 106.858734245433553, -6.312399592306507 ], [ 106.858744505709936, -6.312318816537211 ], [ 106.858750836370746, -6.312237637078314 ], [ 106.858755469930287, -6.312181785413697 ], [ 106.858763350715208, -6.312126300092875 ], [ 106.8587744531863, -6.312071368367038 ], [ 106.858779685014071, -6.312049993573362 ], [ 106.858794754769661, -6.311991838842439 ], [ 106.858802970420257, -6.311950435428779 ], [ 106.858812620799043, -6.311876013521172 ], [ 106.858811827914849, -6.311850058996785 ], [ 106.858807212209697, -6.311824506001651 ], [ 106.858798875990345, -6.311799915649924 ], [ 106.858787001003051, -6.311776826168192 ], [ 106.858771847501032, -6.311755744761564 ], [ 106.858753749677732, -6.311737134067672 ], [ 106.858716404277956, -6.3117028661314 ], [ 106.858682631090986, -6.311665070992969 ], [ 106.858652759456916, -6.311624117276468 ], [ 106.858627083596048, -6.311580408089325 ], [ 106.85860039771697, -6.311521311090521 ], [ 106.858585673026226, -6.311488701083399 ], [ 106.858563533175612, -6.311439671883861 ], [ 106.85854724856695, -6.311400156088244 ], [ 106.858543253072909, -6.311394199315492 ], [ 106.858538341169378, -6.311388972753408 ], [ 106.858532643483258, -6.311384616983772 ], [ 106.858526314045832, -6.311381247188502 ], [ 106.858519519452287, -6.311378954092546 ], [ 106.858512443363793, -6.311377799427023 ], [ 106.858505272939993, -6.311377812361025 ], [ 106.858498200662524, -6.311378994015865 ], [ 106.858491415279147, -6.311381312072545 ], [ 106.858485098205378, -6.311384705305243 ], [ 106.858479417195824, -6.311389082699844 ], [ 106.858474524549706, -6.311394327076944 ], [ 106.858481702870151, -6.311382588140555 ], [ 106.858512015091947, -6.311323320246746 ], [ 106.858528960691331, -6.311281846796411 ], [ 106.858529034074152, -6.311281645812294 ], [ 106.858529561182792, -6.311280203613537 ], [ 106.858530252042485, -6.31127830784913 ], [ 106.858532759858718, -6.311271262771374 ], [ 106.858548608190219, -6.311219078107606 ], [ 106.858560061624956, -6.311165755429474 ], [ 106.858565184469526, -6.311130030292948 ], [ 106.858568589623772, -6.311089531024555 ], [ 106.858569066119642, -6.311078961571138 ], [ 106.858569507766077, -6.311055321790874 ], [ 106.858569503366368, -6.311052566849123 ], [ 106.858568265443807, -6.311014567863421 ], [ 106.858564825812479, -6.310976705125405 ], [ 106.858560439384846, -6.310946257117276 ], [ 106.858633341484534, -6.311318625928265 ], [ 106.85864119718849, -6.311350382519183 ], [ 106.858646219995663, -6.311368972984849 ] ] ] ] } },
{ "type": "Feature", "properties": { "OBJECTID_1": 33, "OBJECTID": 33, "toponimi": "Kali Utan Kayu", "kewenangan": "Pemprov DKI", "jenis": "Saluran Drainase Sekunder", "lebar_min": 8.0, "lebar_max": 16.7, "ked_min": 2.0, "ked_max": 5.0, "jenis_kons": "Sheetpile, Turap batu kali", "kondisi": null, "panjang_su": 8.72, "Shape_Leng": 13857.271585300001, "Shape_Le_1": 13721.3207614, "Shape_Area": 77091.775803099998 }, "geometry": { "type": "MultiPolygon", "coordinates": [ [ [ [ 106.880057249716756, -6.162949533774869 ], [ 106.880061386738248, -6.162948626789897 ], [ 106.880112439188125, -6.16293743420765 ], [ 106.880140752010306, -6.162931226828068 ], [ 106.880164366338505, -6.162926049569063 ], [ 106.880199921430005, -6.162918255179029 ], [ 106.880222117631874, -6.162913388521748 ], [ 106.880202514098414, -6.162924655536784 ], [ 106.880188910219516, -6.16293548728968 ], [ 106.880176837192138, -6.162948005303078 ], [ 106.88016650203781, -6.162961994563836 ], [ 106.880163798329008, -6.16296639102479 ], [ 106.880151002081746, -6.162990052496501 ], [ 106.880139584597785, -6.163026854508168 ], [ 106.880133849478014, -6.163064959245392 ], [ 106.880133927350855, -6.1631034937447 ], [ 106.880149630664405, -6.163259406540567 ], [ 106.880150073621749, -6.163263852480461 ], [ 106.880154614480119, -6.163309385614212 ], [ 106.880155520979471, -6.163318479046255 ], [ 106.880156072552325, -6.163324010484341 ], [ 106.880163652624304, -6.163393720655101 ], [ 106.880165777153891, -6.163436238841589 ], [ 106.880162547066234, -6.163478686405569 ], [ 106.880155787909359, -6.163513568756866 ], [ 106.880145409316469, -6.163547547974211 ], [ 106.880131525603829, -6.163580250241337 ], [ 106.880131437693933, -6.163580426860234 ], [ 106.880120854319983, -6.163600378949176 ], [ 106.880103382019968, -6.163630164436557 ], [ 106.880069406703086, -6.163688183187218 ], [ 106.88001635454313, -6.163778776955744 ], [ 106.879958037228761, -6.163877779787013 ], [ 106.879897239310324, -6.163975276016118 ], [ 106.879858614287869, -6.164035878946516 ], [ 106.879820916784126, -6.164093588044563 ], [ 106.879780781469123, -6.164149625834127 ], [ 106.879779106342681, -6.164151864987636 ], [ 106.879749142405586, -6.164189984665191 ], [ 106.879715912747102, -6.164225290398643 ], [ 106.879679681975716, -6.164257501872427 ], [ 106.87962918263257, -6.164293944449254 ], [ 106.879612185456537, -6.16430473934485 ], [ 106.879594477094486, -6.164315985205726 ], [ 106.879540272821373, -6.16434982695263 ], [ 106.879485068974972, -6.164382010397286 ], [ 106.87938967380785, -6.164432533363238 ], [ 106.879311806586344, -6.164470347283556 ], [ 106.879279883024552, -6.164485850267226 ], [ 106.879176340049753, -6.164538654171547 ], [ 106.879075314091253, -6.164596134482479 ], [ 106.879045369149452, -6.164614521945476 ], [ 106.878991158395891, -6.164649624061145 ], [ 106.878939163202205, -6.16468793622523 ], [ 106.878889571884159, -6.164729318535718 ], [ 106.87875619172668, -6.164847588465625 ], [ 106.878727750551093, -6.164872806882023 ], [ 106.878586354947046, -6.16497989722606 ], [ 106.878370032184705, -6.165143735639198 ], [ 106.878341632678513, -6.165162578746796 ], [ 106.878242033406423, -6.165228664138543 ], [ 106.878182860384612, -6.165267925601793 ], [ 106.878094497729208, -6.165324851223214 ], [ 106.87800407805311, -6.165378445064329 ], [ 106.877911728472455, -6.165428632535581 ], [ 106.877669871991273, -6.16555245634292 ], [ 106.877496926430453, -6.16562836238702 ], [ 106.8774762381817, -6.165637439704646 ], [ 106.87740536648117, -6.16566704352725 ], [ 106.877333099009107, -6.16569304561015 ], [ 106.877259616216719, -6.165715381122053 ], [ 106.876472997286882, -6.165931815191677 ], [ 106.876364885417075, -6.165961561813938 ], [ 106.876354885503105, -6.165964313096015 ], [ 106.875970016009404, -6.166074587656831 ], [ 106.875670066438246, -6.166160530724899 ], [ 106.874181801194425, -6.166633175128561 ], [ 106.874141088150978, -6.166646104853932 ], [ 106.874116722767212, -6.166653842396141 ], [ 106.874038183691724, -6.166680666354886 ], [ 106.873937537044299, -6.166715040875974 ], [ 106.873538370939869, -6.166851369465506 ], [ 106.873483234183055, -6.166870200637873 ], [ 106.873449009436655, -6.166881889610985 ], [ 106.873354065153933, -6.166914530623925 ], [ 106.873297915201221, -6.166934256836893 ], [ 106.873020533589596, -6.167031708729482 ], [ 106.872963542450222, -6.167052181084407 ], [ 106.8727766854078, -6.167121297656698 ], [ 106.872483396700801, -6.167236046514312 ], [ 106.87132059225857, -6.16771462353172 ], [ 106.870975122570016, -6.167860068399742 ], [ 106.87092526188394, -6.167881357304232 ], [ 106.870646137075227, -6.168001940764255 ], [ 106.868317332239684, -6.169056301742557 ], [ 106.868235022835975, -6.169093566769567 ], [ 106.866069784668355, -6.170073861595064 ], [ 106.86601634080067, -6.170098057818958 ], [ 106.865239827368853, -6.170449615196979 ], [ 106.865187656093923, -6.170473234571201 ], [ 106.865167853178633, -6.170482199927145 ], [ 106.865163943769815, -6.170485451401908 ], [ 106.865160598302495, -6.170489281368596 ], [ 106.865157901357449, -6.17049359278632 ], [ 106.865155921216356, -6.170498277821427 ], [ 106.865154708055115, -6.170503217853833 ], [ 106.865154291249382, -6.170508288007222 ], [ 106.865154682997684, -6.170513359848851 ], [ 106.865155872013446, -6.170518305932373 ], [ 106.865157042647709, -6.170521354258832 ], [ 106.865158517257967, -6.170524267705446 ], [ 106.865297408985214, -6.170837396312034 ], [ 106.865393059823646, -6.17105303937257 ], [ 106.86542454886407, -6.171124029063775 ], [ 106.865424566167746, -6.171124068785957 ], [ 106.865505217001044, -6.171305893811331 ], [ 106.865898361907142, -6.172191709562533 ], [ 106.865971796380691, -6.172340913402745 ], [ 106.865979239189102, -6.172356035515702 ], [ 106.866021251947771, -6.172441397738841 ], [ 106.866159860315179, -6.172723022434859 ], [ 106.866201324345994, -6.172816778007026 ], [ 106.866437120753275, -6.173349942877555 ], [ 106.866445015821867, -6.173367793935184 ], [ 106.866445452007, -6.173368779741896 ], [ 106.866454199416737, -6.173388558179288 ], [ 106.86645390639778, -6.173388726475534 ], [ 106.866455704152941, -6.173392845826424 ], [ 106.866414899315643, -6.173410758283775 ], [ 106.866397567904386, -6.17337220173246 ], [ 106.866294928411108, -6.173140121683736 ], [ 106.866284660274417, -6.173116902841032 ], [ 106.866283513593871, -6.173115282096747 ], [ 106.866282117400004, -6.173113870182961 ], [ 106.866280508871398, -6.173112706752091 ], [ 106.866278732379101, -6.17311182148563 ], [ 106.866276834988412, -6.173111239534859 ], [ 106.866274868246862, -6.173110976089628 ], [ 106.866272884573746, -6.173111037295186 ], [ 106.866270937269533, -6.173111422964635 ], [ 106.866269079596748, -6.17311212206135 ], [ 106.866267362079256, -6.17311311542091 ], [ 106.866265828891784, -6.173114376667908 ], [ 106.866264522376895, -6.173115872200185 ], [ 106.866263478528154, -6.173117561204543 ], [ 106.8662627242892, -6.173119398378784 ], [ 106.866249769257252, -6.173180773507293 ], [ 106.866230939366702, -6.173240605050919 ], [ 106.86620641242925, -6.173298331810267 ], [ 106.866176418723498, -6.173353412293146 ], [ 106.866141238297629, -6.173405328340625 ], [ 106.866101203708084, -6.173453593254836 ], [ 106.866056688281802, -6.1734977536485 ], [ 106.866008112459056, -6.173537394847616 ], [ 106.865955931161707, -6.173572145456635 ], [ 106.865796269443052, -6.17365365424106 ], [ 106.865689361133335, -6.173708232239768 ], [ 106.865623875531909, -6.173739963483655 ], [ 106.864867769091404, -6.174106330064022 ], [ 106.864797269282249, -6.174147313848462 ], [ 106.864729836443573, -6.174193174741379 ], [ 106.864665805849441, -6.174243685530501 ], [ 106.864605497328085, -6.174298593741346 ], [ 106.864549211660716, -6.174357625266329 ], [ 106.864497229684673, -6.17442048617631 ], [ 106.86447719233648, -6.174449507442159 ], [ 106.864454718181108, -6.174482058027417 ], [ 106.864420943565548, -6.174534072178697 ], [ 106.86439039919037, -6.174588049685944 ], [ 106.864363198183071, -6.174643789430669 ], [ 106.864334010358775, -6.174715739505294 ], [ 106.864310391003102, -6.174789708034651 ], [ 106.864292477733798, -6.174865263254519 ], [ 106.864280374720735, -6.174941967188567 ], [ 106.86427415357025, -6.17501937022037 ], [ 106.864273848852235, -6.175097023767128 ], [ 106.864268536269236, -6.175708614872211 ], [ 106.864268195642495, -6.175747851887056 ], [ 106.864268110932585, -6.175768569095273 ], [ 106.864270050321537, -6.175944338233918 ], [ 106.864276739482648, -6.176119991267532 ], [ 106.864285861416548, -6.176265135900969 ], [ 106.864298226694515, -6.176410040413165 ], [ 106.864320157308171, -6.176575840782366 ], [ 106.864348994464919, -6.176740578062605 ], [ 106.864353052489022, -6.176760937169152 ], [ 106.864375849276826, -6.176875289862928 ], [ 106.864391203767866, -6.176923309974851 ], [ 106.864411704477931, -6.176969365399518 ], [ 106.864437105557968, -6.177012905463131 ], [ 106.864467104351519, -6.17705341043238 ], [ 106.864520742129329, -6.177122613595194 ], [ 106.864630961020708, -6.177247070212919 ], [ 106.864737344248482, -6.177367194871584 ], [ 106.86495617326932, -6.177614290781333 ], [ 106.865404776841544, -6.178134015049785 ], [ 106.86567743115215, -6.178462049622736 ], [ 106.865823967108327, -6.178637035459138 ], [ 106.866441506630181, -6.179388510458895 ], [ 106.866647313487192, -6.179630666288155 ], [ 106.86698911726188, -6.180020283848687 ], [ 106.867067797187687, -6.180109970822725 ], [ 106.867244754101733, -6.180305821887379 ], [ 106.867453383383875, -6.18053672592607 ], [ 106.867759121259468, -6.180870778011297 ], [ 106.867765221960894, -6.180877442788473 ], [ 106.867816685724478, -6.180933672980321 ], [ 106.867860309356402, -6.18098133583353 ], [ 106.868141341021754, -6.181289661696947 ], [ 106.868524673687958, -6.181711939720483 ], [ 106.868761910132832, -6.181965238549734 ], [ 106.868800178415469, -6.182009033152188 ], [ 106.868834638678493, -6.182055888136305 ], [ 106.868865047642402, -6.182105472534398 ], [ 106.868891189066261, -6.182157437200682 ], [ 106.868927731147622, -6.182245290893444 ], [ 106.868961661493586, -6.182334187211912 ], [ 106.869044665461701, -6.182555725535018 ], [ 106.869084786761704, -6.182662811500955 ], [ 106.869150112275506, -6.18283716727004 ], [ 106.869357951817463, -6.183348596952389 ], [ 106.869588558561219, -6.183965291816474 ], [ 106.869615899214025, -6.184036591090684 ], [ 106.869647149380967, -6.184129081687941 ], [ 106.86967443609845, -6.184222820396764 ], [ 106.86969770907983, -6.184317637414647 ], [ 106.869716926159441, -6.184413360198043 ], [ 106.869723007414493, -6.184449178488348 ], [ 106.869723167913079, -6.184450118241852 ], [ 106.869727227961974, -6.184476098331146 ], [ 106.869783042782515, -6.184818581924731 ], [ 106.86983676412062, -6.185128827171096 ], [ 106.869893892683621, -6.185463826932154 ], [ 106.869895469336228, -6.185473642282741 ], [ 106.869909346123421, -6.185560037612022 ], [ 106.869923222012631, -6.185646432038338 ], [ 106.869937032337646, -6.185732419825072 ], [ 106.869943544009203, -6.185769359543947 ], [ 106.869959189378051, -6.185870300968538 ], [ 106.8699616422454, -6.18588548028025 ], [ 106.869964445145953, -6.185902831037097 ], [ 106.869991534863161, -6.186071015548263 ], [ 106.870046414492847, -6.186411735575024 ], [ 106.870065338851248, -6.186529226789985 ], [ 106.870065348120676, -6.186529293664602 ], [ 106.870083226147699, -6.186671916754973 ], [ 106.87009094099372, -6.186735255275951 ], [ 106.870130852316336, -6.187042171084759 ], [ 106.870174920230383, -6.187348517084483 ], [ 106.870282504764205, -6.188065812368129 ], [ 106.870434365546586, -6.188941868867297 ], [ 106.870448207000209, -6.189015297802676 ], [ 106.870483358915692, -6.189201785447572 ], [ 106.87049049830263, -6.189239660524969 ], [ 106.870507097115379, -6.189351877793904 ], [ 106.870518762658463, -6.189464715513514 ], [ 106.870525472480153, -6.189577955863619 ], [ 106.870527213169225, -6.189691382800315 ], [ 106.870527120732092, -6.189702085570365 ], [ 106.870524365622472, -6.189796937181857 ], [ 106.870518134418447, -6.189891623829912 ], [ 106.870511301922178, -6.189978719530898 ], [ 106.870472388741604, -6.190287490681463 ], [ 106.870451591563523, -6.190479520822323 ], [ 106.870434535920936, -6.190671920235001 ], [ 106.870412279730459, -6.190934816609817 ], [ 106.870398226444365, -6.191031259570622 ], [ 106.870380514816503, -6.191127097890782 ], [ 106.870359170550941, -6.191222191336374 ], [ 106.870332249691145, -6.191323284498451 ], [ 106.870313412890312, -6.191385638812998 ], [ 106.870287580023117, -6.191469605315334 ], [ 106.870279407938199, -6.191496168262287 ], [ 106.87023059667878, -6.191659116565974 ], [ 106.870194923488029, -6.191785942907338 ], [ 106.870161123115111, -6.191913281633027 ], [ 106.870023803115473, -6.192430120456308 ], [ 106.870020647636622, -6.192441997668151 ], [ 106.870011516431475, -6.192476361405364 ], [ 106.869978566146884, -6.192611399616687 ], [ 106.869942175135435, -6.192745549422455 ], [ 106.869916465487492, -6.192827580620469 ], [ 106.869884774810544, -6.192907489156153 ], [ 106.869847277733797, -6.1929848377082 ], [ 106.869804176953494, -6.193059206035077 ], [ 106.869755709544393, -6.193130187336024 ], [ 106.869617880462116, -6.193309143686492 ], [ 106.86947750561167, -6.193486108110732 ], [ 106.869334615580286, -6.193661044333168 ], [ 106.869168899049967, -6.193859601490822 ], [ 106.869006951598891, -6.194061248402261 ], [ 106.868972265829981, -6.194105460709565 ], [ 106.868972203769857, -6.194105539589502 ], [ 106.868919940123845, -6.194165541564275 ], [ 106.868878029286748, -6.194208923095028 ], [ 106.868858263259909, -6.194228562215877 ], [ 106.868825662217333, -6.194265469760118 ], [ 106.86879643429566, -6.194305106809217 ], [ 106.868770806079354, -6.194347165153423 ], [ 106.868748977886654, -6.194391317688266 ], [ 106.86867723896296, -6.194542072060561 ], [ 106.868627944654008, -6.194633858995465 ], [ 106.868576792862314, -6.194724622645081 ], [ 106.868543027885721, -6.194782261985431 ], [ 106.868539560367935, -6.194788142152507 ], [ 106.868525170292813, -6.194812541680882 ], [ 106.868474857079192, -6.194898998609418 ], [ 106.868427281279466, -6.194986992898888 ], [ 106.868393384657736, -6.195063205806935 ], [ 106.868364118540896, -6.195141316493331 ], [ 106.868339588550612, -6.195221044298835 ], [ 106.868319884021361, -6.195302101388261 ], [ 106.868306924701386, -6.19537265106413 ], [ 106.868298807678983, -6.195443921469335 ], [ 106.868295571536976, -6.195515579739405 ], [ 106.86829542570571, -6.195652107311596 ], [ 106.868299086460183, -6.195764080054885 ], [ 106.868307267228559, -6.195875812641852 ], [ 106.868319953822692, -6.195987123386753 ], [ 106.868330171955279, -6.196045716259779 ], [ 106.868352189419838, -6.196147537590165 ], [ 106.868379685198619, -6.196248015933471 ], [ 106.868447335308758, -6.196473963079182 ], [ 106.868635182175737, -6.197083487383782 ], [ 106.868733698114653, -6.197403148620318 ], [ 106.868919008970707, -6.198004440201641 ], [ 106.868977646903133, -6.19817623577299 ], [ 106.869015581062513, -6.198287372421714 ], [ 106.869154361582517, -6.198693962208393 ], [ 106.86922886172222, -6.198942496827919 ], [ 106.86924377418525, -6.198995372395479 ], [ 106.869255358537742, -6.199049075244817 ], [ 106.869263569781126, -6.199103398484298 ], [ 106.86926881831063, -6.199173030426107 ], [ 106.869267978251713, -6.199242854726795 ], [ 106.869262954241989, -6.199320100598503 ], [ 106.869254845823349, -6.199397083391347 ], [ 106.869181592333192, -6.200066726267651 ], [ 106.869142253807553, -6.200343678436063 ], [ 106.869089413090876, -6.200753487340688 ], [ 106.869082327890453, -6.200818297547928 ], [ 106.869080649386035, -6.200833464292184 ], [ 106.869030310569272, -6.201308997152714 ], [ 106.868989080094266, -6.201638748564701 ], [ 106.868978389904129, -6.201738639035783 ], [ 106.868972689140222, -6.201838937760824 ], [ 106.868971993194833, -6.201939396947127 ], [ 106.868976302092094, -6.202039766143671 ], [ 106.868985606821482, -6.202139794931104 ], [ 106.869029207510991, -6.20253186138939 ], [ 106.869078943261968, -6.202867122707258 ], [ 106.869086638290838, -6.202918996595623 ], [ 106.869122968273288, -6.203163895410992 ], [ 106.869175722846819, -6.203492014072418 ], [ 106.869180887286149, -6.203524136641663 ], [ 106.869218566190426, -6.203758492767924 ], [ 106.869252830899711, -6.203985904385545 ], [ 106.869311100046701, -6.204321581207857 ], [ 106.869330858642954, -6.204429210419605 ], [ 106.869356095219615, -6.204586900358952 ], [ 106.86940579275057, -6.204962356614222 ], [ 106.869406903462007, -6.204970146481852 ], [ 106.869425789071784, -6.205141754732971 ], [ 106.86944009751916, -6.205313804995233 ], [ 106.869444095592272, -6.205419203227873 ], [ 106.869445676230427, -6.205524665148602 ], [ 106.869445703954824, -6.205544060915544 ], [ 106.869445510536039, -6.205582990759215 ], [ 106.869443614099538, -6.205679581665037 ], [ 106.869439603697685, -6.205789023511759 ], [ 106.869429704104519, -6.205898090135247 ], [ 106.869417224162717, -6.205985615412226 ], [ 106.869400137410523, -6.206072358591006 ], [ 106.869395794067913, -6.206091210122877 ], [ 106.869392195711569, -6.206106625055514 ], [ 106.869366352152355, -6.206211696477699 ], [ 106.869338315696666, -6.206316203316601 ], [ 106.869314497042083, -6.206401870821524 ], [ 106.869304044459454, -6.206437375800292 ], [ 106.869254262336881, -6.206591037697403 ], [ 106.869199800032476, -6.206743101308565 ], [ 106.869140709438611, -6.20689342359415 ], [ 106.869107232583588, -6.206980851235632 ], [ 106.869079771081033, -6.207070352557514 ], [ 106.869058449967568, -6.207161515729254 ], [ 106.869044580272956, -6.207229255849792 ], [ 106.869036474909166, -6.207260157643849 ], [ 106.869024565124334, -6.207289799825807 ], [ 106.869009037191546, -6.207317715195393 ], [ 106.868987782032107, -6.207343025130733 ], [ 106.868964145667917, -6.207366123780714 ], [ 106.868920454431859, -6.207406215352647 ], [ 106.868877301630263, -6.207443737229899 ], [ 106.868831536314616, -6.207478017903057 ], [ 106.868783399073209, -6.207508876595615 ], [ 106.868733146810939, -6.207536147844028 ], [ 106.868713222400686, -6.207546583390277 ], [ 106.868654624551397, -6.207573270179368 ], [ 106.868560745216087, -6.20761271976158 ], [ 106.868466031972304, -6.207650121657792 ], [ 106.868440153675891, -6.207660037532081 ], [ 106.868359305209481, -6.207694160836332 ], [ 106.868280293360229, -6.207732351758598 ], [ 106.868265470143783, -6.20773977834985 ], [ 106.868217969380254, -6.207766422314807 ], [ 106.868172503265768, -6.207796411692172 ], [ 106.868126646009273, -6.207831802950126 ], [ 106.8681000765351, -6.207855047554536 ], [ 106.868029170661742, -6.207928135441559 ], [ 106.867960883541855, -6.208003678801567 ], [ 106.867948156756569, -6.208018140431944 ], [ 106.867749208675747, -6.208260723285509 ], [ 106.867702499271047, -6.208316338907115 ], [ 106.867535531320215, -6.208515144629791 ], [ 106.867480669285101, -6.208591107135057 ], [ 106.867429379188351, -6.20866952989205 ], [ 106.867391323243595, -6.208734659205531 ], [ 106.867357299090884, -6.208801986753455 ], [ 106.867346267056661, -6.208824361873317 ], [ 106.867333430030499, -6.208845751506986 ], [ 106.867308395222537, -6.208878670540572 ], [ 106.867279105487441, -6.208907862299707 ], [ 106.867246110023288, -6.208932782354109 ], [ 106.867210026061883, -6.208952963790476 ], [ 106.867202519460889, -6.208956391701161 ], [ 106.867165591076699, -6.208974614103334 ], [ 106.867091845478555, -6.209004149877591 ], [ 106.867016574665698, -6.209029540963331 ], [ 106.866940010548021, -6.209050706975746 ], [ 106.866862389613445, -6.209067584692941 ], [ 106.866552530633342, -6.209131401600992 ], [ 106.866421762653445, -6.209160498298735 ], [ 106.866389724568521, -6.209168421378718 ], [ 106.86633854376278, -6.209181738341958 ], [ 106.866337110285912, -6.209182345564014 ], [ 106.866335793244744, -6.209183177509564 ], [ 106.866334629601511, -6.209184211444381 ], [ 106.866333647271134, -6.209185421049604 ], [ 106.866332875049693, -6.209186773674124 ], [ 106.866332330879018, -6.209188233088542 ], [ 106.866332030890831, -6.209189762165664 ], [ 106.866331982166358, -6.209191319289473 ], [ 106.866332186369206, -6.209192863767201 ], [ 106.866329735146152, -6.209184111167486 ], [ 106.866326821864988, -6.209173710117655 ], [ 106.866325833694447, -6.209170182884385 ], [ 106.866323817091754, -6.2091629838953 ], [ 106.866322365940547, -6.20915780279028 ], [ 106.866321200257303, -6.209153639659158 ], [ 106.866317652902907, -6.209140975941563 ], [ 106.866314582151375, -6.209129985938983 ], [ 106.866313699216263, -6.209126838078851 ], [ 106.866312676201886, -6.209123165399707 ], [ 106.866311851763243, -6.20912020901376 ], [ 106.866310380220455, -6.209114881507714 ], [ 106.866311238193603, -6.209116328743545 ], [ 106.866312312462156, -6.209117623318756 ], [ 106.866313577611407, -6.209118731869299 ], [ 106.866315001018123, -6.209119626481497 ], [ 106.86631654737414, -6.209120286484339 ], [ 106.866318178673652, -6.209120694832969 ], [ 106.866319854219569, -6.209120839916922 ], [ 106.866321530639453, -6.209120720080867 ], [ 106.866323168187463, -6.209120337273311 ], [ 106.866431130421986, -6.209093196255799 ], [ 106.866539875950565, -6.20906939059005 ], [ 106.866850168251844, -6.209005484468007 ], [ 106.866924111391228, -6.208989444318199 ], [ 106.866997054490596, -6.208969331766193 ], [ 106.867068772800835, -6.208945208184061 ], [ 106.867139046134795, -6.20891714758603 ], [ 106.867175877105922, -6.208898971642099 ], [ 106.867201992163004, -6.208885709604227 ], [ 106.867226291175257, -6.208869350920926 ], [ 106.867226340718958, -6.208869309155079 ], [ 106.867252059715881, -6.208846463588906 ], [ 106.867270728815541, -6.2088248662174 ], [ 106.867286691946518, -6.208801196130161 ], [ 106.867299723529271, -6.208775791372366 ], [ 106.867333901891925, -6.208707868349727 ], [ 106.86735049394332, -6.208679870576179 ], [ 106.867359225703439, -6.208663125596044 ], [ 106.867375728740868, -6.208636019631213 ], [ 106.867421498765438, -6.208565579230305 ], [ 106.867470064485687, -6.208497039438087 ], [ 106.867521347688424, -6.208430510836602 ], [ 106.867549023145415, -6.208396007450007 ], [ 106.867741307745177, -6.208156345956234 ], [ 106.86775208139322, -6.208143209475669 ], [ 106.867893085146065, -6.207971279087806 ], [ 106.86790654082354, -6.207955989394855 ], [ 106.867976984340658, -6.207878085825617 ], [ 106.868050143613942, -6.207802732323187 ], [ 106.868095791007562, -6.207763677281991 ], [ 106.868144140922382, -6.207728027683459 ], [ 106.868194940143624, -6.20769597067594 ], [ 106.868247923648042, -6.207667675366375 ], [ 106.868342953749732, -6.20762224532103 ], [ 106.868440478327898, -6.207582461025787 ], [ 106.868533296920376, -6.207545807230644 ], [ 106.868625303460419, -6.207507154496938 ], [ 106.8686814721692, -6.207481573929682 ], [ 106.86870034327373, -6.207471690020132 ], [ 106.868761112995884, -6.20743781388153 ], [ 106.868818294595471, -6.207398172875207 ], [ 106.868871344611421, -6.207353144144627 ], [ 106.868915800418719, -6.207312350967745 ], [ 106.868933601166759, -6.20729511013055 ], [ 106.868949706807257, -6.207276274025198 ], [ 106.868960162037197, -6.207256888255241 ], [ 106.868968202863869, -6.207236380820423 ], [ 106.868973710186353, -6.207215052319807 ], [ 106.868987600319571, -6.20714721266963 ], [ 106.869010004760796, -6.207051453484132 ], [ 106.869038848014171, -6.206957435565355 ], [ 106.869073996084751, -6.206865592475109 ], [ 106.869132130324289, -6.206717688558836 ], [ 106.869185722221388, -6.20656807646633 ], [ 106.86923472077109, -6.206416894713298 ], [ 106.86926874038204, -6.206296610995359 ], [ 106.869298328174551, -6.206185974857911 ], [ 106.869325424672439, -6.206074701954353 ], [ 106.869344388272012, -6.205982673708714 ], [ 106.869357916876552, -6.205889689979009 ], [ 106.86936749445448, -6.205784098240922 ], [ 106.869371348217172, -6.205678143352923 ], [ 106.86937258772781, -6.205628159270268 ], [ 106.869373221494769, -6.205584205306766 ], [ 106.869373400115592, -6.205524931192874 ], [ 106.869371853719088, -6.205421489926175 ], [ 106.86936794499141, -6.205318110344398 ], [ 106.869353827694482, -6.205148507841733 ], [ 106.869335212712286, -6.204979339835925 ], [ 106.869284574379861, -6.204597378795364 ], [ 106.869259580773488, -6.204441204251638 ], [ 106.869189490799457, -6.204042992782811 ], [ 106.869180582852138, -6.203991513780466 ], [ 106.869163643093145, -6.203893617740787 ], [ 106.869083063187304, -6.203427938331424 ], [ 106.869042611451277, -6.203176334401961 ], [ 106.868948560182844, -6.202542340257531 ], [ 106.868904826122233, -6.202149072627548 ], [ 106.868895167873106, -6.20204511654011 ], [ 106.868890695142582, -6.201940808525181 ], [ 106.868891418776499, -6.201836407133064 ], [ 106.868897336068784, -6.201732170961746 ], [ 106.868908434378611, -6.201628359548235 ], [ 106.86894708856255, -6.201319217419609 ], [ 106.868949533990715, -6.201299658310105 ], [ 106.868951285333168, -6.201283111571752 ], [ 106.869006990174086, -6.200756880231435 ], [ 106.869061678659008, -6.200332744836402 ], [ 106.869100907034266, -6.200056569716829 ], [ 106.869174089732994, -6.19938757444425 ], [ 106.869181928501348, -6.199313290590207 ], [ 106.869186770523086, -6.199238751484978 ], [ 106.869187555344539, -6.199175815207089 ], [ 106.869182833329063, -6.19911305115243 ], [ 106.869170443780405, -6.199039015853438 ], [ 106.869151158923884, -6.198966472309387 ], [ 106.869076921185908, -6.198718813771631 ], [ 106.868841669975765, -6.198029589717161 ], [ 106.868369540446395, -6.196497633071809 ], [ 106.868301834592287, -6.1962714989442 ], [ 106.86827313331753, -6.196166567367603 ], [ 106.868250164011528, -6.196060231332274 ], [ 106.868239584430555, -6.195999561985736 ], [ 106.868226393291593, -6.195884274739636 ], [ 106.868217899444446, -6.195768546894327 ], [ 106.868214115298713, -6.195652568279322 ], [ 106.868214262344637, -6.195515095857046 ], [ 106.868217723665268, -6.195437846414476 ], [ 106.868226449931598, -6.195361013321592 ], [ 106.868240399042094, -6.195284956579932 ], [ 106.868261340948635, -6.195198917770055 ], [ 106.868287418502234, -6.195114294855122 ], [ 106.868318537927195, -6.195031397385607 ], [ 106.868354584627667, -6.194950523231227 ], [ 106.868403552383313, -6.194859884820109 ], [ 106.868455350793127, -6.194770836786973 ], [ 106.868473079058816, -6.194740774545328 ], [ 106.868477153828977, -6.194733905808647 ], [ 106.86852895331937, -6.194644400270228 ], [ 106.868604505546713, -6.194505663121403 ], [ 106.868675076834762, -6.194357361313007 ], [ 106.868700137964424, -6.194306903583635 ], [ 106.86872953503007, -6.194258845569293 ], [ 106.868763038965454, -6.194213560587406 ], [ 106.868800390805504, -6.194171397648491 ], [ 106.868813125513569, -6.194158745277639 ], [ 106.868838496934004, -6.194127413800391 ], [ 106.868893636705792, -6.194059323096007 ], [ 106.86907711307677, -6.193829117738581 ], [ 106.86926544840685, -6.193602875319089 ], [ 106.869477243124493, -6.193341670726277 ], [ 106.86968339705038, -6.19307598511969 ], [ 106.869728054154749, -6.193010509976692 ], [ 106.869767761155643, -6.192941914871931 ], [ 106.869802302548976, -6.192870574884619 ], [ 106.869831488174654, -6.192796878566732 ], [ 106.869855160440892, -6.192721227013334 ], [ 106.869892495949344, -6.192583333401769 ], [ 106.869926133934015, -6.192444488998537 ], [ 106.870037999197919, -6.191995565746013 ], [ 106.87005701459384, -6.191919256116245 ], [ 106.8701177967517, -6.191692199221023 ], [ 106.870184461592515, -6.191466801513752 ], [ 106.870218547842668, -6.19135600595795 ], [ 106.870252356939602, -6.191239108355634 ], [ 106.870280347923369, -6.191120680640152 ], [ 106.870294214912661, -6.191049596174496 ], [ 106.870305985502341, -6.190978134833395 ], [ 106.870313431218278, -6.19092435586182 ], [ 106.870319047550765, -6.190858018339975 ], [ 106.870326234690637, -6.190773117566189 ], [ 106.870335488843864, -6.190663810067021 ], [ 106.870352725475769, -6.190469431724853 ], [ 106.870373744313454, -6.190275427032726 ], [ 106.870385917047045, -6.190178834283699 ], [ 106.870412412335497, -6.18996859975864 ], [ 106.87041908401379, -6.189883551620503 ], [ 106.870423718904476, -6.189818405616442 ], [ 106.87042372939564, -6.18981804934366 ], [ 106.870427688154635, -6.189705552580016 ], [ 106.87042655493353, -6.189592992386018 ], [ 106.870420332350392, -6.189480598406 ], [ 106.870409032963977, -6.189368601153282 ], [ 106.870392680173978, -6.189257231102857 ], [ 106.870374130666676, -6.189158821668922 ], [ 106.870338535075376, -6.18896998477261 ], [ 106.870336575089127, -6.188959587602641 ], [ 106.870184397213606, -6.188081696717926 ], [ 106.870090381558327, -6.187454871865381 ], [ 106.870076649985776, -6.187363318775109 ], [ 106.870051887182925, -6.187194845821208 ], [ 106.870016789135747, -6.186939517528656 ], [ 106.869984562735823, -6.186683810215394 ], [ 106.869966351521128, -6.186538661182023 ], [ 106.869959498757964, -6.186496447845127 ], [ 106.869871300606803, -6.185953189337884 ], [ 106.869864001573418, -6.185905320285289 ], [ 106.869860986886337, -6.185885546240499 ], [ 106.869857958574457, -6.185866008227309 ], [ 106.869845486656658, -6.185785539190053 ], [ 106.869834420761308, -6.185714145602017 ], [ 106.869834005700767, -6.185711465347743 ], [ 106.869821006899983, -6.185627598549814 ], [ 106.869817846096083, -6.185609175821502 ], [ 106.869798100967429, -6.185494083460874 ], [ 106.869685028888568, -6.184835001842439 ], [ 106.869641375374769, -6.184567140320823 ], [ 106.869629046986262, -6.18449148897894 ], [ 106.869625221428848, -6.184466936622977 ], [ 106.869618991651066, -6.184430242728738 ], [ 106.869593675288357, -6.184308733276269 ], [ 106.869561527531786, -6.184188851825883 ], [ 106.869522652730737, -6.18407098408092 ], [ 106.869265386657673, -6.183384808433389 ], [ 106.869057543520626, -6.18287336876007 ], [ 106.868868459888233, -6.182368700107272 ], [ 106.868835655482343, -6.182282709383152 ], [ 106.868800328653606, -6.182197725708765 ], [ 106.868794295457292, -6.182184822060049 ], [ 106.868765171881094, -6.182131583072183 ], [ 106.868729985166809, -6.182080583288478 ], [ 106.868689671863905, -6.182033538208859 ], [ 106.868569269433479, -6.181904984145725 ], [ 106.868495897557423, -6.181826644095451 ], [ 106.868451669141876, -6.181779421973933 ], [ 106.868224707909306, -6.181529831819233 ], [ 106.86813003513987, -6.181425720437628 ], [ 106.867786921140322, -6.181048395292745 ], [ 106.867379888132547, -6.180603669067212 ], [ 106.867299622842395, -6.180514834035301 ], [ 106.867170617629029, -6.18037205477764 ], [ 106.866993599942418, -6.180176136993182 ], [ 106.86657212210028, -6.179695699365352 ], [ 106.8663358110323, -6.179417651689948 ], [ 106.865723618576808, -6.178685679371788 ], [ 106.86559421508278, -6.178531588983768 ], [ 106.865545499791892, -6.178472978096663 ], [ 106.865322078795884, -6.178204177317958 ], [ 106.865099844762668, -6.177947913744686 ], [ 106.86508372049208, -6.177929320294276 ], [ 106.864874586397406, -6.177685740211163 ], [ 106.864817738139962, -6.177621549255048 ], [ 106.864437258693101, -6.17719192133007 ], [ 106.864382477445318, -6.177121242968248 ], [ 106.864345388129038, -6.177070784590994 ], [ 106.864314058460849, -6.177016555583748 ], [ 106.864288867460857, -6.176959211940185 ], [ 106.864270119295597, -6.176899446986756 ], [ 106.8642101034322, -6.176598393690791 ], [ 106.864188161566645, -6.176464741494729 ], [ 106.864167011970196, -6.176325653447631 ], [ 106.86415085774992, -6.176185895993444 ], [ 106.864139717599826, -6.176045648995141 ], [ 106.86413360750673, -6.175905093229308 ], [ 106.864132535320337, -6.175764407692524 ], [ 106.864138318110093, -6.175098666835522 ], [ 106.864138629279736, -6.175016912011323 ], [ 106.864144728517147, -6.174935384645338 ], [ 106.864156584732953, -6.174854495333684 ], [ 106.864174139716738, -6.174774649342325 ], [ 106.864197302729238, -6.174696250242659 ], [ 106.864225959504921, -6.174619690838465 ], [ 106.864259965937649, -6.17454535590043 ], [ 106.864299148974695, -6.1744736194506 ], [ 106.864343313837693, -6.174404842928755 ], [ 106.864387669812388, -6.174340600075801 ], [ 106.864446261819893, -6.174269404113724 ], [ 106.864509784562344, -6.17420257692928 ], [ 106.86457791219658, -6.174140459624974 ], [ 106.864650298019484, -6.174083369868281 ], [ 106.86472657265179, -6.174031599185539 ], [ 106.864806345838559, -6.173985411147403 ], [ 106.865629041695982, -6.173586777945633 ], [ 106.865890075556521, -6.173453518016929 ], [ 106.865937094888366, -6.173421125467959 ], [ 106.865980213705555, -6.173383690560975 ], [ 106.866018895202984, -6.173341678106391 ], [ 106.866052656992153, -6.173295613302087 ], [ 106.866081078283869, -6.17324606904999 ], [ 106.86610380529919, -6.173193663224537 ], [ 106.866120553944626, -6.173139048717616 ], [ 106.866131116110509, -6.173082906183188 ], [ 106.866135360545826, -6.173025935896895 ], [ 106.866133232816878, -6.172968846002058 ], [ 106.866124761621478, -6.172912349775308 ], [ 106.86611436768969, -6.172870998548275 ], [ 106.866100569633801, -6.172830656538796 ], [ 106.866087161806291, -6.172799333909625 ], [ 106.866071700288856, -6.172768974171597 ], [ 106.8658894905479, -6.172398761330096 ], [ 106.865826173013687, -6.172270112324034 ], [ 106.865793920563604, -6.172204581040829 ], [ 106.865707866518406, -6.172017186493089 ], [ 106.865662129880803, -6.171917587792206 ], [ 106.865609251618679, -6.171802438237521 ], [ 106.865254924048017, -6.171009019965827 ], [ 106.865200167716978, -6.170885573134202 ], [ 106.865062795790394, -6.170575872242343 ], [ 106.865055793383561, -6.170560084003741 ], [ 106.865049257544413, -6.170536921649769 ], [ 106.86504663710771, -6.170512996035241 ], [ 106.865048002132653, -6.170488966044016 ], [ 106.865053316987527, -6.170465492738413 ], [ 106.865062434866118, -6.170443221295329 ], [ 106.865075104954997, -6.170422763802138 ], [ 106.865090978703392, -6.170404683864132 ], [ 106.86510961969438, -6.170389477582669 ], [ 106.865120567898032, -6.170384521530808 ], [ 106.866815983737141, -6.169616943631108 ], [ 106.866892493681604, -6.169582303971771 ], [ 106.866914659691801, -6.169572268807896 ], [ 106.867295261854892, -6.169399954236921 ], [ 106.868190923950792, -6.168994449031681 ], [ 106.868273186442948, -6.168957204975126 ], [ 106.870602133563608, -6.167902780499543 ], [ 106.870883942794336, -6.167781038468354 ], [ 106.870933804391143, -6.167759753183399 ], [ 106.87127918295883, -6.167614353885508 ], [ 106.872442468990101, -6.167135578213524 ], [ 106.872699409072368, -6.167034599914318 ], [ 106.872748060818665, -6.167016140610654 ], [ 106.872758455998763, -6.167012223448558 ], [ 106.872808471874905, -6.166993508895021 ], [ 106.872851456533809, -6.166977602035112 ], [ 106.872876369903565, -6.166968456659274 ], [ 106.872889842116138, -6.16696352958995 ], [ 106.872939717428494, -6.166945437577017 ], [ 106.87296541462095, -6.16693620083528 ], [ 106.872991839241934, -6.166926762621693 ], [ 106.873534198293243, -6.166732791184751 ], [ 106.874444764034351, -6.16640737869499 ], [ 106.874530875249818, -6.166380030768703 ], [ 106.875658242882835, -6.166022000533655 ], [ 106.876231565646236, -6.165858306370242 ], [ 106.876300550796159, -6.165838609758139 ], [ 106.877223600676373, -6.165584637858909 ], [ 106.877290686123985, -6.165564238075695 ], [ 106.877356661245827, -6.165540485092321 ], [ 106.877421357312599, -6.165513437369587 ], [ 106.87761175382721, -6.165429875014004 ], [ 106.877849649725277, -6.165308078742251 ], [ 106.877937541402005, -6.165260297566298 ], [ 106.878023595903997, -6.165209275153372 ], [ 106.878107692426084, -6.16515508245404 ], [ 106.878263122746702, -6.165051952624816 ], [ 106.878291633110081, -6.165033035895497 ], [ 106.878322200944211, -6.165009884114348 ], [ 106.878641807509908, -6.164767821792943 ], [ 106.878670199153817, -6.164742646955245 ], [ 106.878723969093173, -6.164694967905486 ], [ 106.878799711333372, -6.164627806557742 ], [ 106.878855465522363, -6.164581276911589 ], [ 106.878913917601977, -6.164538192500935 ], [ 106.878974855819507, -6.164498707776556 ], [ 106.879005051360707, -6.164480166634063 ], [ 106.879111658898296, -6.164419478633398 ], [ 106.879220929840073, -6.16436373595847 ], [ 106.879251715268751, -6.164348785811197 ], [ 106.879329938711138, -6.164310798859264 ], [ 106.879396440551673, -6.164276110880522 ], [ 106.879459624937681, -6.164240081989899 ], [ 106.879521440695399, -6.164201747822989 ], [ 106.879542308365814, -6.164188495368713 ], [ 106.879556449994965, -6.164179514321884 ], [ 106.87959526353977, -6.164151403099185 ], [ 106.879633891297004, -6.164115427347515 ], [ 106.879667577332498, -6.164074780112502 ], [ 106.879667600696123, -6.164074744768326 ], [ 106.879669846378988, -6.164071626579355 ], [ 106.879686449206758, -6.164049154197154 ], [ 106.879715969314205, -6.164006853501307 ], [ 106.879743988948391, -6.163963542739265 ], [ 106.879783098235436, -6.163902180430811 ], [ 106.879842312437091, -6.163807221410458 ], [ 106.879899101266247, -6.163710790854173 ], [ 106.88000090432503, -6.163536968320336 ], [ 106.880015958465535, -6.163506726632851 ], [ 106.880025780984809, -6.163474401255023 ], [ 106.880030096805811, -6.163440890975812 ], [ 106.880028270115687, -6.163427794510154 ], [ 106.880017267420769, -6.163348931058874 ], [ 106.880011591406387, -6.163321724478195 ], [ 106.879995599043099, -6.163249709459783 ], [ 106.879986964888857, -6.163210827201833 ], [ 106.879982405482338, -6.163190296525137 ], [ 106.879977872396282, -6.163165695282275 ], [ 106.87997467595666, -6.163143812618022 ], [ 106.879974159116173, -6.163139677964881 ], [ 106.879973973885612, -6.16313043099493 ], [ 106.879975114163301, -6.163121252585965 ], [ 106.879977558036501, -6.163112333590493 ], [ 106.879981254655846, -6.163103856825707 ], [ 106.879982677343079, -6.163101506448726 ], [ 106.880027910494022, -6.163026768287581 ], [ 106.880065574832997, -6.162964534059832 ], [ 106.880066120023059, -6.162963635222424 ], [ 106.880066667661453, -6.162962405458305 ], [ 106.880067038009301, -6.162961111220864 ], [ 106.880067223928734, -6.162959777851385 ], [ 106.880067199281683, -6.162958165842949 ], [ 106.88006690461809, -6.162956581007134 ], [ 106.880066349127688, -6.162955067614772 ], [ 106.880065548320644, -6.162953669010258 ], [ 106.880064525821595, -6.162952423988603 ], [ 106.880063307952526, -6.162951367718737 ], [ 106.880061931860027, -6.162950530810665 ], [ 106.880060434662013, -6.16294993573716 ], [ 106.880058858880744, -6.16294960043122 ], [ 106.880057249716756, -6.162949533774869 ] ] ] ] } },
{ "type": "Feature", "properties": { "OBJECTID_1": 35, "OBJECTID": 35, "toponimi": "Kali Petukangan", "kewenangan": "Pemprov DKI", "jenis": "Saluran Drainase Sekunder", "lebar_min": 6.0, "lebar_max": 12.0, "ked_min": 4.0, "ked_max": 6.0, "jenis_kons": "Turap batu kali", "kondisi": "Rusak sebagian", "panjang_su": 7.32, "Shape_Leng": 14441.952559, "Shape_Le_1": 14282.828028, "Shape_Area": 97836.677516800002 }, "geometry": { "type": "MultiPolygon", "coordinates": [ [ [ [ 106.921892982233899, -6.162674139425814 ], [ 106.921775586154283, -6.163371770567665 ], [ 106.921685408806766, -6.163939252290474 ], [ 106.921632932163647, -6.164269479235862 ], [ 106.921632908332867, -6.164269634831514 ], [ 106.921626259294456, -6.164311471029908 ], [ 106.921626238095627, -6.164311604917025 ], [ 106.921615281843344, -6.164380554215065 ], [ 106.921610769808808, -6.164403719733726 ], [ 106.921586611593838, -6.164535612181325 ], [ 106.921560156330401, -6.164667062658885 ], [ 106.921548838097152, -6.164716764416057 ], [ 106.921506106656537, -6.16490989069918 ], [ 106.921466091018743, -6.165103599396834 ], [ 106.921340275322734, -6.16572818688032 ], [ 106.921176197405842, -6.166454424995679 ], [ 106.921172258170998, -6.166472592251933 ], [ 106.921171804329404, -6.166474502499477 ], [ 106.921170668353483, -6.166478897034016 ], [ 106.921105724669616, -6.166766348701429 ], [ 106.921096815402649, -6.166814463180006 ], [ 106.92109190561203, -6.166863150013778 ], [ 106.921091029332104, -6.166912076361251 ], [ 106.921094517742901, -6.166963902776066 ], [ 106.921102531128753, -6.167015223739432 ], [ 106.921118446330212, -6.167091893226003 ], [ 106.921148874815771, -6.167238483424611 ], [ 106.921154957898736, -6.167303403982353 ], [ 106.921155593762549, -6.167368605478335 ], [ 106.921150778054454, -6.16743363224918 ], [ 106.921140543456062, -6.167498027593624 ], [ 106.921124962419597, -6.167561340995659 ], [ 106.921103901786793, -6.167615443934849 ], [ 106.921076882508757, -6.167687109322802 ], [ 106.921033114085517, -6.167780932875444 ], [ 106.920986104069627, -6.167873173241088 ], [ 106.920935910770837, -6.167963717193136 ], [ 106.920872832771664, -6.168069600011131 ], [ 106.920818583466129, -6.16817750335564 ], [ 106.920770263987052, -6.16828819443653 ], [ 106.920728017701123, -6.168401346347734 ], [ 106.920691968981998, -6.168516625922527 ], [ 106.920673378324921, -6.168586593711392 ], [ 106.920657072535974, -6.168657129189288 ], [ 106.920637599546311, -6.168759788860657 ], [ 106.920622963398515, -6.168863250227792 ], [ 106.920603799726891, -6.168953717542051 ], [ 106.920578902674748, -6.169042774302609 ], [ 106.920548373016857, -6.169130058495385 ], [ 106.920499870215636, -6.169294986101736 ], [ 106.920449452877861, -6.16945933745512 ], [ 106.920426304280738, -6.169533213957216 ], [ 106.920407664469721, -6.169608356250632 ], [ 106.920393600212876, -6.169684490144075 ], [ 106.920380701357189, -6.169767662078342 ], [ 106.920373275754642, -6.169851502313769 ], [ 106.920371354623597, -6.1699356481824 ], [ 106.920372123772566, -6.169969120701281 ], [ 106.920375263281187, -6.170066540788724 ], [ 106.920384790189701, -6.170249403129429 ], [ 106.920399047001141, -6.170431957277231 ], [ 106.920456531160056, -6.171026338896233 ], [ 106.920500146633984, -6.171389129633654 ], [ 106.920535226314485, -6.171731384070205 ], [ 106.920584309742139, -6.172134169862421 ], [ 106.920604286053432, -6.172327724621049 ], [ 106.920617358827229, -6.172485188046524 ], [ 106.920636777314783, -6.172641994775843 ], [ 106.920662511685023, -6.172797887238187 ], [ 106.920694517668977, -6.172952612435371 ], [ 106.920749777231293, -6.173236843046842 ], [ 106.920794502883524, -6.173571803310615 ], [ 106.92083036475816, -6.173795492162339 ], [ 106.920846323055542, -6.173863184363201 ], [ 106.92090576368102, -6.174256163489432 ], [ 106.921001027384435, -6.174861942208159 ], [ 106.921114184948777, -6.175509337333988 ], [ 106.92112493374816, -6.175568057678119 ], [ 106.921168837586563, -6.175807892182063 ], [ 106.92117462994095, -6.175836160465955 ], [ 106.921186176153512, -6.175879013222654 ], [ 106.921200125055293, -6.17591902105701 ], [ 106.921216865117842, -6.175957941995168 ], [ 106.921250733387367, -6.176024922102742 ], [ 106.921286854095342, -6.176098995980151 ], [ 106.921311302566593, -6.176149133684841 ], [ 106.921317342103208, -6.176161519191976 ], [ 106.92134245453822, -6.17621966414783 ], [ 106.921363653643596, -6.176279349401186 ], [ 106.921367671615926, -6.176292294630182 ], [ 106.921371353233937, -6.176304156122811 ], [ 106.921402455934768, -6.176404353841812 ], [ 106.921420277227298, -6.176461765659594 ], [ 106.921733962119717, -6.17737509420935 ], [ 106.921802745187705, -6.177594687455695 ], [ 106.921831639547875, -6.177686934058761 ], [ 106.921864900610132, -6.177793120056449 ], [ 106.921921396209342, -6.177973483343264 ], [ 106.92193029593362, -6.178001894972105 ], [ 106.921951385187342, -6.178078901793401 ], [ 106.921966317590176, -6.178157338588896 ], [ 106.92197499921393, -6.17823671204675 ], [ 106.92197737405246, -6.178316523293208 ], [ 106.921973429461502, -6.178396273297538 ], [ 106.921963188018552, -6.178475460189118 ], [ 106.921946715679567, -6.178553586460903 ], [ 106.921924115471626, -6.178630163512901 ], [ 106.921847208809353, -6.178876962221139 ], [ 106.921838706530465, -6.178912129991244 ], [ 106.921835219321409, -6.178948144882265 ], [ 106.92183681506927, -6.178984292389327 ], [ 106.921843464092859, -6.179019857455895 ], [ 106.921855033771251, -6.179054138055194 ], [ 106.922018392075771, -6.179504142042996 ], [ 106.922033589681092, -6.179564167149251 ], [ 106.922043630098685, -6.179625268726168 ], [ 106.922048439457512, -6.179687004020097 ], [ 106.922047983612259, -6.179748923804766 ], [ 106.922042265465763, -6.179810581432179 ], [ 106.922035891872298, -6.179867849187511 ], [ 106.922025171193795, -6.179954659593681 ], [ 106.922010298105945, -6.180040853934159 ], [ 106.921991305316979, -6.18012623408744 ], [ 106.921980752983927, -6.180169835724388 ], [ 106.921965676992613, -6.180212083967021 ], [ 106.921946243686804, -6.180252511685001 ], [ 106.92193018106309, -6.180279459360819 ], [ 106.921912180639168, -6.180305150075183 ], [ 106.921878553386918, -6.180344375089549 ], [ 106.921840426832006, -6.180379234977286 ], [ 106.921778843076311, -6.180431452992031 ], [ 106.921764032095965, -6.180444010597551 ], [ 106.921748954529718, -6.180456795198081 ], [ 106.92173248776291, -6.180472143496584 ], [ 106.92171874465798, -6.180489975526831 ], [ 106.921708092975308, -6.180509812581041 ], [ 106.921700819888443, -6.180531124707569 ], [ 106.921697118459377, -6.18055333799274 ], [ 106.921697089530142, -6.180575858061329 ], [ 106.921700733631411, -6.180598080955261 ], [ 106.921707951951163, -6.180619411212702 ], [ 106.921718551807047, -6.18063927631431 ], [ 106.921732249418596, -6.180657143851581 ], [ 106.921818240025829, -6.180762297405153 ], [ 106.921865835857446, -6.180820499282359 ], [ 106.921889552818371, -6.180850071560303 ], [ 106.921909477977195, -6.180882324717615 ], [ 106.921926600148183, -6.180920150189568 ], [ 106.921938508659309, -6.180959929341414 ], [ 106.921944989529919, -6.181000945976012 ], [ 106.921945926266019, -6.181042461844531 ], [ 106.921941807525528, -6.181367963760761 ], [ 106.921942314498835, -6.181381022021602 ], [ 106.921944925464231, -6.181393825847601 ], [ 106.921949572357192, -6.181406039150138 ], [ 106.921956132952587, -6.181417337790012 ], [ 106.921964433633548, -6.181427425841801 ], [ 106.921974255718482, -6.18143603647505 ], [ 106.922046496412875, -6.181474512483654 ], [ 106.922056856595745, -6.181480029963503 ], [ 106.922058807163907, -6.181481068982507 ], [ 106.92208536896463, -6.181497880972352 ], [ 106.922108848714402, -6.1815187880418 ], [ 106.922128623775009, -6.181543234597668 ], [ 106.922144168733752, -6.181570570666184 ], [ 106.922147424170319, -6.181577965488131 ], [ 106.922155479992796, -6.181601551205635 ], [ 106.922160431180288, -6.181625979946983 ], [ 106.922162194952293, -6.181650843347055 ], [ 106.922163457596881, -6.181666771279303 ], [ 106.922178304405321, -6.181770207397458 ], [ 106.922199814926969, -6.1818724630341 ], [ 106.922202870844842, -6.181885146806158 ], [ 106.922260600947595, -6.182103393677849 ], [ 106.922323247907642, -6.182320278306121 ], [ 106.922404001945509, -6.182589247351219 ], [ 106.922443239340652, -6.182728849714587 ], [ 106.922446212873894, -6.182738729183034 ], [ 106.922447147928509, -6.18274374188714 ], [ 106.922482461410993, -6.182888709954212 ], [ 106.922513086517327, -6.183034741048961 ], [ 106.922538992890424, -6.183181685198385 ], [ 106.922548466228747, -6.183238286228022 ], [ 106.922578648226789, -6.183402430344933 ], [ 106.922614641177233, -6.18356539614498 ], [ 106.92262157572479, -6.18359916905768 ], [ 106.922625501887893, -6.183633423001845 ], [ 106.922626451686256, -6.183659267599068 ], [ 106.922623823294046, -6.183705912790931 ], [ 106.922615637555808, -6.183751908137372 ], [ 106.922606961471701, -6.183782456471723 ], [ 106.922595829738214, -6.183812196363697 ], [ 106.922579170913238, -6.183844410053224 ], [ 106.922558678802531, -6.183874328479031 ], [ 106.922534664334378, -6.183901495740666 ], [ 106.922462260601435, -6.183979036046376 ], [ 106.922383725080735, -6.184065468910073 ], [ 106.922308150352507, -6.184154506690598 ], [ 106.922250133960844, -6.184238260514467 ], [ 106.922197933635047, -6.184325763495321 ], [ 106.922184311329431, -6.184351037884036 ], [ 106.922149496466034, -6.184425661076477 ], [ 106.922121196772693, -6.18450299477049 ], [ 106.922099622500937, -6.184582471318982 ], [ 106.922084930537281, -6.184663505185092 ], [ 106.922077229852803, -6.184745501059608 ], [ 106.922076576992637, -6.184827855685608 ], [ 106.92208297609541, -6.184909963283112 ], [ 106.92209638161961, -6.184991220059878 ], [ 106.922116692939554, -6.185071028751691 ], [ 106.922179951430138, -6.185266704813277 ], [ 106.922195167650173, -6.185313773663884 ], [ 106.92219951370403, -6.185327216745427 ], [ 106.922215739005367, -6.185388280514861 ], [ 106.922226544589265, -6.185450534739327 ], [ 106.922231727780755, -6.185510643026709 ], [ 106.922232421048989, -6.185539744311546 ], [ 106.922231508336466, -6.185578670209559 ], [ 106.922228491217027, -6.185617489804055 ], [ 106.922227039188925, -6.185633918495554 ], [ 106.922224496373587, -6.185692243781311 ], [ 106.922227687340239, -6.185750537465492 ], [ 106.922236581146834, -6.185808236389368 ], [ 106.922251092664069, -6.185864782110758 ], [ 106.922271081701211, -6.185919629044426 ], [ 106.922397420160166, -6.186228683649324 ], [ 106.922399770817279, -6.186234433513683 ], [ 106.922438350834909, -6.18633796898808 ], [ 106.922502269599207, -6.18650950781367 ], [ 106.922531512744939, -6.186667209753811 ], [ 106.922562490930744, -6.186843536710435 ], [ 106.9225896735052, -6.187020489493363 ], [ 106.922594630792148, -6.187054812023344 ], [ 106.922606970184319, -6.18711348213206 ], [ 106.922624023745911, -6.187170957999486 ], [ 106.922645679888149, -6.187226859392141 ], [ 106.922671795448949, -6.187280818848569 ], [ 106.922701729290836, -6.187338910793031 ], [ 106.922726186749898, -6.187399515237208 ], [ 106.922744960891606, -6.187462117580442 ], [ 106.922757891692157, -6.187526184969612 ], [ 106.922766162356908, -6.187572157801885 ], [ 106.922785182922411, -6.187708906535748 ], [ 106.922790963655984, -6.187758833984316 ], [ 106.922791620563999, -6.187809091007447 ], [ 106.922787147231972, -6.187859153236404 ], [ 106.922777590545607, -6.187908496109176 ], [ 106.9227630507268, -6.1879566048159 ], [ 106.922743678633324, -6.188002977020809 ], [ 106.92262536867095, -6.188229123903143 ], [ 106.922607398355794, -6.188277414106811 ], [ 106.92259417096831, -6.188327216010002 ], [ 106.922585810395034, -6.1883780626355 ], [ 106.922582395326671, -6.18842947993661 ], [ 106.922583955644413, -6.188480986810266 ], [ 106.92258460900392, -6.18850002983813 ], [ 106.922610870767528, -6.188700828597781 ], [ 106.922628058682506, -6.188778941517222 ], [ 106.922781216071982, -6.18942893722269 ], [ 106.922791243654686, -6.189472830519193 ], [ 106.922795211929724, -6.189517681534179 ], [ 106.922793047412569, -6.189562656027146 ], [ 106.922784788629855, -6.189606916639262 ], [ 106.922770590705269, -6.189649641863371 ], [ 106.922750717271512, -6.189690037826811 ], [ 106.922725537809455, -6.189727351862987 ], [ 106.922695520486386, -6.18976089061989 ], [ 106.922661223164638, -6.189790031846252 ], [ 106.922623283493749, -6.18981423256468 ], [ 106.922582407215373, -6.189833042675922 ], [ 106.922450806567824, -6.189881220090556 ], [ 106.922400378166415, -6.189901429114453 ], [ 106.922352477253938, -6.189927066388831 ], [ 106.922307685406381, -6.189957821501666 ], [ 106.922266545128508, -6.189993321797798 ], [ 106.922229556250116, -6.190033135104335 ], [ 106.921990573508538, -6.190332924299992 ], [ 106.921454225143052, -6.191012453355811 ], [ 106.921421011633697, -6.191056053014504 ], [ 106.921380885496419, -6.191108727998872 ], [ 106.92129096198272, -6.191226770740668 ], [ 106.921252574878849, -6.191279192600093 ], [ 106.921219153117733, -6.191334917335102 ], [ 106.921190977765832, -6.191393473783349 ], [ 106.921168287351662, -6.191454369237286 ], [ 106.921139858519979, -6.191571763488176 ], [ 106.921117919392458, -6.191690543776287 ], [ 106.921102535528036, -6.191810350925878 ], [ 106.921090910593634, -6.191918114169991 ], [ 106.921084439389375, -6.192026309009268 ], [ 106.921083136390607, -6.192134690372433 ], [ 106.921084899842313, -6.192622473367238 ], [ 106.921085226958454, -6.192712951657657 ], [ 106.921085812395887, -6.192874876640956 ], [ 106.921091764643222, -6.192927250978252 ], [ 106.921102788378093, -6.19297879594888 ], [ 106.921118780638949, -6.193029019176437 ], [ 106.921139587928963, -6.193077443837624 ], [ 106.921165089786797, -6.193123734937199 ], [ 106.921177553482082, -6.193143021813888 ], [ 106.921232067093172, -6.193225639580237 ], [ 106.921343839793167, -6.193376618829618 ], [ 106.921433458276454, -6.193497673071255 ], [ 106.921454731586778, -6.193531054985421 ], [ 106.921473899953938, -6.193565689503501 ], [ 106.921498874430512, -6.193620515616551 ], [ 106.921518582399131, -6.193677451142738 ], [ 106.921532849473977, -6.193735989500414 ], [ 106.921541548200111, -6.193795611280126 ], [ 106.921544601683564, -6.193855788752015 ], [ 106.921543441479514, -6.19389669106848 ], [ 106.921533126362149, -6.194148730795051 ], [ 106.921528058948041, -6.194239102927094 ], [ 106.921518089918663, -6.194329065165991 ], [ 106.921503249025704, -6.19441835159156 ], [ 106.921483580488427, -6.194506699847556 ], [ 106.921459142073886, -6.194593846624359 ], [ 106.921413633091149, -6.194733650963421 ], [ 106.921388886153395, -6.194822422670145 ], [ 106.92136617657826, -6.194911737609182 ], [ 106.921349693492829, -6.19498260753015 ], [ 106.921328932186029, -6.195067066587628 ], [ 106.921306742254927, -6.195135953643565 ], [ 106.921280184050914, -6.195203276114729 ], [ 106.921249367683998, -6.195268755131343 ], [ 106.921214419561608, -6.195332121709799 ], [ 106.921072190973064, -6.195575233762308 ], [ 106.920624581774959, -6.196434834403401 ], [ 106.920598569638088, -6.196498051982598 ], [ 106.920577827786218, -6.196563192533607 ], [ 106.920562495564241, -6.196629816146589 ], [ 106.920552677054715, -6.196697474902082 ], [ 106.920548438361038, -6.19676571107264 ], [ 106.920542339168932, -6.196961986340622 ], [ 106.920537797197184, -6.197059269557212 ], [ 106.920527679585334, -6.197156130854959 ], [ 106.920512021312291, -6.197252250951315 ], [ 106.920498964468521, -6.197304543164614 ], [ 106.920489517821892, -6.197336137708182 ], [ 106.920475256414875, -6.197365868208176 ], [ 106.920456529034567, -6.197393003771346 ], [ 106.920433797633393, -6.197416879095436 ], [ 106.920407618406685, -6.1974369080998 ], [ 106.920378633717519, -6.197452599324771 ], [ 106.920347556781337, -6.197463567740893 ], [ 106.920249951349845, -6.197481170220303 ], [ 106.92016728857044, -6.197497784597148 ], [ 106.92008598629711, -6.1975201334272 ], [ 106.920029634108175, -6.197539302481424 ], [ 106.919974293782133, -6.197561229067293 ], [ 106.919918020091856, -6.197586869562866 ], [ 106.919517558207289, -6.197780693454949 ], [ 106.919438488366794, -6.197820830947029 ], [ 106.919361761355802, -6.197865289809393 ], [ 106.919287613374308, -6.197913932665102 ], [ 106.919216270649059, -6.197966612227989 ], [ 106.919203791480172, -6.197976813463378 ], [ 106.919163536768977, -6.19801457539282 ], [ 106.919127445955795, -6.198056341088034 ], [ 106.919095913082558, -6.198101651635131 ], [ 106.919069285083438, -6.198150012125567 ], [ 106.919047851850408, -6.198200892596231 ], [ 106.919031848972864, -6.198253736156554 ], [ 106.919021451433267, -6.198307964436186 ], [ 106.919016773623312, -6.198362982105493 ], [ 106.919017865772801, -6.198418188642179 ], [ 106.919037389301621, -6.199325701911107 ], [ 106.919037512049641, -6.199331416450625 ], [ 106.919038808603418, -6.199367686217392 ], [ 106.919038809603677, -6.199367962876498 ], [ 106.919036049990751, -6.199426282703485 ], [ 106.919035272677093, -6.199433677656981 ], [ 106.919027914099601, -6.199473362910783 ], [ 106.919015360534999, -6.199511721636182 ], [ 106.918997835384303, -6.199548074929277 ], [ 106.918987959030616, -6.199564293654298 ], [ 106.918946977152189, -6.199631596055856 ], [ 106.918915780907454, -6.199682826529311 ], [ 106.918553818417564, -6.200292484224507 ], [ 106.917884736909258, -6.201426077866739 ], [ 106.917749899418638, -6.201669436229462 ], [ 106.917482854048131, -6.202151408525841 ], [ 106.917268370619425, -6.202514795998929 ], [ 106.917252278720539, -6.202542060341595 ], [ 106.917244027588524, -6.202556039084323 ], [ 106.914759376878564, -6.206723099607405 ], [ 106.91450485675243, -6.207149957940188 ], [ 106.913628714699101, -6.208619340641179 ], [ 106.911963213581629, -6.211415579810877 ], [ 106.911398792228027, -6.21234949758422 ], [ 106.911148480984593, -6.212758494022566 ], [ 106.911065937498464, -6.2128933657812 ], [ 106.910819013677752, -6.213296825732771 ], [ 106.910748104674724, -6.213419156748279 ], [ 106.910714185063512, -6.213477673484368 ], [ 106.910628647347139, -6.213630577187555 ], [ 106.910550831806901, -6.213765054836373 ], [ 106.910467420599602, -6.213896130569342 ], [ 106.910433706139045, -6.213943661377332 ], [ 106.910395818594878, -6.213987933405975 ], [ 106.910354071044026, -6.214028579350416 ], [ 106.9103261698084, -6.214051679434259 ], [ 106.910296723642844, -6.214072771600233 ], [ 106.910265020205401, -6.214092240868957 ], [ 106.910241094922213, -6.214108286119886 ], [ 106.910219872546776, -6.214127772671698 ], [ 106.910201843835821, -6.214150249398761 ], [ 106.910187425225757, -6.214175199442328 ], [ 106.910176947113868, -6.214202047485948 ], [ 106.910129951767289, -6.21432620795076 ], [ 106.910105254435081, -6.214391456975629 ], [ 106.910092944044862, -6.214423297016566 ], [ 106.910012717247199, -6.214619213632288 ], [ 106.909925877675931, -6.214812286239734 ], [ 106.909613668616956, -6.215375852249702 ], [ 106.909148843244537, -6.216137676791644 ], [ 106.909073414764833, -6.216263840465184 ], [ 106.909001026466058, -6.216391775200242 ], [ 106.908931717838158, -6.216521407620313 ], [ 106.908889616441229, -6.216603053555965 ], [ 106.908854405431541, -6.216671336860385 ], [ 106.908817452973011, -6.216742997056294 ], [ 106.908811982778587, -6.216753342897084 ], [ 106.908806067194561, -6.21676193994824 ], [ 106.908804929501045, -6.216763378009575 ], [ 106.908796149590017, -6.216772629147345 ], [ 106.908786097970918, -6.216780478953829 ], [ 106.908774996266516, -6.216786753035306 ], [ 106.908763089726321, -6.216791314886231 ], [ 106.908755527370403, -6.216793214654832 ], [ 106.908743219808812, -6.216794802457396 ], [ 106.908730811825947, -6.216794598634005 ], [ 106.908718562731778, -6.216792607672874 ], [ 106.908622197315211, -6.216757945012983 ], [ 106.9086146741775, -6.216756189234542 ], [ 106.908606966701484, -6.216755677302428 ], [ 106.908599277308937, -6.216756422047586 ], [ 106.908591810111162, -6.216758403746182 ], [ 106.908584763681404, -6.216761570145639 ], [ 106.908578322023615, -6.216765837401394 ], [ 106.908568882953531, -6.216777447083597 ], [ 106.908546517551372, -6.216804954678955 ], [ 106.908328276448316, -6.217073373841736 ], [ 106.908288191641404, -6.21712625567786 ], [ 106.908253406994916, -6.217182771066613 ], [ 106.908224248549914, -6.217242388106157 ], [ 106.908200990756541, -6.217304548860893 ], [ 106.908182111403832, -6.217364777047026 ], [ 106.908159939821118, -6.21742324954412 ], [ 106.908132677427488, -6.217479525301278 ], [ 106.908100539455702, -6.217533161420547 ], [ 106.908063777355082, -6.217583736572173 ], [ 106.907996768005574, -6.217670600672631 ], [ 106.907901090670492, -6.217801531687128 ], [ 106.907824317925957, -6.21788299268073 ], [ 106.907813661666921, -6.217894299349849 ], [ 106.907770999073549, -6.217939133767923 ], [ 106.907745226286622, -6.21796905412786 ], [ 106.907745204685241, -6.21796907680914 ], [ 106.907728346439029, -6.217989990571008 ], [ 106.907688667112026, -6.218044108691689 ], [ 106.907652617824183, -6.218100711822643 ], [ 106.907527155414968, -6.21831399290589 ], [ 106.907488591014754, -6.218376907819974 ], [ 106.907446367960347, -6.218437424621972 ], [ 106.90740063455462, -6.218495330304832 ], [ 106.90738266652825, -6.218516663067438 ], [ 106.907352562048061, -6.218554233551223 ], [ 106.907326443185411, -6.218594681060901 ], [ 106.907304581259211, -6.218637581483684 ], [ 106.907287204147792, -6.218682490068361 ], [ 106.907172968091785, -6.219023130973665 ], [ 106.907157180601288, -6.219065153257318 ], [ 106.907136110964998, -6.219104787809496 ], [ 106.907110112764045, -6.219141373336982 ], [ 106.907079618369536, -6.219174300701646 ], [ 106.907047130066559, -6.219199972369506 ], [ 106.906993702736003, -6.21923283966121 ], [ 106.906990516946536, -6.219234799565834 ], [ 106.906940241852794, -6.219267679887117 ], [ 106.906938037849557, -6.219269310760068 ], [ 106.906921253075495, -6.219282302245546 ], [ 106.906896651637368, -6.219303353352186 ], [ 106.9068730036918, -6.219326503124086 ], [ 106.906863043773768, -6.219336253975703 ], [ 106.906831626182935, -6.219369229872775 ], [ 106.906802011456989, -6.219403834837126 ], [ 106.906799748407806, -6.219406630445302 ], [ 106.906795249641149, -6.219412284852263 ], [ 106.906767182795292, -6.219450717750052 ], [ 106.906741909067065, -6.219491044668835 ], [ 106.90672481681122, -6.219522505972458 ], [ 106.906704499774989, -6.219559900078118 ], [ 106.906691271399495, -6.219588534680072 ], [ 106.906670180248298, -6.21963224061542 ], [ 106.906654013166914, -6.219677999241572 ], [ 106.906642965125897, -6.219725259238311 ], [ 106.906637169579341, -6.21977344690398 ], [ 106.906636696706883, -6.219821979723757 ], [ 106.906641553429793, -6.219870270890344 ], [ 106.906657187307545, -6.220012975151315 ], [ 106.906643496844325, -6.220015677291268 ], [ 106.906633897990915, -6.220017571738309 ], [ 106.906630497943539, -6.220018242219014 ], [ 106.906614678158277, -6.21987383885728 ], [ 106.906609604796699, -6.219822843307552 ], [ 106.906610128427928, -6.219771597906698 ], [ 106.906616243131722, -6.21972071658245 ], [ 106.90662787520894, -6.219670808082173 ], [ 106.906644886775936, -6.219622470535127 ], [ 106.906667072115042, -6.219576281520116 ], [ 106.906680266417993, -6.219547718467865 ], [ 106.90668698790185, -6.219535346472618 ], [ 106.906748776721429, -6.219413944408973 ], [ 106.906769193261681, -6.219373828506671 ], [ 106.9067953869462, -6.219333816522856 ], [ 106.906825890808562, -6.219296990514086 ], [ 106.906827986027892, -6.219294756073762 ], [ 106.906831152442834, -6.219291431000014 ], [ 106.906834350596, -6.219288138360477 ], [ 106.906841721443485, -6.219280717762155 ], [ 106.906854086827451, -6.2192688317096 ], [ 106.906868438610246, -6.219255852624229 ], [ 106.906913955251824, -6.21921974274573 ], [ 106.906962746272484, -6.219188205900394 ], [ 106.906982627257534, -6.219175975367449 ], [ 106.90701603297606, -6.219155425916854 ], [ 106.907044019470675, -6.219133310179058 ], [ 106.90706928092321, -6.219105629398332 ], [ 106.907090808381781, -6.219074951336067 ], [ 106.907108248581466, -6.219041774540481 ], [ 106.90712131889326, -6.219006643415506 ], [ 106.90723576771353, -6.218665365235195 ], [ 106.907249770598369, -6.218627785068271 ], [ 106.907280346495909, -6.218566096066353 ], [ 106.907308889212771, -6.218522098323175 ], [ 106.907341670287636, -6.21848116475341 ], [ 106.907359153419762, -6.218460406962179 ], [ 106.907402943280999, -6.218404953975665 ], [ 106.907443366835537, -6.218346998749649 ], [ 106.907480282068775, -6.218286744322968 ], [ 106.907605939353701, -6.218073131631085 ], [ 106.907634308248007, -6.218027794589841 ], [ 106.907664888676862, -6.21798392149097 ], [ 106.907695664070914, -6.217944008689669 ], [ 106.907728270710535, -6.217905579285843 ], [ 106.907774869383971, -6.217856396252094 ], [ 106.907828446782375, -6.217799548106572 ], [ 106.90785933372625, -6.217766775732626 ], [ 106.907902160769254, -6.217708168984651 ], [ 106.907953428778029, -6.217638009503951 ], [ 106.908021136863056, -6.217550240561618 ], [ 106.908055105984431, -6.217503570496421 ], [ 106.908084806875976, -6.217454071444004 ], [ 106.908110006943232, -6.217402132117183 ], [ 106.908130507998166, -6.217348161899434 ], [ 106.908149315005701, -6.217288163624163 ], [ 106.908174376623307, -6.217221131224434 ], [ 106.908205794935228, -6.217156836186419 ], [ 106.908243276684672, -6.217095882624251 ], [ 106.908286470667264, -6.217038839599891 ], [ 106.908530130899919, -6.216739156013865 ], [ 106.90853935949562, -6.216727805673969 ], [ 106.908549158165954, -6.21671996040134 ], [ 106.908559846801211, -6.216713383123608 ], [ 106.908571264035885, -6.216708172069602 ], [ 106.908587084096609, -6.216703532801105 ], [ 106.908603445740596, -6.216701512653447 ], [ 106.908619918204764, -6.216702163813515 ], [ 106.908636069571585, -6.216705468854247 ], [ 106.908690373279185, -6.21671780309812 ], [ 106.908695314750389, -6.216718926265929 ], [ 106.908702694488241, -6.216719499053203 ], [ 106.908710061475006, -6.216718790732228 ], [ 106.908717197150665, -6.216716822887395 ], [ 106.908723886699335, -6.216713653254823 ], [ 106.908729931707569, -6.216709378389032 ], [ 106.908735149231362, -6.21670412552916 ], [ 106.90873938443805, -6.216698050745003 ], [ 106.908744739531443, -6.216686852724502 ], [ 106.908800357081873, -6.21657899422399 ], [ 106.908840037881902, -6.216502042242677 ], [ 106.908851492269903, -6.216479828861087 ], [ 106.908911670823557, -6.216366810285888 ], [ 106.908974156830695, -6.216255053681679 ], [ 106.90901348343661, -6.216187371230133 ], [ 106.909071804641087, -6.216090446571109 ], [ 106.90918160999081, -6.215910481373934 ], [ 106.909515015102215, -6.215320674182498 ], [ 106.909804159063626, -6.21475262295679 ], [ 106.909865635558916, -6.214617561509041 ], [ 106.909923803726599, -6.214481040993595 ], [ 106.909978628622028, -6.214343141100662 ], [ 106.910002533061899, -6.21427998619647 ], [ 106.910027204445427, -6.214214803269181 ], [ 106.910037094302083, -6.214188675231132 ], [ 106.910048848286564, -6.214157620179177 ], [ 106.910060572058526, -6.214126705376774 ], [ 106.910075369744604, -6.214097141090632 ], [ 106.910093089761105, -6.214069232560267 ], [ 106.910123391998681, -6.214032496752906 ], [ 106.910158728520912, -6.214000582569484 ], [ 106.910198342886204, -6.213974172648093 ], [ 106.910232457534462, -6.213952418072395 ], [ 106.910264082324488, -6.213927177121648 ], [ 106.91029724189039, -6.213894870268636 ], [ 106.910327308396376, -6.213859663289129 ], [ 106.910354030841901, -6.213821850932896 ], [ 106.910428264442416, -6.213705710252024 ], [ 106.910470031561374, -6.213635686325358 ], [ 106.910510180794887, -6.213564719811223 ], [ 106.910548990516091, -6.213495344886089 ], [ 106.91065949862886, -6.213297805365816 ], [ 106.910711089866354, -6.21321350769503 ], [ 106.910888744120285, -6.212923231200051 ], [ 106.911066100915718, -6.212633439486119 ], [ 106.911283029481282, -6.212278988744553 ], [ 106.911847030736126, -6.211345766943817 ], [ 106.913512325929943, -6.208549874136387 ], [ 106.91413065207, -6.207512877863204 ], [ 106.91448925577464, -6.206911461822203 ], [ 106.914582337411645, -6.206755352828973 ], [ 106.9146367626808, -6.206664075865356 ], [ 106.915549878545434, -6.205132676410171 ], [ 106.915610358735336, -6.205031243164726 ], [ 106.917127501875271, -6.202486805053107 ], [ 106.917368491552566, -6.202078510407993 ], [ 106.918456660501704, -6.200234880562085 ], [ 106.918868415875181, -6.199541356654522 ], [ 106.918885895128042, -6.199492305070679 ], [ 106.918897430800357, -6.19944152371487 ], [ 106.918902858354144, -6.19938973015516 ], [ 106.918902101844949, -6.199337657912862 ], [ 106.918890570768568, -6.198801680046198 ], [ 106.91888920138004, -6.198738007363779 ], [ 106.918884533110514, -6.198520997701241 ], [ 106.91888318764498, -6.198458441527599 ], [ 106.918882453678876, -6.198424344143347 ], [ 106.918881449460869, -6.198355220061938 ], [ 106.918887640200495, -6.198286366486788 ], [ 106.918900958134472, -6.198218532280683 ], [ 106.918921257756921, -6.198152453025648 ], [ 106.918948320323523, -6.198088847390067 ], [ 106.918981851105471, -6.198028407193277 ], [ 106.919021485674307, -6.197971786533282 ], [ 106.919066793518908, -6.197919602677874 ], [ 106.919117282510427, -6.197872421582443 ], [ 106.919131651477343, -6.197860674684075 ], [ 106.919218491129257, -6.197796883368227 ], [ 106.919309117971324, -6.197738606161455 ], [ 106.919403182290552, -6.197686068550952 ], [ 106.919459081728377, -6.197658349963825 ], [ 106.919565532916778, -6.197606828021936 ], [ 106.919624243074495, -6.19757841210864 ], [ 106.919858878008839, -6.197464848608052 ], [ 106.919920356686319, -6.197436812323451 ], [ 106.91998316748149, -6.197411906718467 ], [ 106.920047149813342, -6.19739019475865 ], [ 106.920136287157661, -6.197365763386967 ], [ 106.920226893271803, -6.197347526274624 ], [ 106.920316638606565, -6.197331341016094 ], [ 106.920327136918743, -6.197326993019162 ], [ 106.920336856325633, -6.19732110359644 ], [ 106.920345572368319, -6.197313809179974 ], [ 106.920353084194304, -6.19730527866478 ], [ 106.92035921905503, -6.197295707967895 ], [ 106.920363834102787, -6.197285317309385 ], [ 106.920366824508363, -6.197274347566532 ], [ 106.920379636469676, -6.197223035408133 ], [ 106.920393717657177, -6.197135481285541 ], [ 106.920402803240975, -6.197047267165082 ], [ 106.920406864444402, -6.196958678854291 ], [ 106.920412970909155, -6.1967621521992 ], [ 106.920418014891951, -6.196682264349157 ], [ 106.920429635570869, -6.196603066033039 ], [ 106.920447752691047, -6.196525099113443 ], [ 106.920472243504662, -6.196448896565315 ], [ 106.920502940951252, -6.196374978866025 ], [ 106.920953560414844, -6.195509595438324 ], [ 106.921097714990736, -6.195263192644592 ], [ 106.921108372142768, -6.19524482560337 ], [ 106.921128835171473, -6.19520677277318 ], [ 106.921147623778182, -6.195167864377223 ], [ 106.921164993102678, -6.195127454849784 ], [ 106.921180555656392, -6.195086315005522 ], [ 106.921201147385275, -6.1950209046782 ], [ 106.921217176784097, -6.194954227925158 ], [ 106.921226352676555, -6.194913979179206 ], [ 106.921253735607948, -6.194803419345324 ], [ 106.921284132488211, -6.194693650554013 ], [ 106.921329992655387, -6.194552769034937 ], [ 106.92135730002677, -6.194452545443114 ], [ 106.921377743679869, -6.194350698496651 ], [ 106.921391229548618, -6.194247695968811 ], [ 106.92139769431877, -6.194144015466521 ], [ 106.921408100812698, -6.193889745818457 ], [ 106.921408532697143, -6.193834306895318 ], [ 106.921402876594229, -6.19377915493367 ], [ 106.921391201780636, -6.193724959638826 ], [ 106.921373647942758, -6.193672375090746 ], [ 106.92135042969025, -6.193622038823623 ], [ 106.92132182657285, -6.193574559204396 ], [ 106.921250576236545, -6.193471962138688 ], [ 106.921207878902877, -6.193410479826341 ], [ 106.921180750618717, -6.193369365319486 ], [ 106.921076155439991, -6.193210847648047 ], [ 106.92104929487158, -6.193167562256767 ], [ 106.921025839498043, -6.193122337839768 ], [ 106.921005372326775, -6.19305279246707 ], [ 106.920990398331426, -6.192981859258216 ], [ 106.920981011223091, -6.192909970951167 ], [ 106.920977267702469, -6.192837568554952 ], [ 106.920977207637847, -6.192820954557704 ], [ 106.920976884476261, -6.19273156662326 ], [ 106.920976753579325, -6.192695359573265 ], [ 106.920976694790838, -6.192679098180357 ], [ 106.920976648586461, -6.192666317626021 ], [ 106.920976445299488, -6.192610086260824 ], [ 106.920974729742724, -6.192135524092727 ], [ 106.920976090694353, -6.192022675227817 ], [ 106.920982799652023, -6.191910018565774 ], [ 106.920994841262811, -6.191797806414151 ], [ 106.921011114478219, -6.191671852505944 ], [ 106.921034292798353, -6.191546986578939 ], [ 106.921064306218639, -6.191423587715811 ], [ 106.921087540843459, -6.191359788049174 ], [ 106.92111599322233, -6.191298140298761 ], [ 106.921149465247652, -6.191239072832882 ], [ 106.921187498752246, -6.191183297952527 ], [ 106.921330825060778, -6.190973116818751 ], [ 106.921408201435924, -6.190866175161839 ], [ 106.921488756446848, -6.190761610693372 ], [ 106.921511856373868, -6.190732789423363 ], [ 106.922128061993476, -6.18996398358756 ], [ 106.922136859457908, -6.189953007291432 ], [ 106.922169070141223, -6.189917422710665 ], [ 106.922204437850255, -6.189884979380257 ], [ 106.922259840465813, -6.189842792965965 ], [ 106.922318815770282, -6.189805774246075 ], [ 106.922380885148641, -6.189774226026298 ], [ 106.922445542714541, -6.189748404196559 ], [ 106.922464148555065, -6.189742195084531 ], [ 106.922510841387151, -6.189723996802644 ], [ 106.922555246630225, -6.189700759977801 ], [ 106.922596822355715, -6.189672766852571 ], [ 106.922608910036587, -6.189663293948517 ], [ 106.922628987675836, -6.189642888355215 ], [ 106.922645380055002, -6.189619414852786 ], [ 106.922657629725919, -6.189593533301513 ], [ 106.922665390593892, -6.189565968255156 ], [ 106.922666967424078, -6.189556331804272 ], [ 106.92266892407649, -6.189528568080234 ], [ 106.922667101742391, -6.189500796345729 ], [ 106.922661533888629, -6.18947352730991 ], [ 106.922580969458693, -6.189143192361481 ], [ 106.922572003900669, -6.189106429657397 ], [ 106.922527564982914, -6.188924219541977 ], [ 106.92247553215843, -6.188643589444589 ], [ 106.922465282678729, -6.188560295159777 ], [ 106.922459583900391, -6.188476565784279 ], [ 106.922458452981417, -6.188392649891158 ], [ 106.922464633064806, -6.188336145007856 ], [ 106.922476162570064, -6.188280486905338 ], [ 106.92249293581213, -6.188226179564132 ], [ 106.922514800096792, -6.18817371809358 ], [ 106.922541556588257, -6.188123578783238 ], [ 106.922626742195462, -6.187957869665862 ], [ 106.922642661040868, -6.187914873312886 ], [ 106.922652573060091, -6.187870105832787 ], [ 106.922656294279221, -6.187824405111447 ], [ 106.922653754601029, -6.187778622183984 ], [ 106.922650444095538, -6.187757514715561 ], [ 106.922624528751484, -6.187592274829737 ], [ 106.922607922974748, -6.187520978698458 ], [ 106.92258636597181, -6.187451023228176 ], [ 106.922559961972965, -6.187382751607875 ], [ 106.922528843187209, -6.187316499692174 ], [ 106.922501234598059, -6.187257872207844 ], [ 106.922479635556485, -6.187196770974698 ], [ 106.922464265097801, -6.187133810006073 ], [ 106.92245527819442, -6.187069625246142 ], [ 106.922425643862681, -6.18686294283462 ], [ 106.922383205799477, -6.186585568912013 ], [ 106.922376586975702, -6.186539941782446 ], [ 106.922334221072731, -6.186432238430275 ], [ 106.922175023522698, -6.186042804852461 ], [ 106.922108135211246, -6.185880194975022 ], [ 106.92209226804556, -6.185824494988003 ], [ 106.922081602754233, -6.185767566454012 ], [ 106.922076230535623, -6.185709897271489 ], [ 106.922076197424786, -6.185651977310519 ], [ 106.922081503400122, -6.185594301128274 ], [ 106.922085434900737, -6.185540264504358 ], [ 106.922084186733926, -6.185486099252597 ], [ 106.922077771532088, -6.185432300787476 ], [ 106.922066246190255, -6.185379363459035 ], [ 106.922049718153886, -6.185327770584772 ], [ 106.921913982664051, -6.185001098519245 ], [ 106.921896172251124, -6.184946119800708 ], [ 106.921884368209717, -6.184889544361878 ], [ 106.921878707511084, -6.184832027199121 ], [ 106.921879253990824, -6.184774234422783 ], [ 106.921886002833304, -6.184716834199665 ], [ 106.921898876041766, -6.184660493152808 ], [ 106.921954787687227, -6.184502735240176 ], [ 106.922016013968545, -6.184346965260798 ], [ 106.922082482352849, -6.184193362493388 ], [ 106.922125024556422, -6.184118643538597 ], [ 106.922173399607487, -6.184047566995623 ], [ 106.922227297477875, -6.183980588760141 ], [ 106.922286372806596, -6.183918136827526 ], [ 106.922438491708803, -6.183771362211377 ], [ 106.922456155700388, -6.183745810098405 ], [ 106.922469212764256, -6.183717620144085 ], [ 106.922477281934093, -6.183687616481107 ], [ 106.922480126978385, -6.183656676061641 ], [ 106.922477665339386, -6.183625702405348 ], [ 106.922475588245092, -6.183615149738498 ], [ 106.922445190289466, -6.183460746533731 ], [ 106.922396089199893, -6.183192021964211 ], [ 106.922389152185744, -6.1831540575261 ], [ 106.922345235264402, -6.182936207390862 ], [ 106.922294585272425, -6.182719826389691 ], [ 106.922237250846862, -6.182505122291188 ], [ 106.922193487848489, -6.182359357467044 ], [ 106.922129900409274, -6.182139197851695 ], [ 106.92207131015023, -6.181917653099564 ], [ 106.922068133176211, -6.181904467974028 ], [ 106.922054569366139, -6.181844361039626 ], [ 106.922043130559857, -6.181783812438183 ], [ 106.922043114928115, -6.181783736548184 ], [ 106.922028536475295, -6.181679556256641 ], [ 106.92202778871102, -6.181670117177978 ], [ 106.922027343880828, -6.181664513208404 ], [ 106.92202480569081, -6.181651099740124 ], [ 106.922020253084497, -6.181638229703402 ], [ 106.922013793754857, -6.181626205590746 ], [ 106.922005577772197, -6.181615307138223 ], [ 106.92199579848436, -6.1816057904182 ], [ 106.921984682540256, -6.181597877025799 ], [ 106.921863612574015, -6.181544935275647 ], [ 106.921846961056673, -6.181533888306641 ], [ 106.921832464290631, -6.181520131113558 ], [ 106.921820557391825, -6.181504075308577 ], [ 106.921811598046233, -6.181486205113964 ], [ 106.921805854684152, -6.181467054801671 ], [ 106.921803501027384, -6.181447199671777 ], [ 106.921806596141693, -6.181343623597803 ], [ 106.921809124424215, -6.181143839753122 ], [ 106.9218095813048, -6.18110773817149 ], [ 106.921810460678515, -6.18103827101675 ], [ 106.921809735756, -6.181010131822294 ], [ 106.921804483870574, -6.180982478237331 ], [ 106.921794842244367, -6.180956034874133 ], [ 106.921781065428092, -6.180931495180461 ], [ 106.921763512578551, -6.180909500690651 ], [ 106.921691434197513, -6.180821360399434 ], [ 106.921678173463334, -6.180805144928574 ], [ 106.921661391110291, -6.180784622276186 ], [ 106.921629184789325, -6.180745239265587 ], [ 106.921607449298762, -6.180717004241658 ], [ 106.921589572786971, -6.180686176698519 ], [ 106.921575859786003, -6.180653281737007 ], [ 106.921566542684346, -6.180618879979641 ], [ 106.921562539222549, -6.180592453293092 ], [ 106.921561136578546, -6.180565761336718 ], [ 106.921562374389808, -6.180538773227092 ], [ 106.921566269997413, -6.180512038610139 ], [ 106.921576215429766, -6.180475235477083 ], [ 106.921591184604154, -6.180440176324516 ], [ 106.921610884577262, -6.180407544826238 ], [ 106.921634933698442, -6.180377976153815 ], [ 106.921662861573779, -6.180352047031215 ], [ 106.921754154655233, -6.180274639367722 ], [ 106.921760974820998, -6.180269007323519 ], [ 106.921766260186104, -6.180264394352861 ], [ 106.921793393727711, -6.180236647189626 ], [ 106.921816585323285, -6.180205524710001 ], [ 106.92183541961171, -6.180171582645138 ], [ 106.921849560922254, -6.180135429781306 ], [ 106.921858755022484, -6.180097711679404 ], [ 106.921876860702426, -6.180017086816247 ], [ 106.921890995827397, -6.179935671636822 ], [ 106.921901125865844, -6.179853659748655 ], [ 106.921907781199849, -6.179793852187134 ], [ 106.921913075545717, -6.179731659037895 ], [ 106.921911792434912, -6.179669254594915 ], [ 106.921903946116544, -6.179607332270288 ], [ 106.921889624003541, -6.179546582499052 ], [ 106.921779427635812, -6.179243021919829 ], [ 106.921736302848132, -6.179124226494461 ], [ 106.921728657326781, -6.179103164491687 ], [ 106.9217129208877, -6.179056276448117 ], [ 106.921703197046781, -6.179007781738717 ], [ 106.921699639436895, -6.178958447411791 ], [ 106.921702303284306, -6.17890905804957 ], [ 106.921711148040515, -6.178860394059586 ], [ 106.921717945725277, -6.178836268209431 ], [ 106.921742879662474, -6.178756252466919 ], [ 106.921795265028152, -6.178588141659119 ], [ 106.921814837099888, -6.178522331936033 ], [ 106.921829176424737, -6.178455184937826 ], [ 106.921838193264392, -6.178387116886522 ], [ 106.921841833135105, -6.178318550205413 ], [ 106.921840071374405, -6.178249909922194 ], [ 106.9218329212583, -6.178181620023181 ], [ 106.921820424974015, -6.178114105294147 ], [ 106.921801063308095, -6.178042687853156 ], [ 106.92179112537633, -6.178010960926653 ], [ 106.92168156878941, -6.17766119886286 ], [ 106.92165769093441, -6.177584967883945 ], [ 106.921605212148719, -6.177417427696201 ], [ 106.921291470803553, -6.176503934664553 ], [ 106.921254337490183, -6.176384305540607 ], [ 106.921211763138473, -6.176247149685267 ], [ 106.921190961306664, -6.17618013413882 ], [ 106.921187855519747, -6.176170128542819 ], [ 106.921160904050595, -6.176095264785983 ], [ 106.921128143283042, -6.176022758268207 ], [ 106.921119516762232, -6.176005697822408 ], [ 106.921097360386369, -6.175953855682441 ], [ 106.921079399889678, -6.175900411645473 ], [ 106.921066453507066, -6.175849059729399 ], [ 106.921057381483578, -6.175796881915206 ], [ 106.921041097276543, -6.175631320167605 ], [ 106.920993005361353, -6.175261909622501 ], [ 106.92088769407269, -6.174629078675753 ], [ 106.920797156715395, -6.174068810103646 ], [ 106.920773465144137, -6.17389499775868 ], [ 106.920750821931918, -6.173748621860257 ], [ 106.920723366694176, -6.173603072518299 ], [ 106.920713722954616, -6.173557409158779 ], [ 106.920639631686967, -6.173206559953424 ], [ 106.920614114839736, -6.173085730546203 ], [ 106.920570646065144, -6.172812211928363 ], [ 106.920506396779516, -6.172372647670072 ], [ 106.920424312646517, -6.171814052531198 ], [ 106.920339847647739, -6.171185246902692 ], [ 106.920252922107565, -6.170544352844685 ], [ 106.920213142240158, -6.170239620236833 ], [ 106.920156006428513, -6.169805309256421 ], [ 106.920158097301893, -6.169766794953022 ], [ 106.920368122200003, -6.168885294182529 ], [ 106.920373460805322, -6.168868889441457 ], [ 106.920380991477785, -6.168853370977042 ], [ 106.920390573430794, -6.168839028617521 ], [ 106.920402026064721, -6.168826134252089 ], [ 106.920448761316919, -6.168787512303551 ], [ 106.920510399455267, -6.16873657484301 ], [ 106.920516442593453, -6.16873068255517 ], [ 106.920521523287675, -6.168723940242498 ], [ 106.92052552104721, -6.168716503849373 ], [ 106.920528345254255, -6.16870854639076 ], [ 106.920529111555808, -6.168705351155869 ], [ 106.920554801650198, -6.168598191826663 ], [ 106.920558821101821, -6.168578965543342 ], [ 106.920571358490093, -6.168508808921949 ], [ 106.920586045124608, -6.168437933002753 ], [ 106.920605104257248, -6.16836810818552 ], [ 106.920628460063881, -6.168299602365196 ], [ 106.92065602406683, -6.168232681674008 ], [ 106.920688871346712, -6.168165357676695 ], [ 106.920725976202618, -6.168100287683568 ], [ 106.92072679346029, -6.168098951149545 ], [ 106.920785405557794, -6.16800470427956 ], [ 106.92084212543682, -6.167909304238904 ], [ 106.920894089408236, -6.167815260361447 ], [ 106.92094248818799, -6.167719329772209 ], [ 106.920987254514387, -6.167621648333272 ], [ 106.921010409376464, -6.167563837252417 ], [ 106.921028103731857, -6.167504124596623 ], [ 106.921040183156805, -6.167443026274941 ], [ 106.921046544761396, -6.167381069764003 ], [ 106.921047132656568, -6.167318789603704 ], [ 106.921041942457663, -6.167256723764502 ], [ 106.920996330586831, -6.167036990223603 ], [ 106.920987056868995, -6.166978353992263 ], [ 106.92098277492029, -6.166919142817338 ], [ 106.920983517883244, -6.166859780615258 ], [ 106.920989278262141, -6.166800695065409 ], [ 106.921000015120626, -6.166742309446978 ], [ 106.921226387131355, -6.165740349393088 ], [ 106.921243915328162, -6.165657573086514 ], [ 106.921336916430917, -6.165195887351121 ], [ 106.921355155606477, -6.165105342040918 ], [ 106.921359803487888, -6.165082269154915 ], [ 106.921400112188124, -6.164887146247536 ], [ 106.921443154771126, -6.164692609306697 ], [ 106.921454263149343, -6.164643832322674 ], [ 106.921492624976111, -6.164448682088996 ], [ 106.921525850483022, -6.164252591101296 ], [ 106.921668606242193, -6.16335424011075 ], [ 106.921683180162418, -6.16326763284678 ], [ 106.92170157667141, -6.163158311903987 ], [ 106.921776889115961, -6.162710761897165 ], [ 106.921777367082612, -6.162708025192149 ], [ 106.921782522851018, -6.162678483266681 ], [ 106.921783390251846, -6.162673511061767 ], [ 106.921783156309786, -6.162673519138179 ], [ 106.921786158130104, -6.162655682563329 ], [ 106.921799727039385, -6.16259479860789 ], [ 106.921818676202321, -6.162535371694516 ], [ 106.92184285646556, -6.162477877027149 ], [ 106.921864386143994, -6.162436163493397 ], [ 106.921888671214319, -6.162395994218976 ], [ 106.921968030077863, -6.16226830859788 ], [ 106.921968333799697, -6.162267859960439 ], [ 106.922064039392197, -6.162319239962177 ], [ 106.922026286978351, -6.162379981458113 ], [ 106.922016800598513, -6.162395244760975 ], [ 106.921992938246717, -6.162433638618723 ], [ 106.92198008196462, -6.162454324362193 ], [ 106.921950072818518, -6.1625056838513 ], [ 106.921925395343337, -6.162559811538856 ], [ 106.92190629959083, -6.162616155006726 ], [ 106.921892982233899, -6.162674139425814 ] ] ] ] } },
{ "type": "Feature", "properties": { "OBJECTID_1": 36, "OBJECTID": 36, "toponimi": "Kali Tiram", "kewenangan": "Pemprov DKI", "jenis": "Saluran Drainase Sekunder", "lebar_min": 12.0, "lebar_max": 20.0, "ked_min": 2.0, "ked_max": 4.0, "jenis_kons": "Turap batu kali, Tanah", "kondisi": "Rusak sebagian", "panjang_su": 7.13, "Shape_Leng": 16347.075426, "Shape_Le_1": 16213.252223400001, "Shape_Area": 98866.406608100006 }, "geometry": { "type": "MultiPolygon", "coordinates": [ [ [ [ 106.958385221119215, -6.109859025215451 ], [ 106.958387251355049, -6.109861680419273 ], [ 106.958377546452198, -6.10985761473646 ], [ 106.958367365235858, -6.109854957581479 ], [ 106.958356912036123, -6.10985376245653 ], [ 106.958346394687538, -6.109854053015435 ], [ 106.958336023625961, -6.10985582306702 ], [ 106.958325760462188, -6.109859196614014 ], [ 106.958315781972843, -6.109864350217825 ], [ 106.958267375911902, -6.109893246461005 ], [ 106.958222173074248, -6.109926941795491 ], [ 106.958180647297098, -6.109965085510353 ], [ 106.958143232487942, -6.110007275505853 ], [ 106.958110320870844, -6.11005307276552 ], [ 106.958088823792963, -6.110089457361195 ], [ 106.958069608652011, -6.110128661697177 ], [ 106.958053553667014, -6.110169264932281 ], [ 106.958040759078457, -6.110211012646913 ], [ 106.958036930232112, -6.110226431702 ], [ 106.958028182138278, -6.110272875084443 ], [ 106.958010995239221, -6.110364126094907 ], [ 106.958002597440228, -6.110408535765716 ], [ 106.957990679400169, -6.110452130999672 ], [ 106.957971940175014, -6.110502739840674 ], [ 106.957948459631325, -6.110551327186871 ], [ 106.957920452932527, -6.11059744833681 ], [ 106.957888175980315, -6.110640683755575 ], [ 106.957851922698424, -6.110680637276451 ], [ 106.957598612167686, -6.110817221412811 ], [ 106.957565905203069, -6.110834856736632 ], [ 106.957522215938411, -6.110861301008167 ], [ 106.957481620601698, -6.110892294335931 ], [ 106.957444590288901, -6.110927476977951 ], [ 106.957411553469598, -6.110966441429694 ], [ 106.957382895093758, -6.111008735139556 ], [ 106.957330432442717, -6.111124138618253 ], [ 106.957280180907006, -6.111240524045931 ], [ 106.957266423930974, -6.111272731496475 ], [ 106.957239605057552, -6.111351442352642 ], [ 106.957218957615197, -6.11143199591293 ], [ 106.957204605400136, -6.11151390802803 ], [ 106.957196634242678, -6.111596686549598 ], [ 106.957195092020356, -6.111679834946735 ], [ 106.95719998865782, -6.111762852305946 ], [ 106.957211294349776, -6.111845241474639 ], [ 106.957293045670397, -6.112205044964186 ], [ 106.957307108746875, -6.112269210802021 ], [ 106.957315957969726, -6.112334303354371 ], [ 106.957319535787775, -6.112399896996346 ], [ 106.957317818073165, -6.112465566885283 ], [ 106.957310687258371, -6.112531770929134 ], [ 106.957305912406156, -6.112560282222256 ], [ 106.957296097871421, -6.112605828108843 ], [ 106.957278468719679, -6.112667133957888 ], [ 106.957263578826371, -6.112714933289587 ], [ 106.957241585737862, -6.112777155527732 ], [ 106.957229337561785, -6.112814184531508 ], [ 106.95722895857142, -6.112815282596293 ], [ 106.957228317932802, -6.112816959339824 ], [ 106.957222019135045, -6.112832512164723 ], [ 106.957168367204233, -6.112984301370575 ], [ 106.957151900811965, -6.113038229977978 ], [ 106.957142090951564, -6.113093759927992 ], [ 106.957139082776848, -6.113150070664645 ], [ 106.957142920238269, -6.113206331151017 ], [ 106.957153547025385, -6.113261710715101 ], [ 106.957170806609469, -6.113315390803188 ], [ 106.957194444099187, -6.113366578534788 ], [ 106.957240087116716, -6.113458082599191 ], [ 106.957269874997181, -6.113541085214003 ], [ 106.957293543158045, -6.113626038583032 ], [ 106.957310965308153, -6.113712492017612 ], [ 106.957322048550012, -6.113799987474414 ], [ 106.957326735179549, -6.113888057740666 ], [ 106.957324998203077, -6.113976235491489 ], [ 106.957316848559799, -6.114064052359502 ], [ 106.957302328809291, -6.114151041670109 ], [ 106.957292807085778, -6.114201097096569 ], [ 106.957255442907851, -6.114362601319638 ], [ 106.957213478789583, -6.114522970470957 ], [ 106.957199379113177, -6.114578432877548 ], [ 106.957190631639733, -6.114634989646522 ], [ 106.957187316686316, -6.114692123334595 ], [ 106.957189463974686, -6.114749313066219 ], [ 106.957197055350903, -6.114806037235985 ], [ 106.957210019375509, -6.114861776240761 ], [ 106.957228239492224, -6.114916023299146 ], [ 106.95730756255459, -6.11514580378227 ], [ 106.957319880351733, -6.115188016045773 ], [ 106.957325157040628, -6.115231673417547 ], [ 106.957323253783173, -6.115275607391414 ], [ 106.957314218694577, -6.115318643354906 ], [ 106.957298295981317, -6.115359629487606 ], [ 106.957275910701256, -6.115397468460299 ], [ 106.957247661649589, -6.115431148200712 ], [ 106.957214304292606, -6.115459768174913 ], [ 106.957172532619524, -6.115490017274029 ], [ 106.957147391597431, -6.115512246899432 ], [ 106.957125853832423, -6.115537990324031 ], [ 106.957108404073949, -6.115566667152076 ], [ 106.957095434706488, -6.115597633132466 ], [ 106.956989665270868, -6.115879833864622 ], [ 106.956970608565953, -6.115927876237961 ], [ 106.95694708506521, -6.115973892505093 ], [ 106.956919307332683, -6.116017467809208 ], [ 106.956887525048231, -6.116058209760797 ], [ 106.956852025014186, -6.116095750245946 ], [ 106.956767776458264, -6.116180693591328 ], [ 106.956711888869208, -6.116240116375202 ], [ 106.956608345998632, -6.116386027195565 ], [ 106.956590883480359, -6.11641220149523 ], [ 106.956557719781998, -6.116470503565997 ], [ 106.956530349478953, -6.116531743679565 ], [ 106.956509029726504, -6.116595348598212 ], [ 106.956493959779763, -6.116660719979812 ], [ 106.956485281932984, -6.116727244319614 ], [ 106.956483077922883, -6.11679429748394 ], [ 106.956487367135153, -6.116861248333133 ], [ 106.956498110260114, -6.116927470461718 ], [ 106.95651520657627, -6.116992340400112 ], [ 106.956584680493947, -6.117237457103037 ], [ 106.956601426775151, -6.117309391208883 ], [ 106.956612436794046, -6.117382425721939 ], [ 106.956617641140397, -6.117456103416928 ], [ 106.956617007417549, -6.117529961508863 ], [ 106.956610539365528, -6.117603538889111 ], [ 106.956559511939446, -6.118060975400279 ], [ 106.956525417335271, -6.118289241687137 ], [ 106.956518721679473, -6.118385418112762 ], [ 106.956518156839053, -6.118393530935806 ], [ 106.956516450307049, -6.118418043941823 ], [ 106.956508876328769, -6.11846843585739 ], [ 106.956496454573298, -6.11851785544091 ], [ 106.956479302572276, -6.118565835743738 ], [ 106.95645758126652, -6.118611924124566 ], [ 106.956431495925713, -6.118655686766698 ], [ 106.95636792115009, -6.118784602149213 ], [ 106.956363189205589, -6.118790393940604 ], [ 106.956357559857523, -6.118795315632753 ], [ 106.956351189776356, -6.118799230134186 ], [ 106.956344257409498, -6.118802027397283 ], [ 106.956336956681412, -6.118803630770135 ], [ 106.956329490661062, -6.118803994307193 ], [ 106.956322068871714, -6.118803108203781 ], [ 106.956212597615945, -6.118774989715304 ], [ 106.956209812936933, -6.118774273862905 ], [ 106.956200848516943, -6.118772934091434 ], [ 106.956191785365235, -6.118773008706769 ], [ 106.956182843870437, -6.118774495097631 ], [ 106.956174243396219, -6.118777357204399 ], [ 106.956166193248777, -6.118781525552116 ], [ 106.956158889970268, -6.118786898164337 ], [ 106.956152598273832, -6.118793241720384 ], [ 106.955908787047875, -6.11903906243515 ], [ 106.955894110308748, -6.11905386013126 ], [ 106.955865582208247, -6.119087123200784 ], [ 106.955840445543728, -6.119123022954215 ], [ 106.955818943846594, -6.119161214038827 ], [ 106.955801281729265, -6.119201329544999 ], [ 106.955773875931627, -6.119291842173561 ], [ 106.955770577952663, -6.11930273424563 ], [ 106.955757734836681, -6.119352549565223 ], [ 106.955748319698117, -6.119403126313069 ], [ 106.955742376842878, -6.11945422835496 ], [ 106.955737409703019, -6.119565484491954 ], [ 106.955736710623682, -6.119581146218819 ], [ 106.955729888184365, -6.119625349492835 ], [ 106.955716078295453, -6.119667888445921 ], [ 106.955702143195523, -6.119696613963477 ], [ 106.955662336307299, -6.11977867224829 ], [ 106.955643592307737, -6.119818113618195 ], [ 106.955621444518044, -6.119855746513272 ], [ 106.955589179289646, -6.119899872519516 ], [ 106.955552244639705, -6.119940164030901 ], [ 106.955511092219339, -6.119976128469369 ], [ 106.955466224456828, -6.120007326414218 ], [ 106.955418190964224, -6.120033377039965 ], [ 106.955367577708117, -6.120053960868061 ], [ 106.955315004326124, -6.120068827009804 ], [ 106.955261112384406, -6.120077793208972 ], [ 106.955079624543515, -6.1200884104054 ], [ 106.955001831099409, -6.120088693778616 ], [ 106.954926524332237, -6.120088968083036 ], [ 106.954679782912137, -6.120089866763084 ], [ 106.954564103337276, -6.120090376654254 ], [ 106.954448509502669, -6.120085899135622 ], [ 106.954333216417609, -6.120076441560294 ], [ 106.954218436421115, -6.120062022140615 ], [ 106.954104383685035, -6.120042666315376 ], [ 106.954073841791967, -6.120036597013666 ], [ 106.953979744631326, -6.12002009511006 ], [ 106.953884745895067, -6.12001002650518 ], [ 106.953789283832762, -6.120006436618 ], [ 106.953693797495433, -6.120009342837506 ], [ 106.953399884567318, -6.120026997633566 ], [ 106.953364381258538, -6.12003095033321 ], [ 106.953330085947414, -6.120040958889918 ], [ 106.953298022759228, -6.120056723028696 ], [ 106.953275145014047, -6.120072747573371 ], [ 106.953254631877314, -6.120091710913753 ], [ 106.953236856948735, -6.120113266320115 ], [ 106.953225725409226, -6.120130540090534 ], [ 106.953216359859766, -6.120148832695908 ], [ 106.953208207604462, -6.120169914588814 ], [ 106.953202400318233, -6.120191760962709 ], [ 106.953197539224419, -6.120214232250383 ], [ 106.953195328993672, -6.120224450419625 ], [ 106.953174598104127, -6.120313521128526 ], [ 106.953148978536589, -6.120401307710004 ], [ 106.953118549710069, -6.120487543162279 ], [ 106.953083403695956, -6.120571962245573 ], [ 106.953051251198488, -6.120645210088543 ], [ 106.953009909679082, -6.120746063144956 ], [ 106.952975057971585, -6.120849342725936 ], [ 106.952955697620723, -6.120935511683828 ], [ 106.952941023201276, -6.121022602056724 ], [ 106.952931078959409, -6.121110360532195 ], [ 106.952925892862766, -6.121198528432202 ], [ 106.952925481139786, -6.121286848025415 ], [ 106.952937738042991, -6.121861795477078 ], [ 106.952940481822154, -6.121890780333174 ], [ 106.952947180492615, -6.121919112491681 ], [ 106.952952752129534, -6.121934835498322 ], [ 106.952958521995924, -6.12194917991798 ], [ 106.952976065772148, -6.121985065325555 ], [ 106.952997246029099, -6.122018928560393 ], [ 106.953013811751305, -6.122044176138166 ], [ 106.953027629210382, -6.122071028570593 ], [ 106.953044010094274, -6.122112029145769 ], [ 106.953056020006144, -6.122154518427437 ], [ 106.953064613725687, -6.122208195860073 ], [ 106.953065141423536, -6.122214212606194 ], [ 106.953077376451319, -6.122320892044056 ], [ 106.953104983094832, -6.12268697819622 ], [ 106.953116647363913, -6.122803369855422 ], [ 106.953131683987863, -6.122919374028447 ], [ 106.953150080864773, -6.123034891306196 ], [ 106.953163550400319, -6.123115621865819 ], [ 106.953176499797564, -6.12320807340331 ], [ 106.953185002424192, -6.123301041103099 ], [ 106.953189037624085, -6.123394309862937 ], [ 106.953209621208501, -6.124125343286707 ], [ 106.95321233739071, -6.124148209209037 ], [ 106.953217848127622, -6.12417176564048 ], [ 106.953226008952697, -6.124194537597976 ], [ 106.95323726352467, -6.124233960147822 ], [ 106.953242047183466, -6.124274679250323 ], [ 106.95324221479477, -6.124283018158539 ], [ 106.953241177984722, -6.124306916680316 ], [ 106.953240827874964, -6.124312235031306 ], [ 106.953239061347901, -6.124339400954887 ], [ 106.953215395894091, -6.124703331188026 ], [ 106.953209990879884, -6.124849994942665 ], [ 106.95320949768994, -6.124882297003541 ], [ 106.95321145581083, -6.124914544026966 ], [ 106.953216338645177, -6.124949243196212 ], [ 106.953230460351151, -6.12503838049055 ], [ 106.953238258287612, -6.125128293035616 ], [ 106.95323992540537, -6.125189070335228 ], [ 106.953239845872645, -6.125208686213609 ], [ 106.953236406010774, -6.125278458126498 ], [ 106.953227155197823, -6.125347697889104 ], [ 106.953218015805191, -6.125442366267833 ], [ 106.95321568235498, -6.125537447446692 ], [ 106.95321798295673, -6.126170183742763 ], [ 106.953214798106558, -6.126301880893534 ], [ 106.953206360717815, -6.12643334583608 ], [ 106.953183321516889, -6.126715039493433 ], [ 106.953146416952379, -6.127363617595595 ], [ 106.95312894687072, -6.127967263821748 ], [ 106.953128791764414, -6.127992915818896 ], [ 106.953128563167354, -6.128030647908349 ], [ 106.953127145447738, -6.12826446697857 ], [ 106.953127144797662, -6.12826453659747 ], [ 106.953127034319635, -6.128282838010951 ], [ 106.953123859821773, -6.128410143859112 ], [ 106.953116488015112, -6.128537275138901 ], [ 106.953104926522897, -6.128664093494376 ], [ 106.95309973733238, -6.12870487695208 ], [ 106.953093563323776, -6.128752549706587 ], [ 106.953081583036237, -6.128869276096863 ], [ 106.953073708575644, -6.128986352786487 ], [ 106.953069948444806, -6.129103633277856 ], [ 106.953069166056395, -6.129147795613381 ], [ 106.953063604387523, -6.129318108769061 ], [ 106.9530521540091, -6.129488126947078 ], [ 106.953034827721197, -6.129657645773118 ], [ 106.953016999946499, -6.12979384723283 ], [ 106.953002644594591, -6.129955420758147 ], [ 106.952993732104758, -6.130117385817853 ], [ 106.952990273560289, -6.130279559739878 ], [ 106.952986727033462, -6.130666315107913 ], [ 106.952983639487726, -6.13082766131915 ], [ 106.952974326485474, -6.130988767126674 ], [ 106.95297022057126, -6.131026875898126 ], [ 106.952960180458618, -6.131063864408979 ], [ 106.952944456626085, -6.131098813169671 ], [ 106.952923437938693, -6.131130852816108 ], [ 106.952897649023797, -6.131159187626236 ], [ 106.952867730458166, -6.131183111866227 ], [ 106.952834425297851, -6.131202031538399 ], [ 106.952798563761803, -6.13121547528634 ], [ 106.952062198402118, -6.131295950351486 ], [ 106.952042498127625, -6.131298096163137 ], [ 106.951997183488288, -6.131306797888844 ], [ 106.951953148373633, -6.131320594137216 ], [ 106.951910963916205, -6.131339305622262 ], [ 106.951871175733345, -6.131362691671454 ], [ 106.951698331368249, -6.131469552660449 ], [ 106.951094342158427, -6.131852929832751 ], [ 106.950540225872643, -6.132212251907673 ], [ 106.950515783364651, -6.132228102296112 ], [ 106.950499342648953, -6.132239835152392 ], [ 106.950487458086741, -6.132248316505255 ], [ 106.950280696734339, -6.132395871840703 ], [ 106.948704361729824, -6.133397932377969 ], [ 106.948603768185947, -6.13345754943598 ], [ 106.948500193240037, -6.133511809609686 ], [ 106.948393919080701, -6.133560562691406 ], [ 106.948285239708767, -6.133603677416891 ], [ 106.948174451871452, -6.133641032457268 ], [ 106.948061861424875, -6.133672527245201 ], [ 106.947492391058134, -6.133798505385603 ], [ 106.947322344091248, -6.133838427376411 ], [ 106.947153569339335, -6.133883439376475 ], [ 106.946986221110336, -6.133933499238157 ], [ 106.946302967196843, -6.134153832848941 ], [ 106.94618229348535, -6.134192746917916 ], [ 106.945831073216553, -6.134311792306939 ], [ 106.945699083172713, -6.13435653012607 ], [ 106.945174869958848, -6.134560742967258 ], [ 106.944808490742119, -6.134703469229984 ], [ 106.94478650790532, -6.134714423768316 ], [ 106.944766714147349, -6.134728969637199 ], [ 106.944749688754356, -6.134746682511246 ], [ 106.944735931172275, -6.134767041614738 ], [ 106.944725844826195, -6.134789451479033 ], [ 106.944719724520127, -6.134813254645985 ], [ 106.944717751095808, -6.134837753386047 ], [ 106.944744252170437, -6.140107773067384 ], [ 106.944744810593733, -6.140218846975016 ], [ 106.944745269715057, -6.140310021674769 ], [ 106.944745331985487, -6.140322452123806 ], [ 106.94474684510709, -6.140333175754445 ], [ 106.944749691421194, -6.140343623304113 ], [ 106.944753826975486, -6.140353631287741 ], [ 106.944761223961208, -6.140366008853606 ], [ 106.944770581436686, -6.140376975201903 ], [ 106.94478163813551, -6.14038622388324 ], [ 106.944794083273649, -6.140393493834035 ], [ 106.944807566528397, -6.140398581093704 ], [ 106.944775521451703, -6.140392600238625 ], [ 106.944751670285541, -6.140387104035649 ], [ 106.944745651699577, -6.140385912592706 ], [ 106.944655230074389, -6.140368009814769 ], [ 106.944606247933223, -6.140358313123621 ], [ 106.944555551875865, -6.140348276381289 ], [ 106.944490394214114, -6.14033537552327 ], [ 106.944501517101827, -6.140335232929083 ], [ 106.944512477324736, -6.140333328805805 ], [ 106.944522997736371, -6.140329710270711 ], [ 106.944532813097297, -6.14032446960357 ], [ 106.944541673668525, -6.140317738808885 ], [ 106.944549356944691, -6.140309686860845 ], [ 106.944555669457372, -6.14030051879276 ], [ 106.944560450352114, -6.140290465738629 ], [ 106.944562891139114, -6.140282757423603 ], [ 106.944564428678078, -6.140274818225972 ], [ 106.944561842159217, -6.139760613137092 ], [ 106.944561007986394, -6.139594678520117 ], [ 106.944537093587471, -6.134838681639514 ], [ 106.944540439047813, -6.134790485577376 ], [ 106.944550898154418, -6.134743320591962 ], [ 106.944568239844585, -6.134698234487842 ], [ 106.944592079312528, -6.134656224997205 ], [ 106.944621888800029, -6.134618226178864 ], [ 106.944657004717939, -6.134585079460794 ], [ 106.944696650179523, -6.13455751999668 ], [ 106.944739945780995, -6.134536160352746 ], [ 106.945628836114849, -6.134237010978605 ], [ 106.945689897115855, -6.13421646100821 ], [ 106.945984517402024, -6.134116600573734 ], [ 106.946042668260006, -6.134096890219614 ], [ 106.94613978482765, -6.134063972896687 ], [ 106.946945072008873, -6.133804288224566 ], [ 106.94711640301341, -6.133753024996614 ], [ 106.947289194405585, -6.133706932464855 ], [ 106.947463290074367, -6.133666053687473 ], [ 106.948030685308055, -6.133540535224238 ], [ 106.948136050910634, -6.133510968082196 ], [ 106.9482397291534, -6.133475934463828 ], [ 106.948341439456357, -6.133435530323609 ], [ 106.94844090309887, -6.133389866075144 ], [ 106.948537848636349, -6.133339065667374 ], [ 106.948632011906682, -6.133283268392714 ], [ 106.950204990718774, -6.132283341394619 ], [ 106.950382460963809, -6.132156690940199 ], [ 106.950439580020031, -6.132115928113492 ], [ 106.950457487225833, -6.132104316495824 ], [ 106.951021222603373, -6.131738755475442 ], [ 106.951626444645925, -6.131354594573094 ], [ 106.951798122762483, -6.131248454823178 ], [ 106.951844330784894, -6.131221129685892 ], [ 106.951893015622474, -6.131198520408393 ], [ 106.951943698435159, -6.131180849337481 ], [ 106.951995881233415, -6.131168289163661 ], [ 106.952049050501216, -6.131160965620283 ], [ 106.952769989051646, -6.131082176970834 ], [ 106.952786542475991, -6.131074139665556 ], [ 106.95280148088024, -6.131063390489141 ], [ 106.952814367320741, -6.131050246569078 ], [ 106.952824821107413, -6.131035093540235 ], [ 106.952832535833238, -6.13101837553385 ], [ 106.952837285660976, -6.131000585209483 ], [ 106.952838930670424, -6.130982243844988 ], [ 106.952843973651028, -6.130909222127022 ], [ 106.952849437501683, -6.130787519737441 ], [ 106.952851234496933, -6.130665708657896 ], [ 106.952854783557527, -6.130278629579133 ], [ 106.952858368401223, -6.130111433752939 ], [ 106.952867589686804, -6.129944455166513 ], [ 106.95288243906343, -6.129777882810827 ], [ 106.952900385518518, -6.129640774089239 ], [ 106.952917192080591, -6.129476117648347 ], [ 106.952928298934424, -6.129310978389825 ], [ 106.95293369144342, -6.129145552557779 ], [ 106.952933858676715, -6.129136150099313 ], [ 106.952939301778329, -6.129014430611307 ], [ 106.952949480140063, -6.128893016636378 ], [ 106.952950810037379, -6.128880421142243 ], [ 106.952950820511703, -6.128880320747772 ], [ 106.952982157694564, -6.12858336887755 ], [ 106.953020214141702, -6.128222749454831 ], [ 106.953023430386096, -6.128175459970817 ], [ 106.95302624879524, -6.128134024246042 ], [ 106.953032272294124, -6.128045460009946 ], [ 106.953034588100024, -6.128003423978788 ], [ 106.953036341270248, -6.127971601929848 ], [ 106.953039457797772, -6.127915023974589 ], [ 106.953039768014534, -6.127908673273726 ], [ 106.953041014833175, -6.127883168284111 ], [ 106.953056162632862, -6.12735973687705 ], [ 106.953093203187336, -6.126708780439857 ], [ 106.953116342749752, -6.126425857719267 ], [ 106.953124548018209, -6.126298119457655 ], [ 106.953127654326991, -6.126170154756202 ], [ 106.95312535637899, -6.125538119102552 ], [ 106.95312624625717, -6.125469832886592 ], [ 106.953130424537747, -6.125401669406118 ], [ 106.953137881858638, -6.125333786914936 ], [ 106.953146344614012, -6.125271392331675 ], [ 106.953149521591797, -6.125207820861482 ], [ 106.953149293700818, -6.12516650291993 ], [ 106.95314625097771, -6.12510450646062 ], [ 106.953139973584101, -6.125042754138106 ], [ 106.95312758903188, -6.124966075487156 ], [ 106.953123698407865, -6.124941674141497 ], [ 106.953119498831413, -6.124893907174404 ], [ 106.953119749965651, -6.124845955833598 ], [ 106.953125177339345, -6.124698726921348 ], [ 106.953151123698731, -6.12429977305542 ], [ 106.953151566855638, -6.124294208447202 ], [ 106.953151005687133, -6.124281222937507 ], [ 106.953148234325738, -6.1242685239425 ], [ 106.953143333626443, -6.124256487277804 ], [ 106.953136448497503, -6.124245466827121 ], [ 106.953112073467921, -6.124215158475021 ], [ 106.953107253222271, -6.124206120452565 ], [ 106.953103657619494, -6.12419652827112 ], [ 106.953101345973451, -6.124186547167048 ], [ 106.953100360462173, -6.124176349671961 ], [ 106.953100360966332, -6.124171518101248 ], [ 106.9531004406618, -6.123457055885026 ], [ 106.953098734504479, -6.123396449593976 ], [ 106.953094898980098, -6.123307415861445 ], [ 106.953086793797823, -6.123218669810719 ], [ 106.953074439574081, -6.123130415694972 ], [ 106.953061040206563, -6.123050099860524 ], [ 106.95304223269541, -6.122931942256502 ], [ 106.953026863986395, -6.122813287526365 ], [ 106.953014946184624, -6.122694235983396 ], [ 106.952987437369217, -6.122329452275428 ], [ 106.952975217263486, -6.122222897542986 ], [ 106.952971155033183, -6.122190527071178 ], [ 106.95296393515801, -6.122158713271886 ], [ 106.952955453517831, -6.122134637831123 ], [ 106.952943861324457, -6.122111898234842 ], [ 106.952929362368266, -6.122090895166306 ], [ 106.95291443185279, -6.122074175537989 ], [ 106.952904487146554, -6.122062348893131 ], [ 106.952903058858681, -6.122060800828932 ], [ 106.952890562349282, -6.122044735957685 ], [ 106.952868476090373, -6.122009873355208 ], [ 106.952851060431698, -6.121972454103331 ], [ 106.952838605777842, -6.121933100078352 ], [ 106.95283211995546, -6.121898958227933 ], [ 106.952829373686413, -6.121864313642709 ], [ 106.952828165074038, -6.121807615806348 ], [ 106.952825528000403, -6.121683926723543 ], [ 106.952823258891854, -6.121577483125238 ], [ 106.95281711455894, -6.121289219694232 ], [ 106.952817310628021, -6.121203445049166 ], [ 106.952819215369217, -6.121156371897792 ], [ 106.952825882207151, -6.121071505843481 ], [ 106.952836686702398, -6.12098706684275 ], [ 106.952851604300363, -6.1209032584103 ], [ 106.952870599594135, -6.120820280483827 ], [ 106.952894658149077, -6.120746116394887 ], [ 106.952921864092303, -6.120673051101816 ], [ 106.952952169128949, -6.120601217684603 ], [ 106.952984356582661, -6.120527891059182 ], [ 106.953015845795449, -6.120452574314491 ], [ 106.953043316084432, -6.120375698138344 ], [ 106.95306623241288, -6.120299169439964 ], [ 106.953089251306295, -6.120202137842618 ], [ 106.95309638306145, -6.120169173315463 ], [ 106.953109566274165, -6.120123641321841 ], [ 106.953129415670659, -6.120080600306812 ], [ 106.953155483138161, -6.120041021107848 ], [ 106.953187179372861, -6.1200057973223 ], [ 106.953223790966575, -6.119975724450891 ], [ 106.953252451810755, -6.11995780283291 ], [ 106.953282864790495, -6.119943054595763 ], [ 106.953282934200516, -6.119943015466387 ], [ 106.953319240362191, -6.119930317099021 ], [ 106.953356821194404, -6.119922136453558 ], [ 106.953395117111839, -6.119918595812828 ], [ 106.953432094523734, -6.119916374545512 ], [ 106.953542812725416, -6.119909724165382 ], [ 106.953687069400715, -6.119901058476179 ], [ 106.953710716788592, -6.119899722918063 ], [ 106.953779760233814, -6.119897944549351 ], [ 106.953782361642695, -6.119897938696219 ], [ 106.953843961107154, -6.11989911763942 ], [ 106.953914034135067, -6.119903514197669 ], [ 106.953983828098586, -6.119911155711186 ], [ 106.954045485798034, -6.119920655852258 ], [ 106.954095545980877, -6.11993030037417 ], [ 106.954125142358478, -6.119936181447533 ], [ 106.954238023354577, -6.119955242281118 ], [ 106.954351638472403, -6.119969266328525 ], [ 106.954415816822163, -6.119974931953416 ], [ 106.954546909388554, -6.119981501212042 ], [ 106.954678166409337, -6.119981379422951 ], [ 106.955033156492803, -6.119980086468151 ], [ 106.955076261955298, -6.119979929452251 ], [ 106.955098402811132, -6.119978634580905 ], [ 106.955162282293983, -6.119974897554385 ], [ 106.955251856251508, -6.119969657409783 ], [ 106.955254955820891, -6.119969280857753 ], [ 106.955300871404475, -6.119960689994946 ], [ 106.955345412103995, -6.119946607149492 ], [ 106.955387926506589, -6.119927239024164 ], [ 106.955427790580359, -6.11990286997554 ], [ 106.955464419400386, -6.119873857450622 ], [ 106.955497276158326, -6.119840625625288 ], [ 106.955525880285194, -6.119803663566287 ], [ 106.955540973404979, -6.119779660516406 ], [ 106.95555426521328, -6.119754613453832 ], [ 106.95557105855336, -6.119714289548639 ], [ 106.955583193163989, -6.119672324480006 ], [ 106.955590513835247, -6.119629256758742 ], [ 106.955599754342245, -6.119459369800558 ], [ 106.955597561311492, -6.119129038685813 ], [ 106.955599190820266, -6.119107926306813 ], [ 106.955603731334193, -6.119087244528335 ], [ 106.955611093076769, -6.119067393293968 ], [ 106.955621134723259, -6.119048755556997 ], [ 106.955629231086334, -6.119037173346559 ], [ 106.955780684362267, -6.118820546583316 ], [ 106.955833332999561, -6.118764564873064 ], [ 106.955890450493541, -6.118713159755998 ], [ 106.955951640695119, -6.118666686180918 ], [ 106.956016479336299, -6.118625466650987 ], [ 106.956030617086697, -6.118617450837458 ], [ 106.956164876088536, -6.118541322024364 ], [ 106.956204746225367, -6.118510958692473 ], [ 106.956240383039201, -6.118475714128192 ], [ 106.956271193400781, -6.118436172740214 ], [ 106.95629666484102, -6.118392992780097 ], [ 106.956316374527617, -6.118346890939718 ], [ 106.956329994658176, -6.118298635098609 ], [ 106.956333122914216, -6.118282308140979 ], [ 106.956353505728416, -6.118175913313512 ], [ 106.956427623080302, -6.117586957729791 ], [ 106.956430544725293, -6.117563742212869 ], [ 106.956434511944323, -6.11753221773751 ], [ 106.956436904836906, -6.117495994013485 ], [ 106.956437007658081, -6.11745969183934 ], [ 106.956432753686713, -6.117401195188961 ], [ 106.95642395993562, -6.117343207818947 ], [ 106.956410680077354, -6.1172860821357 ], [ 106.956342108402012, -6.11704414456567 ], [ 106.956322820880629, -6.116971603997282 ], [ 106.956309829510403, -6.116897673475197 ], [ 106.956303230216733, -6.116822899637439 ], [ 106.95630354641402, -6.116769755835413 ], [ 106.956309274311224, -6.116716921414209 ], [ 106.956324112602772, -6.116647950710416 ], [ 106.956342424307351, -6.116579821737045 ], [ 106.956364161278898, -6.116512708258522 ], [ 106.95636956313696, -6.116497643294354 ], [ 106.956384554774147, -6.116458425371352 ], [ 106.956413595115237, -6.11639516482123 ], [ 106.956447679623295, -6.116334478881162 ], [ 106.956486583939252, -6.116276768888398 ], [ 106.956530049314807, -6.116222418223097 ], [ 106.956535909630276, -6.116216186545919 ], [ 106.956621919433744, -6.116124737165239 ], [ 106.95666097650178, -6.116083208361743 ], [ 106.956663734353867, -6.1160802771369 ], [ 106.956663862122824, -6.116080141055015 ], [ 106.956750759290742, -6.115992527281954 ], [ 106.956783614307056, -6.115957150932609 ], [ 106.956811965696758, -6.115918066061566 ], [ 106.956835400032006, -6.115875842860411 ], [ 106.956853574513374, -6.115831099180991 ], [ 106.956959299295576, -6.115549017056721 ], [ 106.956975999925064, -6.115508327350182 ], [ 106.956997423889533, -6.11546991777536 ], [ 106.957023267880857, -6.115434337327225 ], [ 106.957053162499221, -6.115402092748214 ], [ 106.957086682165837, -6.115373642163508 ], [ 106.95712955923014, -6.115342591620323 ], [ 106.957145133382681, -6.11532919655088 ], [ 106.957158288038755, -6.115313414408355 ], [ 106.957168660749502, -6.115295675965394 ], [ 106.957175968759614, -6.115276468663086 ], [ 106.957180011648006, -6.11525631761501 ], [ 106.957180677610992, -6.115235774735024 ], [ 106.957177950632456, -6.115215403341312 ], [ 106.957171903198542, -6.115195761908987 ], [ 106.957092522663729, -6.114965815243523 ], [ 106.957070368551584, -6.114899069639772 ], [ 106.957054612964214, -6.114830528667584 ], [ 106.957045398126283, -6.114760802987862 ], [ 106.957042803993531, -6.114690518858021 ], [ 106.957046856329669, -6.114620303636874 ], [ 106.957057516767293, -6.114550784916585 ], [ 106.957074691824147, -6.11448258596933 ], [ 106.95711512776515, -6.114327957147998 ], [ 106.957151178027942, -6.114172244911004 ], [ 106.95716055085677, -6.114122970271578 ], [ 106.957173326694758, -6.114046983085597 ], [ 106.957180581865515, -6.11397027102639 ], [ 106.957182276275063, -6.113893233855745 ], [ 106.957178402362857, -6.113816275737232 ], [ 106.957168980565598, -6.113739799828224 ], [ 106.95715406021074, -6.113664205564191 ], [ 106.957133717709809, -6.113589888665432 ], [ 106.957108061968029, -6.113517238405008 ], [ 106.95706606672411, -6.113433047033531 ], [ 106.95703888905058, -6.113374818328542 ], [ 106.957017996963998, -6.113314045165417 ], [ 106.957003622360091, -6.113251406590931 ], [ 106.956995926746416, -6.113187599990332 ], [ 106.95699499490317, -6.113123336589782 ], [ 106.957000837563569, -6.113059333309591 ], [ 106.957013389574684, -6.112996303729762 ], [ 106.957032511674313, -6.112934949946481 ], [ 106.957121157364085, -6.11268415991269 ], [ 106.957126422511777, -6.112669263620051 ], [ 106.957137835687689, -6.112632622808951 ], [ 106.95714088652538, -6.112622829236344 ], [ 106.957157140175084, -6.112565539025183 ], [ 106.957160832125183, -6.112548981285425 ], [ 106.957169378832987, -6.112498807360365 ], [ 106.957174092079072, -6.112448129343051 ], [ 106.957174907931019, -6.11239551083668 ], [ 106.957171591730969, -6.112342991461628 ], [ 106.957164165431379, -6.112290894808566 ], [ 106.95715267355925, -6.11223954257765 ], [ 106.957069622503766, -6.111874018048669 ], [ 106.957057670555415, -6.111791506456694 ], [ 106.957051387903604, -6.111708369369464 ], [ 106.957050804869354, -6.111624997252779 ], [ 106.957055922866274, -6.111541779773413 ], [ 106.957066718026852, -6.11145910940232 ], [ 106.957083141166336, -6.111377371469636 ], [ 106.957105113286261, -6.111296949605581 ], [ 106.957132532787369, -6.111218222097817 ], [ 106.957147136140122, -6.111184030663378 ], [ 106.957199860259692, -6.111062021719082 ], [ 106.957254963772357, -6.110941070057029 ], [ 106.957277036667023, -6.110906026876581 ], [ 106.957301401358052, -6.110872539459415 ], [ 106.957334657088566, -6.110826206631464 ], [ 106.957372385171297, -6.110783444117758 ], [ 106.957414206900054, -6.110744682748314 ], [ 106.957455139160203, -6.110713444091412 ], [ 106.957498730102628, -6.110686043638681 ], [ 106.957544620147772, -6.110662706917861 ], [ 106.957691175132055, -6.110587601370765 ], [ 106.95771675167758, -6.110562734732406 ], [ 106.957738078374305, -6.110534134232228 ], [ 106.957754620395335, -6.110502517872762 ], [ 106.957765959718543, -6.110468681888426 ], [ 106.957771813105879, -6.110433477173188 ], [ 106.957772031124534, -6.110397788489617 ], [ 106.95776661071973, -6.110362514532717 ], [ 106.957755686086927, -6.110328541744043 ], [ 106.957751939769381, -6.110319951887849 ], [ 106.957733950519611, -6.110278703243538 ], [ 106.957716016677125, -6.110219895696796 ], [ 106.957703327103047, -6.110162070802361 ], [ 106.957695209548831, -6.110103427312028 ], [ 106.957691714102793, -6.110044326687601 ], [ 106.957692861059286, -6.109985134115747 ], [ 106.957698645418361, -6.109926213971048 ], [ 106.957709455304254, -6.109865999827872 ], [ 106.95771347756353, -6.109850361274094 ], [ 106.957722367344175, -6.109815802789589 ], [ 106.957736766689294, -6.109779921420643 ], [ 106.957756387721091, -6.109745522761348 ], [ 106.957784499129033, -6.109709821101859 ], [ 106.957817902463404, -6.109679023043222 ], [ 106.957827295928325, -6.109671958484372 ], [ 106.957877470071978, -6.109634224505366 ], [ 106.957942232539793, -6.109585519377045 ], [ 106.95794730129758, -6.109581707276655 ], [ 106.957974613139001, -6.109557638981115 ], [ 106.957998520937736, -6.109530181825098 ], [ 106.958018609121424, -6.109499811979642 ], [ 106.958037732965295, -6.109451396018964 ], [ 106.958050690221484, -6.109400973697154 ], [ 106.958056354818609, -6.109361047514689 ], [ 106.958058144948751, -6.109320760237828 ], [ 106.958056044818349, -6.109280488033127 ], [ 106.958125311805347, -6.109423618365579 ], [ 106.958199173388408, -6.109564428272766 ], [ 106.958251479722477, -6.109659518145691 ], [ 106.958308889412578, -6.109751611283849 ], [ 106.958371230747105, -6.109840433461588 ], [ 106.958385221119215, -6.109859025215451 ] ] ], [ [ [ 106.940601155065011, -6.135974639659963 ], [ 106.940601623844671, -6.136002588743414 ], [ 106.940600810245272, -6.135998672344698 ], [ 106.94059935598905, -6.135994947228803 ], [ 106.940597302094048, -6.135991515412306 ], [ 106.940594706724553, -6.135988474329013 ], [ 106.940591640645238, -6.135985908709389 ], [ 106.940588190831008, -6.135983889663417 ], [ 106.940584453237378, -6.135982473802649 ], [ 106.940580531890646, -6.13598170143525 ], [ 106.940576537068267, -6.135981592956202 ], [ 106.940573420233022, -6.135981975846599 ], [ 106.940546448869085, -6.135989110358802 ], [ 106.940426498618692, -6.136020840263354 ], [ 106.940386427357879, -6.136031439814535 ], [ 106.94037568867337, -6.136033894539102 ], [ 106.940328839377628, -6.136044603641018 ], [ 106.940201148473307, -6.136073792057144 ], [ 106.940133651246001, -6.136089221332692 ], [ 106.9393759162555, -6.136262429311906 ], [ 106.938530773187424, -6.136444061042971 ], [ 106.938148707230823, -6.136523792696005 ], [ 106.937765257363637, -6.13659656831125 ], [ 106.93738055088528, -6.136662365721709 ], [ 106.937065104371939, -6.136712557599082 ], [ 106.936827349320353, -6.136751368328184 ], [ 106.936584629359331, -6.136791863216613 ], [ 106.936473125750496, -6.136811460165083 ], [ 106.936126770888492, -6.136872331612663 ], [ 106.936040927477833, -6.13688813871982 ], [ 106.935955592820719, -6.136906502633146 ], [ 106.935900692120669, -6.136919741312994 ], [ 106.935809018920921, -6.136944365652295 ], [ 106.935718191966671, -6.136971952430803 ], [ 106.935571828733629, -6.137019143341774 ], [ 106.935424121708579, -6.137061933303473 ], [ 106.93527520173906, -6.137100284771761 ], [ 106.934269822717965, -6.13734310037911 ], [ 106.93309579608804, -6.137630779355327 ], [ 106.932637887819951, -6.137736866314173 ], [ 106.932343827530275, -6.137792663623844 ], [ 106.932048545422575, -6.137841574890516 ], [ 106.93175220311025, -6.137883575114138 ], [ 106.931454962207084, -6.137918639294931 ], [ 106.931410343948741, -6.137921691701426 ], [ 106.931332974775927, -6.137925421946864 ], [ 106.931199957942482, -6.137927218357191 ], [ 106.930980166042403, -6.137928334204298 ], [ 106.930796808365329, -6.137927908990147 ], [ 106.930613489074432, -6.137924101252739 ], [ 106.930430271407843, -6.137916911667016 ], [ 106.929753313915711, -6.137889849730738 ], [ 106.92886871592286, -6.137871299925716 ], [ 106.927612580912836, -6.137840938277167 ], [ 106.92667916588394, -6.137831732060491 ], [ 106.926673245319762, -6.137831672907406 ], [ 106.926657185587288, -6.137832782218713 ], [ 106.926639106585185, -6.137836307386308 ], [ 106.926621647565568, -6.137842180140953 ], [ 106.926625201095675, -6.137840133972704 ], [ 106.926628424964349, -6.137837598955728 ], [ 106.926631253418563, -6.137834627765985 ], [ 106.926633627060994, -6.137831282097729 ], [ 106.926635538574232, -6.137827536661851 ], [ 106.926636879233172, -6.137823551879778 ], [ 106.926637621340689, -6.137819412838892 ], [ 106.926637748958967, -6.137815209104917 ], [ 106.926637647041829, -6.137813744790217 ], [ 106.926637224052968, -6.137807646185274 ], [ 106.926635731106828, -6.137786094520489 ], [ 106.926634116312897, -6.137762810991831 ], [ 106.926633362628408, -6.137751913580598 ], [ 106.926633108206218, -6.137748230189333 ], [ 106.926632597529292, -6.137740856180412 ], [ 106.926631168452261, -6.137720235533723 ], [ 106.926632695191813, -6.137724294077117 ], [ 106.926634807206213, -6.137728080180388 ], [ 106.926637459027987, -6.137731509923601 ], [ 106.926640590762702, -6.137734506671831 ], [ 106.926644133518622, -6.13773700376782 ], [ 106.926648007603262, -6.137738945442744 ], [ 106.926651253620221, -6.137740060296506 ], [ 106.926654609340432, -6.137740784173554 ], [ 106.926658025949536, -6.137741107304262 ], [ 106.92665948486183, -6.13774112194305 ], [ 106.926783415539106, -6.137742343899008 ], [ 106.926856423432625, -6.137743063838436 ], [ 106.927614116726701, -6.137750536625891 ], [ 106.928870752005622, -6.137780910999507 ], [ 106.929756063523641, -6.137799476357116 ], [ 106.930434259525839, -6.137826588105359 ], [ 106.930573451598505, -6.137832353395504 ], [ 106.930712711545993, -6.137836149225192 ], [ 106.930760882176145, -6.137837002528327 ], [ 106.93097962542744, -6.13783792393725 ], [ 106.931200112835214, -6.137836805592157 ], [ 106.931323539213949, -6.137835281581852 ], [ 106.931446793394244, -6.137828587491349 ], [ 106.931741280218588, -6.13779382349413 ], [ 106.932034878680696, -6.137752203886673 ], [ 106.932327428063843, -6.137703751857147 ], [ 106.932618771274633, -6.137648493293299 ], [ 106.933074870751554, -6.137542826089103 ], [ 106.934248487482279, -6.137255246340721 ], [ 106.934944121096621, -6.137087240040302 ], [ 106.934982604833579, -6.137077945799214 ], [ 106.934983578992487, -6.137077302160518 ], [ 106.934984438803625, -6.137076511563605 ], [ 106.934985161752948, -6.13707559307642 ], [ 106.934985728055949, -6.137074571181707 ], [ 106.934986125160975, -6.137073472144327 ], [ 106.93498634232958, -6.137072324030846 ], [ 106.934986372439738, -6.137071155798821 ], [ 106.934986217405751, -6.137069997277312 ], [ 106.934985879145131, -6.137068879199466 ], [ 106.93498536678878, -6.137067828655885 ], [ 106.934984693987346, -6.137066873624923 ], [ 106.934983877088328, -6.137066038458756 ], [ 106.934975212857466, -6.137059376579433 ], [ 106.934973826036867, -6.137058310210548 ], [ 106.934967348164434, -6.137053745218854 ], [ 106.934960199649794, -6.137050325459243 ], [ 106.934952582284765, -6.137048148751346 ], [ 106.934944707663675, -6.137047275810393 ], [ 106.934936798086639, -6.137047730244031 ], [ 106.93466451647781, -6.137089176563134 ], [ 106.934605393438062, -6.137100868067302 ], [ 106.934490173729003, -6.137124580069771 ], [ 106.934375566635211, -6.13715109803457 ], [ 106.933972310104792, -6.137248241952643 ], [ 106.93381186035522, -6.137289459194929 ], [ 106.93377936663029, -6.137297805901333 ], [ 106.933524652065984, -6.137363238755584 ], [ 106.9331675722661, -6.137458066247972 ], [ 106.933110055793946, -6.137471175797179 ], [ 106.93298770767673, -6.137503627186648 ], [ 106.932784834869366, -6.137553244776012 ], [ 106.932580824173968, -6.137597947084475 ], [ 106.932375795643253, -6.137637708360235 ], [ 106.932173411774372, -6.137677917504512 ], [ 106.931969922085514, -6.137712080191124 ], [ 106.93176550713919, -6.137740166833127 ], [ 106.93156034751776, -6.137762153268477 ], [ 106.931365360973189, -6.137775354634165 ], [ 106.931170109683748, -6.137783779505884 ], [ 106.930974711061296, -6.137787421129243 ], [ 106.930779281634045, -6.137786278177968 ], [ 106.930583938840186, -6.13778035113087 ], [ 106.930393976293402, -6.137768684221983 ], [ 106.93020421549393, -6.13775409529528 ], [ 106.930188403496118, -6.137752746411089 ], [ 106.930051011812324, -6.137743240493625 ], [ 106.929913404872124, -6.13773767729067 ], [ 106.929781462714359, -6.13773640538734 ], [ 106.928909798564533, -6.137721335920739 ], [ 106.928227734894605, -6.137711003078825 ], [ 106.928047406636409, -6.13770778851469 ], [ 106.927979430315688, -6.137706576850691 ], [ 106.92700483659516, -6.13768920424034 ], [ 106.926928716300154, -6.137687847267713 ], [ 106.926765372302185, -6.13768493547804 ], [ 106.92674669319392, -6.13768334727213 ], [ 106.926728506593491, -6.137678798093317 ], [ 106.926711277223276, -6.137671403804768 ], [ 106.926695446586152, -6.137661354491495 ], [ 106.926681420292965, -6.137648907272985 ], [ 106.926669555396899, -6.137634380924093 ], [ 106.926660157647646, -6.13761814593944 ], [ 106.926637749572009, -6.137566009800665 ], [ 106.92663595393698, -6.137562032692187 ], [ 106.926633556078926, -6.137558387756957 ], [ 106.926630615944205, -6.137555166095772 ], [ 106.926627205176686, -6.137552446109534 ], [ 106.926623410743957, -6.137550297102776 ], [ 106.926619324974979, -6.137548772086473 ], [ 106.926615050983116, -6.137547908662651 ], [ 106.926610694536492, -6.137547729053725 ], [ 106.926610076674706, -6.137547731277846 ], [ 106.926566768537725, -6.13754788717261 ], [ 106.926537099428145, -6.137547993969429 ], [ 106.926516762179688, -6.137546754385554 ], [ 106.926426778273921, -6.13754126837329 ], [ 106.926414855808716, -6.13753962961467 ], [ 106.926316479035236, -6.13752354671095 ], [ 106.926218803928904, -6.137503633198139 ], [ 106.926046686134811, -6.137456000378773 ], [ 106.925875206146642, -6.137406117545024 ], [ 106.925692822315924, -6.137356010776739 ], [ 106.925612191415524, -6.13733594901721 ], [ 106.92552931092996, -6.137316803078165 ], [ 106.925445589761182, -6.137301766684829 ], [ 106.925361229474348, -6.137290875277312 ], [ 106.925276395421278, -6.137284141822994 ], [ 106.925067602602098, -6.137261822257527 ], [ 106.92485938404154, -6.137234653523645 ], [ 106.924651852710937, -6.137202649680064 ], [ 106.924606977339209, -6.1371965264665 ], [ 106.924468921904435, -6.13718033270394 ], [ 106.924330324727009, -6.137169746429958 ], [ 106.924191413507216, -6.137164786717666 ], [ 106.92405241500316, -6.137165461794322 ], [ 106.923913557740732, -6.137171769031506 ], [ 106.923596358386902, -6.137189224952303 ], [ 106.92313074264365, -6.13721096247985 ], [ 106.923121462454802, -6.137210854779836 ], [ 106.923112329396233, -6.137209205015664 ], [ 106.923103597469407, -6.137206060193421 ], [ 106.923095507268869, -6.137201507148899 ], [ 106.923088285985457, -6.137195673451775 ], [ 106.923082132924165, -6.137188719320473 ], [ 106.923077219510589, -6.137180839430411 ], [ 106.923073681122332, -6.13717225209382 ], [ 106.923071617979261, -6.137163195639985 ], [ 106.923061498988574, -6.137051362636404 ], [ 106.923053275658901, -6.136944198961809 ], [ 106.923048196090789, -6.136836839549546 ], [ 106.923043353471868, -6.136696305984838 ], [ 106.923042474314329, -6.136689944997821 ], [ 106.923040558977291, -6.136683815573146 ], [ 106.923037657752189, -6.136678087505875 ], [ 106.923033851597566, -6.136672917823124 ], [ 106.923029244899482, -6.136668447193576 ], [ 106.923023963665074, -6.136664799933992 ], [ 106.923018153686655, -6.136662075878587 ], [ 106.923011974212088, -6.136660348593638 ], [ 106.922990790091092, -6.136657468203169 ], [ 106.922930269849871, -6.136655791469297 ], [ 106.922869975840115, -6.136661280926139 ], [ 106.922626289285546, -6.136690752861123 ], [ 106.922543536285914, -6.136703114749395 ], [ 106.922461589073095, -6.136720021489166 ], [ 106.922380697679998, -6.136741421552361 ], [ 106.922352518406328, -6.136750680652253 ], [ 106.922284197500417, -6.136764999644728 ], [ 106.922243265411041, -6.136771556895861 ], [ 106.922161437049127, -6.136781308813428 ], [ 106.922058854130626, -6.136787313500136 ], [ 106.921956100291979, -6.136786461882987 ], [ 106.921853630823691, -6.136778757750771 ], [ 106.921561649676192, -6.136746676964819 ], [ 106.921529191044797, -6.136743246593164 ], [ 106.921452358168935, -6.136737415922791 ], [ 106.921375349745148, -6.136734778344198 ], [ 106.921269847648574, -6.136736355900943 ], [ 106.921164604583907, -6.136743925063345 ], [ 106.921053784619559, -6.136757855770169 ], [ 106.920874876493244, -6.136777474548404 ], [ 106.920695347420292, -6.13679019067655 ], [ 106.920447987704051, -6.136805094889644 ], [ 106.920200923339408, -6.136824291636038 ], [ 106.919954334137188, -6.136842750609134 ], [ 106.919707943452849, -6.1368636878809 ], [ 106.919608183487981, -6.136874560661572 ], [ 106.919406559486589, -6.13689523870717 ], [ 106.919204645369973, -6.136912857247238 ], [ 106.918945674395403, -6.13693214857267 ], [ 106.91878279669244, -6.136946334177843 ], [ 106.918620389038665, -6.136965160751776 ], [ 106.918093810491143, -6.137032134410062 ], [ 106.918081254606818, -6.137033730888967 ], [ 106.917469913010777, -6.137067247529457 ], [ 106.917374689459251, -6.137074875021949 ], [ 106.917348122865576, -6.13707718168749 ], [ 106.917262659365264, -6.13708521993509 ], [ 106.91723643750575, -6.13708768629558 ], [ 106.917234828953298, -6.137088013023209 ], [ 106.917233291754556, -6.137088589939066 ], [ 106.917231864696944, -6.137089401534062 ], [ 106.91723058293843, -6.137090427791385 ], [ 106.917229478907728, -6.137091643279269 ], [ 106.917228579597463, -6.13709301806476 ], [ 106.917227908370904, -6.137094517707267 ], [ 106.917227722470983, -6.137088505912829 ], [ 106.917227400765185, -6.137078113193877 ], [ 106.917227161796362, -6.137070396401525 ], [ 106.917226951359396, -6.137063585444595 ], [ 106.917226694929894, -6.137055280126544 ], [ 106.917226602025281, -6.137052286886962 ], [ 106.917226562179906, -6.137050995932941 ], [ 106.917226300671445, -6.137042533314562 ], [ 106.917227140141293, -6.137044381060523 ], [ 106.917228253674566, -6.137046075931075 ], [ 106.917229616742844, -6.137047579136523 ], [ 106.917231194884565, -6.13704885282687 ], [ 106.917232950957299, -6.137049867298881 ], [ 106.917234843318241, -6.137050597386088 ], [ 106.917236824933781, -6.137051026078514 ], [ 106.917238848792977, -6.137051142694995 ], [ 106.917240867013874, -6.137050945598767 ], [ 106.917246035893868, -6.13705045964945 ], [ 106.917257022017651, -6.137049425755726 ], [ 106.917344843294302, -6.137041165690482 ], [ 106.917491131388388, -6.1370294232179 ], [ 106.917637589605008, -6.137020042587259 ], [ 106.917703404748977, -6.137016252660659 ], [ 106.917861446744766, -6.137004487870757 ], [ 106.91801895505796, -6.136986971071867 ], [ 106.918613472204058, -6.136911357341011 ], [ 106.918777348039129, -6.136892361863859 ], [ 106.918941698581591, -6.13687804711962 ], [ 106.918974437096239, -6.136875619703423 ], [ 106.918974830829242, -6.136875587551506 ], [ 106.919129801215234, -6.136864037752573 ], [ 106.919200484401458, -6.136858770029879 ], [ 106.919376127892107, -6.136843611802403 ], [ 106.919551555269692, -6.13682612887758 ], [ 106.920240791242236, -6.136748321224783 ], [ 106.920466091760588, -6.136731363419936 ], [ 106.92069163078574, -6.136717956985934 ], [ 106.92086844965489, -6.136705431417468 ], [ 106.9210446560745, -6.136686105336469 ], [ 106.92115648006353, -6.136672048071237 ], [ 106.921259691306318, -6.136664411164785 ], [ 106.921363163606784, -6.136662322835228 ], [ 106.921466598889424, -6.13666578776789 ], [ 106.921569699933542, -6.136674797083358 ], [ 106.921764893802063, -6.136696243840779 ], [ 106.921902143203894, -6.13671538509747 ], [ 106.921930225333313, -6.136719343799962 ], [ 106.922007730572062, -6.136727277698162 ], [ 106.922085557227064, -6.136730881470871 ], [ 106.92216346407433, -6.136730145135261 ], [ 106.922261548045213, -6.13672302100518 ], [ 106.922340182917438, -6.136707154181496 ], [ 106.922367274967925, -6.136698251596832 ], [ 106.922450796914134, -6.136676121501098 ], [ 106.922535412288482, -6.136658644623536 ], [ 106.922620863834936, -6.136645873422172 ], [ 106.922863907491816, -6.136616480655979 ], [ 106.922907726518972, -6.136611676943346 ], [ 106.922951788382505, -6.136610356858197 ], [ 106.922995815797123, -6.13661252953345 ], [ 106.923019037898158, -6.136615688306857 ], [ 106.923032723406706, -6.136619279154876 ], [ 106.923045612128945, -6.136625120523078 ], [ 106.923057336722607, -6.13663304646779 ], [ 106.923067563056904, -6.136642832157839 ], [ 106.923076001071834, -6.136654199260363 ], [ 106.923082411127083, -6.136666823150891 ], [ 106.92308661037066, -6.136680345548269 ], [ 106.92308847909122, -6.136694382629015 ], [ 106.923093336730375, -6.136835322992572 ], [ 106.923098354762146, -6.136941389722059 ], [ 106.923106478622714, -6.137047262658208 ], [ 106.923116014483668, -6.137152660373945 ], [ 106.923116455616153, -6.137157532933895 ], [ 106.923116818014933, -6.137158838998437 ], [ 106.923117345514797, -6.137160087509851 ], [ 106.923118028104753, -6.13716125770915 ], [ 106.923119037165009, -6.13716253161411 ], [ 106.923120230793771, -6.137163634880164 ], [ 106.923121579084608, -6.137164540490999 ], [ 106.923123051250471, -6.137165227762311 ], [ 106.923124611100647, -6.137165680549853 ], [ 106.923126222460681, -6.137165887229976 ], [ 106.923127846468887, -6.137165842517529 ], [ 106.923132616101867, -6.137165620143667 ], [ 106.923155077896539, -6.137164571119106 ], [ 106.923594066396376, -6.137144077517675 ], [ 106.923910838537893, -6.137126644841061 ], [ 106.924051468744523, -6.137120265233819 ], [ 106.924192242255202, -6.137119589204759 ], [ 106.924332926917941, -6.137124615778751 ], [ 106.924473293271348, -6.137135338546501 ], [ 106.924613110908581, -6.137151739348706 ], [ 106.924658603546575, -6.137157947139352 ], [ 106.924865194938974, -6.137189820555261 ], [ 106.925072470016275, -6.137216877861682 ], [ 106.925280318520393, -6.137239105894241 ], [ 106.925365347738747, -6.137245854922327 ], [ 106.925452043185601, -6.13725702273035 ], [ 106.925538082789899, -6.137272457640406 ], [ 106.925623257747091, -6.137292120621921 ], [ 106.925704249384424, -6.137312271496327 ], [ 106.925887629643071, -6.137362653150117 ], [ 106.926058307561192, -6.13741231012666 ], [ 106.926229619723799, -6.137459731568257 ], [ 106.926325036577907, -6.137479156844812 ], [ 106.926421133815992, -6.137494861893011 ], [ 106.926431230678048, -6.137496250451387 ], [ 106.92648079306322, -6.13749927175391 ], [ 106.926538393128311, -6.137502783087229 ], [ 106.926562327141468, -6.137502696935139 ], [ 106.926609944950826, -6.137502525528445 ], [ 106.926621083146728, -6.1375031065679 ], [ 106.926632001604077, -6.137505382727372 ], [ 106.92664244449557, -6.137509301584382 ], [ 106.926652166690545, -6.137514770896533 ], [ 106.926660940994594, -6.137521662191901 ], [ 106.926668560872315, -6.137529814375738 ], [ 106.92667484677375, -6.137539034611821 ], [ 106.926679652493306, -6.137549108244882 ], [ 106.926701258945798, -6.137599378441451 ], [ 106.926707099086229, -6.137609234072626 ], [ 106.926714425020734, -6.137618038282922 ], [ 106.926723052578751, -6.137625569320718 ], [ 106.926732763374574, -6.137631636297756 ], [ 106.926743312966181, -6.137636087296928 ], [ 106.926754433562053, -6.137638808458513 ], [ 106.926765843983446, -6.137639731177153 ], [ 106.92695800386339, -6.137643156739626 ], [ 106.927010887506881, -6.137644099201871 ], [ 106.927944195063617, -6.137660736318796 ], [ 106.928046388542995, -6.137662557968707 ], [ 106.928228479269364, -6.137665803257162 ], [ 106.928915604444484, -6.137676212806796 ], [ 106.929777927768953, -6.137682121942188 ], [ 106.930086330851864, -6.137685094668608 ], [ 106.930701120616718, -6.137702065396966 ], [ 106.930746928735346, -6.137703329562163 ], [ 106.931069869358453, -6.137712244504336 ], [ 106.931234333789305, -6.137716352503152 ], [ 106.931398825699517, -6.137713548338974 ], [ 106.931563056038357, -6.137703836673447 ], [ 106.931726733087828, -6.137687233931761 ], [ 106.931964291188891, -6.137653523378949 ], [ 106.9322007453015, -6.137612773608512 ], [ 106.932435886871744, -6.137565017926103 ], [ 106.932725882649493, -6.137503108054672 ], [ 106.932867725675933, -6.137470777087046 ], [ 106.933488491224409, -6.137327094248503 ], [ 106.934041919943922, -6.137194275718547 ], [ 106.934367055285136, -6.137115951277017 ], [ 106.934482453919472, -6.137089250535499 ], [ 106.934598468847113, -6.137065373825187 ], [ 106.934658295962947, -6.137053542351795 ], [ 106.934931514683669, -6.137011954323293 ], [ 106.934945330542689, -6.137011115986661 ], [ 106.934959095073751, -6.137012575204477 ], [ 106.934972428743663, -6.137016292663275 ], [ 106.934984964437049, -6.137022165716379 ], [ 106.934996358309064, -6.137030031961091 ], [ 106.935023335633431, -6.137050774402978 ], [ 106.935026178114825, -6.137052959330545 ], [ 106.935031189097955, -6.137055797330366 ], [ 106.935036517484349, -6.137057978695603 ], [ 106.93504207913648, -6.137059467565614 ], [ 106.935049610476867, -6.137060334513092 ], [ 106.935057180607899, -6.137059935552138 ], [ 106.935105869202687, -6.137048175944137 ], [ 106.935128095722959, -6.137042808294193 ], [ 106.935254007170784, -6.137012397764138 ], [ 106.935400535550073, -6.136974658004273 ], [ 106.935545868384281, -6.136932544785616 ], [ 106.935689876629255, -6.136886094741601 ], [ 106.93582870223544, -6.136845066428787 ], [ 106.935969334283982, -6.13681075187391 ], [ 106.936111448774895, -6.136783230000225 ], [ 106.936569312593505, -6.136702759812449 ], [ 106.936967647818364, -6.13663676173816 ], [ 106.937366358862391, -6.136573077485497 ], [ 106.937749423164277, -6.136507557284653 ], [ 106.938131236384905, -6.136435088696805 ], [ 106.938511672131597, -6.136355694789756 ], [ 106.939356378223152, -6.136174156932818 ], [ 106.940364824129716, -6.13594363972256 ], [ 106.940384702281463, -6.135938381657164 ], [ 106.940526077459012, -6.135900984854152 ], [ 106.940565492626604, -6.13589055855275 ], [ 106.940576592694427, -6.13588762242932 ], [ 106.940580860612855, -6.135885566366197 ], [ 106.940584823060789, -6.135882968940034 ], [ 106.940588411548035, -6.135879874700827 ], [ 106.940591972109829, -6.135875803212143 ], [ 106.940594885041563, -6.13587124403954 ], [ 106.940597084778801, -6.135866301394121 ], [ 106.940598522036126, -6.135861084852745 ], [ 106.940599163816884, -6.135855712070253 ], [ 106.940599596004333, -6.13588153751527 ], [ 106.940599879354991, -6.135898433534283 ], [ 106.940600375985611, -6.13592808858604 ], [ 106.940600955585097, -6.135962698803273 ], [ 106.940601155065011, -6.135974639659963 ] ] ] ] } }
]
}
