Cs;T2;T5;T10;;
-3;0.39554;0.63569;0.66023;;
-2.999;0.39548;0.63584;0.66043;;
-2.998;0.39543;0.63599;0.66063;;
-2.997;0.39538;0.63614;0.66083;;
-2.996;0.39533;0.63630;0.66103;;
-2.995;0.39527;0.63645;0.66123;;
-2.994;0.39522;0.63660;0.66144;;
-2.993;0.39517;0.63675;0.66164;;
-2.992;0.39512;0.63690;0.66184;;
-2.991;0.39506;0.63705;0.66204;;
-2.99;0.39501;0.63720;0.66224;;
-2.989;0.39496;0.63736;0.66244;;
-2.988;0.39490;0.63751;0.66265;;
-2.987;0.39485;0.63766;0.66285;;
-2.986;0.39480;0.63781;0.66305;;
-2.985;0.39474;0.63796;0.66325;;
-2.984;0.39469;0.63811;0.66345;;
-2.983;0.39463;0.63827;0.66366;;
-2.982;0.39458;0.63842;0.66386;;
-2.981;0.39453;0.63857;0.66406;;
-2.98;0.39447;0.63872;0.66426;;
-2.979;0.39442;0.63887;0.66447;;
-2.978;0.39436;0.63902;0.66467;;
-2.977;0.39431;0.63917;0.66487;;
-2.976;0.39426;0.63933;0.66508;;
-2.975;0.39420;0.63948;0.66528;;
-2.974;0.39415;0.63963;0.66548;;
-2.973;0.39409;0.63978;0.66568;;
-2.972;0.39404;0.63993;0.66589;;
-2.971;0.39398;0.64008;0.66609;;
-2.97;0.39393;0.64024;0.66629;;
-2.969;0.39387;0.64039;0.66650;;
-2.968;0.39382;0.64054;0.66670;;
-2.967;0.39376;0.64069;0.66691;;
-2.966;0.39371;0.64084;0.66711;;
-2.965;0.39365;0.64099;0.66731;;
-2.964;0.39360;0.64115;0.66752;;
-2.963;0.39354;0.64130;0.66772;;
-2.962;0.39349;0.64145;0.66793;;
-2.961;0.39343;0.64160;0.66813;;
-2.96;0.39338;0.64175;0.66833;;
-2.959;0.39332;0.64190;0.66854;;
-2.958;0.39327;0.64206;0.66874;;
-2.957;0.39321;0.64221;0.66895;;
-2.956;0.39315;0.64236;0.66915;;
-2.955;0.39310;0.64251;0.66936;;
-2.954;0.39304;0.64266;0.66956;;
-2.953;0.39299;0.64281;0.66977;;
-2.952;0.39293;0.64297;0.66997;;
-2.951;0.39287;0.64312;0.67018;;
-2.95;0.39282;0.64327;0.67038;;
-2.949;0.39276;0.64342;0.67059;;
-2.948;0.39271;0.64357;0.67079;;
-2.947;0.39265;0.64372;0.67100;;
-2.946;0.39259;0.64388;0.67120;;
-2.945;0.39254;0.64403;0.67141;;
-2.944;0.39248;0.64418;0.67161;;
-2.943;0.39242;0.64433;0.67182;;
-2.942;0.39237;0.64448;0.67203;;
-2.941;0.39231;0.64464;0.67223;;
-2.94;0.39225;0.64479;0.67244;;
-2.939;0.39219;0.64494;0.67264;;
-2.938;0.39214;0.64509;0.67285;;
-2.937;0.39208;0.64524;0.67306;;
-2.936;0.39202;0.64539;0.67326;;
-2.935;0.39197;0.64555;0.67347;;
-2.934;0.39191;0.64570;0.67368;;
-2.933;0.39185;0.64585;0.67388;;
-2.932;0.39179;0.64600;0.67409;;
-2.931;0.39174;0.64615;0.67430;;
-2.93;0.39168;0.64630;0.67450;;
-2.929;0.39162;0.64646;0.67471;;
-2.928;0.39156;0.64661;0.67492;;
-2.927;0.39150;0.64676;0.67512;;
-2.926;0.39145;0.64691;0.67533;;
-2.925;0.39139;0.64706;0.67554;;
-2.924;0.39133;0.64722;0.67575;;
-2.923;0.39127;0.64737;0.67595;;
-2.922;0.39121;0.64752;0.67616;;
-2.921;0.39115;0.64767;0.67637;;
-2.92;0.39110;0.64782;0.67658;;
-2.919;0.39104;0.64797;0.67678;;
-2.918;0.39098;0.64813;0.67699;;
-2.917;0.39092;0.64828;0.67720;;
-2.916;0.39086;0.64843;0.67741;;
-2.915;0.39080;0.64858;0.67762;;
-2.914;0.39074;0.64873;0.67782;;
-2.913;0.39068;0.64889;0.67803;;
-2.912;0.39062;0.64904;0.67824;;
-2.911;0.39057;0.64919;0.67845;;
-2.91;0.39051;0.64934;0.67866;;
-2.909;0.39045;0.64949;0.67887;;
-2.908;0.39039;0.64964;0.67907;;
-2.907;0.39033;0.64980;0.67928;;
-2.906;0.39027;0.64995;0.67949;;
-2.905;0.39021;0.65010;0.67970;;
-2.904;0.39015;0.65025;0.67991;;
-2.903;0.39009;0.65040;0.68012;;
-2.902;0.39003;0.65056;0.68033;;
-2.901;0.38997;0.65071;0.68054;;
-2.9;0.38991;0.65086;0.68075;;
-2.899;0.38985;0.65101;0.68096;;
-2.898;0.38979;0.65116;0.68117;;
-2.897;0.38973;0.65131;0.68137;;
-2.896;0.38967;0.65147;0.68158;;
-2.895;0.38961;0.65162;0.68179;;
-2.894;0.38955;0.65177;0.68200;;
-2.893;0.38949;0.65192;0.68221;;
-2.892;0.38943;0.65207;0.68242;;
-2.891;0.38937;0.65223;0.68263;;
-2.89;0.38931;0.65238;0.68284;;
-2.889;0.38924;0.65253;0.68305;;
-2.888;0.38918;0.65268;0.68326;;
-2.887;0.38912;0.65283;0.68347;;
-2.886;0.38906;0.65298;0.68369;;
-2.885;0.38900;0.65314;0.68390;;
-2.884;0.38894;0.65329;0.68411;;
-2.883;0.38888;0.65344;0.68432;;
-2.882;0.38882;0.65359;0.68453;;
-2.881;0.38875;0.65374;0.68474;;
-2.88;0.38869;0.65390;0.68495;;
-2.879;0.38863;0.65405;0.68516;;
-2.878;0.38857;0.65420;0.68537;;
-2.877;0.38851;0.65435;0.68558;;
-2.876;0.38845;0.65450;0.68579;;
-2.875;0.38838;0.65465;0.68601;;
-2.874;0.38832;0.65481;0.68622;;
-2.873;0.38826;0.65496;0.68643;;
-2.872;0.38820;0.65511;0.68664;;
-2.871;0.38814;0.65526;0.68685;;
-2.87;0.38807;0.65541;0.68706;;
-2.869;0.38801;0.65557;0.68728;;
-2.868;0.38795;0.65572;0.68749;;
-2.867;0.38789;0.65587;0.68770;;
-2.866;0.38782;0.65602;0.68791;;
-2.865;0.38776;0.65617;0.68812;;
-2.864;0.38770;0.65632;0.68834;;
-2.863;0.38764;0.65648;0.68855;;
-2.862;0.38757;0.65663;0.68876;;
-2.861;0.38751;0.65678;0.68897;;
-2.86;0.38745;0.65693;0.68919;;
-2.859;0.38738;0.65708;0.68940;;
-2.858;0.38732;0.65724;0.68961;;
-2.857;0.38726;0.65739;0.68982;;
-2.856;0.38719;0.65754;0.69004;;
-2.855;0.38713;0.65769;0.69025;;
-2.854;0.38707;0.65784;0.69046;;
-2.853;0.38700;0.65799;0.69068;;
-2.852;0.38694;0.65815;0.69089;;
-2.851;0.38688;0.65830;0.69110;;
-2.85;0.38681;0.65845;0.69132;;
-2.849;0.38675;0.65860;0.69153;;
-2.848;0.38668;0.65875;0.69174;;
-2.847;0.38662;0.65890;0.69196;;
-2.846;0.38656;0.65906;0.69217;;
-2.845;0.38649;0.65921;0.69239;;
-2.844;0.38643;0.65936;0.69260;;
-2.843;0.38636;0.65951;0.69281;;
-2.842;0.38630;0.65966;0.69303;;
-2.841;0.38624;0.65981;0.69324;;
-2.84;0.38617;0.65997;0.69346;;
-2.839;0.38611;0.66012;0.69367;;
-2.838;0.38604;0.66027;0.69388;;
-2.837;0.38598;0.66042;0.69410;;
-2.836;0.38591;0.66057;0.69431;;
-2.835;0.38585;0.66072;0.69453;;
-2.834;0.38578;0.66088;0.69474;;
-2.833;0.38572;0.66103;0.69496;;
-2.832;0.38565;0.66118;0.69517;;
-2.831;0.38559;0.66133;0.69539;;
-2.83;0.38552;0.66148;0.69560;;
-2.829;0.38546;0.66163;0.69582;;
-2.828;0.38539;0.66179;0.69603;;
-2.827;0.38532;0.66194;0.69625;;
-2.826;0.38526;0.66209;0.69646;;
-2.825;0.38519;0.66224;0.69668;;
-2.824;0.38513;0.66239;0.69689;;
-2.823;0.38506;0.66254;0.69711;;
-2.822;0.38500;0.66270;0.69733;;
-2.821;0.38493;0.66285;0.69754;;
-2.82;0.38486;0.66300;0.69776;;
-2.819;0.38480;0.66315;0.69797;;
-2.818;0.38473;0.66330;0.69819;;
-2.817;0.38467;0.66345;0.69841;;
-2.816;0.38460;0.66361;0.69862;;
-2.815;0.38453;0.66376;0.69884;;
-2.814;0.38447;0.66391;0.69905;;
-2.813;0.38440;0.66406;0.69927;;
-2.812;0.38433;0.66421;0.69949;;
-2.811;0.38427;0.66436;0.69970;;
-2.81;0.38420;0.66451;0.69992;;
-2.809;0.38413;0.66467;0.70014;;
-2.808;0.38407;0.66482;0.70035;;
-2.807;0.38400;0.66497;0.70057;;
-2.806;0.38393;0.66512;0.70079;;
-2.805;0.38386;0.66527;0.70100;;
-2.804;0.38380;0.66542;0.70122;;
-2.803;0.38373;0.66557;0.70144;;
-2.802;0.38366;0.66573;0.70166;;
-2.801;0.38359;0.66588;0.70187;;
-2.8;0.38353;0.66603;0.70209;;
-2.799;0.38346;0.66618;0.70231;;
-2.798;0.38339;0.66633;0.70253;;
-2.797;0.38332;0.66648;0.70274;;
-2.796;0.38326;0.66663;0.70296;;
-2.795;0.38319;0.66679;0.70318;;
-2.794;0.38312;0.66694;0.70340;;
-2.793;0.38305;0.66709;0.70362;;
-2.792;0.38298;0.66724;0.70383;;
-2.791;0.38292;0.66739;0.70405;;
-2.79;0.38285;0.66754;0.70427;;
-2.789;0.38278;0.66769;0.70449;;
-2.788;0.38271;0.66785;0.70471;;
-2.787;0.38264;0.66800;0.70492;;
-2.786;0.38257;0.66815;0.70514;;
-2.785;0.38251;0.66830;0.70536;;
-2.784;0.38244;0.66845;0.70558;;
-2.783;0.38237;0.66860;0.70580;;
-2.782;0.38230;0.66875;0.70602;;
-2.781;0.38223;0.66890;0.70624;;
-2.78;0.38216;0.66906;0.70646;;
-2.779;0.38209;0.66921;0.70668;;
-2.778;0.38202;0.66936;0.70689;;
-2.777;0.38195;0.66951;0.70711;;
-2.776;0.38188;0.66966;0.70733;;
-2.775;0.38181;0.66981;0.70755;;
-2.774;0.38174;0.66996;0.70777;;
-2.773;0.38168;0.67011;0.70799;;
-2.772;0.38161;0.67026;0.70821;;
-2.771;0.38154;0.67042;0.70843;;
-2.77;0.38147;0.67057;0.70865;;
-2.769;0.38140;0.67072;0.70887;;
-2.768;0.38133;0.67087;0.70909;;
-2.767;0.38126;0.67102;0.70931;;
-2.766;0.38119;0.67117;0.70953;;
-2.765;0.38112;0.67132;0.70975;;
-2.764;0.38105;0.67147;0.70997;;
-2.763;0.38098;0.67162;0.71019;;
-2.762;0.38090;0.67178;0.71041;;
-2.761;0.38083;0.67193;0.71063;;
-2.76;0.38076;0.67208;0.71085;;
-2.759;0.38069;0.67223;0.71107;;
-2.758;0.38062;0.67238;0.71129;;
-2.757;0.38055;0.67253;0.71151;;
-2.756;0.38048;0.67268;0.71174;;
-2.755;0.38041;0.67283;0.71196;;
-2.754;0.38034;0.67298;0.71218;;
-2.753;0.38027;0.67313;0.71240;;
-2.752;0.38020;0.67329;0.71262;;
-2.751;0.38013;0.67344;0.71284;;
-2.75;0.38005;0.67359;0.71306;;
-2.749;0.37998;0.67374;0.71328;;
-2.748;0.37991;0.67389;0.71350;;
-2.747;0.37984;0.67404;0.71373;;
-2.746;0.37977;0.67419;0.71395;;
-2.745;0.37970;0.67434;0.71417;;
-2.744;0.37963;0.67449;0.71439;;
-2.743;0.37955;0.67464;0.71461;;
-2.742;0.37948;0.67479;0.71484;;
-2.741;0.37941;0.67494;0.71506;;
-2.74;0.37934;0.67510;0.71528;;
-2.739;0.37927;0.67525;0.71550;;
-2.738;0.37919;0.67540;0.71572;;
-2.737;0.37912;0.67555;0.71595;;
-2.736;0.37905;0.67570;0.71617;;
-2.735;0.37898;0.67585;0.71639;;
-2.734;0.37890;0.67600;0.71661;;
-2.733;0.37883;0.67615;0.71684;;
-2.732;0.37876;0.67630;0.71706;;
-2.731;0.37869;0.67645;0.71728;;
-2.73;0.37861;0.67660;0.71750;;
-2.729;0.37854;0.67675;0.71773;;
-2.728;0.37847;0.67690;0.71795;;
-2.727;0.37839;0.67705;0.71817;;
-2.726;0.37832;0.67720;0.71840;;
-2.725;0.37825;0.67735;0.71862;;
-2.724;0.37817;0.67751;0.71884;;
-2.723;0.37810;0.67766;0.71907;;
-2.722;0.37803;0.67781;0.71929;;
-2.721;0.37795;0.67796;0.71951;;
-2.72;0.37788;0.67811;0.71974;;
-2.719;0.37781;0.67826;0.71996;;
-2.718;0.37773;0.67841;0.72018;;
-2.717;0.37766;0.67856;0.72041;;
-2.716;0.37759;0.67871;0.72063;;
-2.715;0.37751;0.67886;0.72086;;
-2.714;0.37744;0.67901;0.72108;;
-2.713;0.37736;0.67916;0.72130;;
-2.712;0.37729;0.67931;0.72153;;
-2.711;0.37722;0.67946;0.72175;;
-2.71;0.37714;0.67961;0.72198;;
-2.709;0.37707;0.67976;0.72220;;
-2.708;0.37699;0.67991;0.72243;;
-2.707;0.37692;0.68006;0.72265;;
-2.706;0.37684;0.68021;0.72287;;
-2.705;0.37677;0.68036;0.72310;;
-2.704;0.37669;0.68051;0.72332;;
-2.703;0.37662;0.68066;0.72355;;
-2.702;0.37654;0.68081;0.72377;;
-2.701;0.37647;0.68096;0.72400;;
-2.7;0.37640;0.68111;0.72422;;
-2.699;0.37632;0.68126;0.72445;;
-2.698;0.37624;0.68141;0.72467;;
-2.697;0.37617;0.68156;0.72490;;
-2.696;0.37609;0.68171;0.72512;;
-2.695;0.37602;0.68186;0.72535;;
-2.694;0.37594;0.68201;0.72558;;
-2.693;0.37587;0.68216;0.72580;;
-2.692;0.37579;0.68231;0.72603;;
-2.691;0.37572;0.68246;0.72625;;
-2.69;0.37564;0.68261;0.72648;;
-2.689;0.37557;0.68276;0.72670;;
-2.688;0.37549;0.68291;0.72693;;
-2.687;0.37541;0.68306;0.72716;;
-2.686;0.37534;0.68321;0.72738;;
-2.685;0.37526;0.68336;0.72761;;
-2.684;0.37518;0.68351;0.72783;;
-2.683;0.37511;0.68366;0.72806;;
-2.682;0.37503;0.68381;0.72829;;
-2.681;0.37496;0.68396;0.72851;;
-2.68;0.37488;0.68411;0.72874;;
-2.679;0.37480;0.68426;0.72897;;
-2.678;0.37473;0.68441;0.72919;;
-2.677;0.37465;0.68456;0.72942;;
-2.676;0.37457;0.68471;0.72965;;
-2.675;0.37450;0.68486;0.72987;;
-2.674;0.37442;0.68501;0.73010;;
-2.673;0.37434;0.68516;0.73033;;
-2.672;0.37426;0.68531;0.73056;;
-2.671;0.37419;0.68546;0.73078;;
-2.67;0.37411;0.68561;0.73101;;
-2.669;0.37403;0.68576;0.73124;;
-2.668;0.37396;0.68591;0.73146;;
-2.667;0.37388;0.68606;0.73169;;
-2.666;0.37380;0.68621;0.73192;;
-2.665;0.37372;0.68636;0.73215;;
-2.664;0.37365;0.68651;0.73237;;
-2.663;0.37357;0.68665;0.73260;;
-2.662;0.37349;0.68680;0.73283;;
-2.661;0.37341;0.68695;0.73306;;
-2.66;0.37333;0.68710;0.73329;;
-2.659;0.37326;0.68725;0.73351;;
-2.658;0.37318;0.68740;0.73374;;
-2.657;0.37310;0.68755;0.73397;;
-2.656;0.37302;0.68770;0.73420;;
-2.655;0.37294;0.68785;0.73443;;
-2.654;0.37286;0.68800;0.73466;;
-2.653;0.37279;0.68815;0.73488;;
-2.652;0.37271;0.68830;0.73511;;
-2.651;0.37263;0.68845;0.73534;;
-2.65;0.37255;0.68859;0.73557;;
-2.649;0.37247;0.68874;0.73580;;
-2.648;0.37239;0.68889;0.73603;;
-2.647;0.37231;0.68904;0.73626;;
-2.646;0.37224;0.68919;0.73648;;
-2.645;0.37216;0.68934;0.73671;;
-2.644;0.37208;0.68949;0.73694;;
-2.643;0.37200;0.68964;0.73717;;
-2.642;0.37192;0.68979;0.73740;;
-2.641;0.37184;0.68994;0.73763;;
-2.64;0.37176;0.69009;0.73786;;
-2.639;0.37168;0.69023;0.73809;;
-2.638;0.37160;0.69038;0.73832;;
-2.637;0.37152;0.69053;0.73855;;
-2.636;0.37144;0.69068;0.73878;;
-2.635;0.37136;0.69083;0.73901;;
-2.634;0.37128;0.69098;0.73924;;
-2.633;0.37120;0.69113;0.73947;;
-2.632;0.37112;0.69128;0.73970;;
-2.631;0.37104;0.69142;0.73993;;
-2.63;0.37096;0.69157;0.74016;;
-2.629;0.37088;0.69172;0.74039;;
-2.628;0.37080;0.69187;0.74062;;
-2.627;0.37072;0.69202;0.74085;;
-2.626;0.37064;0.69217;0.74108;;
-2.625;0.37056;0.69232;0.74131;;
-2.624;0.37048;0.69246;0.74154;;
-2.623;0.37040;0.69261;0.74177;;
-2.622;0.37032;0.69276;0.74200;;
-2.621;0.37024;0.69291;0.74223;;
-2.62;0.37016;0.69306;0.74246;;
-2.619;0.37007;0.69321;0.74269;;
-2.618;0.36999;0.69336;0.74292;;
-2.617;0.36991;0.69350;0.74315;;
-2.616;0.36983;0.69365;0.74338;;
-2.615;0.36975;0.69380;0.74362;;
-2.614;0.36967;0.69395;0.74385;;
-2.613;0.36959;0.69410;0.74408;;
-2.612;0.36951;0.69425;0.74431;;
-2.611;0.36942;0.69439;0.74454;;
-2.61;0.36934;0.69454;0.74477;;
-2.609;0.36926;0.69469;0.74500;;
-2.608;0.36918;0.69484;0.74524;;
-2.607;0.36910;0.69499;0.74547;;
-2.606;0.36902;0.69513;0.74570;;
-2.605;0.36893;0.69528;0.74593;;
-2.604;0.36885;0.69543;0.74616;;
-2.603;0.36877;0.69558;0.74639;;
-2.602;0.36869;0.69573;0.74663;;
-2.601;0.36860;0.69587;0.74686;;
-2.6;0.36852;0.69602;0.74709;;
-2.599;0.36844;0.69617;0.74732;;
-2.598;0.36836;0.69632;0.74755;;
-2.597;0.36828;0.69647;0.74779;;
-2.596;0.36819;0.69661;0.74802;;
-2.595;0.36811;0.69676;0.74825;;
-2.594;0.36803;0.69691;0.74848;;
-2.593;0.36794;0.69706;0.74872;;
-2.592;0.36786;0.69720;0.74895;;
-2.591;0.36778;0.69735;0.74918;;
-2.59;0.36770;0.69750;0.74941;;
-2.589;0.36761;0.69765;0.74965;;
-2.588;0.36753;0.69780;0.74988;;
-2.587;0.36745;0.69794;0.75011;;
-2.586;0.36736;0.69809;0.75035;;
-2.585;0.36728;0.69824;0.75058;;
-2.584;0.36720;0.69839;0.75081;;
-2.583;0.36711;0.69853;0.75104;;
-2.582;0.36703;0.69868;0.75128;;
-2.581;0.36694;0.69883;0.75151;;
-2.58;0.36686;0.69898;0.75174;;
-2.579;0.36678;0.69912;0.75198;;
-2.578;0.36669;0.69927;0.75221;;
-2.577;0.36661;0.69942;0.75245;;
-2.576;0.36652;0.69956;0.75268;;
-2.575;0.36644;0.69971;0.75291;;
-2.574;0.36636;0.69986;0.75315;;
-2.573;0.36627;0.70001;0.75338;;
-2.572;0.36619;0.70015;0.75361;;
-2.571;0.36610;0.70030;0.75385;;
-2.57;0.36602;0.70045;0.75408;;
-2.569;0.36593;0.70059;0.75432;;
-2.568;0.36585;0.70074;0.75455;;
-2.567;0.36576;0.70089;0.75478;;
-2.566;0.36568;0.70104;0.75502;;
-2.565;0.36559;0.70118;0.75525;;
-2.564;0.36551;0.70133;0.75549;;
-2.563;0.36543;0.70148;0.75572;;
-2.562;0.36534;0.70162;0.75596;;
-2.561;0.36525;0.70177;0.75619;;
-2.56;0.36517;0.70192;0.75643;;
-2.559;0.36508;0.70206;0.75666;;
-2.558;0.36500;0.70221;0.75690;;
-2.557;0.36491;0.70236;0.75713;;
-2.556;0.36483;0.70250;0.75737;;
-2.555;0.36474;0.70265;0.75760;;
-2.554;0.36466;0.70280;0.75784;;
-2.553;0.36457;0.70294;0.75807;;
-2.552;0.36449;0.70309;0.75831;;
-2.551;0.36440;0.70324;0.75854;;
-2.55;0.36431;0.70338;0.75878;;
-2.549;0.36423;0.70353;0.75901;;
-2.548;0.36414;0.70368;0.75925;;
-2.547;0.36405;0.70382;0.75948;;
-2.546;0.36397;0.70397;0.75972;;
-2.545;0.36388;0.70411;0.75995;;
-2.544;0.36380;0.70426;0.76019;;
-2.543;0.36371;0.70441;0.76042;;
-2.542;0.36362;0.70455;0.76066;;
-2.541;0.36354;0.70470;0.76090;;
-2.54;0.36345;0.70485;0.76113;;
-2.539;0.36336;0.70499;0.76137;;
-2.538;0.36328;0.70514;0.76160;;
-2.537;0.36319;0.70528;0.76184;;
-2.536;0.36310;0.70543;0.76208;;
-2.535;0.36302;0.70558;0.76231;;
-2.534;0.36293;0.70572;0.76255;;
-2.533;0.36284;0.70587;0.76278;;
-2.532;0.36275;0.70601;0.76302;;
-2.531;0.36267;0.70616;0.76326;;
-2.53;0.36258;0.70631;0.76349;;
-2.529;0.36249;0.70645;0.76373;;
-2.528;0.36240;0.70660;0.76397;;
-2.527;0.36232;0.70674;0.76420;;
-2.526;0.36223;0.70689;0.76444;;
-2.525;0.36214;0.70703;0.76468;;
-2.524;0.36205;0.70718;0.76491;;
-2.523;0.36197;0.70733;0.76515;;
-2.522;0.36188;0.70747;0.76539;;
-2.521;0.36179;0.70762;0.76563;;
-2.52;0.36170;0.70776;0.76586;;
-2.519;0.36161;0.70791;0.76610;;
-2.518;0.36152;0.70805;0.76634;;
-2.517;0.36144;0.70820;0.76657;;
-2.516;0.36135;0.70834;0.76681;;
-2.515;0.36126;0.70849;0.76705;;
-2.514;0.36117;0.70863;0.76729;;
-2.513;0.36108;0.70878;0.76752;;
-2.512;0.36099;0.70893;0.76776;;
-2.511;0.36091;0.70907;0.76800;;
-2.51;0.36082;0.70922;0.76824;;
-2.509;0.36073;0.70936;0.76847;;
-2.508;0.36064;0.70951;0.76871;;
-2.507;0.36055;0.70965;0.76895;;
-2.506;0.36046;0.70980;0.76919;;
-2.505;0.36037;0.70994;0.76943;;
-2.504;0.36028;0.71009;0.76966;;
-2.503;0.36019;0.71023;0.76990;;
-2.502;0.36010;0.71038;0.77014;;
-2.501;0.36001;0.71052;0.77038;;
-2.5;0.35992;0.71067;0.77062;;
-2.499;0.35983;0.71081;0.77086;;
-2.498;0.35975;0.71096;0.77109;;
-2.497;0.35966;0.71110;0.77133;;
-2.496;0.35957;0.71124;0.77157;;
-2.495;0.35948;0.71139;0.77181;;
-2.494;0.35939;0.71153;0.77205;;
-2.493;0.35930;0.71168;0.77229;;
-2.492;0.35921;0.71182;0.77253;;
-2.491;0.35912;0.71197;0.77276;;
-2.49;0.35903;0.71211;0.77300;;
-2.489;0.35894;0.71226;0.77324;;
-2.488;0.35884;0.71240;0.77348;;
-2.487;0.35875;0.71255;0.77372;;
-2.486;0.35866;0.71269;0.77396;;
-2.485;0.35857;0.71283;0.77420;;
-2.484;0.35848;0.71298;0.77444;;
-2.483;0.35839;0.71312;0.77468;;
-2.482;0.35830;0.71327;0.77492;;
-2.481;0.35821;0.71341;0.77515;;
-2.48;0.35812;0.71355;0.77539;;
-2.479;0.35803;0.71370;0.77563;;
-2.478;0.35794;0.71384;0.77587;;
-2.477;0.35785;0.71399;0.77611;;
-2.476;0.35775;0.71413;0.77635;;
-2.475;0.35766;0.71427;0.77659;;
-2.474;0.35757;0.71442;0.77683;;
-2.473;0.35748;0.71456;0.77707;;
-2.472;0.35739;0.71471;0.77731;;
-2.471;0.35730;0.71485;0.77755;;
-2.47;0.35721;0.71499;0.77779;;
-2.469;0.35711;0.71514;0.77803;;
-2.468;0.35702;0.71528;0.77827;;
-2.467;0.35693;0.71542;0.77851;;
-2.466;0.35684;0.71557;0.77875;;
-2.465;0.35675;0.71571;0.77899;;
-2.464;0.35666;0.71585;0.77923;;
-2.463;0.35656;0.71600;0.77947;;
-2.462;0.35647;0.71614;0.77971;;
-2.461;0.35638;0.71628;0.77995;;
-2.46;0.35629;0.71643;0.78019;;
-2.459;0.35619;0.71657;0.78043;;
-2.458;0.35610;0.71671;0.78067;;
-2.457;0.35601;0.71686;0.78092;;
-2.456;0.35592;0.71700;0.78116;;
-2.455;0.35582;0.71714;0.78140;;
-2.454;0.35573;0.71729;0.78164;;
-2.453;0.35564;0.71743;0.78188;;
-2.452;0.35555;0.71757;0.78212;;
-2.451;0.35545;0.71772;0.78236;;
-2.45;0.35536;0.71786;0.78260;;
-2.449;0.35527;0.71800;0.78284;;
-2.448;0.35517;0.71815;0.78308;;
-2.447;0.35508;0.71829;0.78333;;
-2.446;0.35499;0.71843;0.78357;;
-2.445;0.35489;0.71857;0.78381;;
-2.444;0.35480;0.71872;0.78405;;
-2.443;0.35471;0.71886;0.78429;;
-2.442;0.35461;0.71900;0.78453;;
-2.441;0.35452;0.71914;0.78477;;
-2.44;0.35442;0.71929;0.78501;;
-2.439;0.35433;0.71943;0.78526;;
-2.438;0.35424;0.71957;0.78550;;
-2.437;0.35414;0.71971;0.78574;;
-2.436;0.35405;0.71986;0.78598;;
-2.435;0.35396;0.72000;0.78622;;
-2.434;0.35386;0.72014;0.78647;;
-2.433;0.35377;0.72028;0.78671;;
-2.432;0.35367;0.72043;0.78695;;
-2.431;0.35358;0.72057;0.78719;;
-2.43;0.35348;0.72071;0.78743;;
-2.429;0.35339;0.72085;0.78768;;
-2.428;0.35329;0.72099;0.78792;;
-2.427;0.35320;0.72114;0.78816;;
-2.426;0.35311;0.72128;0.78840;;
-2.425;0.35301;0.72142;0.78864;;
-2.424;0.35292;0.72156;0.78889;;
-2.423;0.35282;0.72170;0.78913;;
-2.422;0.35273;0.72184;0.78937;;
-2.421;0.35263;0.72199;0.78961;;
-2.42;0.35254;0.72213;0.78986;;
-2.419;0.35244;0.72227;0.79010;;
-2.418;0.35235;0.72241;0.79034;;
-2.417;0.35225;0.72255;0.79058;;
-2.416;0.35215;0.72269;0.79083;;
-2.415;0.35206;0.72284;0.79107;;
-2.414;0.35196;0.72298;0.79131;;
-2.413;0.35187;0.72312;0.79156;;
-2.412;0.35177;0.72326;0.79180;;
-2.411;0.35168;0.72340;0.79204;;
-2.41;0.35158;0.72354;0.79228;;
-2.409;0.35149;0.72368;0.79253;;
-2.408;0.35139;0.72383;0.79277;;
-2.407;0.35129;0.72397;0.79301;;
-2.406;0.35120;0.72411;0.79326;;
-2.405;0.35110;0.72425;0.79350;;
-2.404;0.35101;0.72439;0.79374;;
-2.403;0.35091;0.72453;0.79399;;
-2.402;0.35081;0.72467;0.79423;;
-2.401;0.35072;0.72481;0.79447;;
-2.4;0.35062;0.72495;0.79472;;
-2.399;0.35052;0.72509;0.79496;;
-2.398;0.35043;0.72523;0.79521;;
-2.397;0.35033;0.72537;0.79545;;
-2.396;0.35023;0.72552;0.79569;;
-2.395;0.35014;0.72566;0.79594;;
-2.394;0.35004;0.72580;0.79618;;
-2.393;0.34994;0.72594;0.79642;;
-2.392;0.34985;0.72608;0.79667;;
-2.391;0.34975;0.72622;0.79691;;
-2.39;0.34965;0.72636;0.79716;;
-2.389;0.34955;0.72650;0.79740;;
-2.388;0.34946;0.72664;0.79764;;
-2.387;0.34936;0.72678;0.79789;;
-2.386;0.34926;0.72692;0.79813;;
-2.385;0.34916;0.72706;0.79838;;
-2.384;0.34907;0.72720;0.79862;;
-2.383;0.34897;0.72734;0.79886;;
-2.382;0.34887;0.72748;0.79911;;
-2.381;0.34877;0.72762;0.79935;;
-2.38;0.34868;0.72776;0.79960;;
-2.379;0.34858;0.72790;0.79984;;
-2.378;0.34848;0.72804;0.80009;;
-2.377;0.34838;0.72818;0.80033;;
-2.376;0.34828;0.72832;0.80058;;
-2.375;0.34819;0.72846;0.80082;;
-2.374;0.34809;0.72860;0.80107;;
-2.373;0.34799;0.72874;0.80131;;
-2.372;0.34789;0.72888;0.80156;;
-2.371;0.34779;0.72902;0.80180;;
-2.37;0.34769;0.72916;0.80204;;
-2.369;0.34760;0.72930;0.80229;;
-2.368;0.34750;0.72943;0.80253;;
-2.367;0.34740;0.72957;0.80278;;
-2.366;0.34730;0.72971;0.80302;;
-2.365;0.34720;0.72985;0.80327;;
-2.364;0.34710;0.72999;0.80352;;
-2.363;0.34700;0.73013;0.80376;;
-2.362;0.34690;0.73027;0.80401;;
-2.361;0.34680;0.73041;0.80425;;
-2.36;0.34670;0.73055;0.80450;;
-2.359;0.34661;0.73069;0.80474;;
-2.358;0.34651;0.73083;0.80499;;
-2.357;0.34641;0.73096;0.80523;;
-2.356;0.34631;0.73110;0.80548;;
-2.355;0.34621;0.73124;0.80572;;
-2.354;0.34611;0.73138;0.80597;;
-2.353;0.34601;0.73152;0.80621;;
-2.352;0.34591;0.73166;0.80646;;
-2.351;0.34581;0.73180;0.80671;;
-2.35;0.34571;0.73194;0.80695;;
-2.349;0.34561;0.73207;0.80720;;
-2.348;0.34551;0.73221;0.80744;;
-2.347;0.34541;0.73235;0.80769;;
-2.346;0.34531;0.73249;0.80793;;
-2.345;0.34521;0.73263;0.80818;;
-2.344;0.34511;0.73276;0.80843;;
-2.343;0.34501;0.73290;0.80867;;
-2.342;0.34491;0.73304;0.80892;;
-2.341;0.34481;0.73318;0.80917;;
-2.34;0.34471;0.73332;0.80941;;
-2.339;0.34461;0.73346;0.80966;;
-2.338;0.34451;0.73359;0.80990;;
-2.337;0.34440;0.73373;0.81015;;
-2.336;0.34430;0.73387;0.81040;;
-2.335;0.34420;0.73401;0.81064;;
-2.334;0.34410;0.73414;0.81089;;
-2.333;0.34400;0.73428;0.81114;;
-2.332;0.34390;0.73442;0.81138;;
-2.331;0.34380;0.73456;0.81163;;
-2.33;0.34370;0.73469;0.81187;;
-2.329;0.34360;0.73483;0.81212;;
-2.328;0.34350;0.73497;0.81237;;
-2.327;0.34339;0.73511;0.81261;;
-2.326;0.34329;0.73524;0.81286;;
-2.325;0.34319;0.73538;0.81311;;
-2.324;0.34309;0.73552;0.81336;;
-2.323;0.34299;0.73566;0.81360;;
-2.322;0.34289;0.73579;0.81385;;
-2.321;0.34278;0.73593;0.81410;;
-2.32;0.34268;0.73607;0.81434;;
-2.319;0.34258;0.73620;0.81459;;
-2.318;0.34248;0.73634;0.81484;;
-2.317;0.34238;0.73648;0.81508;;
-2.316;0.34227;0.73661;0.81533;;
-2.315;0.34217;0.73675;0.81558;;
-2.314;0.34207;0.73689;0.81582;;
-2.313;0.34197;0.73702;0.81607;;
-2.312;0.34186;0.73716;0.81632;;
-2.311;0.34176;0.73730;0.81657;;
-2.31;0.34166;0.73743;0.81681;;
-2.309;0.34156;0.73757;0.81706;;
-2.308;0.34145;0.73771;0.81731;;
-2.307;0.34135;0.73784;0.81756;;
-2.306;0.34125;0.73798;0.81780;;
-2.305;0.34115;0.73812;0.81805;;
-2.304;0.34104;0.73825;0.81830;;
-2.303;0.34094;0.73839;0.81855;;
-2.302;0.34084;0.73852;0.81879;;
-2.301;0.34073;0.73866;0.81904;;
-2.3;0.34063;0.73880;0.81929;;
-2.299;0.34053;0.73893;0.81954;;
-2.298;0.34042;0.73907;0.81978;;
-2.297;0.34032;0.73920;0.82003;;
-2.296;0.34022;0.73934;0.82028;;
-2.295;0.34011;0.73947;0.82053;;
-2.294;0.34001;0.73961;0.82078;;
-2.293;0.33991;0.73975;0.82102;;
-2.292;0.33980;0.73988;0.82127;;
-2.291;0.33970;0.74002;0.82152;;
-2.29;0.33960;0.74015;0.82177;;
-2.289;0.33949;0.74029;0.82202;;
-2.288;0.33939;0.74042;0.82226;;
-2.287;0.33928;0.74056;0.82251;;
-2.286;0.33918;0.74069;0.82276;;
-2.285;0.33908;0.74083;0.82301;;
-2.284;0.33897;0.74096;0.82326;;
-2.283;0.33887;0.74110;0.82350;;
-2.282;0.33876;0.74123;0.82375;;
-2.281;0.33866;0.74137;0.82400;;
-2.28;0.33855;0.74150;0.82425;;
-2.279;0.33845;0.74164;0.82450;;
-2.278;0.33834;0.74177;0.82475;;
-2.277;0.33824;0.74191;0.82500;;
-2.276;0.33814;0.74204;0.82524;;
-2.275;0.33803;0.74218;0.82549;;
-2.274;0.33793;0.74231;0.82574;;
-2.273;0.33782;0.74245;0.82599;;
-2.272;0.33772;0.74258;0.82624;;
-2.271;0.33761;0.74271;0.82649;;
-2.27;0.33751;0.74285;0.82674;;
-2.269;0.33740;0.74298;0.82698;;
-2.268;0.33729;0.74312;0.82723;;
-2.267;0.33719;0.74325;0.82748;;
-2.266;0.33708;0.74339;0.82773;;
-2.265;0.33698;0.74352;0.82798;;
-2.264;0.33687;0.74365;0.82823;;
-2.263;0.33677;0.74379;0.82848;;
-2.262;0.33666;0.74392;0.82873;;
-2.261;0.33656;0.74406;0.82898;;
-2.26;0.33645;0.74419;0.82922;;
-2.259;0.33634;0.74432;0.82947;;
-2.258;0.33624;0.74446;0.82972;;
-2.257;0.33613;0.74459;0.82997;;
-2.256;0.33603;0.74472;0.83022;;
-2.255;0.33592;0.74486;0.83047;;
-2.254;0.33581;0.74499;0.83072;;
-2.253;0.33571;0.74512;0.83097;;
-2.252;0.33560;0.74526;0.83122;;
-2.251;0.33550;0.74539;0.83147;;
-2.25;0.33539;0.74552;0.83172;;
-2.249;0.33528;0.74566;0.83197;;
-2.248;0.33518;0.74579;0.83221;;
-2.247;0.33507;0.74592;0.83246;;
-2.246;0.33496;0.74606;0.83271;;
-2.245;0.33486;0.74619;0.83296;;
-2.244;0.33475;0.74632;0.83321;;
-2.243;0.33464;0.74645;0.83346;;
-2.242;0.33454;0.74659;0.83371;;
-2.241;0.33443;0.74672;0.83396;;
-2.24;0.33432;0.74685;0.83421;;
-2.239;0.33421;0.74699;0.83446;;
-2.238;0.33411;0.74712;0.83471;;
-2.237;0.33400;0.74725;0.83496;;
-2.236;0.33389;0.74738;0.83521;;
-2.235;0.33378;0.74752;0.83546;;
-2.234;0.33368;0.74765;0.83571;;
-2.233;0.33357;0.74778;0.83596;;
-2.232;0.33346;0.74791;0.83621;;
-2.231;0.33335;0.74804;0.83646;;
-2.23;0.33325;0.74818;0.83671;;
-2.229;0.33314;0.74831;0.83696;;
-2.228;0.33303;0.74844;0.83721;;
-2.227;0.33292;0.74857;0.83746;;
-2.226;0.33282;0.74870;0.83771;;
-2.225;0.33271;0.74884;0.83796;;
-2.224;0.33260;0.74897;0.83821;;
-2.223;0.33249;0.74910;0.83846;;
-2.222;0.33238;0.74923;0.83871;;
-2.221;0.33227;0.74936;0.83896;;
-2.22;0.33217;0.74949;0.83921;;
-2.219;0.33206;0.74962;0.83946;;
-2.218;0.33195;0.74976;0.83971;;
-2.217;0.33184;0.74989;0.83996;;
-2.216;0.33173;0.75002;0.84021;;
-2.215;0.33162;0.75015;0.84046;;
-2.214;0.33151;0.75028;0.84071;;
-2.213;0.33141;0.75041;0.84096;;
-2.212;0.33130;0.75054;0.84121;;
-2.211;0.33119;0.75067;0.84146;;
-2.21;0.33108;0.75080;0.84171;;
-2.209;0.33097;0.75094;0.84196;;
-2.208;0.33086;0.75107;0.84221;;
-2.207;0.33075;0.75120;0.84246;;
-2.206;0.33064;0.75133;0.84271;;
-2.205;0.33053;0.75146;0.84296;;
-2.204;0.33042;0.75159;0.84321;;
-2.203;0.33031;0.75172;0.84346;;
-2.202;0.33021;0.75185;0.84372;;
-2.201;0.33010;0.75198;0.84397;;
-2.2;0.32999;0.75211;0.84422;;
-2.199;0.32988;0.75224;0.84447;;
-2.198;0.32977;0.75237;0.84472;;
-2.197;0.32966;0.75250;0.84497;;
-2.196;0.32955;0.75263;0.84522;;
-2.195;0.32944;0.75276;0.84547;;
-2.194;0.32933;0.75289;0.84572;;
-2.193;0.32922;0.75302;0.84597;;
-2.192;0.32911;0.75315;0.84622;;
-2.191;0.32900;0.75328;0.84647;;
-2.19;0.32889;0.75341;0.84672;;
-2.189;0.32878;0.75354;0.84697;;
-2.188;0.32867;0.75367;0.84723;;
-2.187;0.32856;0.75380;0.84748;;
-2.186;0.32845;0.75393;0.84773;;
-2.185;0.32833;0.75406;0.84798;;
-2.184;0.32822;0.75419;0.84823;;
-2.183;0.32811;0.75432;0.84848;;
-2.182;0.32800;0.75444;0.84873;;
-2.181;0.32789;0.75457;0.84898;;
-2.18;0.32778;0.75470;0.84923;;
-2.179;0.32767;0.75483;0.84948;;
-2.178;0.32756;0.75496;0.84974;;
-2.177;0.32745;0.75509;0.84999;;
-2.176;0.32734;0.75522;0.85024;;
-2.175;0.32723;0.75535;0.85049;;
-2.174;0.32711;0.75548;0.85074;;
-2.173;0.32700;0.75560;0.85099;;
-2.172;0.32689;0.75573;0.85124;;
-2.171;0.32678;0.75586;0.85149;;
-2.17;0.32667;0.75599;0.85175;;
-2.169;0.32656;0.75612;0.85200;;
-2.168;0.32645;0.75625;0.85225;;
-2.167;0.32633;0.75638;0.85250;;
-2.166;0.32622;0.75650;0.85275;;
-2.165;0.32611;0.75663;0.85300;;
-2.164;0.32600;0.75676;0.85325;;
-2.163;0.32589;0.75689;0.85350;;
-2.162;0.32578;0.75702;0.85376;;
-2.161;0.32566;0.75714;0.85401;;
-2.16;0.32555;0.75727;0.85426;;
-2.159;0.32544;0.75740;0.85451;;
-2.158;0.32533;0.75753;0.85476;;
-2.157;0.32521;0.75765;0.85501;;
-2.156;0.32510;0.75778;0.85527;;
-2.155;0.32499;0.75791;0.85552;;
-2.154;0.32488;0.75804;0.85577;;
-2.153;0.32477;0.75816;0.85602;;
-2.152;0.32465;0.75829;0.85627;;
-2.151;0.32454;0.75842;0.85652;;
-2.15;0.32443;0.75855;0.85677;;
-2.149;0.32431;0.75867;0.85703;;
-2.148;0.32420;0.75880;0.85728;;
-2.147;0.32409;0.75893;0.85753;;
-2.146;0.32398;0.75905;0.85778;;
-2.145;0.32386;0.75918;0.85803;;
-2.144;0.32375;0.75931;0.85828;;
-2.143;0.32364;0.75943;0.85854;;
-2.142;0.32352;0.75956;0.85879;;
-2.141;0.32341;0.75969;0.85904;;
-2.14;0.32330;0.75981;0.85929;;
-2.139;0.32318;0.75994;0.85954;;
-2.138;0.32307;0.76007;0.85980;;
-2.137;0.32296;0.76019;0.86005;;
-2.136;0.32284;0.76032;0.86030;;
-2.135;0.32273;0.76045;0.86055;;
-2.134;0.32262;0.76057;0.86080;;
-2.133;0.32250;0.76070;0.86106;;
-2.132;0.32239;0.76082;0.86131;;
-2.131;0.32227;0.76095;0.86156;;
-2.13;0.32216;0.76108;0.86181;;
-2.129;0.32205;0.76120;0.86206;;
-2.128;0.32193;0.76133;0.86232;;
-2.127;0.32182;0.76145;0.86257;;
-2.126;0.32170;0.76158;0.86282;;
-2.125;0.32159;0.76170;0.86307;;
-2.124;0.32148;0.76183;0.86332;;
-2.123;0.32136;0.76195;0.86358;;
-2.122;0.32125;0.76208;0.86383;;
-2.121;0.32113;0.76221;0.86408;;
-2.12;0.32102;0.76233;0.86433;;
-2.119;0.32090;0.76246;0.86458;;
-2.118;0.32079;0.76258;0.86484;;
-2.117;0.32067;0.76271;0.86509;;
-2.116;0.32056;0.76283;0.86534;;
-2.115;0.32044;0.76296;0.86559;;
-2.114;0.32033;0.76308;0.86584;;
-2.113;0.32022;0.76320;0.86610;;
-2.112;0.32010;0.76333;0.86635;;
-2.111;0.31999;0.76345;0.86660;;
-2.11;0.31987;0.76358;0.86685;;
-2.109;0.31975;0.76370;0.86711;;
-2.108;0.31964;0.76383;0.86736;;
-2.107;0.31952;0.76395;0.86761;;
-2.106;0.31941;0.76408;0.86786;;
-2.105;0.31929;0.76420;0.86811;;
-2.104;0.31918;0.76432;0.86837;;
-2.103;0.31906;0.76445;0.86862;;
-2.102;0.31895;0.76457;0.86887;;
-2.101;0.31883;0.76470;0.86912;;
-2.1;0.31872;0.76482;0.86938;;
-2.099;0.31860;0.76494;0.86963;;
-2.098;0.31848;0.76507;0.86988;;
-2.097;0.31837;0.76519;0.87013;;
-2.096;0.31825;0.76532;0.87039;;
-2.095;0.31814;0.76544;0.87064;;
-2.094;0.31802;0.76556;0.87089;;
-2.093;0.31790;0.76569;0.87114;;
-2.092;0.31779;0.76581;0.87139;;
-2.091;0.31767;0.76593;0.87165;;
-2.09;0.31756;0.76606;0.87190;;
-2.089;0.31744;0.76618;0.87215;;
-2.088;0.31732;0.76630;0.87240;;
-2.087;0.31721;0.76642;0.87266;;
-2.086;0.31709;0.76655;0.87291;;
-2.085;0.31697;0.76667;0.87316;;
-2.084;0.31686;0.76679;0.87341;;
-2.083;0.31674;0.76692;0.87367;;
-2.082;0.31662;0.76704;0.87392;;
-2.081;0.31651;0.76716;0.87417;;
-2.08;0.31639;0.76728;0.87442;;
-2.079;0.31627;0.76741;0.87468;;
-2.078;0.31616;0.76753;0.87493;;
-2.077;0.31604;0.76765;0.87518;;
-2.076;0.31592;0.76777;0.87543;;
-2.075;0.31580;0.76790;0.87569;;
-2.074;0.31569;0.76802;0.87594;;
-2.073;0.31557;0.76814;0.87619;;
-2.072;0.31545;0.76826;0.87644;;
-2.071;0.31533;0.76838;0.87670;;
-2.07;0.31522;0.76850;0.87695;;
-2.069;0.31510;0.76863;0.87720;;
-2.068;0.31498;0.76875;0.87746;;
-2.067;0.31486;0.76887;0.87771;;
-2.066;0.31475;0.76899;0.87796;;
-2.065;0.31463;0.76911;0.87821;;
-2.064;0.31451;0.76923;0.87847;;
-2.063;0.31439;0.76936;0.87872;;
-2.062;0.31428;0.76948;0.87897;;
-2.061;0.31416;0.76960;0.87922;;
-2.06;0.31404;0.76972;0.87948;;
-2.059;0.31392;0.76984;0.87973;;
-2.058;0.31380;0.76996;0.87998;;
-2.057;0.31369;0.77008;0.88023;;
-2.056;0.31357;0.77020;0.88049;;
-2.055;0.31345;0.77032;0.88074;;
-2.054;0.31333;0.77044;0.88099;;
-2.053;0.31321;0.77057;0.88124;;
-2.052;0.31309;0.77069;0.88150;;
-2.051;0.31297;0.77081;0.88175;;
-2.05;0.31286;0.77093;0.88200;;
-2.049;0.31274;0.77105;0.88226;;
-2.048;0.31262;0.77117;0.88251;;
-2.047;0.31250;0.77129;0.88276;;
-2.046;0.31238;0.77141;0.88301;;
-2.045;0.31226;0.77153;0.88327;;
-2.044;0.31214;0.77165;0.88352;;
-2.043;0.31202;0.77177;0.88377;;
-2.042;0.31191;0.77189;0.88402;;
-2.041;0.31179;0.77201;0.88428;;
-2.04;0.31167;0.77213;0.88453;;
-2.039;0.31155;0.77225;0.88478;;
-2.038;0.31143;0.77237;0.88504;;
-2.037;0.31131;0.77249;0.88529;;
-2.036;0.31119;0.77261;0.88554;;
-2.035;0.31107;0.77272;0.88579;;
-2.034;0.31095;0.77284;0.88605;;
-2.033;0.31083;0.77296;0.88630;;
-2.032;0.31071;0.77308;0.88655;;
-2.031;0.31059;0.77320;0.88680;;
-2.03;0.31047;0.77332;0.88706;;
-2.029;0.31035;0.77344;0.88731;;
-2.028;0.31023;0.77356;0.88756;;
-2.027;0.31011;0.77368;0.88782;;
-2.026;0.30999;0.77380;0.88807;;
-2.025;0.30987;0.77391;0.88832;;
-2.024;0.30975;0.77403;0.88857;;
-2.023;0.30963;0.77415;0.88883;;
-2.022;0.30951;0.77427;0.88908;;
-2.021;0.30939;0.77439;0.88933;;
-2.02;0.30927;0.77451;0.88958;;
-2.019;0.30915;0.77462;0.88984;;
-2.018;0.30903;0.77474;0.89009;;
-2.017;0.30891;0.77486;0.89034;;
-2.016;0.30879;0.77498;0.89060;;
-2.015;0.30867;0.77510;0.89085;;
-2.014;0.30855;0.77521;0.89110;;
-2.013;0.30843;0.77533;0.89135;;
-2.012;0.30831;0.77545;0.89161;;
-2.011;0.30819;0.77557;0.89186;;
-2.01;0.30806;0.77568;0.89211;;
-2.009;0.30794;0.77580;0.89236;;
-2.008;0.30782;0.77592;0.89262;;
-2.007;0.30770;0.77604;0.89287;;
-2.006;0.30758;0.77615;0.89312;;
-2.005;0.30746;0.77627;0.89338;;
-2.004;0.30734;0.77639;0.89363;;
-2.003;0.30722;0.77651;0.89388;;
-2.002;0.30710;0.77662;0.89413;;
-2.001;0.30697;0.77674;0.89439;;
-2;0.30685;0.77686;0.89464;;
-1.999;0.30673;0.77697;0.89489;;
-1.998;0.30661;0.77709;0.89514;;
-1.997;0.30649;0.77721;0.89540;;
-1.996;0.30637;0.77732;0.89565;;
-1.995;0.30624;0.77744;0.89590;;
-1.994;0.30612;0.77756;0.89616;;
-1.993;0.30600;0.77767;0.89641;;
-1.992;0.30588;0.77779;0.89666;;
-1.991;0.30576;0.77790;0.89691;;
-1.99;0.30564;0.77802;0.89717;;
-1.989;0.30551;0.77814;0.89742;;
-1.988;0.30539;0.77825;0.89767;;
-1.987;0.30527;0.77837;0.89792;;
-1.986;0.30515;0.77848;0.89818;;
-1.985;0.30502;0.77860;0.89843;;
-1.984;0.30490;0.77872;0.89868;;
-1.983;0.30478;0.77883;0.89894;;
-1.982;0.30466;0.77895;0.89919;;
-1.981;0.30453;0.77906;0.89944;;
-1.98;0.30441;0.77918;0.89969;;
-1.979;0.30429;0.77929;0.89995;;
-1.978;0.30417;0.77941;0.90020;;
-1.977;0.30404;0.77952;0.90045;;
-1.976;0.30392;0.77964;0.90070;;
-1.975;0.30380;0.77975;0.90096;;
-1.974;0.30368;0.77987;0.90121;;
-1.973;0.30355;0.77998;0.90146;;
-1.972;0.30343;0.78010;0.90171;;
-1.971;0.30331;0.78021;0.90197;;
-1.97;0.30318;0.78033;0.90222;;
-1.969;0.30306;0.78044;0.90247;;
-1.968;0.30294;0.78056;0.90272;;
-1.967;0.30281;0.78067;0.90298;;
-1.966;0.30269;0.78078;0.90323;;
-1.965;0.30257;0.78090;0.90348;;
-1.964;0.30244;0.78101;0.90373;;
-1.963;0.30232;0.78113;0.90399;;
-1.962;0.30220;0.78124;0.90424;;
-1.961;0.30207;0.78135;0.90449;;
-1.96;0.30195;0.78147;0.90474;;
-1.959;0.30183;0.78158;0.90500;;
-1.958;0.30170;0.78170;0.90525;;
-1.957;0.30158;0.78181;0.90550;;
-1.956;0.30145;0.78192;0.90575;;
-1.955;0.30133;0.78204;0.90601;;
-1.954;0.30121;0.78215;0.90626;;
-1.953;0.30108;0.78226;0.90651;;
-1.952;0.30096;0.78238;0.90676;;
-1.951;0.30083;0.78249;0.90702;;
-1.95;0.30071;0.78260;0.90727;;
-1.949;0.30059;0.78272;0.90752;;
-1.948;0.30046;0.78283;0.90777;;
-1.947;0.30034;0.78294;0.90803;;
-1.946;0.30021;0.78305;0.90828;;
-1.945;0.30009;0.78317;0.90853;;
-1.944;0.29996;0.78328;0.90878;;
-1.943;0.29984;0.78339;0.90904;;
-1.942;0.29972;0.78350;0.90929;;
-1.941;0.29959;0.78362;0.90954;;
-1.94;0.29947;0.78373;0.90979;;
-1.939;0.29934;0.78384;0.91005;;
-1.938;0.29922;0.78395;0.91030;;
-1.937;0.29909;0.78407;0.91055;;
-1.936;0.29897;0.78418;0.91080;;
-1.935;0.29884;0.78429;0.91105;;
-1.934;0.29872;0.78440;0.91131;;
-1.933;0.29859;0.78451;0.91156;;
-1.932;0.29847;0.78462;0.91181;;
-1.931;0.29834;0.78474;0.91206;;
-1.93;0.29822;0.78485;0.91232;;
-1.929;0.29809;0.78496;0.91257;;
-1.928;0.29796;0.78507;0.91282;;
-1.927;0.29784;0.78518;0.91307;;
-1.926;0.29771;0.78529;0.91332;;
-1.925;0.29759;0.78540;0.91358;;
-1.924;0.29746;0.78552;0.91383;;
-1.923;0.29734;0.78563;0.91408;;
-1.922;0.29721;0.78574;0.91433;;
-1.921;0.29709;0.78585;0.91459;;
-1.92;0.29696;0.78596;0.91484;;
-1.919;0.29683;0.78607;0.91509;;
-1.918;0.29671;0.78618;0.91534;;
-1.917;0.29658;0.78629;0.91559;;
-1.916;0.29646;0.78640;0.91585;;
-1.915;0.29633;0.78651;0.91610;;
-1.914;0.29620;0.78662;0.91635;;
-1.913;0.29608;0.78673;0.91660;;
-1.912;0.29595;0.78684;0.91685;;
-1.911;0.29583;0.78695;0.91711;;
-1.91;0.29570;0.78706;0.91736;;
-1.909;0.29557;0.78717;0.91761;;
-1.908;0.29545;0.78728;0.91786;;
-1.907;0.29532;0.78739;0.91811;;
-1.906;0.29519;0.78750;0.91837;;
-1.905;0.29507;0.78761;0.91862;;
-1.904;0.29494;0.78772;0.91887;;
-1.903;0.29481;0.78783;0.91912;;
-1.902;0.29469;0.78794;0.91937;;
-1.901;0.29456;0.78805;0.91962;;
-1.9;0.29443;0.78816;0.91988;;
-1.899;0.29431;0.78827;0.92013;;
-1.898;0.29418;0.78838;0.92038;;
-1.897;0.29405;0.78849;0.92063;;
-1.896;0.29393;0.78859;0.92088;;
-1.895;0.29380;0.78870;0.92114;;
-1.894;0.29367;0.78881;0.92139;;
-1.893;0.29354;0.78892;0.92164;;
-1.892;0.29342;0.78903;0.92189;;
-1.891;0.29329;0.78914;0.92214;;
-1.89;0.29316;0.78925;0.92239;;
-1.889;0.29304;0.78935;0.92265;;
-1.888;0.29291;0.78946;0.92290;;
-1.887;0.29278;0.78957;0.92315;;
-1.886;0.29265;0.78968;0.92340;;
-1.885;0.29253;0.78979;0.92365;;
-1.884;0.29240;0.78989;0.92390;;
-1.883;0.29227;0.79000;0.92415;;
-1.882;0.29214;0.79011;0.92441;;
-1.881;0.29201;0.79022;0.92466;;
-1.88;0.29189;0.79033;0.92491;;
-1.879;0.29176;0.79043;0.92516;;
-1.878;0.29163;0.79054;0.92541;;
-1.877;0.29150;0.79065;0.92566;;
-1.876;0.29137;0.79076;0.92592;;
-1.875;0.29125;0.79086;0.92617;;
-1.874;0.29112;0.79097;0.92642;;
-1.873;0.29099;0.79108;0.92667;;
-1.872;0.29086;0.79118;0.92692;;
-1.871;0.29073;0.79129;0.92717;;
-1.87;0.29061;0.79140;0.92742;;
-1.869;0.29048;0.79150;0.92767;;
-1.868;0.29035;0.79161;0.92793;;
-1.867;0.29022;0.79172;0.92818;;
-1.866;0.29009;0.79182;0.92843;;
-1.865;0.28996;0.79193;0.92868;;
-1.864;0.28983;0.79204;0.92893;;
-1.863;0.28971;0.79214;0.92918;;
-1.862;0.28958;0.79225;0.92943;;
-1.861;0.28945;0.79236;0.92968;;
-1.86;0.28932;0.79246;0.92994;;
-1.859;0.28919;0.79257;0.93019;;
-1.858;0.28906;0.79267;0.93044;;
-1.857;0.28893;0.79278;0.93069;;
-1.856;0.28880;0.79289;0.93094;;
-1.855;0.28867;0.79299;0.93119;;
-1.854;0.28854;0.79310;0.93144;;
-1.853;0.28842;0.79320;0.93169;;
-1.852;0.28829;0.79331;0.93194;;
-1.851;0.28816;0.79341;0.93219;;
-1.85;0.28803;0.79352;0.93244;;
-1.849;0.28790;0.79362;0.93270;;
-1.848;0.28777;0.79373;0.93295;;
-1.847;0.28764;0.79383;0.93320;;
-1.846;0.28751;0.79394;0.93345;;
-1.845;0.28738;0.79404;0.93370;;
-1.844;0.28725;0.79415;0.93395;;
-1.843;0.28712;0.79425;0.93420;;
-1.842;0.28699;0.79436;0.93445;;
-1.841;0.28686;0.79446;0.93470;;
-1.84;0.28673;0.79457;0.93495;;
-1.839;0.28660;0.79467;0.93520;;
-1.838;0.28647;0.79477;0.93545;;
-1.837;0.28634;0.79488;0.93570;;
-1.836;0.28621;0.79498;0.93596;;
-1.835;0.28608;0.79509;0.93621;;
-1.834;0.28595;0.79519;0.93646;;
-1.833;0.28582;0.79529;0.93671;;
-1.832;0.28569;0.79540;0.93696;;
-1.831;0.28556;0.79550;0.93721;;
-1.83;0.28543;0.79561;0.93746;;
-1.829;0.28530;0.79571;0.93771;;
-1.828;0.28517;0.79581;0.93796;;
-1.827;0.28504;0.79592;0.93821;;
-1.826;0.28491;0.79602;0.93846;;
-1.825;0.28478;0.79612;0.93871;;
-1.824;0.28465;0.79623;0.93896;;
-1.823;0.28452;0.79633;0.93921;;
-1.822;0.28438;0.79643;0.93946;;
-1.821;0.28425;0.79653;0.93971;;
-1.82;0.28412;0.79664;0.93996;;
-1.819;0.28399;0.79674;0.94021;;
-1.818;0.28386;0.79684;0.94046;;
-1.817;0.28373;0.79694;0.94071;;
-1.816;0.28360;0.79705;0.94096;;
-1.815;0.28347;0.79715;0.94121;;
-1.814;0.28334;0.79725;0.94146;;
-1.813;0.28321;0.79735;0.94171;;
-1.812;0.28307;0.79746;0.94196;;
-1.811;0.28294;0.79756;0.94221;;
-1.81;0.28281;0.79766;0.94246;;
-1.809;0.28268;0.79776;0.94271;;
-1.808;0.28255;0.79786;0.94296;;
-1.807;0.28242;0.79797;0.94321;;
-1.806;0.28229;0.79807;0.94346;;
-1.805;0.28215;0.79817;0.94371;;
-1.804;0.28202;0.79827;0.94396;;
-1.803;0.28189;0.79837;0.94421;;
-1.802;0.28176;0.79847;0.94446;;
-1.801;0.28163;0.79857;0.94471;;
-1.8;0.28150;0.79868;0.94496;;
-1.799;0.28136;0.79878;0.94521;;
-1.798;0.28123;0.79888;0.94546;;
-1.797;0.28110;0.79898;0.94571;;
-1.796;0.28097;0.79908;0.94596;;
-1.795;0.28084;0.79918;0.94621;;
-1.794;0.28070;0.79928;0.94646;;
-1.793;0.28057;0.79938;0.94671;;
-1.792;0.28044;0.79948;0.94696;;
-1.791;0.28031;0.79958;0.94720;;
-1.79;0.28018;0.79968;0.94745;;
-1.789;0.28004;0.79978;0.94770;;
-1.788;0.27991;0.79988;0.94795;;
-1.787;0.27978;0.79998;0.94820;;
-1.786;0.27965;0.80008;0.94845;;
-1.785;0.27951;0.80018;0.94870;;
-1.784;0.27938;0.80028;0.94895;;
-1.783;0.27925;0.80038;0.94920;;
-1.782;0.27912;0.80048;0.94945;;
-1.781;0.27898;0.80058;0.94970;;
-1.78;0.27885;0.80068;0.94995;;
-1.779;0.27872;0.80078;0.95020;;
-1.778;0.27858;0.80088;0.95044;;
-1.777;0.27845;0.80098;0.95069;;
-1.776;0.27832;0.80108;0.95094;;
-1.775;0.27819;0.80118;0.95119;;
-1.774;0.27805;0.80128;0.95144;;
-1.773;0.27792;0.80137;0.95169;;
-1.772;0.27779;0.80147;0.95194;;
-1.771;0.27765;0.80157;0.95219;;
-1.77;0.27752;0.80167;0.95244;;
-1.769;0.27739;0.80177;0.95268;;
-1.768;0.27725;0.80187;0.95293;;
-1.767;0.27712;0.80197;0.95318;;
-1.766;0.27699;0.80206;0.95343;;
-1.765;0.27685;0.80216;0.95368;;
-1.764;0.27672;0.80226;0.95393;;
-1.763;0.27659;0.80236;0.95418;;
-1.762;0.27645;0.80246;0.95442;;
-1.761;0.27632;0.80256;0.95467;;
-1.76;0.27618;0.80265;0.95492;;
-1.759;0.27605;0.80275;0.95517;;
-1.758;0.27592;0.80285;0.95542;;
-1.757;0.27578;0.80295;0.95567;;
-1.756;0.27565;0.80304;0.95591;;
-1.755;0.27552;0.80314;0.95616;;
-1.754;0.27538;0.80324;0.95641;;
-1.753;0.27525;0.80334;0.95666;;
-1.752;0.27511;0.80343;0.95691;;
-1.751;0.27498;0.80353;0.95716;;
-1.75;0.27485;0.80363;0.95740;;
-1.749;0.27471;0.80372;0.95765;;
-1.748;0.27458;0.80382;0.95790;;
-1.747;0.27444;0.80392;0.95815;;
-1.746;0.27431;0.80401;0.95840;;
-1.745;0.27417;0.80411;0.95864;;
-1.744;0.27404;0.80421;0.95889;;
-1.743;0.27390;0.80430;0.95914;;
-1.742;0.27377;0.80440;0.95939;;
-1.741;0.27364;0.80450;0.95964;;
-1.74;0.27350;0.80459;0.95988;;
-1.739;0.27337;0.80469;0.96013;;
-1.738;0.27323;0.80478;0.96038;;
-1.737;0.27310;0.80488;0.96063;;
-1.736;0.27296;0.80498;0.96087;;
-1.735;0.27283;0.80507;0.96112;;
-1.734;0.27269;0.80517;0.96137;;
-1.733;0.27256;0.80526;0.96162;;
-1.732;0.27242;0.80536;0.96186;;
-1.731;0.27229;0.80545;0.96211;;
-1.73;0.27215;0.80555;0.96236;;
-1.729;0.27202;0.80564;0.96261;;
-1.728;0.27188;0.80574;0.96285;;
-1.727;0.27175;0.80583;0.96310;;
-1.726;0.27161;0.80593;0.96335;;
-1.725;0.27148;0.80602;0.96360;;
-1.724;0.27134;0.80612;0.96384;;
-1.723;0.27121;0.80621;0.96409;;
-1.722;0.27107;0.80631;0.96434;;
-1.721;0.27093;0.80640;0.96458;;
-1.72;0.27080;0.80650;0.96483;;
-1.719;0.27066;0.80659;0.96508;;
-1.718;0.27053;0.80669;0.96533;;
-1.717;0.27039;0.80678;0.96557;;
-1.716;0.27026;0.80687;0.96582;;
-1.715;0.27012;0.80697;0.96607;;
-1.714;0.26998;0.80706;0.96631;;
-1.713;0.26985;0.80716;0.96656;;
-1.712;0.26971;0.80725;0.96681;;
-1.711;0.26958;0.80734;0.96705;;
-1.71;0.26944;0.80744;0.96730;;
-1.709;0.26931;0.80753;0.96755;;
-1.708;0.26917;0.80762;0.96779;;
-1.707;0.26903;0.80772;0.96804;;
-1.706;0.26890;0.80781;0.96829;;
-1.705;0.26876;0.80790;0.96853;;
-1.704;0.26862;0.80800;0.96878;;
-1.703;0.26849;0.80809;0.96903;;
-1.702;0.26835;0.80818;0.96927;;
-1.701;0.26822;0.80827;0.96952;;
-1.7;0.26808;0.80837;0.96977;;
-1.699;0.26794;0.80846;0.97001;;
-1.698;0.26781;0.80855;0.97026;;
-1.697;0.26767;0.80864;0.97050;;
-1.696;0.26753;0.80874;0.97075;;
-1.695;0.26740;0.80883;0.97100;;
-1.694;0.26726;0.80892;0.97124;;
-1.693;0.26712;0.80901;0.97149;;
-1.692;0.26699;0.80911;0.97173;;
-1.691;0.26685;0.80920;0.97198;;
-1.69;0.26671;0.80929;0.97223;;
-1.689;0.26658;0.80938;0.97247;;
-1.688;0.26644;0.80947;0.97272;;
-1.687;0.26630;0.80956;0.97296;;
-1.686;0.26616;0.80966;0.97321;;
-1.685;0.26603;0.80975;0.97345;;
-1.684;0.26589;0.80984;0.97370;;
-1.683;0.26575;0.80993;0.97395;;
-1.682;0.26562;0.81002;0.97419;;
-1.681;0.26548;0.81011;0.97444;;
-1.68;0.26534;0.81020;0.97468;;
-1.679;0.26520;0.81029;0.97493;;
-1.678;0.26507;0.81039;0.97517;;
-1.677;0.26493;0.81048;0.97542;;
-1.676;0.26479;0.81057;0.97566;;
-1.675;0.26465;0.81066;0.97591;;
-1.674;0.26452;0.81075;0.97616;;
-1.673;0.26438;0.81084;0.97640;;
-1.672;0.26424;0.81093;0.97665;;
-1.671;0.26410;0.81102;0.97689;;
-1.67;0.26397;0.81111;0.97714;;
-1.669;0.26383;0.81120;0.97738;;
-1.668;0.26369;0.81129;0.97763;;
-1.667;0.26355;0.81138;0.97787;;
-1.666;0.26342;0.81147;0.97812;;
-1.665;0.26328;0.81156;0.97836;;
-1.664;0.26314;0.81165;0.97861;;
-1.663;0.26300;0.81174;0.97885;;
-1.662;0.26286;0.81183;0.97909;;
-1.661;0.26272;0.81192;0.97934;;
-1.66;0.26259;0.81201;0.97958;;
-1.659;0.26245;0.81210;0.97983;;
-1.658;0.26231;0.81218;0.98007;;
-1.657;0.26217;0.81227;0.98032;;
-1.656;0.26203;0.81236;0.98056;;
-1.655;0.26190;0.81245;0.98081;;
-1.654;0.26176;0.81254;0.98105;;
-1.653;0.26162;0.81263;0.98130;;
-1.652;0.26148;0.81272;0.98154;;
-1.651;0.26134;0.81281;0.98178;;
-1.65;0.26120;0.81289;0.98203;;
-1.649;0.26106;0.81298;0.98227;;
-1.648;0.26093;0.81307;0.98252;;
-1.647;0.26079;0.81316;0.98276;;
-1.646;0.26065;0.81325;0.98300;;
-1.645;0.26051;0.81333;0.98325;;
-1.644;0.26037;0.81342;0.98349;;
-1.643;0.26023;0.81351;0.98374;;
-1.642;0.26009;0.81360;0.98398;;
-1.641;0.25995;0.81369;0.98422;;
-1.64;0.25982;0.81377;0.98447;;
-1.639;0.25968;0.81386;0.98471;;
-1.638;0.25954;0.81395;0.98496;;
-1.637;0.25940;0.81404;0.98520;;
-1.636;0.25926;0.81412;0.98544;;
-1.635;0.25912;0.81421;0.98569;;
-1.634;0.25898;0.81430;0.98593;;
-1.633;0.25884;0.81438;0.98617;;
-1.632;0.25870;0.81447;0.98642;;
-1.631;0.25856;0.81456;0.98666;;
-1.63;0.25842;0.81464;0.98690;;
-1.629;0.25828;0.81473;0.98715;;
-1.628;0.25814;0.81482;0.98739;;
-1.627;0.25800;0.81490;0.98763;;
-1.626;0.25786;0.81499;0.98788;;
-1.625;0.25773;0.81508;0.98812;;
-1.624;0.25759;0.81516;0.98836;;
-1.623;0.25745;0.81525;0.98861;;
-1.622;0.25731;0.81533;0.98885;;
-1.621;0.25717;0.81542;0.98909;;
-1.62;0.25703;0.81551;0.98933;;
-1.619;0.25689;0.81559;0.98958;;
-1.618;0.25675;0.81568;0.98982;;
-1.617;0.25661;0.81576;0.99006;;
-1.616;0.25647;0.81585;0.99030;;
-1.615;0.25633;0.81593;0.99055;;
-1.614;0.25619;0.81602;0.99079;;
-1.613;0.25605;0.81610;0.99103;;
-1.612;0.25591;0.81619;0.99128;;
-1.611;0.25577;0.81627;0.99152;;
-1.61;0.25563;0.81636;0.99176;;
-1.609;0.25549;0.81644;0.99200;;
-1.608;0.25535;0.81653;0.99224;;
-1.607;0.25521;0.81661;0.99249;;
-1.606;0.25507;0.81670;0.99273;;
-1.605;0.25492;0.81678;0.99297;;
-1.604;0.25478;0.81687;0.99321;;
-1.603;0.25464;0.81695;0.99346;;
-1.602;0.25450;0.81704;0.99370;;
-1.601;0.25436;0.81712;0.99394;;
-1.6;0.25422;0.81720;0.99418;;
-1.599;0.25408;0.81729;0.99442;;
-1.598;0.25394;0.81737;0.99466;;
-1.597;0.25380;0.81746;0.99491;;
-1.596;0.25366;0.81754;0.99515;;
-1.595;0.25352;0.81762;0.99539;;
-1.594;0.25338;0.81771;0.99563;;
-1.593;0.25324;0.81779;0.99587;;
-1.592;0.25310;0.81787;0.99611;;
-1.591;0.25295;0.81796;0.99636;;
-1.59;0.25281;0.81804;0.99660;;
-1.589;0.25267;0.81812;0.99684;;
-1.588;0.25253;0.81821;0.99708;;
-1.587;0.25239;0.81829;0.99732;;
-1.586;0.25225;0.81837;0.99756;;
-1.585;0.25211;0.81845;0.99780;;
-1.584;0.25197;0.81854;0.99804;;
-1.583;0.25183;0.81862;0.99829;;
-1.582;0.25168;0.81870;0.99853;;
-1.581;0.25154;0.81878;0.99877;;
-1.58;0.25140;0.81887;0.99901;;
-1.579;0.25126;0.81895;0.99925;;
-1.578;0.25112;0.81903;0.99949;;
-1.577;0.25098;0.81911;0.99973;;
-1.576;0.25084;0.81919;0.99997;;
-1.575;0.25069;0.81928;1.00021;;
-1.574;0.25055;0.81936;1.00045;;
-1.573;0.25041;0.81944;1.00069;;
-1.572;0.25027;0.81952;1.00093;;
-1.571;0.25013;0.81960;1.00117;;
-1.57;0.24998;0.81968;1.00141;;
-1.569;0.24984;0.81977;1.00165;;
-1.568;0.24970;0.81985;1.00189;;
-1.567;0.24956;0.81993;1.00213;;
-1.566;0.24942;0.82001;1.00237;;
-1.565;0.24928;0.82009;1.00262;;
-1.564;0.24913;0.82017;1.00286;;
-1.563;0.24899;0.82025;1.00310;;
-1.562;0.24885;0.82033;1.00334;;
-1.561;0.24871;0.82041;1.00357;;
-1.56;0.24856;0.82049;1.00381;;
-1.559;0.24842;0.82057;1.00405;;
-1.558;0.24828;0.82065;1.00429;;
-1.557;0.24814;0.82073;1.00453;;
-1.556;0.24800;0.82081;1.00477;;
-1.555;0.24785;0.82089;1.00501;;
-1.554;0.24771;0.82097;1.00525;;
-1.553;0.24757;0.82105;1.00549;;
-1.552;0.24743;0.82113;1.00573;;
-1.551;0.24728;0.82121;1.00597;;
-1.55;0.24714;0.82129;1.00621;;
-1.549;0.24700;0.82137;1.00645;;
-1.548;0.24686;0.82145;1.00669;;
-1.547;0.24671;0.82153;1.00693;;
-1.546;0.24657;0.82161;1.00717;;
-1.545;0.24643;0.82169;1.00741;;
-1.544;0.24628;0.82177;1.00764;;
-1.543;0.24614;0.82185;1.00788;;
-1.542;0.24600;0.82193;1.00812;;
-1.541;0.24586;0.82201;1.00836;;
-1.54;0.24571;0.82209;1.00860;;
-1.539;0.24557;0.82216;1.00884;;
-1.538;0.24543;0.82224;1.00908;;
-1.537;0.24528;0.82232;1.00932;;
-1.536;0.24514;0.82240;1.00955;;
-1.535;0.24500;0.82248;1.00979;;
-1.534;0.24485;0.82256;1.01003;;
-1.533;0.24471;0.82263;1.01027;;
-1.532;0.24457;0.82271;1.01051;;
-1.531;0.24442;0.82279;1.01075;;
-1.53;0.24428;0.82287;1.01098;;
-1.529;0.24414;0.82295;1.01122;;
-1.528;0.24399;0.82302;1.01146;;
-1.527;0.24385;0.82310;1.01170;;
-1.526;0.24371;0.82318;1.01194;;
-1.525;0.24356;0.82326;1.01217;;
-1.524;0.24342;0.82333;1.01241;;
-1.523;0.24328;0.82341;1.01265;;
-1.522;0.24313;0.82349;1.01289;;
-1.521;0.24299;0.82357;1.01313;;
-1.52;0.24285;0.82364;1.01336;;
-1.519;0.24270;0.82372;1.01360;;
-1.518;0.24256;0.82380;1.01384;;
-1.517;0.24241;0.82387;1.01408;;
-1.516;0.24227;0.82395;1.01431;;
-1.515;0.24213;0.82403;1.01455;;
-1.514;0.24198;0.82410;1.01479;;
-1.513;0.24184;0.82418;1.01503;;
-1.512;0.24169;0.82425;1.01526;;
-1.511;0.24155;0.82433;1.01550;;
-1.51;0.24141;0.82441;1.01574;;
-1.509;0.24126;0.82448;1.01597;;
-1.508;0.24112;0.82456;1.01621;;
-1.507;0.24097;0.82463;1.01645;;
-1.506;0.24083;0.82471;1.01668;;
-1.505;0.24069;0.82479;1.01692;;
-1.504;0.24054;0.82486;1.01716;;
-1.503;0.24040;0.82494;1.01739;;
-1.502;0.24025;0.82501;1.01763;;
-1.501;0.24011;0.82509;1.01787;;
-1.5;0.23996;0.82516;1.01810;;
-1.499;0.23982;0.82524;1.01834;;
-1.498;0.23968;0.82531;1.01858;;
-1.497;0.23953;0.82539;1.01881;;
-1.496;0.23939;0.82546;1.01905;;
-1.495;0.23924;0.82554;1.01929;;
-1.494;0.23910;0.82561;1.01952;;
-1.493;0.23895;0.82569;1.01976;;
-1.492;0.23881;0.82576;1.01999;;
-1.491;0.23866;0.82584;1.02023;;
-1.49;0.23852;0.82591;1.02047;;
-1.489;0.23837;0.82598;1.02070;;
-1.488;0.23823;0.82606;1.02094;;
-1.487;0.23808;0.82613;1.02117;;
-1.486;0.23794;0.82621;1.02141;;
-1.485;0.23779;0.82628;1.02164;;
-1.484;0.23765;0.82635;1.02188;;
-1.483;0.23750;0.82643;1.02212;;
-1.482;0.23736;0.82650;1.02235;;
-1.481;0.23721;0.82658;1.02259;;
-1.48;0.23707;0.82665;1.02282;;
-1.479;0.23692;0.82672;1.02306;;
-1.478;0.23678;0.82680;1.02329;;
-1.477;0.23663;0.82687;1.02353;;
-1.476;0.23649;0.82694;1.02376;;
-1.475;0.23634;0.82701;1.02400;;
-1.474;0.23620;0.82709;1.02423;;
-1.473;0.23605;0.82716;1.02447;;
-1.472;0.23591;0.82723;1.02470;;
-1.471;0.23576;0.82731;1.02494;;
-1.47;0.23561;0.82738;1.02517;;
-1.469;0.23547;0.82745;1.02541;;
-1.468;0.23532;0.82752;1.02564;;
-1.467;0.23518;0.82760;1.02588;;
-1.466;0.23503;0.82767;1.02611;;
-1.465;0.23489;0.82774;1.02634;;
-1.464;0.23474;0.82781;1.02658;;
-1.463;0.23460;0.82788;1.02681;;
-1.462;0.23445;0.82796;1.02705;;
-1.461;0.23430;0.82803;1.02728;;
-1.46;0.23416;0.82810;1.02752;;
-1.459;0.23401;0.82817;1.02775;;
-1.458;0.23387;0.82824;1.02798;;
-1.457;0.23372;0.82831;1.02822;;
-1.456;0.23357;0.82838;1.02845;;
-1.455;0.23343;0.82846;1.02868;;
-1.454;0.23328;0.82853;1.02892;;
-1.453;0.23314;0.82860;1.02915;;
-1.452;0.23299;0.82867;1.02939;;
-1.451;0.23284;0.82874;1.02962;;
-1.45;0.23270;0.82881;1.02985;;
-1.449;0.23255;0.82888;1.03009;;
-1.448;0.23240;0.82895;1.03032;;
-1.447;0.23226;0.82902;1.03055;;
-1.446;0.23211;0.82909;1.03079;;
-1.445;0.23197;0.82916;1.03102;;
-1.444;0.23182;0.82923;1.03125;;
-1.443;0.23167;0.82930;1.03149;;
-1.442;0.23153;0.82937;1.03172;;
-1.441;0.23138;0.82944;1.03195;;
-1.44;0.23123;0.82951;1.03218;;
-1.439;0.23109;0.82958;1.03242;;
-1.438;0.23094;0.82965;1.03265;;
-1.437;0.23079;0.82972;1.03288;;
-1.436;0.23065;0.82979;1.03311;;
-1.435;0.23050;0.82986;1.03335;;
-1.434;0.23035;0.82993;1.03358;;
-1.433;0.23021;0.83000;1.03381;;
-1.432;0.23006;0.83007;1.03404;;
-1.431;0.22991;0.83014;1.03428;;
-1.43;0.22977;0.83021;1.03451;;
-1.429;0.22962;0.83028;1.03474;;
-1.428;0.22947;0.83034;1.03497;;
-1.427;0.22933;0.83041;1.03521;;
-1.426;0.22918;0.83048;1.03544;;
-1.425;0.22903;0.83055;1.03567;;
-1.424;0.22888;0.83062;1.03590;;
-1.423;0.22874;0.83069;1.03613;;
-1.422;0.22859;0.83075;1.03636;;
-1.421;0.22844;0.83082;1.03660;;
-1.42;0.22830;0.83089;1.03683;;
-1.419;0.22815;0.83096;1.03706;;
-1.418;0.22800;0.83103;1.03729;;
-1.417;0.22785;0.83109;1.03752;;
-1.416;0.22771;0.83116;1.03775;;
-1.415;0.22756;0.83123;1.03798;;
-1.414;0.22741;0.83130;1.03822;;
-1.413;0.22726;0.83136;1.03845;;
-1.412;0.22712;0.83143;1.03868;;
-1.411;0.22697;0.83150;1.03891;;
-1.41;0.22682;0.83157;1.03914;;
-1.409;0.22667;0.83163;1.03937;;
-1.408;0.22653;0.83170;1.03960;;
-1.407;0.22638;0.83177;1.03983;;
-1.406;0.22623;0.83183;1.04006;;
-1.405;0.22608;0.83190;1.04029;;
-1.404;0.22594;0.83197;1.04052;;
-1.403;0.22579;0.83203;1.04075;;
-1.402;0.22564;0.83210;1.04098;;
-1.401;0.22549;0.83217;1.04121;;
-1.4;0.22534;0.83223;1.04144;;
-1.399;0.22520;0.83230;1.04168;;
-1.398;0.22505;0.83237;1.04191;;
-1.397;0.22490;0.83243;1.04214;;
-1.396;0.22475;0.83250;1.04237;;
-1.395;0.22460;0.83256;1.04260;;
-1.394;0.22446;0.83263;1.04283;;
-1.393;0.22431;0.83269;1.04305;;
-1.392;0.22416;0.83276;1.04328;;
-1.391;0.22401;0.83283;1.04351;;
-1.39;0.22386;0.83289;1.04374;;
-1.389;0.22372;0.83296;1.04397;;
-1.388;0.22357;0.83302;1.04420;;
-1.387;0.22342;0.83309;1.04443;;
-1.386;0.22327;0.83315;1.04466;;
-1.385;0.22312;0.83322;1.04489;;
-1.384;0.22297;0.83328;1.04512;;
-1.383;0.22283;0.83335;1.04535;;
-1.382;0.22268;0.83341;1.04558;;
-1.381;0.22253;0.83348;1.04581;;
-1.38;0.22238;0.83354;1.04604;;
-1.379;0.22223;0.83360;1.04626;;
-1.378;0.22208;0.83367;1.04649;;
-1.377;0.22193;0.83373;1.04672;;
-1.376;0.22179;0.83380;1.04695;;
-1.375;0.22164;0.83386;1.04718;;
-1.374;0.22149;0.83393;1.04741;;
-1.373;0.22134;0.83399;1.04764;;
-1.372;0.22119;0.83405;1.04786;;
-1.371;0.22104;0.83412;1.04809;;
-1.37;0.22089;0.83418;1.04832;;
-1.369;0.22074;0.83424;1.04855;;
-1.368;0.22060;0.83431;1.04878;;
-1.367;0.22045;0.83437;1.04901;;
-1.366;0.22030;0.83443;1.04923;;
-1.365;0.22015;0.83450;1.04946;;
-1.364;0.22000;0.83456;1.04969;;
-1.363;0.21985;0.83462;1.04992;;
-1.362;0.21970;0.83469;1.05015;;
-1.361;0.21955;0.83475;1.05037;;
-1.36;0.21940;0.83481;1.05060;;
-1.359;0.21925;0.83487;1.05083;;
-1.358;0.21911;0.83494;1.05106;;
-1.357;0.21896;0.83500;1.05128;;
-1.356;0.21881;0.83506;1.05151;;
-1.355;0.21866;0.83512;1.05174;;
-1.354;0.21851;0.83519;1.05196;;
-1.353;0.21836;0.83525;1.05219;;
-1.352;0.21821;0.83531;1.05242;;
-1.351;0.21806;0.83537;1.05265;;
-1.35;0.21791;0.83543;1.05287;;
-1.349;0.21776;0.83549;1.05310;;
-1.348;0.21761;0.83556;1.05333;;
-1.347;0.21746;0.83562;1.05355;;
-1.346;0.21731;0.83568;1.05378;;
-1.345;0.21716;0.83574;1.05401;;
-1.344;0.21701;0.83580;1.05423;;
-1.343;0.21686;0.83586;1.05446;;
-1.342;0.21671;0.83592;1.05468;;
-1.341;0.21656;0.83599;1.05491;;
-1.34;0.21641;0.83605;1.05514;;
-1.339;0.21626;0.83611;1.05536;;
-1.338;0.21611;0.83617;1.05559;;
-1.337;0.21597;0.83623;1.05581;;
-1.336;0.21582;0.83629;1.05604;;
-1.335;0.21567;0.83635;1.05627;;
-1.334;0.21552;0.83641;1.05649;;
-1.333;0.21537;0.83647;1.05672;;
-1.332;0.21522;0.83653;1.05694;;
-1.331;0.21507;0.83659;1.05717;;
-1.33;0.21492;0.83665;1.05739;;
-1.329;0.21477;0.83671;1.05762;;
-1.328;0.21462;0.83677;1.05785;;
-1.327;0.21447;0.83683;1.05807;;
-1.326;0.21431;0.83689;1.05830;;
-1.325;0.21416;0.83695;1.05852;;
-1.324;0.21401;0.83701;1.05875;;
-1.323;0.21386;0.83707;1.05897;;
-1.322;0.21371;0.83713;1.05920;;
-1.321;0.21356;0.83719;1.05942;;
-1.32;0.21341;0.83725;1.05965;;
-1.319;0.21326;0.83730;1.05987;;
-1.318;0.21311;0.83736;1.06009;;
-1.317;0.21296;0.83742;1.06032;;
-1.316;0.21281;0.83748;1.06054;;
-1.315;0.21266;0.83754;1.06077;;
-1.314;0.21251;0.83760;1.06099;;
-1.313;0.21236;0.83766;1.06122;;
-1.312;0.21221;0.83772;1.06144;;
-1.311;0.21206;0.83777;1.06166;;
-1.31;0.21191;0.83783;1.06189;;
-1.309;0.21176;0.83789;1.06211;;
-1.308;0.21161;0.83795;1.06234;;
-1.307;0.21146;0.83801;1.06256;;
-1.306;0.21131;0.83806;1.06278;;
-1.305;0.21115;0.83812;1.06301;;
-1.304;0.21100;0.83818;1.06323;;
-1.303;0.21085;0.83824;1.06346;;
-1.302;0.21070;0.83829;1.06368;;
-1.301;0.21055;0.83835;1.06390;;
-1.3;0.21040;0.83841;1.06413;;
-1.299;0.21025;0.83847;1.06435;;
-1.298;0.21010;0.83852;1.06457;;
-1.297;0.20995;0.83858;1.06479;;
-1.296;0.20980;0.83864;1.06502;;
-1.295;0.20965;0.83869;1.06524;;
-1.294;0.20949;0.83875;1.06546;;
-1.293;0.20934;0.83881;1.06569;;
-1.292;0.20919;0.83886;1.06591;;
-1.291;0.20904;0.83892;1.06613;;
-1.29;0.20889;0.83898;1.06635;;
-1.289;0.20874;0.83903;1.06658;;
-1.288;0.20859;0.83909;1.06680;;
-1.287;0.20844;0.83915;1.06702;;
-1.286;0.20828;0.83920;1.06724;;
-1.285;0.20813;0.83926;1.06747;;
-1.284;0.20798;0.83931;1.06769;;
-1.283;0.20783;0.83937;1.06791;;
-1.282;0.20768;0.83943;1.06813;;
-1.281;0.20753;0.83948;1.06835;;
-1.28;0.20738;0.83954;1.06858;;
-1.279;0.20722;0.83959;1.06880;;
-1.278;0.20707;0.83965;1.06902;;
-1.277;0.20692;0.83970;1.06924;;
-1.276;0.20677;0.83976;1.06946;;
-1.275;0.20662;0.83981;1.06968;;
-1.274;0.20647;0.83987;1.06991;;
-1.273;0.20631;0.83992;1.07013;;
-1.272;0.20616;0.83998;1.07035;;
-1.271;0.20601;0.84003;1.07057;;
-1.27;0.20586;0.84009;1.07079;;
-1.269;0.20571;0.84014;1.07101;;
-1.268;0.20556;0.84020;1.07123;;
-1.267;0.20540;0.84025;1.07145;;
-1.266;0.20525;0.84031;1.07167;;
-1.265;0.20510;0.84036;1.07190;;
-1.264;0.20495;0.84041;1.07212;;
-1.263;0.20480;0.84047;1.07234;;
-1.262;0.20464;0.84052;1.07256;;
-1.261;0.20449;0.84058;1.07278;;
-1.26;0.20434;0.84063;1.07300;;
-1.259;0.20419;0.84068;1.07322;;
-1.258;0.20404;0.84074;1.07344;;
-1.257;0.20388;0.84079;1.07366;;
-1.256;0.20373;0.84084;1.07388;;
-1.255;0.20358;0.84090;1.07410;;
-1.254;0.20343;0.84095;1.07432;;
-1.253;0.20327;0.84100;1.07454;;
-1.252;0.20312;0.84106;1.07476;;
-1.251;0.20297;0.84111;1.07498;;
-1.25;0.20282;0.84116;1.07520;;
-1.249;0.20267;0.84121;1.07542;;
-1.248;0.20251;0.84127;1.07564;;
-1.247;0.20236;0.84132;1.07586;;
-1.246;0.20221;0.84137;1.07607;;
-1.245;0.20206;0.84143;1.07629;;
-1.244;0.20190;0.84148;1.07651;;
-1.243;0.20175;0.84153;1.07673;;
-1.242;0.20160;0.84158;1.07695;;
-1.241;0.20145;0.84163;1.07717;;
-1.24;0.20129;0.84169;1.07739;;
-1.239;0.20114;0.84174;1.07761;;
-1.238;0.20099;0.84179;1.07783;;
-1.237;0.20084;0.84184;1.07805;;
-1.236;0.20068;0.84189;1.07826;;
-1.235;0.20053;0.84194;1.07848;;
-1.234;0.20038;0.84200;1.07870;;
-1.233;0.20022;0.84205;1.07892;;
-1.232;0.20007;0.84210;1.07914;;
-1.231;0.19992;0.84215;1.07936;;
-1.23;0.19977;0.84220;1.07957;;
-1.229;0.19961;0.84225;1.07979;;
-1.228;0.19946;0.84230;1.08001;;
-1.227;0.19931;0.84235;1.08023;;
-1.226;0.19915;0.84240;1.08045;;
-1.225;0.19900;0.84245;1.08066;;
-1.224;0.19885;0.84251;1.08088;;
-1.223;0.19869;0.84256;1.08110;;
-1.222;0.19854;0.84261;1.08132;;
-1.221;0.19839;0.84266;1.08153;;
-1.22;0.19824;0.84271;1.08175;;
-1.219;0.19808;0.84276;1.08197;;
-1.218;0.19793;0.84281;1.08218;;
-1.217;0.19778;0.84286;1.08240;;
-1.216;0.19762;0.84291;1.08262;;
-1.215;0.19747;0.84296;1.08284;;
-1.214;0.19732;0.84301;1.08305;;
-1.213;0.19716;0.84306;1.08327;;
-1.212;0.19701;0.84311;1.08349;;
-1.211;0.19686;0.84315;1.08370;;
-1.21;0.19670;0.84320;1.08392;;
-1.209;0.19655;0.84325;1.08414;;
-1.208;0.19640;0.84330;1.08435;;
-1.207;0.19624;0.84335;1.08457;;
-1.206;0.19609;0.84340;1.08478;;
-1.205;0.19594;0.84345;1.08500;;
-1.204;0.19578;0.84350;1.08522;;
-1.203;0.19563;0.84355;1.08543;;
-1.202;0.19547;0.84360;1.08565;;
-1.201;0.19532;0.84364;1.08586;;
-1.2;0.19517;0.84369;1.08608;;
-1.199;0.19501;0.84374;1.08630;;
-1.198;0.19486;0.84379;1.08651;;
-1.197;0.19471;0.84384;1.08673;;
-1.196;0.19455;0.84388;1.08694;;
-1.195;0.19440;0.84393;1.08716;;
-1.194;0.19425;0.84398;1.08737;;
-1.193;0.19409;0.84403;1.08759;;
-1.192;0.19394;0.84408;1.08780;;
-1.191;0.19378;0.84412;1.08802;;
-1.19;0.19363;0.84417;1.08823;;
-1.189;0.19348;0.84422;1.08845;;
-1.188;0.19332;0.84427;1.08866;;
-1.187;0.19317;0.84431;1.08888;;
-1.186;0.19301;0.84436;1.08909;;
-1.185;0.19286;0.84441;1.08931;;
-1.184;0.19271;0.84445;1.08952;;
-1.183;0.19255;0.84450;1.08974;;
-1.182;0.19240;0.84455;1.08995;;
-1.181;0.19224;0.84460;1.09017;;
-1.18;0.19209;0.84464;1.09038;;
-1.179;0.19194;0.84469;1.09059;;
-1.178;0.19178;0.84473;1.09081;;
-1.177;0.19163;0.84478;1.09102;;
-1.176;0.19147;0.84483;1.09124;;
-1.175;0.19132;0.84487;1.09145;;
-1.174;0.19116;0.84492;1.09166;;
-1.173;0.19101;0.84497;1.09188;;
-1.172;0.19086;0.84501;1.09209;;
-1.171;0.19070;0.84506;1.09230;;
-1.17;0.19055;0.84510;1.09252;;
-1.169;0.19039;0.84515;1.09273;;
-1.168;0.19024;0.84519;1.09294;;
-1.167;0.19008;0.84524;1.09316;;
-1.166;0.18993;0.84529;1.09337;;
-1.165;0.18977;0.84533;1.09358;;
-1.164;0.18962;0.84538;1.09380;;
-1.163;0.18947;0.84542;1.09401;;
-1.162;0.18931;0.84547;1.09422;;
-1.161;0.18916;0.84551;1.09443;;
-1.16;0.18900;0.84556;1.09465;;
-1.159;0.18885;0.84560;1.09486;;
-1.158;0.18869;0.84565;1.09507;;
-1.157;0.18854;0.84569;1.09529;;
-1.156;0.18838;0.84573;1.09550;;
-1.155;0.18823;0.84578;1.09571;;
-1.154;0.18807;0.84582;1.09592;;
-1.153;0.18792;0.84587;1.09613;;
-1.152;0.18776;0.84591;1.09635;;
-1.151;0.18761;0.84596;1.09656;;
-1.15;0.18745;0.84600;1.09677;;
-1.149;0.18730;0.84604;1.09698;;
-1.148;0.18714;0.84609;1.09719;;
-1.147;0.18699;0.84613;1.09740;;
-1.146;0.18683;0.84618;1.09762;;
-1.145;0.18668;0.84622;1.09783;;
-1.144;0.18652;0.84626;1.09804;;
-1.143;0.18637;0.84631;1.09825;;
-1.142;0.18621;0.84635;1.09846;;
-1.141;0.18606;0.84639;1.09867;;
-1.14;0.18590;0.84644;1.09888;;
-1.139;0.18575;0.84648;1.09909;;
-1.138;0.18559;0.84652;1.09931;;
-1.137;0.18544;0.84656;1.09952;;
-1.136;0.18528;0.84661;1.09973;;
-1.135;0.18513;0.84665;1.09994;;
-1.134;0.18497;0.84669;1.10015;;
-1.133;0.18482;0.84673;1.10036;;
-1.132;0.18466;0.84678;1.10057;;
-1.131;0.18451;0.84682;1.10078;;
-1.13;0.18435;0.84686;1.10099;;
-1.129;0.18420;0.84690;1.10120;;
-1.128;0.18404;0.84695;1.10141;;
-1.127;0.18388;0.84699;1.10162;;
-1.126;0.18373;0.84703;1.10183;;
-1.125;0.18357;0.84707;1.10204;;
-1.124;0.18342;0.84711;1.10225;;
-1.123;0.18326;0.84715;1.10246;;
-1.122;0.18311;0.84720;1.10267;;
-1.121;0.18295;0.84724;1.10288;;
-1.12;0.18280;0.84728;1.10309;;
-1.119;0.18264;0.84732;1.10330;;
-1.118;0.18249;0.84736;1.10351;;
-1.117;0.18233;0.84740;1.10371;;
-1.116;0.18217;0.84744;1.10392;;
-1.115;0.18202;0.84748;1.10413;;
-1.114;0.18186;0.84753;1.10434;;
-1.113;0.18171;0.84757;1.10455;;
-1.112;0.18155;0.84761;1.10476;;
-1.111;0.18140;0.84765;1.10497;;
-1.11;0.18124;0.84769;1.10518;;
-1.109;0.18108;0.84773;1.10539;;
-1.108;0.18093;0.84777;1.10559;;
-1.107;0.18077;0.84781;1.10580;;
-1.106;0.18062;0.84785;1.10601;;
-1.105;0.18046;0.84789;1.10622;;
-1.104;0.18030;0.84793;1.10643;;
-1.103;0.18015;0.84797;1.10663;;
-1.102;0.17999;0.84801;1.10684;;
-1.101;0.17984;0.84805;1.10705;;
-1.1;0.17968;0.84809;1.10726;;
-1.099;0.17952;0.84813;1.10747;;
-1.098;0.17937;0.84817;1.10767;;
-1.097;0.17921;0.84821;1.10788;;
-1.096;0.17906;0.84825;1.10809;;
-1.095;0.17890;0.84828;1.10830;;
-1.094;0.17874;0.84832;1.10850;;
-1.093;0.17859;0.84836;1.10871;;
-1.092;0.17843;0.84840;1.10892;;
-1.091;0.17827;0.84844;1.10912;;
-1.09;0.17812;0.84848;1.10933;;
-1.089;0.17796;0.84852;1.10954;;
-1.088;0.17781;0.84856;1.10974;;
-1.087;0.17765;0.84859;1.10995;;
-1.086;0.17749;0.84863;1.11016;;
-1.085;0.17734;0.84867;1.11036;;
-1.084;0.17718;0.84871;1.11057;;
-1.083;0.17702;0.84875;1.11078;;
-1.082;0.17687;0.84879;1.11098;;
-1.081;0.17671;0.84882;1.11119;;
-1.08;0.17655;0.84886;1.11140;;
-1.079;0.17640;0.84890;1.11160;;
-1.078;0.17624;0.84894;1.11181;;
-1.077;0.17609;0.84897;1.11201;;
-1.076;0.17593;0.84901;1.11222;;
-1.075;0.17577;0.84905;1.11243;;
-1.074;0.17562;0.84909;1.11263;;
-1.073;0.17546;0.84912;1.11284;;
-1.072;0.17530;0.84916;1.11304;;
-1.071;0.17515;0.84920;1.11325;;
-1.07;0.17499;0.84923;1.11345;;
-1.069;0.17483;0.84927;1.11366;;
-1.068;0.17468;0.84931;1.11386;;
-1.067;0.17452;0.84935;1.11407;;
-1.066;0.17436;0.84938;1.11427;;
-1.065;0.17421;0.84942;1.11448;;
-1.064;0.17405;0.84945;1.11468;;
-1.063;0.17389;0.84949;1.11489;;
-1.062;0.17373;0.84953;1.11509;;
-1.061;0.17358;0.84956;1.11530;;
-1.06;0.17342;0.84960;1.11550;;
-1.059;0.17326;0.84964;1.11571;;
-1.058;0.17311;0.84967;1.11591;;
-1.057;0.17295;0.84971;1.11611;;
-1.056;0.17279;0.84974;1.11632;;
-1.055;0.17264;0.84978;1.11652;;
-1.054;0.17248;0.84981;1.11673;;
-1.053;0.17232;0.84985;1.11693;;
-1.052;0.17217;0.84989;1.11713;;
-1.051;0.17201;0.84992;1.11734;;
-1.05;0.17185;0.84996;1.11754;;
-1.049;0.17169;0.84999;1.11775;;
-1.048;0.17154;0.85003;1.11795;;
-1.047;0.17138;0.85006;1.11815;;
-1.046;0.17122;0.85010;1.11836;;
-1.045;0.17106;0.85013;1.11856;;
-1.044;0.17091;0.85017;1.11876;;
-1.043;0.17075;0.85020;1.11896;;
-1.042;0.17059;0.85023;1.11917;;
-1.041;0.17044;0.85027;1.11937;;
-1.04;0.17028;0.85030;1.11957;;
-1.039;0.17012;0.85034;1.11978;;
-1.038;0.16996;0.85037;1.11998;;
-1.037;0.16981;0.85041;1.12018;;
-1.036;0.16965;0.85044;1.12038;;
-1.035;0.16949;0.85047;1.12059;;
-1.034;0.16933;0.85051;1.12079;;
-1.033;0.16918;0.85054;1.12099;;
-1.032;0.16902;0.85058;1.12119;;
-1.031;0.16886;0.85061;1.12139;;
-1.03;0.16870;0.85064;1.12160;;
-1.029;0.16855;0.85068;1.12180;;
-1.028;0.16839;0.85071;1.12200;;
-1.027;0.16823;0.85074;1.12220;;
-1.026;0.16807;0.85078;1.12240;;
-1.025;0.16792;0.85081;1.12260;;
-1.024;0.16776;0.85084;1.12281;;
-1.023;0.16760;0.85087;1.12301;;
-1.022;0.16744;0.85091;1.12321;;
-1.021;0.16729;0.85094;1.12341;;
-1.02;0.16713;0.85097;1.12361;;
-1.019;0.16697;0.85100;1.12381;;
-1.018;0.16681;0.85104;1.12401;;
-1.017;0.16665;0.85107;1.12421;;
-1.016;0.16650;0.85110;1.12441;;
-1.015;0.16634;0.85113;1.12462;;
-1.014;0.16618;0.85117;1.12482;;
-1.013;0.16602;0.85120;1.12502;;
-1.012;0.16587;0.85123;1.12522;;
-1.011;0.16571;0.85126;1.12542;;
-1.01;0.16555;0.85129;1.12562;;
-1.009;0.16539;0.85133;1.12582;;
-1.008;0.16523;0.85136;1.12602;;
-1.007;0.16508;0.85139;1.12622;;
-1.006;0.16492;0.85142;1.12642;;
-1.005;0.16476;0.85145;1.12662;;
-1.004;0.16460;0.85148;1.12682;;
-1.003;0.16444;0.85151;1.12702;;
-1.002;0.16429;0.85154;1.12722;;
-1.001;0.16413;0.85158;1.12742;;
-1;0.16397;0.85161;1.12762;;
-0.999;0.16381;0.85164;1.12781;;
-0.998;0.16365;0.85167;1.12801;;
-0.997;0.16350;0.85170;1.12821;;
-0.996;0.16334;0.85173;1.12841;;
-0.995;0.16318;0.85176;1.12861;;
-0.994;0.16302;0.85179;1.12881;;
-0.993;0.16286;0.85182;1.12901;;
-0.992;0.16270;0.85185;1.12921;;
-0.991;0.16255;0.85188;1.12941;;
-0.99;0.16239;0.85191;1.12960;;
-0.989;0.16223;0.85194;1.12980;;
-0.988;0.16207;0.85197;1.13000;;
-0.987;0.16191;0.85200;1.13020;;
-0.986;0.16175;0.85203;1.13040;;
-0.985;0.16160;0.85206;1.13060;;
-0.984;0.16144;0.85209;1.13079;;
-0.983;0.16128;0.85212;1.13099;;
-0.982;0.16112;0.85215;1.13119;;
-0.981;0.16096;0.85218;1.13139;;
-0.98;0.16080;0.85221;1.13159;;
-0.979;0.16064;0.85224;1.13178;;
-0.978;0.16049;0.85226;1.13198;;
-0.977;0.16033;0.85229;1.13218;;
-0.976;0.16017;0.85232;1.13238;;
-0.975;0.16001;0.85235;1.13257;;
-0.974;0.15985;0.85238;1.13277;;
-0.973;0.15969;0.85241;1.13297;;
-0.972;0.15953;0.85244;1.13316;;
-0.971;0.15938;0.85246;1.13336;;
-0.97;0.15922;0.85249;1.13356;;
-0.969;0.15906;0.85252;1.13375;;
-0.968;0.15890;0.85255;1.13395;;
-0.967;0.15874;0.85258;1.13415;;
-0.966;0.15858;0.85261;1.13434;;
-0.965;0.15842;0.85263;1.13454;;
-0.964;0.15826;0.85266;1.13474;;
-0.963;0.15811;0.85269;1.13493;;
-0.962;0.15795;0.85272;1.13513;;
-0.961;0.15779;0.85274;1.13532;;
-0.96;0.15763;0.85277;1.13552;;
-0.959;0.15747;0.85280;1.13572;;
-0.958;0.15731;0.85283;1.13591;;
-0.957;0.15715;0.85285;1.13611;;
-0.956;0.15699;0.85288;1.13630;;
-0.955;0.15684;0.85291;1.13650;;
-0.954;0.15668;0.85293;1.13669;;
-0.953;0.15652;0.85296;1.13689;;
-0.952;0.15636;0.85299;1.13709;;
-0.951;0.15620;0.85301;1.13728;;
-0.95;0.15604;0.85304;1.13748;;
-0.949;0.15588;0.85307;1.13767;;
-0.948;0.15572;0.85309;1.13787;;
-0.947;0.15556;0.85312;1.13806;;
-0.946;0.15540;0.85315;1.13826;;
-0.945;0.15524;0.85317;1.13845;;
-0.944;0.15509;0.85320;1.13864;;
-0.943;0.15493;0.85322;1.13884;;
-0.942;0.15477;0.85325;1.13903;;
-0.941;0.15461;0.85328;1.13923;;
-0.94;0.15445;0.85330;1.13942;;
-0.939;0.15429;0.85333;1.13962;;
-0.938;0.15413;0.85335;1.13981;;
-0.937;0.15397;0.85338;1.14000;;
-0.936;0.15381;0.85340;1.14020;;
-0.935;0.15365;0.85343;1.14039;;
-0.934;0.15349;0.85345;1.14059;;
-0.933;0.15333;0.85348;1.14078;;
-0.932;0.15317;0.85350;1.14097;;
-0.931;0.15301;0.85353;1.14117;;
-0.93;0.15286;0.85355;1.14136;;
-0.929;0.15270;0.85358;1.14155;;
-0.928;0.15254;0.85360;1.14175;;
-0.927;0.15238;0.85363;1.14194;;
-0.926;0.15222;0.85365;1.14213;;
-0.925;0.15206;0.85368;1.14232;;
-0.924;0.15190;0.85370;1.14252;;
-0.923;0.15174;0.85373;1.14271;;
-0.922;0.15158;0.85375;1.14290;;
-0.921;0.15142;0.85377;1.14310;;
-0.92;0.15126;0.85380;1.14329;;
-0.919;0.15110;0.85382;1.14348;;
-0.918;0.15094;0.85385;1.14367;;
-0.917;0.15078;0.85387;1.14386;;
-0.916;0.15062;0.85389;1.14406;;
-0.915;0.15046;0.85392;1.14425;;
-0.914;0.15030;0.85394;1.14444;;
-0.913;0.15014;0.85396;1.14463;;
-0.912;0.14998;0.85399;1.14482;;
-0.911;0.14982;0.85401;1.14502;;
-0.91;0.14966;0.85403;1.14521;;
-0.909;0.14950;0.85406;1.14540;;
-0.908;0.14934;0.85408;1.14559;;
-0.907;0.14918;0.85410;1.14578;;
-0.906;0.14902;0.85413;1.14597;;
-0.905;0.14886;0.85415;1.14616;;
-0.904;0.14871;0.85417;1.14636;;
-0.903;0.14855;0.85419;1.14655;;
-0.902;0.14839;0.85422;1.14674;;
-0.901;0.14823;0.85424;1.14693;;
-0.9;0.14807;0.85426;1.14712;;
-0.899;0.14791;0.85428;1.14731;;
-0.898;0.14775;0.85431;1.14750;;
-0.897;0.14759;0.85433;1.14769;;
-0.896;0.14743;0.85435;1.14788;;
-0.895;0.14727;0.85437;1.14807;;
-0.894;0.14711;0.85439;1.14826;;
-0.893;0.14695;0.85441;1.14845;;
-0.892;0.14679;0.85444;1.14864;;
-0.891;0.14663;0.85446;1.14883;;
-0.89;0.14647;0.85448;1.14902;;
-0.889;0.14631;0.85450;1.14921;;
-0.888;0.14615;0.85452;1.14940;;
-0.887;0.14599;0.85454;1.14959;;
-0.886;0.14582;0.85456;1.14978;;
-0.885;0.14566;0.85459;1.14997;;
-0.884;0.14550;0.85461;1.15016;;
-0.883;0.14534;0.85463;1.15035;;
-0.882;0.14518;0.85465;1.15054;;
-0.881;0.14502;0.85467;1.15073;;
-0.88;0.14486;0.85469;1.15091;;
-0.879;0.14470;0.85471;1.15110;;
-0.878;0.14454;0.85473;1.15129;;
-0.877;0.14438;0.85475;1.15148;;
-0.876;0.14422;0.85477;1.15167;;
-0.875;0.14406;0.85479;1.15186;;
-0.874;0.14390;0.85481;1.15205;;
-0.873;0.14374;0.85483;1.15224;;
-0.872;0.14358;0.85485;1.15242;;
-0.871;0.14342;0.85487;1.15261;;
-0.87;0.14326;0.85489;1.15280;;
-0.869;0.14310;0.85491;1.15299;;
-0.868;0.14294;0.85493;1.15318;;
-0.867;0.14278;0.85495;1.15336;;
-0.866;0.14262;0.85497;1.15355;;
-0.865;0.14246;0.85499;1.15374;;
-0.864;0.14230;0.85501;1.15393;;
-0.863;0.14214;0.85503;1.15411;;
-0.862;0.14198;0.85505;1.15430;;
-0.861;0.14182;0.85507;1.15449;;
-0.86;0.14166;0.85508;1.15468;;
-0.859;0.14150;0.85510;1.15486;;
-0.858;0.14133;0.85512;1.15505;;
-0.857;0.14117;0.85514;1.15524;;
-0.856;0.14101;0.85516;1.15542;;
-0.855;0.14085;0.85518;1.15561;;
-0.854;0.14069;0.85520;1.15580;;
-0.853;0.14053;0.85521;1.15598;;
-0.852;0.14037;0.85523;1.15617;;
-0.851;0.14021;0.85525;1.15636;;
-0.85;0.14005;0.85527;1.15654;;
-0.849;0.13989;0.85529;1.15673;;
-0.848;0.13973;0.85530;1.15691;;
-0.847;0.13957;0.85532;1.15710;;
-0.846;0.13941;0.85534;1.15729;;
-0.845;0.13925;0.85536;1.15747;;
-0.844;0.13908;0.85538;1.15766;;
-0.843;0.13892;0.85539;1.15784;;
-0.842;0.13876;0.85541;1.15803;;
-0.841;0.13860;0.85543;1.15822;;
-0.84;0.13844;0.85544;1.15840;;
-0.839;0.13828;0.85546;1.15859;;
-0.838;0.13812;0.85548;1.15877;;
-0.837;0.13796;0.85550;1.15896;;
-0.836;0.13780;0.85551;1.15914;;
-0.835;0.13764;0.85553;1.15933;;
-0.834;0.13748;0.85555;1.15951;;
-0.833;0.13731;0.85556;1.15970;;
-0.832;0.13715;0.85558;1.15988;;
-0.831;0.13699;0.85560;1.16007;;
-0.83;0.13683;0.85561;1.16025;;
-0.829;0.13667;0.85563;1.16043;;
-0.828;0.13651;0.85565;1.16062;;
-0.827;0.13635;0.85566;1.16080;;
-0.826;0.13619;0.85568;1.16099;;
-0.825;0.13603;0.85569;1.16117;;
-0.824;0.13587;0.85571;1.16136;;
-0.823;0.13570;0.85572;1.16154;;
-0.822;0.13554;0.85574;1.16172;;
-0.821;0.13538;0.85576;1.16191;;
-0.82;0.13522;0.85577;1.16209;;
-0.819;0.13506;0.85579;1.16227;;
-0.818;0.13490;0.85580;1.16246;;
-0.817;0.13474;0.85582;1.16264;;
-0.816;0.13458;0.85583;1.16282;;
-0.815;0.13441;0.85585;1.16301;;
-0.814;0.13425;0.85586;1.16319;;
-0.813;0.13409;0.85588;1.16337;;
-0.812;0.13393;0.85589;1.16356;;
-0.811;0.13377;0.85591;1.16374;;
-0.81;0.13361;0.85592;1.16392;;
-0.809;0.13345;0.85594;1.16410;;
-0.808;0.13329;0.85595;1.16429;;
-0.807;0.13312;0.85597;1.16447;;
-0.806;0.13296;0.85598;1.16465;;
-0.805;0.13280;0.85600;1.16483;;
-0.804;0.13264;0.85601;1.16502;;
-0.803;0.13248;0.85602;1.16520;;
-0.802;0.13232;0.85604;1.16538;;
-0.801;0.13216;0.85605;1.16556;;
-0.8;0.13199;0.85607;1.16574;;
-0.799;0.13183;0.85608;1.16593;;
-0.798;0.13167;0.85609;1.16611;;
-0.797;0.13151;0.85611;1.16629;;
-0.796;0.13135;0.85612;1.16647;;
-0.795;0.13119;0.85613;1.16665;;
-0.794;0.13103;0.85615;1.16683;;
-0.793;0.13086;0.85616;1.16701;;
-0.792;0.13070;0.85617;1.16720;;
-0.791;0.13054;0.85619;1.16738;;
-0.79;0.13038;0.85620;1.16756;;
-0.789;0.13022;0.85621;1.16774;;
-0.788;0.13006;0.85623;1.16792;;
-0.787;0.12989;0.85624;1.16810;;
-0.786;0.12973;0.85625;1.16828;;
-0.785;0.12957;0.85626;1.16846;;
-0.784;0.12941;0.85628;1.16864;;
-0.783;0.12925;0.85629;1.16882;;
-0.782;0.12909;0.85630;1.16900;;
-0.781;0.12892;0.85631;1.16918;;
-0.78;0.12876;0.85633;1.16936;;
-0.779;0.12860;0.85634;1.16954;;
-0.778;0.12844;0.85635;1.16972;;
-0.777;0.12828;0.85636;1.16990;;
-0.776;0.12812;0.85637;1.17008;;
-0.775;0.12795;0.85639;1.17026;;
-0.774;0.12779;0.85640;1.17044;;
-0.773;0.12763;0.85641;1.17062;;
-0.772;0.12747;0.85642;1.17080;;
-0.771;0.12731;0.85643;1.17098;;
-0.77;0.12714;0.85644;1.17116;;
-0.769;0.12698;0.85645;1.17134;;
-0.768;0.12682;0.85647;1.17151;;
-0.767;0.12666;0.85648;1.17169;;
-0.766;0.12650;0.85649;1.17187;;
-0.765;0.12633;0.85650;1.17205;;
-0.764;0.12617;0.85651;1.17223;;
-0.763;0.12601;0.85652;1.17241;;
-0.762;0.12585;0.85653;1.17259;;
-0.761;0.12569;0.85654;1.17276;;
-0.76;0.12553;0.85655;1.17294;;
-0.759;0.12536;0.85656;1.17312;;
-0.758;0.12520;0.85657;1.17330;;
-0.757;0.12504;0.85658;1.17348;;
-0.756;0.12488;0.85659;1.17366;;
-0.755;0.12471;0.85660;1.17383;;
-0.754;0.12455;0.85661;1.17401;;
-0.753;0.12439;0.85662;1.17419;;
-0.752;0.12423;0.85663;1.17437;;
-0.751;0.12407;0.85664;1.17454;;
-0.75;0.12390;0.85665;1.17472;;
-0.749;0.12374;0.85666;1.17490;;
-0.748;0.12358;0.85667;1.17507;;
-0.747;0.12342;0.85668;1.17525;;
-0.746;0.12326;0.85669;1.17543;;
-0.745;0.12309;0.85670;1.17561;;
-0.744;0.12293;0.85671;1.17578;;
-0.743;0.12277;0.85672;1.17596;;
-0.742;0.12261;0.85673;1.17614;;
-0.741;0.12244;0.85674;1.17631;;
-0.74;0.12228;0.85675;1.17649;;
-0.739;0.12212;0.85675;1.17666;;
-0.738;0.12196;0.85676;1.17684;;
-0.737;0.12180;0.85677;1.17702;;
-0.736;0.12163;0.85678;1.17719;;
-0.735;0.12147;0.85679;1.17737;;
-0.734;0.12131;0.85680;1.17755;;
-0.733;0.12115;0.85681;1.17772;;
-0.732;0.12098;0.85681;1.17790;;
-0.731;0.12082;0.85682;1.17807;;
-0.73;0.12066;0.85683;1.17825;;
-0.729;0.12050;0.85684;1.17842;;
-0.728;0.12033;0.85685;1.17860;;
-0.727;0.12017;0.85685;1.17877;;
-0.726;0.12001;0.85686;1.17895;;
-0.725;0.11985;0.85687;1.17912;;
-0.724;0.11968;0.85688;1.17930;;
-0.723;0.11952;0.85688;1.17947;;
-0.722;0.11936;0.85689;1.17965;;
-0.721;0.11920;0.85690;1.17982;;
-0.72;0.11903;0.85691;1.18000;;
-0.719;0.11887;0.85691;1.18017;;
-0.718;0.11871;0.85692;1.18035;;
-0.717;0.11855;0.85693;1.18052;;
-0.716;0.11838;0.85693;1.18070;;
-0.715;0.11822;0.85694;1.18087;;
-0.714;0.11806;0.85695;1.18104;;
-0.713;0.11790;0.85696;1.18122;;
-0.712;0.11773;0.85696;1.18139;;
-0.711;0.11757;0.85697;1.18157;;
-0.71;0.11741;0.85697;1.18174;;
-0.709;0.11725;0.85698;1.18191;;
-0.708;0.11708;0.85699;1.18209;;
-0.707;0.11692;0.85699;1.18226;;
-0.706;0.11676;0.85700;1.18243;;
-0.705;0.11660;0.85701;1.18261;;
-0.704;0.11643;0.85701;1.18278;;
-0.703;0.11627;0.85702;1.18295;;
-0.702;0.11611;0.85702;1.18312;;
-0.701;0.11594;0.85703;1.18330;;
-0.7;0.11578;0.85703;1.18347;;
-0.699;0.11562;0.85704;1.18364;;
-0.698;0.11546;0.85705;1.18382;;
-0.697;0.11529;0.85705;1.18399;;
-0.696;0.11513;0.85706;1.18416;;
-0.695;0.11497;0.85706;1.18433;;
-0.694;0.11480;0.85707;1.18451;;
-0.693;0.11464;0.85707;1.18468;;
-0.692;0.11448;0.85708;1.18485;;
-0.691;0.11432;0.85708;1.18502;;
-0.69;0.11415;0.85709;1.18519;;
-0.689;0.11399;0.85709;1.18537;;
-0.688;0.11383;0.85710;1.18554;;
-0.687;0.11366;0.85710;1.18571;;
-0.686;0.11350;0.85710;1.18588;;
-0.685;0.11334;0.85711;1.18605;;
-0.684;0.11318;0.85711;1.18622;;
-0.683;0.11301;0.85712;1.18639;;
-0.682;0.11285;0.85712;1.18656;;
-0.681;0.11269;0.85713;1.18674;;
-0.68;0.11252;0.85713;1.18691;;
-0.679;0.11236;0.85713;1.18708;;
-0.678;0.11220;0.85714;1.18725;;
-0.677;0.11203;0.85714;1.18742;;
-0.676;0.11187;0.85714;1.18759;;
-0.675;0.11171;0.85715;1.18776;;
-0.674;0.11155;0.85715;1.18793;;
-0.673;0.11138;0.85715;1.18810;;
-0.672;0.11122;0.85716;1.18827;;
-0.671;0.11106;0.85716;1.18844;;
-0.67;0.11089;0.85716;1.18861;;
-0.669;0.11073;0.85717;1.18878;;
-0.668;0.11057;0.85717;1.18895;;
-0.667;0.11040;0.85717;1.18912;;
-0.666;0.11024;0.85718;1.18929;;
-0.665;0.11008;0.85718;1.18946;;
-0.664;0.10991;0.85718;1.18963;;
-0.663;0.10975;0.85718;1.18980;;
-0.662;0.10959;0.85719;1.18997;;
-0.661;0.10942;0.85719;1.19014;;
-0.66;0.10926;0.85719;1.19031;;
-0.659;0.10910;0.85719;1.19048;;
-0.658;0.10894;0.85720;1.19064;;
-0.657;0.10877;0.85720;1.19081;;
-0.656;0.10861;0.85720;1.19098;;
-0.655;0.10845;0.85720;1.19115;;
-0.654;0.10828;0.85720;1.19132;;
-0.653;0.10812;0.85721;1.19149;;
-0.652;0.10796;0.85721;1.19166;;
-0.651;0.10779;0.85721;1.19182;;
-0.65;0.10763;0.85721;1.19199;;
-0.649;0.10747;0.85721;1.19216;;
-0.648;0.10730;0.85721;1.19233;;
-0.647;0.10714;0.85721;1.19250;;
-0.646;0.10698;0.85722;1.19266;;
-0.645;0.10681;0.85722;1.19283;;
-0.644;0.10665;0.85722;1.19300;;
-0.643;0.10649;0.85722;1.19317;;
-0.642;0.10632;0.85722;1.19333;;
-0.641;0.10616;0.85722;1.19350;;
-0.64;0.10600;0.85722;1.19367;;
-0.639;0.10583;0.85722;1.19384;;
-0.638;0.10567;0.85722;1.19400;;
-0.637;0.10550;0.85722;1.19417;;
-0.636;0.10534;0.85722;1.19434;;
-0.635;0.10518;0.85722;1.19450;;
-0.634;0.10501;0.85722;1.19467;;
-0.633;0.10485;0.85722;1.19484;;
-0.632;0.10469;0.85722;1.19500;;
-0.631;0.10452;0.85722;1.19517;;
-0.63;0.10436;0.85722;1.19534;;
-0.629;0.10420;0.85722;1.19550;;
-0.628;0.10403;0.85722;1.19567;;
-0.627;0.10387;0.85722;1.19584;;
-0.626;0.10371;0.85722;1.19600;;
-0.625;0.10354;0.85722;1.19617;;
-0.624;0.10338;0.85722;1.19633;;
-0.623;0.10321;0.85722;1.19650;;
-0.622;0.10305;0.85722;1.19666;;
-0.621;0.10289;0.85722;1.19683;;
-0.62;0.10272;0.85722;1.19700;;
-0.619;0.10256;0.85722;1.19716;;
-0.618;0.10240;0.85722;1.19733;;
-0.617;0.10223;0.85722;1.19749;;
-0.616;0.10207;0.85721;1.19766;;
-0.615;0.10191;0.85721;1.19782;;
-0.614;0.10174;0.85721;1.19799;;
-0.613;0.10158;0.85721;1.19815;;
-0.612;0.10141;0.85721;1.19832;;
-0.611;0.10125;0.85721;1.19848;;
-0.61;0.10109;0.85720;1.19864;;
-0.609;0.10092;0.85720;1.19881;;
-0.608;0.10076;0.85720;1.19897;;
-0.607;0.10060;0.85720;1.19914;;
-0.606;0.10043;0.85720;1.19930;;
-0.605;0.10027;0.85720;1.19947;;
-0.604;0.10010;0.85719;1.19963;;
-0.603;0.09994;0.85719;1.19979;;
-0.602;0.09978;0.85719;1.19996;;
-0.601;0.09961;0.85719;1.20012;;
-0.6;0.09945;0.85718;1.20028;;
-0.599;0.09929;0.85718;1.20045;;
-0.598;0.09912;0.85718;1.20061;;
-0.597;0.09896;0.85718;1.20078;;
-0.596;0.09879;0.85717;1.20094;;
-0.595;0.09863;0.85717;1.20110;;
-0.594;0.09847;0.85717;1.20126;;
-0.593;0.09830;0.85716;1.20143;;
-0.592;0.09814;0.85716;1.20159;;
-0.591;0.09797;0.85716;1.20175;;
-0.59;0.09781;0.85715;1.20192;;
-0.589;0.09765;0.85715;1.20208;;
-0.588;0.09748;0.85715;1.20224;;
-0.587;0.09732;0.85714;1.20240;;
-0.586;0.09715;0.85714;1.20257;;
-0.585;0.09699;0.85714;1.20273;;
-0.584;0.09683;0.85713;1.20289;;
-0.583;0.09666;0.85713;1.20305;;
-0.582;0.09650;0.85712;1.20321;;
-0.581;0.09633;0.85712;1.20338;;
-0.58;0.09617;0.85712;1.20354;;
-0.579;0.09601;0.85711;1.20370;;
-0.578;0.09584;0.85711;1.20386;;
-0.577;0.09568;0.85710;1.20402;;
-0.576;0.09551;0.85710;1.20418;;
-0.575;0.09535;0.85709;1.20434;;
-0.574;0.09519;0.85709;1.20451;;
-0.573;0.09502;0.85708;1.20467;;
-0.572;0.09486;0.85708;1.20483;;
-0.571;0.09469;0.85708;1.20499;;
-0.57;0.09453;0.85707;1.20515;;
-0.569;0.09436;0.85707;1.20531;;
-0.568;0.09420;0.85706;1.20547;;
-0.567;0.09404;0.85706;1.20563;;
-0.566;0.09387;0.85705;1.20579;;
-0.565;0.09371;0.85704;1.20595;;
-0.564;0.09354;0.85704;1.20611;;
-0.563;0.09338;0.85703;1.20627;;
-0.562;0.09322;0.85703;1.20643;;
-0.561;0.09305;0.85702;1.20659;;
-0.56;0.09289;0.85702;1.20675;;
-0.559;0.09272;0.85701;1.20691;;
-0.558;0.09256;0.85700;1.20707;;
-0.557;0.09239;0.85700;1.20723;;
-0.556;0.09223;0.85699;1.20739;;
-0.555;0.09207;0.85699;1.20755;;
-0.554;0.09190;0.85698;1.20771;;
-0.553;0.09174;0.85697;1.20787;;
-0.552;0.09157;0.85697;1.20803;;
-0.551;0.09141;0.85696;1.20819;;
-0.55;0.09124;0.85695;1.20835;;
-0.549;0.09108;0.85695;1.20851;;
-0.548;0.09092;0.85694;1.20866;;
-0.547;0.09075;0.85693;1.20882;;
-0.546;0.09059;0.85693;1.20898;;
-0.545;0.09042;0.85692;1.20914;;
-0.544;0.09026;0.85691;1.20930;;
-0.543;0.09009;0.85691;1.20946;;
-0.542;0.08993;0.85690;1.20961;;
-0.541;0.08977;0.85689;1.20977;;
-0.54;0.08960;0.85689;1.20993;;
-0.539;0.08944;0.85688;1.21009;;
-0.538;0.08927;0.85687;1.21025;;
-0.537;0.08911;0.85686;1.21040;;
-0.536;0.08894;0.85686;1.21056;;
-0.535;0.08878;0.85685;1.21072;;
-0.534;0.08861;0.85684;1.21088;;
-0.533;0.08845;0.85683;1.21103;;
-0.532;0.08829;0.85682;1.21119;;
-0.531;0.08812;0.85682;1.21135;;
-0.53;0.08796;0.85681;1.21151;;
-0.529;0.08779;0.85680;1.21166;;
-0.528;0.08763;0.85679;1.21182;;
-0.527;0.08746;0.85678;1.21198;;
-0.526;0.08730;0.85677;1.21213;;
-0.525;0.08713;0.85677;1.21229;;
-0.524;0.08697;0.85676;1.21245;;
-0.523;0.08680;0.85675;1.21260;;
-0.522;0.08664;0.85674;1.21276;;
-0.521;0.08648;0.85673;1.21292;;
-0.52;0.08631;0.85672;1.21307;;
-0.519;0.08615;0.85671;1.21323;;
-0.518;0.08598;0.85670;1.21338;;
-0.517;0.08582;0.85669;1.21354;;
-0.516;0.08565;0.85669;1.21370;;
-0.515;0.08549;0.85668;1.21385;;
-0.514;0.08532;0.85667;1.21401;;
-0.513;0.08516;0.85666;1.21416;;
-0.512;0.08499;0.85665;1.21432;;
-0.511;0.08483;0.85664;1.21447;;
-0.51;0.08466;0.85663;1.21463;;
-0.509;0.08450;0.85662;1.21478;;
-0.508;0.08434;0.85661;1.21494;;
-0.507;0.08417;0.85660;1.21509;;
-0.506;0.08401;0.85659;1.21525;;
-0.505;0.08384;0.85658;1.21540;;
-0.504;0.08368;0.85657;1.21556;;
-0.503;0.08351;0.85656;1.21571;;
-0.502;0.08335;0.85655;1.21587;;
-0.501;0.08318;0.85654;1.21602;;
-0.5;0.08302;0.85653;1.21618;;
-0.499;0.08285;0.85652;1.21633;;
-0.498;0.08269;0.85651;1.21648;;
-0.497;0.08252;0.85649;1.21664;;
-0.496;0.08236;0.85648;1.21679;;
-0.495;0.08219;0.85647;1.21695;;
-0.494;0.08203;0.85646;1.21710;;
-0.493;0.08186;0.85645;1.21725;;
-0.492;0.08170;0.85644;1.21741;;
-0.491;0.08153;0.85643;1.21756;;
-0.49;0.08137;0.85642;1.21771;;
-0.489;0.08120;0.85641;1.21787;;
-0.488;0.08104;0.85639;1.21802;;
-0.487;0.08088;0.85638;1.21817;;
-0.486;0.08071;0.85637;1.21833;;
-0.485;0.08055;0.85636;1.21848;;
-0.484;0.08038;0.85635;1.21863;;
-0.483;0.08022;0.85634;1.21878;;
-0.482;0.08005;0.85632;1.21894;;
-0.481;0.07989;0.85631;1.21909;;
-0.48;0.07972;0.85630;1.21924;;
-0.479;0.07956;0.85629;1.21939;;
-0.478;0.07939;0.85628;1.21955;;
-0.477;0.07923;0.85626;1.21970;;
-0.476;0.07906;0.85625;1.21985;;
-0.475;0.07890;0.85624;1.22000;;
-0.474;0.07873;0.85623;1.22016;;
-0.473;0.07857;0.85621;1.22031;;
-0.472;0.07840;0.85620;1.22046;;
-0.471;0.07824;0.85619;1.22061;;
-0.47;0.07807;0.85617;1.22076;;
-0.469;0.07791;0.85616;1.22091;;
-0.468;0.07774;0.85615;1.22106;;
-0.467;0.07758;0.85614;1.22122;;
-0.466;0.07741;0.85612;1.22137;;
-0.465;0.07725;0.85611;1.22152;;
-0.464;0.07708;0.85610;1.22167;;
-0.463;0.07692;0.85608;1.22182;;
-0.462;0.07675;0.85607;1.22197;;
-0.461;0.07659;0.85606;1.22212;;
-0.46;0.07642;0.85604;1.22227;;
-0.459;0.07626;0.85603;1.22242;;
-0.458;0.07609;0.85601;1.22257;;
-0.457;0.07593;0.85600;1.22272;;
-0.456;0.07576;0.85599;1.22287;;
-0.455;0.07560;0.85597;1.22302;;
-0.454;0.07543;0.85596;1.22317;;
-0.453;0.07527;0.85594;1.22332;;
-0.452;0.07510;0.85593;1.22347;;
-0.451;0.07494;0.85592;1.22362;;
-0.45;0.07477;0.85590;1.22377;;
-0.449;0.07461;0.85589;1.22392;;
-0.448;0.07444;0.85587;1.22407;;
-0.447;0.07428;0.85586;1.22422;;
-0.446;0.07411;0.85584;1.22437;;
-0.445;0.07395;0.85583;1.22452;;
-0.444;0.07378;0.85581;1.22467;;
-0.443;0.07361;0.85580;1.22482;;
-0.442;0.07345;0.85578;1.22497;;
-0.441;0.07328;0.85577;1.22511;;
-0.44;0.07312;0.85575;1.22526;;
-0.439;0.07295;0.85574;1.22541;;
-0.438;0.07279;0.85572;1.22556;;
-0.437;0.07262;0.85571;1.22571;;
-0.436;0.07246;0.85569;1.22586;;
-0.435;0.07229;0.85567;1.22601;;
-0.434;0.07213;0.85566;1.22615;;
-0.433;0.07196;0.85564;1.22630;;
-0.432;0.07180;0.85563;1.22645;;
-0.431;0.07163;0.85561;1.22660;;
-0.43;0.07147;0.85560;1.22675;;
-0.429;0.07130;0.85558;1.22689;;
-0.428;0.07114;0.85556;1.22704;;
-0.427;0.07097;0.85555;1.22719;;
-0.426;0.07081;0.85553;1.22734;;
-0.425;0.07064;0.85551;1.22748;;
-0.424;0.07048;0.85550;1.22763;;
-0.423;0.07031;0.85548;1.22778;;
-0.422;0.07014;0.85546;1.22792;;
-0.421;0.06998;0.85545;1.22807;;
-0.42;0.06981;0.85543;1.22822;;
-0.419;0.06965;0.85541;1.22836;;
-0.418;0.06948;0.85540;1.22851;;
-0.417;0.06932;0.85538;1.22866;;
-0.416;0.06915;0.85536;1.22880;;
-0.415;0.06899;0.85535;1.22895;;
-0.414;0.06882;0.85533;1.22910;;
-0.413;0.06866;0.85531;1.22924;;
-0.412;0.06849;0.85529;1.22939;;
-0.411;0.06833;0.85528;1.22954;;
-0.41;0.06816;0.85526;1.22968;;
-0.409;0.06800;0.85524;1.22983;;
-0.408;0.06783;0.85522;1.22997;;
-0.407;0.06766;0.85521;1.23012;;
-0.406;0.06750;0.85519;1.23026;;
-0.405;0.06733;0.85517;1.23041;;
-0.404;0.06717;0.85515;1.23055;;
-0.403;0.06700;0.85513;1.23070;;
-0.402;0.06684;0.85512;1.23085;;
-0.401;0.06667;0.85510;1.23099;;
-0.4;0.06651;0.85508;1.23114;;
-0.399;0.06634;0.85506;1.23128;;
-0.398;0.06618;0.85504;1.23142;;
-0.397;0.06601;0.85502;1.23157;;
-0.396;0.06584;0.85500;1.23171;;
-0.395;0.06568;0.85499;1.23186;;
-0.394;0.06551;0.85497;1.23200;;
-0.393;0.06535;0.85495;1.23215;;
-0.392;0.06518;0.85493;1.23229;;
-0.391;0.06502;0.85491;1.23244;;
-0.39;0.06485;0.85489;1.23258;;
-0.389;0.06469;0.85487;1.23272;;
-0.388;0.06452;0.85485;1.23287;;
-0.387;0.06435;0.85483;1.23301;;
-0.386;0.06419;0.85481;1.23315;;
-0.385;0.06402;0.85479;1.23330;;
-0.384;0.06386;0.85477;1.23344;;
-0.383;0.06369;0.85476;1.23359;;
-0.382;0.06353;0.85474;1.23373;;
-0.381;0.06336;0.85472;1.23387;;
-0.38;0.06320;0.85470;1.23401;;
-0.379;0.06303;0.85468;1.23416;;
-0.378;0.06286;0.85466;1.23430;;
-0.377;0.06270;0.85464;1.23444;;
-0.376;0.06253;0.85462;1.23459;;
-0.375;0.06237;0.85459;1.23473;;
-0.374;0.06220;0.85457;1.23487;;
-0.373;0.06204;0.85455;1.23501;;
-0.372;0.06187;0.85453;1.23516;;
-0.371;0.06171;0.85451;1.23530;;
-0.37;0.06154;0.85449;1.23544;;
-0.369;0.06137;0.85447;1.23558;;
-0.368;0.06121;0.85445;1.23572;;
-0.367;0.06104;0.85443;1.23587;;
-0.366;0.06088;0.85441;1.23601;;
-0.365;0.06071;0.85439;1.23615;;
-0.364;0.06055;0.85437;1.23629;;
-0.363;0.06038;0.85435;1.23643;;
-0.362;0.06021;0.85432;1.23657;;
-0.361;0.06005;0.85430;1.23672;;
-0.36;0.05988;0.85428;1.23686;;
-0.359;0.05972;0.85426;1.23700;;
-0.358;0.05955;0.85424;1.23714;;
-0.357;0.05939;0.85422;1.23728;;
-0.356;0.05922;0.85419;1.23742;;
-0.355;0.05905;0.85417;1.23756;;
-0.354;0.05889;0.85415;1.23770;;
-0.353;0.05872;0.85413;1.23784;;
-0.352;0.05856;0.85411;1.23798;;
-0.351;0.05839;0.85408;1.23812;;
-0.35;0.05823;0.85406;1.23826;;
-0.349;0.05806;0.85404;1.23840;;
-0.348;0.05789;0.85402;1.23854;;
-0.347;0.05773;0.85400;1.23868;;
-0.346;0.05756;0.85397;1.23882;;
-0.345;0.05740;0.85395;1.23896;;
-0.344;0.05723;0.85393;1.23910;;
-0.343;0.05707;0.85390;1.23924;;
-0.342;0.05690;0.85388;1.23938;;
-0.341;0.05673;0.85386;1.23952;;
-0.34;0.05657;0.85384;1.23966;;
-0.339;0.05640;0.85381;1.23980;;
-0.338;0.05624;0.85379;1.23994;;
-0.337;0.05607;0.85377;1.24008;;
-0.336;0.05591;0.85374;1.24022;;
-0.335;0.05574;0.85372;1.24036;;
-0.334;0.05557;0.85370;1.24050;;
-0.333;0.05541;0.85367;1.24063;;
-0.332;0.05524;0.85365;1.24077;;
-0.331;0.05508;0.85363;1.24091;;
-0.33;0.05491;0.85360;1.24105;;
-0.329;0.05474;0.85358;1.24119;;
-0.328;0.05458;0.85355;1.24133;;
-0.327;0.05441;0.85353;1.24146;;
-0.326;0.05425;0.85351;1.24160;;
-0.325;0.05408;0.85348;1.24174;;
-0.324;0.05392;0.85346;1.24188;;
-0.323;0.05375;0.85343;1.24202;;
-0.322;0.05358;0.85341;1.24215;;
-0.321;0.05342;0.85338;1.24229;;
-0.32;0.05325;0.85336;1.24243;;
-0.319;0.05309;0.85334;1.24257;;
-0.318;0.05292;0.85331;1.24270;;
-0.317;0.05275;0.85329;1.24284;;
-0.316;0.05259;0.85326;1.24298;;
-0.315;0.05242;0.85324;1.24311;;
-0.314;0.05226;0.85321;1.24325;;
-0.313;0.05209;0.85319;1.24339;;
-0.312;0.05192;0.85316;1.24352;;
-0.311;0.05176;0.85314;1.24366;;
-0.31;0.05159;0.85311;1.24380;;
-0.309;0.05143;0.85308;1.24393;;
-0.308;0.05126;0.85306;1.24407;;
-0.307;0.05109;0.85303;1.24421;;
-0.306;0.05093;0.85301;1.24434;;
-0.305;0.05076;0.85298;1.24448;;
-0.304;0.05060;0.85296;1.24461;;
-0.303;0.05043;0.85293;1.24475;;
-0.302;0.05026;0.85290;1.24489;;
-0.301;0.05010;0.85288;1.24502;;
-0.3;0.04993;0.85285;1.24516;;
-0.299;0.04977;0.85283;1.24529;;
-0.298;0.04960;0.85280;1.24543;;
-0.297;0.04943;0.85277;1.24556;;
-0.296;0.04927;0.85275;1.24570;;
-0.295;0.04910;0.85272;1.24583;;
-0.294;0.04894;0.85269;1.24597;;
-0.293;0.04877;0.85267;1.24610;;
-0.292;0.04860;0.85264;1.24624;;
-0.291;0.04844;0.85261;1.24637;;
-0.29;0.04827;0.85259;1.24651;;
-0.289;0.04811;0.85256;1.24664;;
-0.288;0.04794;0.85253;1.24678;;
-0.287;0.04777;0.85251;1.24691;;
-0.286;0.04761;0.85248;1.24704;;
-0.285;0.04744;0.85245;1.24718;;
-0.284;0.04728;0.85243;1.24731;;
-0.283;0.04711;0.85240;1.24745;;
-0.282;0.04694;0.85237;1.24758;;
-0.281;0.04678;0.85234;1.24771;;
-0.28;0.04661;0.85232;1.24785;;
-0.279;0.04645;0.85229;1.24798;;
-0.278;0.04628;0.85226;1.24812;;
-0.277;0.04611;0.85223;1.24825;;
-0.276;0.04595;0.85220;1.24838;;
-0.275;0.04578;0.85218;1.24852;;
-0.274;0.04562;0.85215;1.24865;;
-0.273;0.04545;0.85212;1.24878;;
-0.272;0.04528;0.85209;1.24891;;
-0.271;0.04512;0.85206;1.24905;;
-0.27;0.04495;0.85203;1.24918;;
-0.269;0.04478;0.85201;1.24931;;
-0.268;0.04462;0.85198;1.24945;;
-0.267;0.04445;0.85195;1.24958;;
-0.266;0.04429;0.85192;1.24971;;
-0.265;0.04412;0.85189;1.24984;;
-0.264;0.04395;0.85186;1.24997;;
-0.263;0.04379;0.85183;1.25011;;
-0.262;0.04362;0.85181;1.25024;;
-0.261;0.04346;0.85178;1.25037;;
-0.26;0.04329;0.85175;1.25050;;
-0.259;0.04312;0.85172;1.25063;;
-0.258;0.04296;0.85169;1.25077;;
-0.257;0.04279;0.85166;1.25090;;
-0.256;0.04262;0.85163;1.25103;;
-0.255;0.04246;0.85160;1.25116;;
-0.254;0.04229;0.85157;1.25129;;
-0.253;0.04213;0.85154;1.25142;;
-0.252;0.04196;0.85151;1.25155;;
-0.251;0.04179;0.85148;1.25168;;
-0.25;0.04163;0.85145;1.25181;;
-0.249;0.04146;0.85142;1.25195;;
-0.248;0.04130;0.85139;1.25208;;
-0.247;0.04113;0.85136;1.25221;;
-0.246;0.04096;0.85133;1.25234;;
-0.245;0.04080;0.85130;1.25247;;
-0.244;0.04063;0.85127;1.25260;;
-0.243;0.04046;0.85124;1.25273;;
-0.242;0.04030;0.85121;1.25286;;
-0.241;0.04013;0.85118;1.25299;;
-0.24;0.03997;0.85115;1.25312;;
-0.239;0.03980;0.85112;1.25325;;
-0.238;0.03963;0.85109;1.25338;;
-0.237;0.03947;0.85106;1.25351;;
-0.236;0.03930;0.85103;1.25364;;
-0.235;0.03913;0.85099;1.25377;;
-0.234;0.03897;0.85096;1.25390;;
-0.233;0.03880;0.85093;1.25402;;
-0.232;0.03864;0.85090;1.25415;;
-0.231;0.03847;0.85087;1.25428;;
-0.23;0.03830;0.85084;1.25441;;
-0.229;0.03814;0.85081;1.25454;;
-0.228;0.03797;0.85077;1.25467;;
-0.227;0.03780;0.85074;1.25480;;
-0.226;0.03764;0.85071;1.25493;;
-0.225;0.03747;0.85068;1.25506;;
-0.224;0.03731;0.85065;1.25518;;
-0.223;0.03714;0.85062;1.25531;;
-0.222;0.03697;0.85058;1.25544;;
-0.221;0.03681;0.85055;1.25557;;
-0.22;0.03664;0.85052;1.25570;;
-0.219;0.03647;0.85049;1.25582;;
-0.218;0.03631;0.85046;1.25595;;
-0.217;0.03614;0.85042;1.25608;;
-0.216;0.03598;0.85039;1.25621;;
-0.215;0.03581;0.85036;1.25633;;
-0.214;0.03564;0.85033;1.25646;;
-0.213;0.03548;0.85029;1.25659;;
-0.212;0.03531;0.85026;1.25672;;
-0.211;0.03514;0.85023;1.25684;;
-0.21;0.03498;0.85019;1.25697;;
-0.209;0.03481;0.85016;1.25710;;
-0.208;0.03464;0.85013;1.25722;;
-0.207;0.03448;0.85009;1.25735;;
-0.206;0.03431;0.85006;1.25748;;
-0.205;0.03415;0.85003;1.25760;;
-0.204;0.03398;0.84999;1.25773;;
-0.203;0.03381;0.84996;1.25786;;
-0.202;0.03365;0.84993;1.25798;;
-0.201;0.03348;0.84989;1.25811;;
-0.2;0.03331;0.84986;1.25824;;
-0.199;0.03315;0.84983;1.25836;;
-0.198;0.03298;0.84979;1.25849;;
-0.197;0.03281;0.84976;1.25861;;
-0.196;0.03265;0.84972;1.25874;;
-0.195;0.03248;0.84969;1.25887;;
-0.194;0.03232;0.84966;1.25899;;
-0.193;0.03215;0.84962;1.25912;;
-0.192;0.03198;0.84959;1.25924;;
-0.191;0.03182;0.84955;1.25937;;
-0.19;0.03165;0.84952;1.25949;;
-0.189;0.03148;0.84949;1.25962;;
-0.188;0.03132;0.84945;1.25974;;
-0.187;0.03115;0.84942;1.25987;;
-0.186;0.03098;0.84938;1.25999;;
-0.185;0.03082;0.84935;1.26012;;
-0.184;0.03065;0.84931;1.26024;;
-0.183;0.03048;0.84928;1.26037;;
-0.182;0.03032;0.84924;1.26049;;
-0.181;0.03015;0.84921;1.26061;;
-0.18;0.02999;0.84917;1.26074;;
-0.179;0.02982;0.84914;1.26086;;
-0.178;0.02965;0.84910;1.26099;;
-0.177;0.02949;0.84907;1.26111;;
-0.176;0.02932;0.84903;1.26123;;
-0.175;0.02915;0.84899;1.26136;;
-0.174;0.02899;0.84896;1.26148;;
-0.173;0.02882;0.84892;1.26161;;
-0.172;0.02865;0.84889;1.26173;;
-0.171;0.02849;0.84885;1.26185;;
-0.17;0.02832;0.84882;1.26198;;
-0.169;0.02815;0.84878;1.26210;;
-0.168;0.02799;0.84874;1.26222;;
-0.167;0.02782;0.84871;1.26234;;
-0.166;0.02766;0.84867;1.26247;;
-0.165;0.02749;0.84863;1.26259;;
-0.164;0.02732;0.84860;1.26271;;
-0.163;0.02716;0.84856;1.26284;;
-0.162;0.02699;0.84852;1.26296;;
-0.161;0.02682;0.84849;1.26308;;
-0.16;0.02666;0.84845;1.26320;;
-0.159;0.02649;0.84841;1.26333;;
-0.158;0.02632;0.84838;1.26345;;
-0.157;0.02616;0.84834;1.26357;;
-0.156;0.02599;0.84830;1.26369;;
-0.155;0.02582;0.84827;1.26381;;
-0.154;0.02566;0.84823;1.26394;;
-0.153;0.02549;0.84819;1.26406;;
-0.152;0.02532;0.84816;1.26418;;
-0.151;0.02516;0.84812;1.26430;;
-0.15;0.02499;0.84808;1.26442;;
-0.149;0.02483;0.84804;1.26454;;
-0.148;0.02466;0.84801;1.26466;;
-0.147;0.02449;0.84797;1.26478;;
-0.146;0.02433;0.84793;1.26491;;
-0.145;0.02416;0.84789;1.26503;;
-0.144;0.02399;0.84785;1.26515;;
-0.143;0.02383;0.84782;1.26527;;
-0.142;0.02366;0.84778;1.26539;;
-0.141;0.02349;0.84774;1.26551;;
-0.14;0.02333;0.84770;1.26563;;
-0.139;0.02316;0.84766;1.26575;;
-0.138;0.02299;0.84763;1.26587;;
-0.137;0.02283;0.84759;1.26599;;
-0.136;0.02266;0.84755;1.26611;;
-0.135;0.02249;0.84751;1.26623;;
-0.134;0.02233;0.84747;1.26635;;
-0.133;0.02216;0.84743;1.26647;;
-0.132;0.02199;0.84739;1.26659;;
-0.131;0.02183;0.84735;1.26671;;
-0.13;0.02166;0.84732;1.26683;;
-0.129;0.02149;0.84728;1.26695;;
-0.128;0.02133;0.84724;1.26707;;
-0.127;0.02116;0.84720;1.26719;;
-0.126;0.02100;0.84716;1.26731;;
-0.125;0.02083;0.84712;1.26742;;
-0.124;0.02066;0.84708;1.26754;;
-0.123;0.02050;0.84704;1.26766;;
-0.122;0.02033;0.84700;1.26778;;
-0.121;0.02016;0.84696;1.26790;;
-0.12;0.02000;0.84692;1.26802;;
-0.119;0.01983;0.84688;1.26814;;
-0.118;0.01966;0.84684;1.26826;;
-0.117;0.01950;0.84680;1.26837;;
-0.116;0.01933;0.84676;1.26849;;
-0.115;0.01916;0.84672;1.26861;;
-0.114;0.01900;0.84668;1.26873;;
-0.113;0.01883;0.84664;1.26885;;
-0.112;0.01866;0.84660;1.26896;;
-0.111;0.01850;0.84656;1.26908;;
-0.11;0.01833;0.84652;1.26920;;
-0.109;0.01816;0.84648;1.26932;;
-0.108;0.01800;0.84644;1.26943;;
-0.107;0.01783;0.84640;1.26955;;
-0.106;0.01766;0.84636;1.26967;;
-0.105;0.01750;0.84632;1.26978;;
-0.104;0.01733;0.84628;1.26990;;
-0.103;0.01716;0.84624;1.27002;;
-0.102;0.01700;0.84620;1.27014;;
-0.101;0.01683;0.84615;1.27025;;
-0.1;0.01666;0.84611;1.27037;;
-0.099;0.01650;0.84607;1.27049;;
-0.098;0.01633;0.84603;1.27060;;
-0.097;0.01616;0.84599;1.27072;;
-0.096;0.01600;0.84595;1.27083;;
-0.095;0.01583;0.84591;1.27095;;
-0.094;0.01566;0.84586;1.27107;;
-0.093;0.01550;0.84582;1.27118;;
-0.092;0.01533;0.84578;1.27130;;
-0.091;0.01516;0.84574;1.27141;;
-0.09;0.01500;0.84570;1.27153;;
-0.089;0.01483;0.84566;1.27165;;
-0.088;0.01466;0.84561;1.27176;;
-0.087;0.01450;0.84557;1.27188;;
-0.086;0.01433;0.84553;1.27199;;
-0.085;0.01417;0.84549;1.27211;;
-0.084;0.01400;0.84544;1.27222;;
-0.083;0.01383;0.84540;1.27234;;
-0.082;0.01367;0.84536;1.27245;;
-0.081;0.01350;0.84532;1.27257;;
-0.08;0.01333;0.84527;1.27268;;
-0.079;0.01317;0.84523;1.27280;;
-0.078;0.01300;0.84519;1.27291;;
-0.077;0.01283;0.84515;1.27303;;
-0.076;0.01267;0.84510;1.27314;;
-0.075;0.01250;0.84506;1.27325;;
-0.074;0.01233;0.84502;1.27337;;
-0.073;0.01217;0.84497;1.27348;;
-0.072;0.01200;0.84493;1.27360;;
-0.071;0.01183;0.84489;1.27371;;
-0.07;0.01167;0.84484;1.27382;;
-0.069;0.01150;0.84480;1.27394;;
-0.068;0.01133;0.84476;1.27405;;
-0.067;0.01117;0.84471;1.27416;;
-0.066;0.01100;0.84467;1.27428;;
-0.065;0.01083;0.84463;1.27439;;
-0.064;0.01067;0.84458;1.27450;;
-0.063;0.01050;0.84454;1.27462;;
-0.062;0.01033;0.84449;1.27473;;
-0.061;0.01017;0.84445;1.27484;;
-0.06;0.01000;0.84441;1.27496;;
-0.059;0.00983;0.84436;1.27507;;
-0.058;0.00967;0.84432;1.27518;;
-0.057;0.00950;0.84427;1.27529;;
-0.056;0.00933;0.84423;1.27541;;
-0.055;0.00917;0.84418;1.27552;;
-0.054;0.00900;0.84414;1.27563;;
-0.053;0.00883;0.84409;1.27574;;
-0.052;0.00867;0.84405;1.27586;;
-0.051;0.00850;0.84400;1.27597;;
-0.05;0.00833;0.84396;1.27608;;
-0.049;0.00817;0.84391;1.27619;;
-0.048;0.00800;0.84387;1.27630;;
-0.047;0.00783;0.84382;1.27641;;
-0.046;0.00767;0.84378;1.27653;;
-0.045;0.00750;0.84373;1.27664;;
-0.044;0.00733;0.84369;1.27675;;
-0.043;0.00717;0.84364;1.27686;;
-0.042;0.00700;0.84360;1.27697;;
-0.041;0.00683;0.84355;1.27708;;
-0.04;0.00667;0.84351;1.27719;;
-0.039;0.00650;0.84346;1.27730;;
-0.038;0.00633;0.84342;1.27741;;
-0.037;0.00617;0.84337;1.27753;;
-0.036;0.00600;0.84332;1.27764;;
-0.035;0.00583;0.84328;1.27775;;
-0.034;0.00567;0.84323;1.27786;;
-0.033;0.00550;0.84319;1.27797;;
-0.032;0.00533;0.84314;1.27808;;
-0.031;0.00517;0.84309;1.27819;;
-0.03;0.00500;0.84305;1.27830;;
-0.029;0.00483;0.84300;1.27841;;
-0.028;0.00467;0.84295;1.27852;;
-0.027;0.00450;0.84291;1.27863;;
-0.026;0.00433;0.84286;1.27874;;
-0.025;0.00417;0.84281;1.27885;;
-0.024;0.00400;0.84277;1.27895;;
-0.023;0.00383;0.84272;1.27906;;
-0.022;0.00367;0.84267;1.27917;;
-0.021;0.00350;0.84263;1.27928;;
-0.02;0.00333;0.84258;1.27939;;
-0.019;0.00317;0.84253;1.27950;;
-0.018;0.00300;0.84248;1.27961;;
-0.017;0.00283;0.84244;1.27972;;
-0.016;0.00267;0.84239;1.27983;;
-0.015;0.00250;0.84234;1.27993;;
-0.014;0.00233;0.84229;1.28004;;
-0.013;0.00217;0.84225;1.28015;;
-0.012;0.00200;0.84220;1.28026;;
-0.011;0.00183;0.84215;1.28037;;
-0.01;0.00167;0.84210;1.28048;;
-0.009;0.00150;0.84206;1.28058;;
-0.008;0.00133;0.84201;1.28069;;
-0.007;0.00117;0.84196;1.28080;;
-0.006;0.00100;0.84191;1.28091;;
-0.005;0.00083;0.84186;1.28102;;
-0.004;0.00067;0.84182;1.28112;;
-0.003;0.00050;0.84177;1.28123;;
-0.002;0.00033;0.84172;1.28134;;
-0.001;0.00017;0.84167;1.28144;;
0;#VALUE!;#VALUE!;#VALUE!;;
0.001;-0.00017;0.84157;1.28166;;
0.002;-0.00033;0.84152;1.28177;;
0.003;-0.00050;0.84148;1.28187;;
0.004;-0.00067;0.84143;1.28198;;
0.005;-0.00083;0.84138;1.28209;;
0.006;-0.00100;0.84133;1.28219;;
0.007;-0.00117;0.84128;1.28230;;
0.008;-0.00133;0.84123;1.28241;;
0.009;-0.00150;0.84118;1.28251;;
0.01;-0.00167;0.84113;1.28262;;
0.011;-0.00183;0.84108;1.28272;;
0.012;-0.00200;0.84103;1.28283;;
0.013;-0.00217;0.84098;1.28294;;
0.014;-0.00233;0.84093;1.28304;;
0.015;-0.00250;0.84088;1.28315;;
0.016;-0.00267;0.84083;1.28325;;
0.017;-0.00283;0.84078;1.28336;;
0.018;-0.00300;0.84073;1.28346;;
0.019;-0.00317;0.84068;1.28357;;
0.02;-0.00333;0.84063;1.28367;;
0.021;-0.00350;0.84058;1.28378;;
0.022;-0.00367;0.84053;1.28388;;
0.023;-0.00383;0.84048;1.28399;;
0.024;-0.00400;0.84043;1.28409;;
0.025;-0.00417;0.84038;1.28420;;
0.026;-0.00433;0.84033;1.28430;;
0.027;-0.00450;0.84028;1.28441;;
0.028;-0.00467;0.84023;1.28451;;
0.029;-0.00483;0.84018;1.28462;;
0.03;-0.00500;0.84013;1.28472;;
0.031;-0.00517;0.84008;1.28482;;
0.032;-0.00533;0.84003;1.28493;;
0.033;-0.00550;0.83998;1.28503;;
0.034;-0.00567;0.83993;1.28514;;
0.035;-0.00583;0.83987;1.28524;;
0.036;-0.00600;0.83982;1.28534;;
0.037;-0.00617;0.83977;1.28545;;
0.038;-0.00633;0.83972;1.28555;;
0.039;-0.00650;0.83967;1.28565;;
0.04;-0.00667;0.83962;1.28576;;
0.041;-0.00683;0.83957;1.28586;;
0.042;-0.00700;0.83951;1.28596;;
0.043;-0.00717;0.83946;1.28607;;
0.044;-0.00733;0.83941;1.28617;;
0.045;-0.00750;0.83936;1.28627;;
0.046;-0.00767;0.83931;1.28638;;
0.047;-0.00783;0.83926;1.28648;;
0.048;-0.00800;0.83920;1.28658;;
0.049;-0.00817;0.83915;1.28668;;
0.05;-0.00833;0.83910;1.28679;;
0.051;-0.00850;0.83905;1.28689;;
0.052;-0.00867;0.83899;1.28699;;
0.053;-0.00883;0.83894;1.28709;;
0.054;-0.00900;0.83889;1.28719;;
0.055;-0.00917;0.83884;1.28730;;
0.056;-0.00933;0.83878;1.28740;;
0.057;-0.00950;0.83873;1.28750;;
0.058;-0.00967;0.83868;1.28760;;
0.059;-0.00983;0.83863;1.28770;;
0.06;-0.01000;0.83857;1.28780;;
0.061;-0.01017;0.83852;1.28790;;
0.062;-0.01033;0.83847;1.28801;;
0.063;-0.01050;0.83841;1.28811;;
0.064;-0.01067;0.83836;1.28821;;
0.065;-0.01083;0.83831;1.28831;;
0.066;-0.01100;0.83825;1.28841;;
0.067;-0.01117;0.83820;1.28851;;
0.068;-0.01133;0.83815;1.28861;;
0.069;-0.01150;0.83809;1.28871;;
0.07;-0.01167;0.83804;1.28881;;
0.071;-0.01183;0.83798;1.28891;;
0.072;-0.01200;0.83793;1.28901;;
0.073;-0.01217;0.83788;1.28911;;
0.074;-0.01233;0.83782;1.28921;;
0.075;-0.01250;0.83777;1.28931;;
0.076;-0.01267;0.83771;1.28941;;
0.077;-0.01283;0.83766;1.28951;;
0.078;-0.01300;0.83761;1.28961;;
0.079;-0.01317;0.83755;1.28971;;
0.08;-0.01333;0.83750;1.28981;;
0.081;-0.01350;0.83744;1.28991;;
0.082;-0.01367;0.83739;1.29001;;
0.083;-0.01383;0.83733;1.29011;;
0.084;-0.01400;0.83728;1.29021;;
0.085;-0.01417;0.83722;1.29031;;
0.086;-0.01433;0.83717;1.29041;;
0.087;-0.01450;0.83711;1.29050;;
0.088;-0.01466;0.83706;1.29060;;
0.089;-0.01483;0.83700;1.29070;;
0.09;-0.01500;0.83695;1.29080;;
0.091;-0.01516;0.83689;1.29090;;
0.092;-0.01533;0.83684;1.29100;;
0.093;-0.01550;0.83678;1.29110;;
0.094;-0.01566;0.83673;1.29119;;
0.095;-0.01583;0.83667;1.29129;;
0.096;-0.01600;0.83662;1.29139;;
0.097;-0.01616;0.83656;1.29149;;
0.098;-0.01633;0.83651;1.29159;;
0.099;-0.01650;0.83645;1.29168;;
0.1;-0.01666;0.83639;1.29178;;
0.101;-0.01683;0.83634;1.29188;;
0.102;-0.01700;0.83628;1.29198;;
0.103;-0.01716;0.83623;1.29207;;
0.104;-0.01733;0.83617;1.29217;;
0.105;-0.01750;0.83611;1.29227;;
0.106;-0.01766;0.83606;1.29236;;
0.107;-0.01783;0.83600;1.29246;;
0.108;-0.01800;0.83594;1.29256;;
0.109;-0.01816;0.83589;1.29265;;
0.11;-0.01833;0.83583;1.29275;;
0.111;-0.01850;0.83577;1.29285;;
0.112;-0.01866;0.83572;1.29294;;
0.113;-0.01883;0.83566;1.29304;;
0.114;-0.01900;0.83560;1.29314;;
0.115;-0.01916;0.83555;1.29323;;
0.116;-0.01933;0.83549;1.29333;;
0.117;-0.01950;0.83543;1.29342;;
0.118;-0.01966;0.83538;1.29352;;
0.119;-0.01983;0.83532;1.29362;;
0.12;-0.02000;0.83526;1.29371;;
0.121;-0.02016;0.83520;1.29381;;
0.122;-0.02033;0.83515;1.29390;;
0.123;-0.02050;0.83509;1.29400;;
0.124;-0.02066;0.83503;1.29409;;
0.125;-0.02083;0.83497;1.29419;;
0.126;-0.02100;0.83492;1.29428;;
0.127;-0.02116;0.83486;1.29438;;
0.128;-0.02133;0.83480;1.29447;;
0.129;-0.02149;0.83474;1.29457;;
0.13;-0.02166;0.83468;1.29466;;
0.131;-0.02183;0.83463;1.29476;;
0.132;-0.02199;0.83457;1.29485;;
0.133;-0.02216;0.83451;1.29495;;
0.134;-0.02233;0.83445;1.29504;;
0.135;-0.02249;0.83439;1.29513;;
0.136;-0.02266;0.83433;1.29523;;
0.137;-0.02283;0.83427;1.29532;;
0.138;-0.02299;0.83422;1.29542;;
0.139;-0.02316;0.83416;1.29551;;
0.14;-0.02333;0.83410;1.29560;;
0.141;-0.02349;0.83404;1.29570;;
0.142;-0.02366;0.83398;1.29579;;
0.143;-0.02383;0.83392;1.29588;;
0.144;-0.02399;0.83386;1.29598;;
0.145;-0.02416;0.83380;1.29607;;
0.146;-0.02433;0.83374;1.29616;;
0.147;-0.02449;0.83369;1.29626;;
0.148;-0.02466;0.83363;1.29635;;
0.149;-0.02483;0.83357;1.29644;;
0.15;-0.02499;0.83351;1.29654;;
0.151;-0.02516;0.83345;1.29663;;
0.152;-0.02532;0.83339;1.29672;;
0.153;-0.02549;0.83333;1.29681;;
0.154;-0.02566;0.83327;1.29691;;
0.155;-0.02582;0.83321;1.29700;;
0.156;-0.02599;0.83315;1.29709;;
0.157;-0.02616;0.83309;1.29718;;
0.158;-0.02632;0.83303;1.29727;;
0.159;-0.02649;0.83297;1.29737;;
0.16;-0.02666;0.83291;1.29746;;
0.161;-0.02682;0.83285;1.29755;;
0.162;-0.02699;0.83279;1.29764;;
0.163;-0.02716;0.83273;1.29773;;
0.164;-0.02732;0.83267;1.29782;;
0.165;-0.02749;0.83261;1.29792;;
0.166;-0.02766;0.83254;1.29801;;
0.167;-0.02782;0.83248;1.29810;;
0.168;-0.02799;0.83242;1.29819;;
0.169;-0.02815;0.83236;1.29828;;
0.17;-0.02832;0.83230;1.29837;;
0.171;-0.02849;0.83224;1.29846;;
0.172;-0.02865;0.83218;1.29855;;
0.173;-0.02882;0.83212;1.29864;;
0.174;-0.02899;0.83206;1.29873;;
0.175;-0.02915;0.83200;1.29882;;
0.176;-0.02932;0.83193;1.29891;;
0.177;-0.02949;0.83187;1.29900;;
0.178;-0.02965;0.83181;1.29909;;
0.179;-0.02982;0.83175;1.29918;;
0.18;-0.02999;0.83169;1.29927;;
0.181;-0.03015;0.83163;1.29936;;
0.182;-0.03032;0.83156;1.29945;;
0.183;-0.03048;0.83150;1.29954;;
0.184;-0.03065;0.83144;1.29963;;
0.185;-0.03082;0.83138;1.29972;;
0.186;-0.03098;0.83132;1.29981;;
0.187;-0.03115;0.83125;1.29990;;
0.188;-0.03132;0.83119;1.29999;;
0.189;-0.03148;0.83113;1.30008;;
0.19;-0.03165;0.83107;1.30017;;
0.191;-0.03182;0.83100;1.30026;;
0.192;-0.03198;0.83094;1.30035;;
0.193;-0.03215;0.83088;1.30043;;
0.194;-0.03232;0.83082;1.30052;;
0.195;-0.03248;0.83075;1.30061;;
0.196;-0.03265;0.83069;1.30070;;
0.197;-0.03281;0.83063;1.30079;;
0.198;-0.03298;0.83057;1.30088;;
0.199;-0.03315;0.83050;1.30096;;
0.2;-0.03331;0.83044;1.30105;;
0.201;-0.03348;0.83038;1.30114;;
0.202;-0.03365;0.83031;1.30123;;
0.203;-0.03381;0.83025;1.30132;;
0.204;-0.03398;0.83019;1.30140;;
0.205;-0.03415;0.83012;1.30149;;
0.206;-0.03431;0.83006;1.30158;;
0.207;-0.03448;0.83000;1.30167;;
0.208;-0.03464;0.82993;1.30175;;
0.209;-0.03481;0.82987;1.30184;;
0.21;-0.03498;0.82980;1.30193;;
0.211;-0.03514;0.82974;1.30201;;
0.212;-0.03531;0.82968;1.30210;;
0.213;-0.03548;0.82961;1.30219;;
0.214;-0.03564;0.82955;1.30227;;
0.215;-0.03581;0.82948;1.30236;;
0.216;-0.03598;0.82942;1.30245;;
0.217;-0.03614;0.82936;1.30253;;
0.218;-0.03631;0.82929;1.30262;;
0.219;-0.03647;0.82923;1.30271;;
0.22;-0.03664;0.82916;1.30279;;
0.221;-0.03681;0.82910;1.30288;;
0.222;-0.03697;0.82903;1.30296;;
0.223;-0.03714;0.82897;1.30305;;
0.224;-0.03731;0.82890;1.30313;;
0.225;-0.03747;0.82884;1.30322;;
0.226;-0.03764;0.82877;1.30331;;
0.227;-0.03780;0.82871;1.30339;;
0.228;-0.03797;0.82864;1.30348;;
0.229;-0.03814;0.82858;1.30356;;
0.23;-0.03830;0.82851;1.30365;;
0.231;-0.03847;0.82845;1.30373;;
0.232;-0.03864;0.82838;1.30382;;
0.233;-0.03880;0.82832;1.30390;;
0.234;-0.03897;0.82825;1.30399;;
0.235;-0.03913;0.82818;1.30407;;
0.236;-0.03930;0.82812;1.30416;;
0.237;-0.03947;0.82805;1.30424;;
0.238;-0.03963;0.82799;1.30432;;
0.239;-0.03980;0.82792;1.30441;;
0.24;-0.03997;0.82786;1.30449;;
0.241;-0.04013;0.82779;1.30458;;
0.242;-0.04030;0.82772;1.30466;;
0.243;-0.04046;0.82766;1.30474;;
0.244;-0.04063;0.82759;1.30483;;
0.245;-0.04080;0.82752;1.30491;;
0.246;-0.04096;0.82746;1.30500;;
0.247;-0.04113;0.82739;1.30508;;
0.248;-0.04130;0.82733;1.30516;;
0.249;-0.04146;0.82726;1.30525;;
0.25;-0.04163;0.82719;1.30533;;
0.251;-0.04179;0.82712;1.30541;;
0.252;-0.04196;0.82706;1.30549;;
0.253;-0.04213;0.82699;1.30558;;
0.254;-0.04229;0.82692;1.30566;;
0.255;-0.04246;0.82686;1.30574;;
0.256;-0.04262;0.82679;1.30583;;
0.257;-0.04279;0.82672;1.30591;;
0.258;-0.04296;0.82666;1.30599;;
0.259;-0.04312;0.82659;1.30607;;
0.26;-0.04329;0.82652;1.30615;;
0.261;-0.04346;0.82645;1.30624;;
0.262;-0.04362;0.82639;1.30632;;
0.263;-0.04379;0.82632;1.30640;;
0.264;-0.04395;0.82625;1.30648;;
0.265;-0.04412;0.82618;1.30656;;
0.266;-0.04429;0.82611;1.30665;;
0.267;-0.04445;0.82605;1.30673;;
0.268;-0.04462;0.82598;1.30681;;
0.269;-0.04478;0.82591;1.30689;;
0.27;-0.04495;0.82584;1.30697;;
0.271;-0.04512;0.82577;1.30705;;
0.272;-0.04528;0.82571;1.30713;;
0.273;-0.04545;0.82564;1.30721;;
0.274;-0.04562;0.82557;1.30730;;
0.275;-0.04578;0.82550;1.30738;;
0.276;-0.04595;0.82543;1.30746;;
0.277;-0.04611;0.82536;1.30754;;
0.278;-0.04628;0.82529;1.30762;;
0.279;-0.04645;0.82523;1.30770;;
0.28;-0.04661;0.82516;1.30778;;
0.281;-0.04678;0.82509;1.30786;;
0.282;-0.04694;0.82502;1.30794;;
0.283;-0.04711;0.82495;1.30802;;
0.284;-0.04728;0.82488;1.30810;;
0.285;-0.04744;0.82481;1.30818;;
0.286;-0.04761;0.82474;1.30826;;
0.287;-0.04777;0.82467;1.30834;;
0.288;-0.04794;0.82460;1.30842;;
0.289;-0.04811;0.82453;1.30850;;
0.29;-0.04827;0.82446;1.30858;;
0.291;-0.04844;0.82440;1.30866;;
0.292;-0.04860;0.82433;1.30873;;
0.293;-0.04877;0.82426;1.30881;;
0.294;-0.04894;0.82419;1.30889;;
0.295;-0.04910;0.82412;1.30897;;
0.296;-0.04927;0.82405;1.30905;;
0.297;-0.04943;0.82398;1.30913;;
0.298;-0.04960;0.82391;1.30921;;
0.299;-0.04977;0.82384;1.30929;;
0.3;-0.04993;0.82377;1.30936;;
0.301;-0.05010;0.82370;1.30944;;
0.302;-0.05026;0.82362;1.30952;;
0.303;-0.05043;0.82355;1.30960;;
0.304;-0.05060;0.82348;1.30968;;
0.305;-0.05076;0.82341;1.30975;;
0.306;-0.05093;0.82334;1.30983;;
0.307;-0.05109;0.82327;1.30991;;
0.308;-0.05126;0.82320;1.30999;;
0.309;-0.05143;0.82313;1.31006;;
0.31;-0.05159;0.82306;1.31014;;
0.311;-0.05176;0.82299;1.31022;;
0.312;-0.05192;0.82292;1.31030;;
0.313;-0.05209;0.82285;1.31037;;
0.314;-0.05226;0.82277;1.31045;;
0.315;-0.05242;0.82270;1.31053;;
0.316;-0.05259;0.82263;1.31060;;
0.317;-0.05275;0.82256;1.31068;;
0.318;-0.05292;0.82249;1.31076;;
0.319;-0.05309;0.82242;1.31083;;
0.32;-0.05325;0.82234;1.31091;;
0.321;-0.05342;0.82227;1.31099;;
0.322;-0.05358;0.82220;1.31106;;
0.323;-0.05375;0.82213;1.31114;;
0.324;-0.05392;0.82206;1.31122;;
0.325;-0.05408;0.82199;1.31129;;
0.326;-0.05425;0.82191;1.31137;;
0.327;-0.05441;0.82184;1.31144;;
0.328;-0.05458;0.82177;1.31152;;
0.329;-0.05474;0.82170;1.31159;;
0.33;-0.05491;0.82162;1.31167;;
0.331;-0.05508;0.82155;1.31175;;
0.332;-0.05524;0.82148;1.31182;;
0.333;-0.05541;0.82141;1.31190;;
0.334;-0.05557;0.82133;1.31197;;
0.335;-0.05574;0.82126;1.31205;;
0.336;-0.05591;0.82119;1.31212;;
0.337;-0.05607;0.82112;1.31220;;
0.338;-0.05624;0.82104;1.31227;;
0.339;-0.05640;0.82097;1.31234;;
0.34;-0.05657;0.82090;1.31242;;
0.341;-0.05673;0.82082;1.31249;;
0.342;-0.05690;0.82075;1.31257;;
0.343;-0.05707;0.82068;1.31264;;
0.344;-0.05723;0.82060;1.31272;;
0.345;-0.05740;0.82053;1.31279;;
0.346;-0.05756;0.82046;1.31286;;
0.347;-0.05773;0.82038;1.31294;;
0.348;-0.05789;0.82031;1.31301;;
0.349;-0.05806;0.82023;1.31309;;
0.35;-0.05823;0.82016;1.31316;;
0.351;-0.05839;0.82009;1.31323;;
0.352;-0.05856;0.82001;1.31331;;
0.353;-0.05872;0.81994;1.31338;;
0.354;-0.05889;0.81987;1.31345;;
0.355;-0.05905;0.81979;1.31352;;
0.356;-0.05922;0.81972;1.31360;;
0.357;-0.05939;0.81964;1.31367;;
0.358;-0.05955;0.81957;1.31374;;
0.359;-0.05972;0.81949;1.31382;;
0.36;-0.05988;0.81942;1.31389;;
0.361;-0.06005;0.81934;1.31396;;
0.362;-0.06021;0.81927;1.31403;;
0.363;-0.06038;0.81919;1.31411;;
0.364;-0.06055;0.81912;1.31418;;
0.365;-0.06071;0.81905;1.31425;;
0.366;-0.06088;0.81897;1.31432;;
0.367;-0.06104;0.81890;1.31439;;
0.368;-0.06121;0.81882;1.31447;;
0.369;-0.06137;0.81874;1.31454;;
0.37;-0.06154;0.81867;1.31461;;
0.371;-0.06171;0.81859;1.31468;;
0.372;-0.06187;0.81852;1.31475;;
0.373;-0.06204;0.81844;1.31482;;
0.374;-0.06220;0.81837;1.31489;;
0.375;-0.06237;0.81829;1.31497;;
0.376;-0.06253;0.81822;1.31504;;
0.377;-0.06270;0.81814;1.31511;;
0.378;-0.06286;0.81807;1.31518;;
0.379;-0.06303;0.81799;1.31525;;
0.38;-0.06320;0.81791;1.31532;;
0.381;-0.06336;0.81784;1.31539;;
0.382;-0.06353;0.81776;1.31546;;
0.383;-0.06369;0.81769;1.31553;;
0.384;-0.06386;0.81761;1.31560;;
0.385;-0.06402;0.81753;1.31567;;
0.386;-0.06419;0.81746;1.31574;;
0.387;-0.06435;0.81738;1.31581;;
0.388;-0.06452;0.81730;1.31588;;
0.389;-0.06469;0.81723;1.31595;;
0.39;-0.06485;0.81715;1.31602;;
0.391;-0.06502;0.81707;1.31609;;
0.392;-0.06518;0.81700;1.31616;;
0.393;-0.06535;0.81692;1.31623;;
0.394;-0.06551;0.81684;1.31630;;
0.395;-0.06568;0.81677;1.31637;;
0.396;-0.06584;0.81669;1.31644;;
0.397;-0.06601;0.81661;1.31651;;
0.398;-0.06618;0.81653;1.31657;;
0.399;-0.06634;0.81646;1.31664;;
0.4;-0.06651;0.81638;1.31671;;
0.401;-0.06667;0.81630;1.31678;;
0.402;-0.06684;0.81622;1.31685;;
0.403;-0.06700;0.81615;1.31692;;
0.404;-0.06717;0.81607;1.31699;;
0.405;-0.06733;0.81599;1.31705;;
0.406;-0.06750;0.81591;1.31712;;
0.407;-0.06766;0.81584;1.31719;;
0.408;-0.06783;0.81576;1.31726;;
0.409;-0.06800;0.81568;1.31733;;
0.41;-0.06816;0.81560;1.31739;;
0.411;-0.06833;0.81552;1.31746;;
0.412;-0.06849;0.81545;1.31753;;
0.413;-0.06866;0.81537;1.31760;;
0.414;-0.06882;0.81529;1.31766;;
0.415;-0.06899;0.81521;1.31773;;
0.416;-0.06915;0.81513;1.31780;;
0.417;-0.06932;0.81505;1.31787;;
0.418;-0.06948;0.81498;1.31793;;
0.419;-0.06965;0.81490;1.31800;;
0.42;-0.06981;0.81482;1.31807;;
0.421;-0.06998;0.81474;1.31813;;
0.422;-0.07014;0.81466;1.31820;;
0.423;-0.07031;0.81458;1.31827;;
0.424;-0.07048;0.81450;1.31833;;
0.425;-0.07064;0.81442;1.31840;;
0.426;-0.07081;0.81434;1.31846;;
0.427;-0.07097;0.81426;1.31853;;
0.428;-0.07114;0.81419;1.31860;;
0.429;-0.07130;0.81411;1.31866;;
0.43;-0.07147;0.81403;1.31873;;
0.431;-0.07163;0.81395;1.31879;;
0.432;-0.07180;0.81387;1.31886;;
0.433;-0.07196;0.81379;1.31892;;
0.434;-0.07213;0.81371;1.31899;;
0.435;-0.07229;0.81363;1.31906;;
0.436;-0.07246;0.81355;1.31912;;
0.437;-0.07262;0.81347;1.31919;;
0.438;-0.07279;0.81339;1.31925;;
0.439;-0.07295;0.81331;1.31932;;
0.44;-0.07312;0.81323;1.31938;;
0.441;-0.07328;0.81315;1.31945;;
0.442;-0.07345;0.81307;1.31951;;
0.443;-0.07361;0.81299;1.31957;;
0.444;-0.07378;0.81291;1.31964;;
0.445;-0.07395;0.81283;1.31970;;
0.446;-0.07411;0.81275;1.31977;;
0.447;-0.07428;0.81266;1.31983;;
0.448;-0.07444;0.81258;1.31990;;
0.449;-0.07461;0.81250;1.31996;;
0.45;-0.07477;0.81242;1.32002;;
0.451;-0.07494;0.81234;1.32009;;
0.452;-0.07510;0.81226;1.32015;;
0.453;-0.07527;0.81218;1.32021;;
0.454;-0.07543;0.81210;1.32028;;
0.455;-0.07560;0.81202;1.32034;;
0.456;-0.07576;0.81194;1.32040;;
0.457;-0.07593;0.81185;1.32047;;
0.458;-0.07609;0.81177;1.32053;;
0.459;-0.07626;0.81169;1.32059;;
0.46;-0.07642;0.81161;1.32066;;
0.461;-0.07659;0.81153;1.32072;;
0.462;-0.07675;0.81145;1.32078;;
0.463;-0.07692;0.81136;1.32085;;
0.464;-0.07708;0.81128;1.32091;;
0.465;-0.07725;0.81120;1.32097;;
0.466;-0.07741;0.81112;1.32103;;
0.467;-0.07758;0.81104;1.32109;;
0.468;-0.07774;0.81095;1.32116;;
0.469;-0.07791;0.81087;1.32122;;
0.47;-0.07807;0.81079;1.32128;;
0.471;-0.07824;0.81071;1.32134;;
0.472;-0.07840;0.81063;1.32140;;
0.473;-0.07857;0.81054;1.32147;;
0.474;-0.07873;0.81046;1.32153;;
0.475;-0.07890;0.81038;1.32159;;
0.476;-0.07906;0.81029;1.32165;;
0.477;-0.07923;0.81021;1.32171;;
0.478;-0.07939;0.81013;1.32177;;
0.479;-0.07956;0.81005;1.32183;;
0.48;-0.07972;0.80996;1.32189;;
0.481;-0.07989;0.80988;1.32196;;
0.482;-0.08005;0.80980;1.32202;;
0.483;-0.08022;0.80971;1.32208;;
0.484;-0.08038;0.80963;1.32214;;
0.485;-0.08055;0.80955;1.32220;;
0.486;-0.08071;0.80946;1.32226;;
0.487;-0.08088;0.80938;1.32232;;
0.488;-0.08104;0.80930;1.32238;;
0.489;-0.08120;0.80921;1.32244;;
0.49;-0.08137;0.80913;1.32250;;
0.491;-0.08153;0.80905;1.32256;;
0.492;-0.08170;0.80896;1.32262;;
0.493;-0.08186;0.80888;1.32268;;
0.494;-0.08203;0.80879;1.32274;;
0.495;-0.08219;0.80871;1.32280;;
0.496;-0.08236;0.80863;1.32286;;
0.497;-0.08252;0.80854;1.32292;;
0.498;-0.08269;0.80846;1.32298;;
0.499;-0.08285;0.80837;1.32303;;
0.5;-0.08302;0.80829;1.32309;;
0.501;-0.08318;0.80820;1.32315;;
0.502;-0.08335;0.80812;1.32321;;
0.503;-0.08351;0.80804;1.32327;;
0.504;-0.08368;0.80795;1.32333;;
0.505;-0.08384;0.80787;1.32339;;
0.506;-0.08401;0.80778;1.32345;;
0.507;-0.08417;0.80770;1.32350;;
0.508;-0.08434;0.80761;1.32356;;
0.509;-0.08450;0.80753;1.32362;;
0.51;-0.08466;0.80744;1.32368;;
0.511;-0.08483;0.80736;1.32374;;
0.512;-0.08499;0.80727;1.32379;;
0.513;-0.08516;0.80719;1.32385;;
0.514;-0.08532;0.80710;1.32391;;
0.515;-0.08549;0.80702;1.32397;;
0.516;-0.08565;0.80693;1.32402;;
0.517;-0.08582;0.80684;1.32408;;
0.518;-0.08598;0.80676;1.32414;;
0.519;-0.08615;0.80667;1.32420;;
0.52;-0.08631;0.80659;1.32425;;
0.521;-0.08648;0.80650;1.32431;;
0.522;-0.08664;0.80642;1.32437;;
0.523;-0.08680;0.80633;1.32442;;
0.524;-0.08697;0.80624;1.32448;;
0.525;-0.08713;0.80616;1.32454;;
0.526;-0.08730;0.80607;1.32459;;
0.527;-0.08746;0.80598;1.32465;;
0.528;-0.08763;0.80590;1.32471;;
0.529;-0.08779;0.80581;1.32476;;
0.53;-0.08796;0.80573;1.32482;;
0.531;-0.08812;0.80564;1.32487;;
0.532;-0.08829;0.80555;1.32493;;
0.533;-0.08845;0.80547;1.32499;;
0.534;-0.08861;0.80538;1.32504;;
0.535;-0.08878;0.80529;1.32510;;
0.536;-0.08894;0.80521;1.32515;;
0.537;-0.08911;0.80512;1.32521;;
0.538;-0.08927;0.80503;1.32526;;
0.539;-0.08944;0.80494;1.32532;;
0.54;-0.08960;0.80486;1.32537;;
0.541;-0.08977;0.80477;1.32543;;
0.542;-0.08993;0.80468;1.32548;;
0.543;-0.09009;0.80460;1.32554;;
0.544;-0.09026;0.80451;1.32559;;
0.545;-0.09042;0.80442;1.32565;;
0.546;-0.09059;0.80433;1.32570;;
0.547;-0.09075;0.80425;1.32576;;
0.548;-0.09092;0.80416;1.32581;;
0.549;-0.09108;0.80407;1.32587;;
0.55;-0.09124;0.80398;1.32592;;
0.551;-0.09141;0.80389;1.32597;;
0.552;-0.09157;0.80381;1.32603;;
0.553;-0.09174;0.80372;1.32608;;
0.554;-0.09190;0.80363;1.32614;;
0.555;-0.09207;0.80354;1.32619;;
0.556;-0.09223;0.80345;1.32624;;
0.557;-0.09239;0.80336;1.32630;;
0.558;-0.09256;0.80328;1.32635;;
0.559;-0.09272;0.80319;1.32640;;
0.56;-0.09289;0.80310;1.32646;;
0.561;-0.09305;0.80301;1.32651;;
0.562;-0.09322;0.80292;1.32656;;
0.563;-0.09338;0.80283;1.32662;;
0.564;-0.09354;0.80274;1.32667;;
0.565;-0.09371;0.80266;1.32672;;
0.566;-0.09387;0.80257;1.32677;;
0.567;-0.09404;0.80248;1.32683;;
0.568;-0.09420;0.80239;1.32688;;
0.569;-0.09436;0.80230;1.32693;;
0.57;-0.09453;0.80221;1.32698;;
0.571;-0.09469;0.80212;1.32703;;
0.572;-0.09486;0.80203;1.32709;;
0.573;-0.09502;0.80194;1.32714;;
0.574;-0.09519;0.80185;1.32719;;
0.575;-0.09535;0.80176;1.32724;;
0.576;-0.09551;0.80167;1.32729;;
0.577;-0.09568;0.80158;1.32735;;
0.578;-0.09584;0.80149;1.32740;;
0.579;-0.09601;0.80140;1.32745;;
0.58;-0.09617;0.80131;1.32750;;
0.581;-0.09633;0.80122;1.32755;;
0.582;-0.09650;0.80113;1.32760;;
0.583;-0.09666;0.80104;1.32765;;
0.584;-0.09683;0.80095;1.32770;;
0.585;-0.09699;0.80086;1.32775;;
0.586;-0.09715;0.80077;1.32780;;
0.587;-0.09732;0.80068;1.32786;;
0.588;-0.09748;0.80059;1.32791;;
0.589;-0.09765;0.80050;1.32796;;
0.59;-0.09781;0.80041;1.32801;;
0.591;-0.09797;0.80032;1.32806;;
0.592;-0.09814;0.80023;1.32811;;
0.593;-0.09830;0.80014;1.32816;;
0.594;-0.09847;0.80005;1.32821;;
0.595;-0.09863;0.79996;1.32826;;
0.596;-0.09879;0.79987;1.32831;;
0.597;-0.09896;0.79977;1.32836;;
0.598;-0.09912;0.79968;1.32841;;
0.599;-0.09929;0.79959;1.32845;;
0.6;-0.09945;0.79950;1.32850;;
0.601;-0.09961;0.79941;1.32855;;
0.602;-0.09978;0.79932;1.32860;;
0.603;-0.09994;0.79923;1.32865;;
0.604;-0.10010;0.79913;1.32870;;
0.605;-0.10027;0.79904;1.32875;;
0.606;-0.10043;0.79895;1.32880;;
0.607;-0.10060;0.79886;1.32885;;
0.608;-0.10076;0.79877;1.32889;;
0.609;-0.10092;0.79868;1.32894;;
0.61;-0.10109;0.79858;1.32899;;
0.611;-0.10125;0.79849;1.32904;;
0.612;-0.10141;0.79840;1.32909;;
0.613;-0.10158;0.79831;1.32914;;
0.614;-0.10174;0.79822;1.32918;;
0.615;-0.10191;0.79812;1.32923;;
0.616;-0.10207;0.79803;1.32928;;
0.617;-0.10223;0.79794;1.32933;;
0.618;-0.10240;0.79785;1.32937;;
0.619;-0.10256;0.79775;1.32942;;
0.62;-0.10272;0.79766;1.32947;;
0.621;-0.10289;0.79757;1.32952;;
0.622;-0.10305;0.79747;1.32956;;
0.623;-0.10321;0.79738;1.32961;;
0.624;-0.10338;0.79729;1.32966;;
0.625;-0.10354;0.79720;1.32970;;
0.626;-0.10371;0.79710;1.32975;;
0.627;-0.10387;0.79701;1.32980;;
0.628;-0.10403;0.79692;1.32984;;
0.629;-0.10420;0.79682;1.32989;;
0.63;-0.10436;0.79673;1.32994;;
0.631;-0.10452;0.79664;1.32998;;
0.632;-0.10469;0.79654;1.33003;;
0.633;-0.10485;0.79645;1.33008;;
0.634;-0.10501;0.79635;1.33012;;
0.635;-0.10518;0.79626;1.33017;;
0.636;-0.10534;0.79617;1.33021;;
0.637;-0.10550;0.79607;1.33026;;
0.638;-0.10567;0.79598;1.33030;;
0.639;-0.10583;0.79589;1.33035;;
0.64;-0.10600;0.79579;1.33040;;
0.641;-0.10616;0.79570;1.33044;;
0.642;-0.10632;0.79560;1.33049;;
0.643;-0.10649;0.79551;1.33053;;
0.644;-0.10665;0.79541;1.33058;;
0.645;-0.10681;0.79532;1.33062;;
0.646;-0.10698;0.79523;1.33067;;
0.647;-0.10714;0.79513;1.33071;;
0.648;-0.10730;0.79504;1.33076;;
0.649;-0.10747;0.79494;1.33080;;
0.65;-0.10763;0.79485;1.33084;;
0.651;-0.10779;0.79475;1.33089;;
0.652;-0.10796;0.79466;1.33093;;
0.653;-0.10812;0.79456;1.33098;;
0.654;-0.10828;0.79447;1.33102;;
0.655;-0.10845;0.79437;1.33107;;
0.656;-0.10861;0.79428;1.33111;;
0.657;-0.10877;0.79418;1.33115;;
0.658;-0.10894;0.79409;1.33120;;
0.659;-0.10910;0.79399;1.33124;;
0.66;-0.10926;0.79390;1.33128;;
0.661;-0.10942;0.79380;1.33133;;
0.662;-0.10959;0.79370;1.33137;;
0.663;-0.10975;0.79361;1.33141;;
0.664;-0.10991;0.79351;1.33146;;
0.665;-0.11008;0.79342;1.33150;;
0.666;-0.11024;0.79332;1.33154;;
0.667;-0.11040;0.79323;1.33158;;
0.668;-0.11057;0.79313;1.33163;;
0.669;-0.11073;0.79303;1.33167;;
0.67;-0.11089;0.79294;1.33171;;
0.671;-0.11106;0.79284;1.33175;;
0.672;-0.11122;0.79274;1.33180;;
0.673;-0.11138;0.79265;1.33184;;
0.674;-0.11155;0.79255;1.33188;;
0.675;-0.11171;0.79246;1.33192;;
0.676;-0.11187;0.79236;1.33197;;
0.677;-0.11203;0.79226;1.33201;;
0.678;-0.11220;0.79217;1.33205;;
0.679;-0.11236;0.79207;1.33209;;
0.68;-0.11252;0.79197;1.33213;;
0.681;-0.11269;0.79188;1.33217;;
0.682;-0.11285;0.79178;1.33221;;
0.683;-0.11301;0.79168;1.33226;;
0.684;-0.11318;0.79158;1.33230;;
0.685;-0.11334;0.79149;1.33234;;
0.686;-0.11350;0.79139;1.33238;;
0.687;-0.11366;0.79129;1.33242;;
0.688;-0.11383;0.79120;1.33246;;
0.689;-0.11399;0.79110;1.33250;;
0.69;-0.11415;0.79100;1.33254;;
0.691;-0.11432;0.79090;1.33258;;
0.692;-0.11448;0.79081;1.33262;;
0.693;-0.11464;0.79071;1.33266;;
0.694;-0.11480;0.79061;1.33270;;
0.695;-0.11497;0.79051;1.33274;;
0.696;-0.11513;0.79041;1.33278;;
0.697;-0.11529;0.79032;1.33282;;
0.698;-0.11546;0.79022;1.33286;;
0.699;-0.11562;0.79012;1.33290;;
0.7;-0.11578;0.79002;1.33294;;
0.701;-0.11594;0.78992;1.33298;;
0.702;-0.11611;0.78983;1.33302;;
0.703;-0.11627;0.78973;1.33306;;
0.704;-0.11643;0.78963;1.33310;;
0.705;-0.11660;0.78953;1.33314;;
0.706;-0.11676;0.78943;1.33318;;
0.707;-0.11692;0.78933;1.33322;;
0.708;-0.11708;0.78923;1.33325;;
0.709;-0.11725;0.78913;1.33329;;
0.71;-0.11741;0.78904;1.33333;;
0.711;-0.11757;0.78894;1.33337;;
0.712;-0.11773;0.78884;1.33341;;
0.713;-0.11790;0.78874;1.33345;;
0.714;-0.11806;0.78864;1.33348;;
0.715;-0.11822;0.78854;1.33352;;
0.716;-0.11838;0.78844;1.33356;;
0.717;-0.11855;0.78834;1.33360;;
0.718;-0.11871;0.78824;1.33364;;
0.719;-0.11887;0.78814;1.33367;;
0.72;-0.11903;0.78804;1.33371;;
0.721;-0.11920;0.78794;1.33375;;
0.722;-0.11936;0.78784;1.33379;;
0.723;-0.11952;0.78774;1.33382;;
0.724;-0.11968;0.78764;1.33386;;
0.725;-0.11985;0.78754;1.33390;;
0.726;-0.12001;0.78744;1.33394;;
0.727;-0.12017;0.78734;1.33397;;
0.728;-0.12033;0.78724;1.33401;;
0.729;-0.12050;0.78714;1.33405;;
0.73;-0.12066;0.78704;1.33408;;
0.731;-0.12082;0.78694;1.33412;;
0.732;-0.12098;0.78684;1.33416;;
0.733;-0.12115;0.78674;1.33419;;
0.734;-0.12131;0.78664;1.33423;;
0.735;-0.12147;0.78654;1.33426;;
0.736;-0.12163;0.78644;1.33430;;
0.737;-0.12180;0.78634;1.33434;;
0.738;-0.12196;0.78624;1.33437;;
0.739;-0.12212;0.78614;1.33441;;
0.74;-0.12228;0.78604;1.33444;;
0.741;-0.12244;0.78594;1.33448;;
0.742;-0.12261;0.78584;1.33451;;
0.743;-0.12277;0.78574;1.33455;;
0.744;-0.12293;0.78563;1.33458;;
0.745;-0.12309;0.78553;1.33462;;
0.746;-0.12326;0.78543;1.33466;;
0.747;-0.12342;0.78533;1.33469;;
0.748;-0.12358;0.78523;1.33472;;
0.749;-0.12374;0.78513;1.33476;;
0.75;-0.12390;0.78503;1.33479;;
0.751;-0.12407;0.78492;1.33483;;
0.752;-0.12423;0.78482;1.33486;;
0.753;-0.12439;0.78472;1.33490;;
0.754;-0.12455;0.78462;1.33493;;
0.755;-0.12471;0.78452;1.33497;;
0.756;-0.12488;0.78441;1.33500;;
0.757;-0.12504;0.78431;1.33503;;
0.758;-0.12520;0.78421;1.33507;;
0.759;-0.12536;0.78411;1.33510;;
0.76;-0.12553;0.78401;1.33514;;
0.761;-0.12569;0.78390;1.33517;;
0.762;-0.12585;0.78380;1.33520;;
0.763;-0.12601;0.78370;1.33524;;
0.764;-0.12617;0.78360;1.33527;;
0.765;-0.12633;0.78349;1.33530;;
0.766;-0.12650;0.78339;1.33534;;
0.767;-0.12666;0.78329;1.33537;;
0.768;-0.12682;0.78319;1.33540;;
0.769;-0.12698;0.78308;1.33543;;
0.77;-0.12714;0.78298;1.33547;;
0.771;-0.12731;0.78288;1.33550;;
0.772;-0.12747;0.78277;1.33553;;
0.773;-0.12763;0.78267;1.33556;;
0.774;-0.12779;0.78257;1.33560;;
0.775;-0.12795;0.78246;1.33563;;
0.776;-0.12812;0.78236;1.33566;;
0.777;-0.12828;0.78226;1.33569;;
0.778;-0.12844;0.78215;1.33573;;
0.779;-0.12860;0.78205;1.33576;;
0.78;-0.12876;0.78195;1.33579;;
0.781;-0.12892;0.78184;1.33582;;
0.782;-0.12909;0.78174;1.33585;;
0.783;-0.12925;0.78164;1.33588;;
0.784;-0.12941;0.78153;1.33591;;
0.785;-0.12957;0.78143;1.33595;;
0.786;-0.12973;0.78132;1.33598;;
0.787;-0.12989;0.78122;1.33601;;
0.788;-0.13006;0.78112;1.33604;;
0.789;-0.13022;0.78101;1.33607;;
0.79;-0.13038;0.78091;1.33610;;
0.791;-0.13054;0.78080;1.33613;;
0.792;-0.13070;0.78070;1.33616;;
0.793;-0.13086;0.78059;1.33619;;
0.794;-0.13103;0.78049;1.33622;;
0.795;-0.13119;0.78038;1.33625;;
0.796;-0.13135;0.78028;1.33628;;
0.797;-0.13151;0.78017;1.33631;;
0.798;-0.13167;0.78007;1.33634;;
0.799;-0.13183;0.77996;1.33637;;
0.8;-0.13199;0.77986;1.33640;;
0.801;-0.13216;0.77975;1.33643;;
0.802;-0.13232;0.77965;1.33646;;
0.803;-0.13248;0.77954;1.33649;;
0.804;-0.13264;0.77944;1.33652;;
0.805;-0.13280;0.77933;1.33655;;
0.806;-0.13296;0.77923;1.33658;;
0.807;-0.13312;0.77912;1.33661;;
0.808;-0.13329;0.77902;1.33664;;
0.809;-0.13345;0.77891;1.33667;;
0.81;-0.13361;0.77881;1.33670;;
0.811;-0.13377;0.77870;1.33672;;
0.812;-0.13393;0.77859;1.33675;;
0.813;-0.13409;0.77849;1.33678;;
0.814;-0.13425;0.77838;1.33681;;
0.815;-0.13441;0.77828;1.33684;;
0.816;-0.13458;0.77817;1.33687;;
0.817;-0.13474;0.77806;1.33689;;
0.818;-0.13490;0.77796;1.33692;;
0.819;-0.13506;0.77785;1.33695;;
0.82;-0.13522;0.77775;1.33698;;
0.821;-0.13538;0.77764;1.33701;;
0.822;-0.13554;0.77753;1.33703;;
0.823;-0.13570;0.77743;1.33706;;
0.824;-0.13587;0.77732;1.33709;;
0.825;-0.13603;0.77721;1.33712;;
0.826;-0.13619;0.77711;1.33714;;
0.827;-0.13635;0.77700;1.33717;;
0.828;-0.13651;0.77689;1.33720;;
0.829;-0.13667;0.77679;1.33722;;
0.83;-0.13683;0.77668;1.33725;;
0.831;-0.13699;0.77657;1.33728;;
0.832;-0.13715;0.77647;1.33730;;
0.833;-0.13731;0.77636;1.33733;;
0.834;-0.13748;0.77625;1.33736;;
0.835;-0.13764;0.77614;1.33738;;
0.836;-0.13780;0.77604;1.33741;;
0.837;-0.13796;0.77593;1.33744;;
0.838;-0.13812;0.77582;1.33746;;
0.839;-0.13828;0.77571;1.33749;;
0.84;-0.13844;0.77561;1.33751;;
0.841;-0.13860;0.77550;1.33754;;
0.842;-0.13876;0.77539;1.33757;;
0.843;-0.13892;0.77528;1.33759;;
0.844;-0.13908;0.77517;1.33762;;
0.845;-0.13925;0.77507;1.33764;;
0.846;-0.13941;0.77496;1.33767;;
0.847;-0.13957;0.77485;1.33769;;
0.848;-0.13973;0.77474;1.33772;;
0.849;-0.13989;0.77463;1.33774;;
0.85;-0.14005;0.77453;1.33777;;
0.851;-0.14021;0.77442;1.33779;;
0.852;-0.14037;0.77431;1.33782;;
0.853;-0.14053;0.77420;1.33784;;
0.854;-0.14069;0.77409;1.33787;;
0.855;-0.14085;0.77398;1.33789;;
0.856;-0.14101;0.77387;1.33791;;
0.857;-0.14117;0.77377;1.33794;;
0.858;-0.14133;0.77366;1.33796;;
0.859;-0.14150;0.77355;1.33799;;
0.86;-0.14166;0.77344;1.33801;;
0.861;-0.14182;0.77333;1.33803;;
0.862;-0.14198;0.77322;1.33806;;
0.863;-0.14214;0.77311;1.33808;;
0.864;-0.14230;0.77300;1.33811;;
0.865;-0.14246;0.77289;1.33813;;
0.866;-0.14262;0.77278;1.33815;;
0.867;-0.14278;0.77267;1.33818;;
0.868;-0.14294;0.77256;1.33820;;
0.869;-0.14310;0.77245;1.33822;;
0.87;-0.14326;0.77234;1.33824;;
0.871;-0.14342;0.77224;1.33827;;
0.872;-0.14358;0.77213;1.33829;;
0.873;-0.14374;0.77202;1.33831;;
0.874;-0.14390;0.77191;1.33833;;
0.875;-0.14406;0.77180;1.33836;;
0.876;-0.14422;0.77169;1.33838;;
0.877;-0.14438;0.77158;1.33840;;
0.878;-0.14454;0.77146;1.33842;;
0.879;-0.14470;0.77135;1.33845;;
0.88;-0.14486;0.77124;1.33847;;
0.881;-0.14502;0.77113;1.33849;;
0.882;-0.14518;0.77102;1.33851;;
0.883;-0.14534;0.77091;1.33853;;
0.884;-0.14550;0.77080;1.33855;;
0.885;-0.14566;0.77069;1.33858;;
0.886;-0.14582;0.77058;1.33860;;
0.887;-0.14599;0.77047;1.33862;;
0.888;-0.14615;0.77036;1.33864;;
0.889;-0.14631;0.77025;1.33866;;
0.89;-0.14647;0.77014;1.33868;;
0.891;-0.14663;0.77003;1.33870;;
0.892;-0.14679;0.76992;1.33872;;
0.893;-0.14695;0.76980;1.33874;;
0.894;-0.14711;0.76969;1.33877;;
0.895;-0.14727;0.76958;1.33879;;
0.896;-0.14743;0.76947;1.33881;;
0.897;-0.14759;0.76936;1.33883;;
0.898;-0.14775;0.76925;1.33885;;
0.899;-0.14791;0.76914;1.33887;;
0.9;-0.14807;0.76902;1.33889;;
0.901;-0.14823;0.76891;1.33891;;
0.902;-0.14839;0.76880;1.33893;;
0.903;-0.14855;0.76869;1.33895;;
0.904;-0.14871;0.76858;1.33897;;
0.905;-0.14886;0.76846;1.33899;;
0.906;-0.14902;0.76835;1.33900;;
0.907;-0.14918;0.76824;1.33902;;
0.908;-0.14934;0.76813;1.33904;;
0.909;-0.14950;0.76802;1.33906;;
0.91;-0.14966;0.76790;1.33908;;
0.911;-0.14982;0.76779;1.33910;;
0.912;-0.14998;0.76768;1.33912;;
0.913;-0.15014;0.76757;1.33914;;
0.914;-0.15030;0.76745;1.33916;;
0.915;-0.15046;0.76734;1.33917;;
0.916;-0.15062;0.76723;1.33919;;
0.917;-0.15078;0.76712;1.33921;;
0.918;-0.15094;0.76700;1.33923;;
0.919;-0.15110;0.76689;1.33925;;
0.92;-0.15126;0.76678;1.33927;;
0.921;-0.15142;0.76666;1.33928;;
0.922;-0.15158;0.76655;1.33930;;
0.923;-0.15174;0.76644;1.33932;;
0.924;-0.15190;0.76632;1.33934;;
0.925;-0.15206;0.76621;1.33935;;
0.926;-0.15222;0.76610;1.33937;;
0.927;-0.15238;0.76598;1.33939;;
0.928;-0.15254;0.76587;1.33941;;
0.929;-0.15270;0.76576;1.33942;;
0.93;-0.15286;0.76564;1.33944;;
0.931;-0.15301;0.76553;1.33946;;
0.932;-0.15317;0.76542;1.33947;;
0.933;-0.15333;0.76530;1.33949;;
0.934;-0.15349;0.76519;1.33951;;
0.935;-0.15365;0.76507;1.33952;;
0.936;-0.15381;0.76496;1.33954;;
0.937;-0.15397;0.76485;1.33956;;
0.938;-0.15413;0.76473;1.33957;;
0.939;-0.15429;0.76462;1.33959;;
0.94;-0.15445;0.76450;1.33961;;
0.941;-0.15461;0.76439;1.33962;;
0.942;-0.15477;0.76427;1.33964;;
0.943;-0.15493;0.76416;1.33965;;
0.944;-0.15509;0.76404;1.33967;;
0.945;-0.15524;0.76393;1.33968;;
0.946;-0.15540;0.76382;1.33970;;
0.947;-0.15556;0.76370;1.33972;;
0.948;-0.15572;0.76359;1.33973;;
0.949;-0.15588;0.76347;1.33975;;
0.95;-0.15604;0.76336;1.33976;;
0.951;-0.15620;0.76324;1.33978;;
0.952;-0.15636;0.76313;1.33979;;
0.953;-0.15652;0.76301;1.33981;;
0.954;-0.15668;0.76290;1.33982;;
0.955;-0.15684;0.76278;1.33984;;
0.956;-0.15699;0.76266;1.33985;;
0.957;-0.15715;0.76255;1.33986;;
0.958;-0.15731;0.76243;1.33988;;
0.959;-0.15747;0.76232;1.33989;;
0.96;-0.15763;0.76220;1.33991;;
0.961;-0.15779;0.76209;1.33992;;
0.962;-0.15795;0.76197;1.33993;;
0.963;-0.15811;0.76185;1.33995;;
0.964;-0.15826;0.76174;1.33996;;
0.965;-0.15842;0.76162;1.33998;;
0.966;-0.15858;0.76151;1.33999;;
0.967;-0.15874;0.76139;1.34000;;
0.968;-0.15890;0.76127;1.34002;;
0.969;-0.15906;0.76116;1.34003;;
0.97;-0.15922;0.76104;1.34004;;
0.971;-0.15938;0.76093;1.34006;;
0.972;-0.15953;0.76081;1.34007;;
0.973;-0.15969;0.76069;1.34008;;
0.974;-0.15985;0.76058;1.34009;;
0.975;-0.16001;0.76046;1.34011;;
0.976;-0.16017;0.76034;1.34012;;
0.977;-0.16033;0.76023;1.34013;;
0.978;-0.16049;0.76011;1.34014;;
0.979;-0.16064;0.75999;1.34016;;
0.98;-0.16080;0.75988;1.34017;;
0.981;-0.16096;0.75976;1.34018;;
0.982;-0.16112;0.75964;1.34019;;
0.983;-0.16128;0.75952;1.34020;;
0.984;-0.16144;0.75941;1.34022;;
0.985;-0.16160;0.75929;1.34023;;
0.986;-0.16175;0.75917;1.34024;;
0.987;-0.16191;0.75906;1.34025;;
0.988;-0.16207;0.75894;1.34026;;
0.989;-0.16223;0.75882;1.34027;;
0.99;-0.16239;0.75870;1.34029;;
0.991;-0.16255;0.75858;1.34030;;
0.992;-0.16270;0.75847;1.34031;;
0.993;-0.16286;0.75835;1.34032;;
0.994;-0.16302;0.75823;1.34033;;
0.995;-0.16318;0.75811;1.34034;;
0.996;-0.16334;0.75800;1.34035;;
0.997;-0.16350;0.75788;1.34036;;
0.998;-0.16365;0.75776;1.34037;;
0.999;-0.16381;0.75764;1.34038;;
1;-0.16397;0.75752;1.34039;;
1.001;-0.16413;0.75740;1.34040;;
1.002;-0.16429;0.75729;1.34041;;
1.003;-0.16444;0.75717;1.34042;;
1.004;-0.16460;0.75705;1.34043;;
1.005;-0.16476;0.75693;1.34044;;
1.006;-0.16492;0.75681;1.34045;;
1.007;-0.16508;0.75669;1.34046;;
1.008;-0.16523;0.75657;1.34047;;
1.009;-0.16539;0.75646;1.34048;;
1.01;-0.16555;0.75634;1.34049;;
1.011;-0.16571;0.75622;1.34050;;
1.012;-0.16587;0.75610;1.34051;;
1.013;-0.16602;0.75598;1.34052;;
1.014;-0.16618;0.75586;1.34052;;
1.015;-0.16634;0.75574;1.34053;;
1.016;-0.16650;0.75562;1.34054;;
1.017;-0.16665;0.75550;1.34055;;
1.018;-0.16681;0.75538;1.34056;;
1.019;-0.16697;0.75526;1.34057;;
1.02;-0.16713;0.75514;1.34058;;
1.021;-0.16729;0.75502;1.34058;;
1.022;-0.16744;0.75490;1.34059;;
1.023;-0.16760;0.75478;1.34060;;
1.024;-0.16776;0.75466;1.34061;;
1.025;-0.16792;0.75455;1.34061;;
1.026;-0.16807;0.75443;1.34062;;
1.027;-0.16823;0.75431;1.34063;;
1.028;-0.16839;0.75419;1.34064;;
1.029;-0.16855;0.75406;1.34064;;
1.03;-0.16870;0.75394;1.34065;;
1.031;-0.16886;0.75382;1.34066;;
1.032;-0.16902;0.75370;1.34067;;
1.033;-0.16918;0.75358;1.34067;;
1.034;-0.16933;0.75346;1.34068;;
1.035;-0.16949;0.75334;1.34069;;
1.036;-0.16965;0.75322;1.34069;;
1.037;-0.16981;0.75310;1.34070;;
1.038;-0.16996;0.75298;1.34071;;
1.039;-0.17012;0.75286;1.34071;;
1.04;-0.17028;0.75274;1.34072;;
1.041;-0.17044;0.75262;1.34073;;
1.042;-0.17059;0.75250;1.34073;;
1.043;-0.17075;0.75238;1.34074;;
1.044;-0.17091;0.75225;1.34074;;
1.045;-0.17106;0.75213;1.34075;;
1.046;-0.17122;0.75201;1.34076;;
1.047;-0.17138;0.75189;1.34076;;
1.048;-0.17154;0.75177;1.34077;;
1.049;-0.17169;0.75165;1.34077;;
1.05;-0.17185;0.75153;1.34078;;
1.051;-0.17201;0.75141;1.34078;;
1.052;-0.17217;0.75128;1.34079;;
1.053;-0.17232;0.75116;1.34079;;
1.054;-0.17248;0.75104;1.34080;;
1.055;-0.17264;0.75092;1.34080;;
1.056;-0.17279;0.75080;1.34081;;
1.057;-0.17295;0.75067;1.34081;;
1.058;-0.17311;0.75055;1.34082;;
1.059;-0.17326;0.75043;1.34082;;
1.06;-0.17342;0.75031;1.34082;;
1.061;-0.17358;0.75019;1.34083;;
1.062;-0.17373;0.75006;1.34083;;
1.063;-0.17389;0.74994;1.34084;;
1.064;-0.17405;0.74982;1.34084;;
1.065;-0.17421;0.74970;1.34084;;
1.066;-0.17436;0.74957;1.34085;;
1.067;-0.17452;0.74945;1.34085;;
1.068;-0.17468;0.74933;1.34086;;
1.069;-0.17483;0.74921;1.34086;;
1.07;-0.17499;0.74908;1.34086;;
1.071;-0.17515;0.74896;1.34087;;
1.072;-0.17530;0.74884;1.34087;;
1.073;-0.17546;0.74871;1.34087;;
1.074;-0.17562;0.74859;1.34088;;
1.075;-0.17577;0.74847;1.34088;;
1.076;-0.17593;0.74834;1.34088;;
1.077;-0.17609;0.74822;1.34088;;
1.078;-0.17624;0.74810;1.34089;;
1.079;-0.17640;0.74797;1.34089;;
1.08;-0.17655;0.74785;1.34089;;
1.081;-0.17671;0.74773;1.34089;;
1.082;-0.17687;0.74760;1.34090;;
1.083;-0.17702;0.74748;1.34090;;
1.084;-0.17718;0.74736;1.34090;;
1.085;-0.17734;0.74723;1.34090;;
1.086;-0.17749;0.74711;1.34090;;
1.087;-0.17765;0.74699;1.34090;;
1.088;-0.17781;0.74686;1.34091;;
1.089;-0.17796;0.74674;1.34091;;
1.09;-0.17812;0.74661;1.34091;;
1.091;-0.17827;0.74649;1.34091;;
1.092;-0.17843;0.74636;1.34091;;
1.093;-0.17859;0.74624;1.34091;;
1.094;-0.17874;0.74612;1.34091;;
1.095;-0.17890;0.74599;1.34091;;
1.096;-0.17906;0.74587;1.34092;;
1.097;-0.17921;0.74574;1.34092;;
1.098;-0.17937;0.74562;1.34092;;
1.099;-0.17952;0.74549;1.34092;;
1.1;-0.17968;0.74537;1.34092;;
1.101;-0.17984;0.74524;1.34092;;
1.102;-0.17999;0.74512;1.34092;;
1.103;-0.18015;0.74499;1.34092;;
1.104;-0.18030;0.74487;1.34092;;
1.105;-0.18046;0.74474;1.34092;;
1.106;-0.18062;0.74462;1.34092;;
1.107;-0.18077;0.74449;1.34092;;
1.108;-0.18093;0.74437;1.34092;;
1.109;-0.18108;0.74424;1.34092;;
1.11;-0.18124;0.74412;1.34092;;
1.111;-0.18140;0.74399;1.34092;;
1.112;-0.18155;0.74387;1.34092;;
1.113;-0.18171;0.74374;1.34091;;
1.114;-0.18186;0.74362;1.34091;;
1.115;-0.18202;0.74349;1.34091;;
1.116;-0.18217;0.74336;1.34091;;
1.117;-0.18233;0.74324;1.34091;;
1.118;-0.18249;0.74311;1.34091;;
1.119;-0.18264;0.74299;1.34091;;
1.12;-0.18280;0.74286;1.34091;;
1.121;-0.18295;0.74273;1.34090;;
1.122;-0.18311;0.74261;1.34090;;
1.123;-0.18326;0.74248;1.34090;;
1.124;-0.18342;0.74236;1.34090;;
1.125;-0.18357;0.74223;1.34090;;
1.126;-0.18373;0.74210;1.34089;;
1.127;-0.18388;0.74198;1.34089;;
1.128;-0.18404;0.74185;1.34089;;
1.129;-0.18420;0.74172;1.34089;;
1.13;-0.18435;0.74160;1.34089;;
1.131;-0.18451;0.74147;1.34088;;
1.132;-0.18466;0.74134;1.34088;;
1.133;-0.18482;0.74122;1.34088;;
1.134;-0.18497;0.74109;1.34087;;
1.135;-0.18513;0.74096;1.34087;;
1.136;-0.18528;0.74084;1.34087;;
1.137;-0.18544;0.74071;1.34086;;
1.138;-0.18559;0.74058;1.34086;;
1.139;-0.18575;0.74045;1.34086;;
1.14;-0.18590;0.74033;1.34085;;
1.141;-0.18606;0.74020;1.34085;;
1.142;-0.18621;0.74007;1.34085;;
1.143;-0.18637;0.73994;1.34084;;
1.144;-0.18652;0.73982;1.34084;;
1.145;-0.18668;0.73969;1.34084;;
1.146;-0.18683;0.73956;1.34083;;
1.147;-0.18699;0.73943;1.34083;;
1.148;-0.18714;0.73931;1.34082;;
1.149;-0.18730;0.73918;1.34082;;
1.15;-0.18745;0.73905;1.34081;;
1.151;-0.18761;0.73892;1.34081;;
1.152;-0.18776;0.73879;1.34081;;
1.153;-0.18792;0.73867;1.34080;;
1.154;-0.18807;0.73854;1.34080;;
1.155;-0.18823;0.73841;1.34079;;
1.156;-0.18838;0.73828;1.34079;;
1.157;-0.18854;0.73815;1.34078;;
1.158;-0.18869;0.73802;1.34078;;
1.159;-0.18885;0.73790;1.34077;;
1.16;-0.18900;0.73777;1.34076;;
1.161;-0.18916;0.73764;1.34076;;
1.162;-0.18931;0.73751;1.34075;;
1.163;-0.18947;0.73738;1.34075;;
1.164;-0.18962;0.73725;1.34074;;
1.165;-0.18977;0.73712;1.34074;;
1.166;-0.18993;0.73700;1.34073;;
1.167;-0.19008;0.73687;1.34072;;
1.168;-0.19024;0.73674;1.34072;;
1.169;-0.19039;0.73661;1.34071;;
1.17;-0.19055;0.73648;1.34070;;
1.171;-0.19070;0.73635;1.34070;;
1.172;-0.19086;0.73622;1.34069;;
1.173;-0.19101;0.73609;1.34069;;
1.174;-0.19116;0.73596;1.34068;;
1.175;-0.19132;0.73583;1.34067;;
1.176;-0.19147;0.73570;1.34066;;
1.177;-0.19163;0.73557;1.34066;;
1.178;-0.19178;0.73544;1.34065;;
1.179;-0.19194;0.73531;1.34064;;
1.18;-0.19209;0.73518;1.34064;;
1.181;-0.19224;0.73505;1.34063;;
1.182;-0.19240;0.73492;1.34062;;
1.183;-0.19255;0.73479;1.34061;;
1.184;-0.19271;0.73466;1.34060;;
1.185;-0.19286;0.73453;1.34060;;
1.186;-0.19301;0.73440;1.34059;;
1.187;-0.19317;0.73427;1.34058;;
1.188;-0.19332;0.73414;1.34057;;
1.189;-0.19348;0.73401;1.34056;;
1.19;-0.19363;0.73388;1.34056;;
1.191;-0.19378;0.73375;1.34055;;
1.192;-0.19394;0.73362;1.34054;;
1.193;-0.19409;0.73349;1.34053;;
1.194;-0.19425;0.73336;1.34052;;
1.195;-0.19440;0.73323;1.34051;;
1.196;-0.19455;0.73310;1.34050;;
1.197;-0.19471;0.73297;1.34050;;
1.198;-0.19486;0.73284;1.34049;;
1.199;-0.19501;0.73270;1.34048;;
1.2;-0.19517;0.73257;1.34047;;
1.201;-0.19532;0.73244;1.34046;;
1.202;-0.19547;0.73231;1.34045;;
1.203;-0.19563;0.73218;1.34044;;
1.204;-0.19578;0.73205;1.34043;;
1.205;-0.19594;0.73192;1.34042;;
1.206;-0.19609;0.73179;1.34041;;
1.207;-0.19624;0.73165;1.34040;;
1.208;-0.19640;0.73152;1.34039;;
1.209;-0.19655;0.73139;1.34038;;
1.21;-0.19670;0.73126;1.34037;;
1.211;-0.19686;0.73113;1.34036;;
1.212;-0.19701;0.73100;1.34035;;
1.213;-0.19716;0.73086;1.34034;;
1.214;-0.19732;0.73073;1.34033;;
1.215;-0.19747;0.73060;1.34032;;
1.216;-0.19762;0.73047;1.34030;;
1.217;-0.19778;0.73034;1.34029;;
1.218;-0.19793;0.73020;1.34028;;
1.219;-0.19808;0.73007;1.34027;;
1.22;-0.19824;0.72994;1.34026;;
1.221;-0.19839;0.72981;1.34025;;
1.222;-0.19854;0.72967;1.34024;;
1.223;-0.19869;0.72954;1.34023;;
1.224;-0.19885;0.72941;1.34021;;
1.225;-0.19900;0.72928;1.34020;;
1.226;-0.19915;0.72914;1.34019;;
1.227;-0.19931;0.72901;1.34018;;
1.228;-0.19946;0.72888;1.34017;;
1.229;-0.19961;0.72875;1.34015;;
1.23;-0.19977;0.72861;1.34014;;
1.231;-0.19992;0.72848;1.34013;;
1.232;-0.20007;0.72835;1.34012;;
1.233;-0.20022;0.72821;1.34010;;
1.234;-0.20038;0.72808;1.34009;;
1.235;-0.20053;0.72795;1.34008;;
1.236;-0.20068;0.72781;1.34007;;
1.237;-0.20084;0.72768;1.34005;;
1.238;-0.20099;0.72755;1.34004;;
1.239;-0.20114;0.72741;1.34003;;
1.24;-0.20129;0.72728;1.34001;;
1.241;-0.20145;0.72715;1.34000;;
1.242;-0.20160;0.72701;1.33999;;
1.243;-0.20175;0.72688;1.33997;;
1.244;-0.20190;0.72674;1.33996;;
1.245;-0.20206;0.72661;1.33995;;
1.246;-0.20221;0.72648;1.33993;;
1.247;-0.20236;0.72634;1.33992;;
1.248;-0.20251;0.72621;1.33991;;
1.249;-0.20267;0.72607;1.33989;;
1.25;-0.20282;0.72594;1.33988;;
1.251;-0.20297;0.72581;1.33986;;
1.252;-0.20312;0.72567;1.33985;;
1.253;-0.20327;0.72554;1.33983;;
1.254;-0.20343;0.72540;1.33982;;
1.255;-0.20358;0.72527;1.33980;;
1.256;-0.20373;0.72513;1.33979;;
1.257;-0.20388;0.72500;1.33977;;
1.258;-0.20404;0.72487;1.33976;;
1.259;-0.20419;0.72473;1.33974;;
1.26;-0.20434;0.72460;1.33973;;
1.261;-0.20449;0.72446;1.33971;;
1.262;-0.20464;0.72433;1.33970;;
1.263;-0.20480;0.72419;1.33968;;
1.264;-0.20495;0.72406;1.33967;;
1.265;-0.20510;0.72392;1.33965;;
1.266;-0.20525;0.72379;1.33964;;
1.267;-0.20540;0.72365;1.33962;;
1.268;-0.20556;0.72351;1.33960;;
1.269;-0.20571;0.72338;1.33959;;
1.27;-0.20586;0.72324;1.33957;;
1.271;-0.20601;0.72311;1.33956;;
1.272;-0.20616;0.72297;1.33954;;
1.273;-0.20631;0.72284;1.33952;;
1.274;-0.20647;0.72270;1.33951;;
1.275;-0.20662;0.72257;1.33949;;
1.276;-0.20677;0.72243;1.33947;;
1.277;-0.20692;0.72229;1.33946;;
1.278;-0.20707;0.72216;1.33944;;
1.279;-0.20722;0.72202;1.33942;;
1.28;-0.20738;0.72189;1.33941;;
1.281;-0.20753;0.72175;1.33939;;
1.282;-0.20768;0.72161;1.33937;;
1.283;-0.20783;0.72148;1.33935;;
1.284;-0.20798;0.72134;1.33934;;
1.285;-0.20813;0.72121;1.33932;;
1.286;-0.20828;0.72107;1.33930;;
1.287;-0.20844;0.72093;1.33928;;
1.288;-0.20859;0.72080;1.33927;;
1.289;-0.20874;0.72066;1.33925;;
1.29;-0.20889;0.72052;1.33923;;
1.291;-0.20904;0.72039;1.33921;;
1.292;-0.20919;0.72025;1.33919;;
1.293;-0.20934;0.72011;1.33917;;
1.294;-0.20949;0.71998;1.33916;;
1.295;-0.20965;0.71984;1.33914;;
1.296;-0.20980;0.71970;1.33912;;
1.297;-0.20995;0.71956;1.33910;;
1.298;-0.21010;0.71943;1.33908;;
1.299;-0.21025;0.71929;1.33906;;
1.3;-0.21040;0.71915;1.33904;;
1.301;-0.21055;0.71902;1.33902;;
1.302;-0.21070;0.71888;1.33901;;
1.303;-0.21085;0.71874;1.33899;;
1.304;-0.21100;0.71860;1.33897;;
1.305;-0.21115;0.71847;1.33895;;
1.306;-0.21131;0.71833;1.33893;;
1.307;-0.21146;0.71819;1.33891;;
1.308;-0.21161;0.71805;1.33889;;
1.309;-0.21176;0.71792;1.33887;;
1.31;-0.21191;0.71778;1.33885;;
1.311;-0.21206;0.71764;1.33883;;
1.312;-0.21221;0.71750;1.33881;;
1.313;-0.21236;0.71736;1.33879;;
1.314;-0.21251;0.71723;1.33877;;
1.315;-0.21266;0.71709;1.33875;;
1.316;-0.21281;0.71695;1.33873;;
1.317;-0.21296;0.71681;1.33871;;
1.318;-0.21311;0.71667;1.33868;;
1.319;-0.21326;0.71653;1.33866;;
1.32;-0.21341;0.71640;1.33864;;
1.321;-0.21356;0.71626;1.33862;;
1.322;-0.21371;0.71612;1.33860;;
1.323;-0.21386;0.71598;1.33858;;
1.324;-0.21401;0.71584;1.33856;;
1.325;-0.21416;0.71570;1.33854;;
1.326;-0.21431;0.71556;1.33851;;
1.327;-0.21447;0.71542;1.33849;;
1.328;-0.21462;0.71529;1.33847;;
1.329;-0.21477;0.71515;1.33845;;
1.33;-0.21492;0.71501;1.33843;;
1.331;-0.21507;0.71487;1.33841;;
1.332;-0.21522;0.71473;1.33838;;
1.333;-0.21537;0.71459;1.33836;;
1.334;-0.21552;0.71445;1.33834;;
1.335;-0.21567;0.71431;1.33832;;
1.336;-0.21582;0.71417;1.33829;;
1.337;-0.21597;0.71403;1.33827;;
1.338;-0.21611;0.71389;1.33825;;
1.339;-0.21626;0.71375;1.33823;;
1.34;-0.21641;0.71361;1.33820;;
1.341;-0.21656;0.71347;1.33818;;
1.342;-0.21671;0.71333;1.33816;;
1.343;-0.21686;0.71319;1.33813;;
1.344;-0.21701;0.71305;1.33811;;
1.345;-0.21716;0.71291;1.33809;;
1.346;-0.21731;0.71277;1.33806;;
1.347;-0.21746;0.71263;1.33804;;
1.348;-0.21761;0.71249;1.33802;;
1.349;-0.21776;0.71235;1.33799;;
1.35;-0.21791;0.71221;1.33797;;
1.351;-0.21806;0.71207;1.33794;;
1.352;-0.21821;0.71193;1.33792;;
1.353;-0.21836;0.71179;1.33790;;
1.354;-0.21851;0.71165;1.33787;;
1.355;-0.21866;0.71151;1.33785;;
1.356;-0.21881;0.71137;1.33782;;
1.357;-0.21896;0.71123;1.33780;;
1.358;-0.21911;0.71109;1.33777;;
1.359;-0.21925;0.71095;1.33775;;
1.36;-0.21940;0.71081;1.33772;;
1.361;-0.21955;0.71067;1.33770;;
1.362;-0.21970;0.71053;1.33767;;
1.363;-0.21985;0.71038;1.33765;;
1.364;-0.22000;0.71024;1.33762;;
1.365;-0.22015;0.71010;1.33760;;
1.366;-0.22030;0.70996;1.33757;;
1.367;-0.22045;0.70982;1.33755;;
1.368;-0.22060;0.70968;1.33752;;
1.369;-0.22074;0.70954;1.33750;;
1.37;-0.22089;0.70940;1.33747;;
1.371;-0.22104;0.70925;1.33744;;
1.372;-0.22119;0.70911;1.33742;;
1.373;-0.22134;0.70897;1.33739;;
1.374;-0.22149;0.70883;1.33737;;
1.375;-0.22164;0.70869;1.33734;;
1.376;-0.22179;0.70855;1.33731;;
1.377;-0.22193;0.70840;1.33729;;
1.378;-0.22208;0.70826;1.33726;;
1.379;-0.22223;0.70812;1.33723;;
1.38;-0.22238;0.70798;1.33721;;
1.381;-0.22253;0.70784;1.33718;;
1.382;-0.22268;0.70769;1.33715;;
1.383;-0.22283;0.70755;1.33713;;
1.384;-0.22297;0.70741;1.33710;;
1.385;-0.22312;0.70727;1.33707;;
1.386;-0.22327;0.70712;1.33704;;
1.387;-0.22342;0.70698;1.33702;;
1.388;-0.22357;0.70684;1.33699;;
1.389;-0.22372;0.70670;1.33696;;
1.39;-0.22386;0.70655;1.33693;;
1.391;-0.22401;0.70641;1.33691;;
1.392;-0.22416;0.70627;1.33688;;
1.393;-0.22431;0.70613;1.33685;;
1.394;-0.22446;0.70598;1.33682;;
1.395;-0.22460;0.70584;1.33679;;
1.396;-0.22475;0.70570;1.33677;;
1.397;-0.22490;0.70555;1.33674;;
1.398;-0.22505;0.70541;1.33671;;
1.399;-0.22520;0.70527;1.33668;;
1.4;-0.22534;0.70512;1.33665;;
1.401;-0.22549;0.70498;1.33662;;
1.402;-0.22564;0.70484;1.33659;;
1.403;-0.22579;0.70469;1.33657;;
1.404;-0.22594;0.70455;1.33654;;
1.405;-0.22608;0.70441;1.33651;;
1.406;-0.22623;0.70426;1.33648;;
1.407;-0.22638;0.70412;1.33645;;
1.408;-0.22653;0.70398;1.33642;;
1.409;-0.22667;0.70383;1.33639;;
1.41;-0.22682;0.70369;1.33636;;
1.411;-0.22697;0.70354;1.33633;;
1.412;-0.22712;0.70340;1.33630;;
1.413;-0.22726;0.70326;1.33627;;
1.414;-0.22741;0.70311;1.33624;;
1.415;-0.22756;0.70297;1.33621;;
1.416;-0.22771;0.70282;1.33618;;
1.417;-0.22785;0.70268;1.33615;;
1.418;-0.22800;0.70254;1.33612;;
1.419;-0.22815;0.70239;1.33609;;
1.42;-0.22830;0.70225;1.33606;;
1.421;-0.22844;0.70210;1.33603;;
1.422;-0.22859;0.70196;1.33600;;
1.423;-0.22874;0.70181;1.33597;;
1.424;-0.22888;0.70167;1.33593;;
1.425;-0.22903;0.70152;1.33590;;
1.426;-0.22918;0.70138;1.33587;;
1.427;-0.22933;0.70123;1.33584;;
1.428;-0.22947;0.70109;1.33581;;
1.429;-0.22962;0.70095;1.33578;;
1.43;-0.22977;0.70080;1.33575;;
1.431;-0.22991;0.70065;1.33572;;
1.432;-0.23006;0.70051;1.33568;;
1.433;-0.23021;0.70036;1.33565;;
1.434;-0.23035;0.70022;1.33562;;
1.435;-0.23050;0.70007;1.33559;;
1.436;-0.23065;0.69993;1.33556;;
1.437;-0.23079;0.69978;1.33552;;
1.438;-0.23094;0.69964;1.33549;;
1.439;-0.23109;0.69949;1.33546;;
1.44;-0.23123;0.69935;1.33543;;
1.441;-0.23138;0.69920;1.33539;;
1.442;-0.23153;0.69906;1.33536;;
1.443;-0.23167;0.69891;1.33533;;
1.444;-0.23182;0.69876;1.33530;;
1.445;-0.23197;0.69862;1.33526;;
1.446;-0.23211;0.69847;1.33523;;
1.447;-0.23226;0.69833;1.33520;;
1.448;-0.23240;0.69818;1.33516;;
1.449;-0.23255;0.69803;1.33513;;
1.45;-0.23270;0.69789;1.33510;;
1.451;-0.23284;0.69774;1.33506;;
1.452;-0.23299;0.69760;1.33503;;
1.453;-0.23314;0.69745;1.33499;;
1.454;-0.23328;0.69730;1.33496;;
1.455;-0.23343;0.69716;1.33493;;
1.456;-0.23357;0.69701;1.33489;;
1.457;-0.23372;0.69686;1.33486;;
1.458;-0.23387;0.69672;1.33482;;
1.459;-0.23401;0.69657;1.33479;;
1.46;-0.23416;0.69642;1.33476;;
1.461;-0.23430;0.69628;1.33472;;
1.462;-0.23445;0.69613;1.33469;;
1.463;-0.23460;0.69598;1.33465;;
1.464;-0.23474;0.69584;1.33462;;
1.465;-0.23489;0.69569;1.33458;;
1.466;-0.23503;0.69554;1.33455;;
1.467;-0.23518;0.69539;1.33451;;
1.468;-0.23532;0.69525;1.33448;;
1.469;-0.23547;0.69510;1.33444;;
1.47;-0.23561;0.69495;1.33441;;
1.471;-0.23576;0.69481;1.33437;;
1.472;-0.23591;0.69466;1.33434;;
1.473;-0.23605;0.69451;1.33430;;
1.474;-0.23620;0.69436;1.33426;;
1.475;-0.23634;0.69422;1.33423;;
1.476;-0.23649;0.69407;1.33419;;
1.477;-0.23663;0.69392;1.33416;;
1.478;-0.23678;0.69377;1.33412;;
1.479;-0.23692;0.69362;1.33408;;
1.48;-0.23707;0.69348;1.33405;;
1.481;-0.23721;0.69333;1.33401;;
1.482;-0.23736;0.69318;1.33397;;
1.483;-0.23750;0.69303;1.33394;;
1.484;-0.23765;0.69288;1.33390;;
1.485;-0.23779;0.69274;1.33386;;
1.486;-0.23794;0.69259;1.33383;;
1.487;-0.23808;0.69244;1.33379;;
1.488;-0.23823;0.69229;1.33375;;
1.489;-0.23837;0.69214;1.33372;;
1.49;-0.23852;0.69199;1.33368;;
1.491;-0.23866;0.69185;1.33364;;
1.492;-0.23881;0.69170;1.33360;;
1.493;-0.23895;0.69155;1.33357;;
1.494;-0.23910;0.69140;1.33353;;
1.495;-0.23924;0.69125;1.33349;;
1.496;-0.23939;0.69110;1.33345;;
1.497;-0.23953;0.69095;1.33341;;
1.498;-0.23968;0.69080;1.33338;;
1.499;-0.23982;0.69066;1.33334;;
1.5;-0.23996;0.69051;1.33330;;
1.501;-0.24011;0.69036;1.33326;;
1.502;-0.24025;0.69021;1.33322;;
1.503;-0.24040;0.69006;1.33319;;
1.504;-0.24054;0.68991;1.33315;;
1.505;-0.24069;0.68976;1.33311;;
1.506;-0.24083;0.68961;1.33307;;
1.507;-0.24097;0.68946;1.33303;;
1.508;-0.24112;0.68931;1.33299;;
1.509;-0.24126;0.68916;1.33295;;
1.51;-0.24141;0.68901;1.33291;;
1.511;-0.24155;0.68886;1.33287;;
1.512;-0.24169;0.68871;1.33283;;
1.513;-0.24184;0.68856;1.33279;;
1.514;-0.24198;0.68841;1.33276;;
1.515;-0.24213;0.68826;1.33272;;
1.516;-0.24227;0.68811;1.33268;;
1.517;-0.24241;0.68796;1.33264;;
1.518;-0.24256;0.68781;1.33260;;
1.519;-0.24270;0.68766;1.33256;;
1.52;-0.24285;0.68751;1.33252;;
1.521;-0.24299;0.68736;1.33248;;
1.522;-0.24313;0.68721;1.33244;;
1.523;-0.24328;0.68706;1.33239;;
1.524;-0.24342;0.68691;1.33235;;
1.525;-0.24356;0.68676;1.33231;;
1.526;-0.24371;0.68661;1.33227;;
1.527;-0.24385;0.68646;1.33223;;
1.528;-0.24399;0.68631;1.33219;;
1.529;-0.24414;0.68616;1.33215;;
1.53;-0.24428;0.68601;1.33211;;
1.531;-0.24442;0.68586;1.33207;;
1.532;-0.24457;0.68571;1.33203;;
1.533;-0.24471;0.68556;1.33199;;
1.534;-0.24485;0.68541;1.33194;;
1.535;-0.24500;0.68526;1.33190;;
1.536;-0.24514;0.68510;1.33186;;
1.537;-0.24528;0.68495;1.33182;;
1.538;-0.24543;0.68480;1.33178;;
1.539;-0.24557;0.68465;1.33174;;
1.54;-0.24571;0.68450;1.33169;;
1.541;-0.24586;0.68435;1.33165;;
1.542;-0.24600;0.68420;1.33161;;
1.543;-0.24614;0.68405;1.33157;;
1.544;-0.24628;0.68389;1.33152;;
1.545;-0.24643;0.68374;1.33148;;
1.546;-0.24657;0.68359;1.33144;;
1.547;-0.24671;0.68344;1.33140;;
1.548;-0.24686;0.68329;1.33135;;
1.549;-0.24700;0.68314;1.33131;;
1.55;-0.24714;0.68298;1.33127;;
1.551;-0.24728;0.68283;1.33122;;
1.552;-0.24743;0.68268;1.33118;;
1.553;-0.24757;0.68253;1.33114;;
1.554;-0.24771;0.68238;1.33110;;
1.555;-0.24785;0.68222;1.33105;;
1.556;-0.24800;0.68207;1.33101;;
1.557;-0.24814;0.68192;1.33096;;
1.558;-0.24828;0.68177;1.33092;;
1.559;-0.24842;0.68161;1.33088;;
1.56;-0.24856;0.68146;1.33083;;
1.561;-0.24871;0.68131;1.33079;;
1.562;-0.24885;0.68116;1.33074;;
1.563;-0.24899;0.68100;1.33070;;
1.564;-0.24913;0.68085;1.33066;;
1.565;-0.24928;0.68070;1.33061;;
1.566;-0.24942;0.68055;1.33057;;
1.567;-0.24956;0.68039;1.33052;;
1.568;-0.24970;0.68024;1.33048;;
1.569;-0.24984;0.68009;1.33043;;
1.57;-0.24998;0.67994;1.33039;;
1.571;-0.25013;0.67978;1.33034;;
1.572;-0.25027;0.67963;1.33030;;
1.573;-0.25041;0.67948;1.33025;;
1.574;-0.25055;0.67932;1.33021;;
1.575;-0.25069;0.67917;1.33016;;
1.576;-0.25084;0.67902;1.33012;;
1.577;-0.25098;0.67886;1.33007;;
1.578;-0.25112;0.67871;1.33003;;
1.579;-0.25126;0.67856;1.32998;;
1.58;-0.25140;0.67840;1.32993;;
1.581;-0.25154;0.67825;1.32989;;
1.582;-0.25168;0.67810;1.32984;;
1.583;-0.25183;0.67794;1.32980;;
1.584;-0.25197;0.67779;1.32975;;
1.585;-0.25211;0.67763;1.32970;;
1.586;-0.25225;0.67748;1.32966;;
1.587;-0.25239;0.67733;1.32961;;
1.588;-0.25253;0.67717;1.32957;;
1.589;-0.25267;0.67702;1.32952;;
1.59;-0.25281;0.67687;1.32947;;
1.591;-0.25295;0.67671;1.32942;;
1.592;-0.25310;0.67656;1.32938;;
1.593;-0.25324;0.67640;1.32933;;
1.594;-0.25338;0.67625;1.32928;;
1.595;-0.25352;0.67609;1.32924;;
1.596;-0.25366;0.67594;1.32919;;
1.597;-0.25380;0.67579;1.32914;;
1.598;-0.25394;0.67563;1.32909;;
1.599;-0.25408;0.67548;1.32905;;
1.6;-0.25422;0.67532;1.32900;;
1.601;-0.25436;0.67517;1.32895;;
1.602;-0.25450;0.67501;1.32890;;
1.603;-0.25464;0.67486;1.32886;;
1.604;-0.25478;0.67470;1.32881;;
1.605;-0.25492;0.67455;1.32876;;
1.606;-0.25507;0.67439;1.32871;;
1.607;-0.25521;0.67424;1.32866;;
1.608;-0.25535;0.67408;1.32861;;
1.609;-0.25549;0.67393;1.32857;;
1.61;-0.25563;0.67377;1.32852;;
1.611;-0.25577;0.67362;1.32847;;
1.612;-0.25591;0.67346;1.32842;;
1.613;-0.25605;0.67331;1.32837;;
1.614;-0.25619;0.67315;1.32832;;
1.615;-0.25633;0.67300;1.32827;;
1.616;-0.25647;0.67284;1.32822;;
1.617;-0.25661;0.67269;1.32817;;
1.618;-0.25675;0.67253;1.32813;;
1.619;-0.25689;0.67237;1.32808;;
1.62;-0.25703;0.67222;1.32803;;
1.621;-0.25717;0.67206;1.32798;;
1.622;-0.25731;0.67191;1.32793;;
1.623;-0.25745;0.67175;1.32788;;
1.624;-0.25759;0.67160;1.32783;;
1.625;-0.25773;0.67144;1.32778;;
1.626;-0.25786;0.67128;1.32773;;
1.627;-0.25800;0.67113;1.32768;;
1.628;-0.25814;0.67097;1.32763;;
1.629;-0.25828;0.67082;1.32758;;
1.63;-0.25842;0.67066;1.32753;;
1.631;-0.25856;0.67050;1.32747;;
1.632;-0.25870;0.67035;1.32742;;
1.633;-0.25884;0.67019;1.32737;;
1.634;-0.25898;0.67003;1.32732;;
1.635;-0.25912;0.66988;1.32727;;
1.636;-0.25926;0.66972;1.32722;;
1.637;-0.25940;0.66956;1.32717;;
1.638;-0.25954;0.66941;1.32712;;
1.639;-0.25968;0.66925;1.32707;;
1.64;-0.25982;0.66909;1.32702;;
1.641;-0.25995;0.66894;1.32696;;
1.642;-0.26009;0.66878;1.32691;;
1.643;-0.26023;0.66862;1.32686;;
1.644;-0.26037;0.66847;1.32681;;
1.645;-0.26051;0.66831;1.32676;;
1.646;-0.26065;0.66815;1.32671;;
1.647;-0.26079;0.66800;1.32665;;
1.648;-0.26093;0.66784;1.32660;;
1.649;-0.26106;0.66768;1.32655;;
1.65;-0.26120;0.66752;1.32650;;
1.651;-0.26134;0.66737;1.32644;;
1.652;-0.26148;0.66721;1.32639;;
1.653;-0.26162;0.66705;1.32634;;
1.654;-0.26176;0.66689;1.32629;;
1.655;-0.26190;0.66674;1.32623;;
1.656;-0.26203;0.66658;1.32618;;
1.657;-0.26217;0.66642;1.32613;;
1.658;-0.26231;0.66626;1.32607;;
1.659;-0.26245;0.66611;1.32602;;
1.66;-0.26259;0.66595;1.32597;;
1.661;-0.26272;0.66579;1.32591;;
1.662;-0.26286;0.66563;1.32586;;
1.663;-0.26300;0.66548;1.32581;;
1.664;-0.26314;0.66532;1.32575;;
1.665;-0.26328;0.66516;1.32570;;
1.666;-0.26342;0.66500;1.32565;;
1.667;-0.26355;0.66484;1.32559;;
1.668;-0.26369;0.66468;1.32554;;
1.669;-0.26383;0.66453;1.32548;;
1.67;-0.26397;0.66437;1.32543;;
1.671;-0.26410;0.66421;1.32538;;
1.672;-0.26424;0.66405;1.32532;;
1.673;-0.26438;0.66389;1.32527;;
1.674;-0.26452;0.66373;1.32521;;
1.675;-0.26465;0.66358;1.32516;;
1.676;-0.26479;0.66342;1.32510;;
1.677;-0.26493;0.66326;1.32505;;
1.678;-0.26507;0.66310;1.32499;;
1.679;-0.26520;0.66294;1.32494;;
1.68;-0.26534;0.66278;1.32488;;
1.681;-0.26548;0.66262;1.32483;;
1.682;-0.26562;0.66246;1.32477;;
1.683;-0.26575;0.66231;1.32472;;
1.684;-0.26589;0.66215;1.32466;;
1.685;-0.26603;0.66199;1.32461;;
1.686;-0.26616;0.66183;1.32455;;
1.687;-0.26630;0.66167;1.32449;;
1.688;-0.26644;0.66151;1.32444;;
1.689;-0.26658;0.66135;1.32438;;
1.69;-0.26671;0.66119;1.32433;;
1.691;-0.26685;0.66103;1.32427;;
1.692;-0.26699;0.66087;1.32421;;
1.693;-0.26712;0.66071;1.32416;;
1.694;-0.26726;0.66055;1.32410;;
1.695;-0.26740;0.66039;1.32404;;
1.696;-0.26753;0.66023;1.32399;;
1.697;-0.26767;0.66007;1.32393;;
1.698;-0.26781;0.65991;1.32387;;
1.699;-0.26794;0.65975;1.32382;;
1.7;-0.26808;0.65959;1.32376;;
1.701;-0.26822;0.65943;1.32370;;
1.702;-0.26835;0.65927;1.32365;;
1.703;-0.26849;0.65911;1.32359;;
1.704;-0.26862;0.65895;1.32353;;
1.705;-0.26876;0.65879;1.32347;;
1.706;-0.26890;0.65863;1.32342;;
1.707;-0.26903;0.65847;1.32336;;
1.708;-0.26917;0.65831;1.32330;;
1.709;-0.26931;0.65815;1.32324;;
1.71;-0.26944;0.65799;1.32319;;
1.711;-0.26958;0.65783;1.32313;;
1.712;-0.26971;0.65767;1.32307;;
1.713;-0.26985;0.65751;1.32301;;
1.714;-0.26998;0.65735;1.32295;;
1.715;-0.27012;0.65719;1.32290;;
1.716;-0.27026;0.65703;1.32284;;
1.717;-0.27039;0.65687;1.32278;;
1.718;-0.27053;0.65671;1.32272;;
1.719;-0.27066;0.65655;1.32266;;
1.72;-0.27080;0.65639;1.32260;;
1.721;-0.27093;0.65623;1.32254;;
1.722;-0.27107;0.65606;1.32248;;
1.723;-0.27121;0.65590;1.32242;;
1.724;-0.27134;0.65574;1.32237;;
1.725;-0.27148;0.65558;1.32231;;
1.726;-0.27161;0.65542;1.32225;;
1.727;-0.27175;0.65526;1.32219;;
1.728;-0.27188;0.65510;1.32213;;
1.729;-0.27202;0.65494;1.32207;;
1.73;-0.27215;0.65477;1.32201;;
1.731;-0.27229;0.65461;1.32195;;
1.732;-0.27242;0.65445;1.32189;;
1.733;-0.27256;0.65429;1.32183;;
1.734;-0.27269;0.65413;1.32177;;
1.735;-0.27283;0.65397;1.32171;;
1.736;-0.27296;0.65381;1.32165;;
1.737;-0.27310;0.65364;1.32159;;
1.738;-0.27323;0.65348;1.32153;;
1.739;-0.27337;0.65332;1.32147;;
1.74;-0.27350;0.65316;1.32141;;
1.741;-0.27364;0.65300;1.32135;;
1.742;-0.27377;0.65283;1.32128;;
1.743;-0.27390;0.65267;1.32122;;
1.744;-0.27404;0.65251;1.32116;;
1.745;-0.27417;0.65235;1.32110;;
1.746;-0.27431;0.65219;1.32104;;
1.747;-0.27444;0.65202;1.32098;;
1.748;-0.27458;0.65186;1.32092;;
1.749;-0.27471;0.65170;1.32086;;
1.75;-0.27485;0.65154;1.32079;;
1.751;-0.27498;0.65137;1.32073;;
1.752;-0.27511;0.65121;1.32067;;
1.753;-0.27525;0.65105;1.32061;;
1.754;-0.27538;0.65089;1.32055;;
1.755;-0.27552;0.65072;1.32049;;
1.756;-0.27565;0.65056;1.32042;;
1.757;-0.27578;0.65040;1.32036;;
1.758;-0.27592;0.65023;1.32030;;
1.759;-0.27605;0.65007;1.32024;;
1.76;-0.27618;0.64991;1.32017;;
1.761;-0.27632;0.64975;1.32011;;
1.762;-0.27645;0.64958;1.32005;;
1.763;-0.27659;0.64942;1.31999;;
1.764;-0.27672;0.64926;1.31992;;
1.765;-0.27685;0.64909;1.31986;;
1.766;-0.27699;0.64893;1.31980;;
1.767;-0.27712;0.64877;1.31973;;
1.768;-0.27725;0.64860;1.31967;;
1.769;-0.27739;0.64844;1.31961;;
1.77;-0.27752;0.64828;1.31954;;
1.771;-0.27765;0.64811;1.31948;;
1.772;-0.27779;0.64795;1.31942;;
1.773;-0.27792;0.64779;1.31935;;
1.774;-0.27805;0.64762;1.31929;;
1.775;-0.27819;0.64746;1.31923;;
1.776;-0.27832;0.64730;1.31916;;
1.777;-0.27845;0.64713;1.31910;;
1.778;-0.27858;0.64697;1.31903;;
1.779;-0.27872;0.64680;1.31897;;
1.78;-0.27885;0.64664;1.31891;;
1.781;-0.27898;0.64648;1.31884;;
1.782;-0.27912;0.64631;1.31878;;
1.783;-0.27925;0.64615;1.31871;;
1.784;-0.27938;0.64598;1.31865;;
1.785;-0.27951;0.64582;1.31858;;
1.786;-0.27965;0.64566;1.31852;;
1.787;-0.27978;0.64549;1.31845;;
1.788;-0.27991;0.64533;1.31839;;
1.789;-0.28004;0.64516;1.31832;;
1.79;-0.28018;0.64500;1.31826;;
1.791;-0.28031;0.64483;1.31819;;
1.792;-0.28044;0.64467;1.31813;;
1.793;-0.28057;0.64451;1.31806;;
1.794;-0.28070;0.64434;1.31800;;
1.795;-0.28084;0.64418;1.31793;;
1.796;-0.28097;0.64401;1.31786;;
1.797;-0.28110;0.64385;1.31780;;
1.798;-0.28123;0.64368;1.31773;;
1.799;-0.28136;0.64352;1.31767;;
1.8;-0.28150;0.64335;1.31760;;
1.801;-0.28163;0.64319;1.31753;;
1.802;-0.28176;0.64302;1.31747;;
1.803;-0.28189;0.64286;1.31740;;
1.804;-0.28202;0.64269;1.31733;;
1.805;-0.28215;0.64253;1.31727;;
1.806;-0.28229;0.64236;1.31720;;
1.807;-0.28242;0.64220;1.31713;;
1.808;-0.28255;0.64203;1.31707;;
1.809;-0.28268;0.64187;1.31700;;
1.81;-0.28281;0.64170;1.31693;;
1.811;-0.28294;0.64153;1.31687;;
1.812;-0.28307;0.64137;1.31680;;
1.813;-0.28321;0.64120;1.31673;;
1.814;-0.28334;0.64104;1.31667;;
1.815;-0.28347;0.64087;1.31660;;
1.816;-0.28360;0.64071;1.31653;;
1.817;-0.28373;0.64054;1.31646;;
1.818;-0.28386;0.64038;1.31639;;
1.819;-0.28399;0.64021;1.31633;;
1.82;-0.28412;0.64004;1.31626;;
1.821;-0.28425;0.63988;1.31619;;
1.822;-0.28438;0.63971;1.31612;;
1.823;-0.28452;0.63955;1.31605;;
1.824;-0.28465;0.63938;1.31599;;
1.825;-0.28478;0.63921;1.31592;;
1.826;-0.28491;0.63905;1.31585;;
1.827;-0.28504;0.63888;1.31578;;
1.828;-0.28517;0.63872;1.31571;;
1.829;-0.28530;0.63855;1.31564;;
1.83;-0.28543;0.63838;1.31557;;
1.831;-0.28556;0.63822;1.31551;;
1.832;-0.28569;0.63805;1.31544;;
1.833;-0.28582;0.63788;1.31537;;
1.834;-0.28595;0.63772;1.31530;;
1.835;-0.28608;0.63755;1.31523;;
1.836;-0.28621;0.63738;1.31516;;
1.837;-0.28634;0.63722;1.31509;;
1.838;-0.28647;0.63705;1.31502;;
1.839;-0.28660;0.63688;1.31495;;
1.84;-0.28673;0.63672;1.31488;;
1.841;-0.28686;0.63655;1.31481;;
1.842;-0.28699;0.63638;1.31474;;
1.843;-0.28712;0.63622;1.31467;;
1.844;-0.28725;0.63605;1.31460;;
1.845;-0.28738;0.63588;1.31453;;
1.846;-0.28751;0.63571;1.31446;;
1.847;-0.28764;0.63555;1.31439;;
1.848;-0.28777;0.63538;1.31432;;
1.849;-0.28790;0.63521;1.31425;;
1.85;-0.28803;0.63505;1.31418;;
1.851;-0.28816;0.63488;1.31411;;
1.852;-0.28829;0.63471;1.31404;;
1.853;-0.28842;0.63454;1.31397;;
1.854;-0.28854;0.63438;1.31390;;
1.855;-0.28867;0.63421;1.31383;;
1.856;-0.28880;0.63404;1.31375;;
1.857;-0.28893;0.63387;1.31368;;
1.858;-0.28906;0.63371;1.31361;;
1.859;-0.28919;0.63354;1.31354;;
1.86;-0.28932;0.63337;1.31347;;
1.861;-0.28945;0.63320;1.31340;;
1.862;-0.28958;0.63304;1.31333;;
1.863;-0.28971;0.63287;1.31325;;
1.864;-0.28983;0.63270;1.31318;;
1.865;-0.28996;0.63253;1.31311;;
1.866;-0.29009;0.63236;1.31304;;
1.867;-0.29022;0.63220;1.31297;;
1.868;-0.29035;0.63203;1.31289;;
1.869;-0.29048;0.63186;1.31282;;
1.87;-0.29061;0.63169;1.31275;;
1.871;-0.29073;0.63152;1.31268;;
1.872;-0.29086;0.63135;1.31260;;
1.873;-0.29099;0.63119;1.31253;;
1.874;-0.29112;0.63102;1.31246;;
1.875;-0.29125;0.63085;1.31239;;
1.876;-0.29137;0.63068;1.31231;;
1.877;-0.29150;0.63051;1.31224;;
1.878;-0.29163;0.63034;1.31217;;
1.879;-0.29176;0.63017;1.31209;;
1.88;-0.29189;0.63001;1.31202;;
1.881;-0.29201;0.62984;1.31195;;
1.882;-0.29214;0.62967;1.31187;;
1.883;-0.29227;0.62950;1.31180;;
1.884;-0.29240;0.62933;1.31173;;
1.885;-0.29253;0.62916;1.31165;;
1.886;-0.29265;0.62899;1.31158;;
1.887;-0.29278;0.62882;1.31150;;
1.888;-0.29291;0.62865;1.31143;;
1.889;-0.29304;0.62849;1.31136;;
1.89;-0.29316;0.62832;1.31128;;
1.891;-0.29329;0.62815;1.31121;;
1.892;-0.29342;0.62798;1.31113;;
1.893;-0.29354;0.62781;1.31106;;
1.894;-0.29367;0.62764;1.31098;;
1.895;-0.29380;0.62747;1.31091;;
1.896;-0.29393;0.62730;1.31083;;
1.897;-0.29405;0.62713;1.31076;;
1.898;-0.29418;0.62696;1.31069;;
1.899;-0.29431;0.62679;1.31061;;
1.9;-0.29443;0.62662;1.31054;;
1.901;-0.29456;0.62645;1.31046;;
1.902;-0.29469;0.62628;1.31038;;
1.903;-0.29481;0.62611;1.31031;;
1.904;-0.29494;0.62594;1.31023;;
1.905;-0.29507;0.62577;1.31016;;
1.906;-0.29519;0.62560;1.31008;;
1.907;-0.29532;0.62543;1.31001;;
1.908;-0.29545;0.62526;1.30993;;
1.909;-0.29557;0.62509;1.30986;;
1.91;-0.29570;0.62492;1.30978;;
1.911;-0.29583;0.62475;1.30970;;
1.912;-0.29595;0.62458;1.30963;;
1.913;-0.29608;0.62441;1.30955;;
1.914;-0.29620;0.62424;1.30947;;
1.915;-0.29633;0.62407;1.30940;;
1.916;-0.29646;0.62390;1.30932;;
1.917;-0.29658;0.62373;1.30925;;
1.918;-0.29671;0.62356;1.30917;;
1.919;-0.29683;0.62339;1.30909;;
1.92;-0.29696;0.62322;1.30902;;
1.921;-0.29709;0.62305;1.30894;;
1.922;-0.29721;0.62288;1.30886;;
1.923;-0.29734;0.62271;1.30878;;
1.924;-0.29746;0.62254;1.30871;;
1.925;-0.29759;0.62237;1.30863;;
1.926;-0.29771;0.62220;1.30855;;
1.927;-0.29784;0.62203;1.30847;;
1.928;-0.29796;0.62186;1.30840;;
1.929;-0.29809;0.62168;1.30832;;
1.93;-0.29822;0.62151;1.30824;;
1.931;-0.29834;0.62134;1.30816;;
1.932;-0.29847;0.62117;1.30809;;
1.933;-0.29859;0.62100;1.30801;;
1.934;-0.29872;0.62083;1.30793;;
1.935;-0.29884;0.62066;1.30785;;
1.936;-0.29897;0.62049;1.30777;;
1.937;-0.29909;0.62032;1.30770;;
1.938;-0.29922;0.62014;1.30762;;
1.939;-0.29934;0.61997;1.30754;;
1.94;-0.29947;0.61980;1.30746;;
1.941;-0.29959;0.61963;1.30738;;
1.942;-0.29972;0.61946;1.30730;;
1.943;-0.29984;0.61929;1.30722;;
1.944;-0.29996;0.61912;1.30714;;
1.945;-0.30009;0.61894;1.30707;;
1.946;-0.30021;0.61877;1.30699;;
1.947;-0.30034;0.61860;1.30691;;
1.948;-0.30046;0.61843;1.30683;;
1.949;-0.30059;0.61826;1.30675;;
1.95;-0.30071;0.61809;1.30667;;
1.951;-0.30083;0.61791;1.30659;;
1.952;-0.30096;0.61774;1.30651;;
1.953;-0.30108;0.61757;1.30643;;
1.954;-0.30121;0.61740;1.30635;;
1.955;-0.30133;0.61723;1.30627;;
1.956;-0.30145;0.61705;1.30619;;
1.957;-0.30158;0.61688;1.30611;;
1.958;-0.30170;0.61671;1.30603;;
1.959;-0.30183;0.61654;1.30595;;
1.96;-0.30195;0.61636;1.30587;;
1.961;-0.30207;0.61619;1.30579;;
1.962;-0.30220;0.61602;1.30571;;
1.963;-0.30232;0.61585;1.30563;;
1.964;-0.30244;0.61567;1.30555;;
1.965;-0.30257;0.61550;1.30547;;
1.966;-0.30269;0.61533;1.30539;;
1.967;-0.30281;0.61516;1.30531;;
1.968;-0.30294;0.61498;1.30522;;
1.969;-0.30306;0.61481;1.30514;;
1.97;-0.30318;0.61464;1.30506;;
1.971;-0.30331;0.61447;1.30498;;
1.972;-0.30343;0.61429;1.30490;;
1.973;-0.30355;0.61412;1.30482;;
1.974;-0.30368;0.61395;1.30474;;
1.975;-0.30380;0.61377;1.30465;;
1.976;-0.30392;0.61360;1.30457;;
1.977;-0.30404;0.61343;1.30449;;
1.978;-0.30417;0.61326;1.30441;;
1.979;-0.30429;0.61308;1.30433;;
1.98;-0.30441;0.61291;1.30424;;
1.981;-0.30453;0.61274;1.30416;;
1.982;-0.30466;0.61256;1.30408;;
1.983;-0.30478;0.61239;1.30400;;
1.984;-0.30490;0.61222;1.30392;;
1.985;-0.30502;0.61204;1.30383;;
1.986;-0.30515;0.61187;1.30375;;
1.987;-0.30527;0.61170;1.30367;;
1.988;-0.30539;0.61152;1.30359;;
1.989;-0.30551;0.61135;1.30350;;
1.99;-0.30564;0.61118;1.30342;;
1.991;-0.30576;0.61100;1.30334;;
1.992;-0.30588;0.61083;1.30325;;
1.993;-0.30600;0.61065;1.30317;;
1.994;-0.30612;0.61048;1.30309;;
1.995;-0.30624;0.61031;1.30300;;
1.996;-0.30637;0.61013;1.30292;;
1.997;-0.30649;0.60996;1.30284;;
1.998;-0.30661;0.60979;1.30275;;
1.999;-0.30673;0.60961;1.30267;;
2;-0.30685;0.60944;1.30259;;
2.001;-0.30697;0.60926;1.30250;;
2.002;-0.30710;0.60909;1.30242;;
2.003;-0.30722;0.60892;1.30233;;
2.004;-0.30734;0.60874;1.30225;;
2.005;-0.30746;0.60857;1.30216;;
2.006;-0.30758;0.60839;1.30208;;
2.007;-0.30770;0.60822;1.30200;;
2.008;-0.30782;0.60804;1.30191;;
2.009;-0.30794;0.60787;1.30183;;
2.01;-0.30806;0.60770;1.30174;;
2.011;-0.30819;0.60752;1.30166;;
2.012;-0.30831;0.60735;1.30157;;
2.013;-0.30843;0.60717;1.30149;;
2.014;-0.30855;0.60700;1.30140;;
2.015;-0.30867;0.60682;1.30132;;
2.016;-0.30879;0.60665;1.30123;;
2.017;-0.30891;0.60647;1.30115;;
2.018;-0.30903;0.60630;1.30106;;
2.019;-0.30915;0.60612;1.30098;;
2.02;-0.30927;0.60595;1.30089;;
2.021;-0.30939;0.60577;1.30081;;
2.022;-0.30951;0.60560;1.30072;;
2.023;-0.30963;0.60542;1.30063;;
2.024;-0.30975;0.60525;1.30055;;
2.025;-0.30987;0.60507;1.30046;;
2.026;-0.30999;0.60490;1.30038;;
2.027;-0.31011;0.60472;1.30029;;
2.028;-0.31023;0.60455;1.30020;;
2.029;-0.31035;0.60437;1.30012;;
2.03;-0.31047;0.60420;1.30003;;
2.031;-0.31059;0.60402;1.29994;;
2.032;-0.31071;0.60385;1.29986;;
2.033;-0.31083;0.60367;1.29977;;
2.034;-0.31095;0.60350;1.29968;;
2.035;-0.31107;0.60332;1.29960;;
2.036;-0.31119;0.60315;1.29951;;
2.037;-0.31131;0.60297;1.29942;;
2.038;-0.31143;0.60280;1.29934;;
2.039;-0.31155;0.60262;1.29925;;
2.04;-0.31167;0.60244;1.29916;;
2.041;-0.31179;0.60227;1.29907;;
2.042;-0.31191;0.60209;1.29899;;
2.043;-0.31202;0.60192;1.29890;;
2.044;-0.31214;0.60174;1.29881;;
2.045;-0.31226;0.60157;1.29872;;
2.046;-0.31238;0.60139;1.29864;;
2.047;-0.31250;0.60121;1.29855;;
2.048;-0.31262;0.60104;1.29846;;
2.049;-0.31274;0.60086;1.29837;;
2.05;-0.31286;0.60069;1.29829;;
2.051;-0.31297;0.60051;1.29820;;
2.052;-0.31309;0.60033;1.29811;;
2.053;-0.31321;0.60016;1.29802;;
2.054;-0.31333;0.59998;1.29793;;
2.055;-0.31345;0.59980;1.29784;;
2.056;-0.31357;0.59963;1.29775;;
2.057;-0.31369;0.59945;1.29767;;
2.058;-0.31380;0.59928;1.29758;;
2.059;-0.31392;0.59910;1.29749;;
2.06;-0.31404;0.59892;1.29740;;
2.061;-0.31416;0.59875;1.29731;;
2.062;-0.31428;0.59857;1.29722;;
2.063;-0.31439;0.59839;1.29713;;
2.064;-0.31451;0.59822;1.29704;;
2.065;-0.31463;0.59804;1.29695;;
2.066;-0.31475;0.59786;1.29686;;
2.067;-0.31486;0.59769;1.29677;;
2.068;-0.31498;0.59751;1.29668;;
2.069;-0.31510;0.59733;1.29660;;
2.07;-0.31522;0.59716;1.29651;;
2.071;-0.31533;0.59698;1.29642;;
2.072;-0.31545;0.59680;1.29633;;
2.073;-0.31557;0.59662;1.29624;;
2.074;-0.31569;0.59645;1.29615;;
2.075;-0.31580;0.59627;1.29605;;
2.076;-0.31592;0.59609;1.29596;;
2.077;-0.31604;0.59592;1.29587;;
2.078;-0.31616;0.59574;1.29578;;
2.079;-0.31627;0.59556;1.29569;;
2.08;-0.31639;0.59538;1.29560;;
2.081;-0.31651;0.59521;1.29551;;
2.082;-0.31662;0.59503;1.29542;;
2.083;-0.31674;0.59485;1.29533;;
2.084;-0.31686;0.59468;1.29524;;
2.085;-0.31697;0.59450;1.29515;;
2.086;-0.31709;0.59432;1.29506;;
2.087;-0.31721;0.59414;1.29497;;
2.088;-0.31732;0.59397;1.29487;;
2.089;-0.31744;0.59379;1.29478;;
2.09;-0.31756;0.59361;1.29469;;
2.091;-0.31767;0.59343;1.29460;;
2.092;-0.31779;0.59325;1.29451;;
2.093;-0.31790;0.59308;1.29442;;
2.094;-0.31802;0.59290;1.29432;;
2.095;-0.31814;0.59272;1.29423;;
2.096;-0.31825;0.59254;1.29414;;
2.097;-0.31837;0.59237;1.29405;;
2.098;-0.31848;0.59219;1.29396;;
2.099;-0.31860;0.59201;1.29386;;
2.1;-0.31872;0.59183;1.29377;;
2.101;-0.31883;0.59165;1.29368;;
2.102;-0.31895;0.59147;1.29359;;
2.103;-0.31906;0.59130;1.29349;;
2.104;-0.31918;0.59112;1.29340;;
2.105;-0.31929;0.59094;1.29331;;
2.106;-0.31941;0.59076;1.29322;;
2.107;-0.31952;0.59058;1.29312;;
2.108;-0.31964;0.59041;1.29303;;
2.109;-0.31975;0.59023;1.29294;;
2.11;-0.31987;0.59005;1.29284;;
2.111;-0.31999;0.58987;1.29275;;
2.112;-0.32010;0.58969;1.29266;;
2.113;-0.32022;0.58951;1.29256;;
2.114;-0.32033;0.58933;1.29247;;
2.115;-0.32044;0.58916;1.29238;;
2.116;-0.32056;0.58898;1.29228;;
2.117;-0.32067;0.58880;1.29219;;
2.118;-0.32079;0.58862;1.29210;;
2.119;-0.32090;0.58844;1.29200;;
2.12;-0.32102;0.58826;1.29191;;
2.121;-0.32113;0.58808;1.29181;;
2.122;-0.32125;0.58790;1.29172;;
2.123;-0.32136;0.58773;1.29163;;
2.124;-0.32148;0.58755;1.29153;;
2.125;-0.32159;0.58737;1.29144;;
2.126;-0.32170;0.58719;1.29134;;
2.127;-0.32182;0.58701;1.29125;;
2.128;-0.32193;0.58683;1.29115;;
2.129;-0.32205;0.58665;1.29106;;
2.13;-0.32216;0.58647;1.29096;;
2.131;-0.32227;0.58629;1.29087;;
2.132;-0.32239;0.58611;1.29077;;
2.133;-0.32250;0.58593;1.29068;;
2.134;-0.32262;0.58575;1.29058;;
2.135;-0.32273;0.58558;1.29049;;
2.136;-0.32284;0.58540;1.29039;;
2.137;-0.32296;0.58522;1.29030;;
2.138;-0.32307;0.58504;1.29020;;
2.139;-0.32318;0.58486;1.29011;;
2.14;-0.32330;0.58468;1.29001;;
2.141;-0.32341;0.58450;1.28991;;
2.142;-0.32352;0.58432;1.28982;;
2.143;-0.32364;0.58414;1.28972;;
2.144;-0.32375;0.58396;1.28963;;
2.145;-0.32386;0.58378;1.28953;;
2.146;-0.32398;0.58360;1.28943;;
2.147;-0.32409;0.58342;1.28934;;
2.148;-0.32420;0.58324;1.28924;;
2.149;-0.32431;0.58306;1.28915;;
2.15;-0.32443;0.58288;1.28905;;
2.151;-0.32454;0.58270;1.28895;;
2.152;-0.32465;0.58252;1.28886;;
2.153;-0.32477;0.58234;1.28876;;
2.154;-0.32488;0.58216;1.28866;;
2.155;-0.32499;0.58198;1.28857;;
2.156;-0.32510;0.58180;1.28847;;
2.157;-0.32521;0.58162;1.28837;;
2.158;-0.32533;0.58144;1.28827;;
2.159;-0.32544;0.58126;1.28818;;
2.16;-0.32555;0.58108;1.28808;;
2.161;-0.32566;0.58090;1.28798;;
2.162;-0.32578;0.58072;1.28789;;
2.163;-0.32589;0.58054;1.28779;;
2.164;-0.32600;0.58036;1.28769;;
2.165;-0.32611;0.58018;1.28759;;
2.166;-0.32622;0.58000;1.28749;;
2.167;-0.32633;0.57982;1.28740;;
2.168;-0.32645;0.57963;1.28730;;
2.169;-0.32656;0.57945;1.28720;;
2.17;-0.32667;0.57927;1.28710;;
2.171;-0.32678;0.57909;1.28700;;
2.172;-0.32689;0.57891;1.28691;;
2.173;-0.32700;0.57873;1.28681;;
2.174;-0.32711;0.57855;1.28671;;
2.175;-0.32723;0.57837;1.28661;;
2.176;-0.32734;0.57819;1.28651;;
2.177;-0.32745;0.57801;1.28641;;
2.178;-0.32756;0.57783;1.28631;;
2.179;-0.32767;0.57765;1.28622;;
2.18;-0.32778;0.57746;1.28612;;
2.181;-0.32789;0.57728;1.28602;;
2.182;-0.32800;0.57710;1.28592;;
2.183;-0.32811;0.57692;1.28582;;
2.184;-0.32822;0.57674;1.28572;;
2.185;-0.32833;0.57656;1.28562;;
2.186;-0.32845;0.57638;1.28552;;
2.187;-0.32856;0.57620;1.28542;;
2.188;-0.32867;0.57602;1.28532;;
2.189;-0.32878;0.57583;1.28522;;
2.19;-0.32889;0.57565;1.28512;;
2.191;-0.32900;0.57547;1.28502;;
2.192;-0.32911;0.57529;1.28492;;
2.193;-0.32922;0.57511;1.28482;;
2.194;-0.32933;0.57493;1.28472;;
2.195;-0.32944;0.57474;1.28462;;
2.196;-0.32955;0.57456;1.28452;;
2.197;-0.32966;0.57438;1.28442;;
2.198;-0.32977;0.57420;1.28432;;
2.199;-0.32988;0.57402;1.28422;;
2.2;-0.32999;0.57384;1.28412;;
2.201;-0.33010;0.57365;1.28402;;
2.202;-0.33021;0.57347;1.28392;;
2.203;-0.33031;0.57329;1.28382;;
2.204;-0.33042;0.57311;1.28372;;
2.205;-0.33053;0.57293;1.28362;;
2.206;-0.33064;0.57275;1.28351;;
2.207;-0.33075;0.57256;1.28341;;
2.208;-0.33086;0.57238;1.28331;;
2.209;-0.33097;0.57220;1.28321;;
2.21;-0.33108;0.57202;1.28311;;
2.211;-0.33119;0.57183;1.28301;;
2.212;-0.33130;0.57165;1.28291;;
2.213;-0.33141;0.57147;1.28281;;
2.214;-0.33151;0.57129;1.28270;;
2.215;-0.33162;0.57111;1.28260;;
2.216;-0.33173;0.57092;1.28250;;
2.217;-0.33184;0.57074;1.28240;;
2.218;-0.33195;0.57056;1.28230;;
2.219;-0.33206;0.57038;1.28219;;
2.22;-0.33217;0.57019;1.28209;;
2.221;-0.33227;0.57001;1.28199;;
2.222;-0.33238;0.56983;1.28189;;
2.223;-0.33249;0.56965;1.28178;;
2.224;-0.33260;0.56946;1.28168;;
2.225;-0.33271;0.56928;1.28158;;
2.226;-0.33282;0.56910;1.28148;;
2.227;-0.33292;0.56892;1.28137;;
2.228;-0.33303;0.56873;1.28127;;
2.229;-0.33314;0.56855;1.28117;;
2.23;-0.33325;0.56837;1.28106;;
2.231;-0.33335;0.56819;1.28096;;
2.232;-0.33346;0.56800;1.28086;;
2.233;-0.33357;0.56782;1.28076;;
2.234;-0.33368;0.56764;1.28065;;
2.235;-0.33378;0.56745;1.28055;;
2.236;-0.33389;0.56727;1.28044;;
2.237;-0.33400;0.56709;1.28034;;
2.238;-0.33411;0.56690;1.28024;;
2.239;-0.33421;0.56672;1.28013;;
2.24;-0.33432;0.56654;1.28003;;
2.241;-0.33443;0.56636;1.27993;;
2.242;-0.33454;0.56617;1.27982;;
2.243;-0.33464;0.56599;1.27972;;
2.244;-0.33475;0.56581;1.27961;;
2.245;-0.33486;0.56562;1.27951;;
2.246;-0.33496;0.56544;1.27941;;
2.247;-0.33507;0.56526;1.27930;;
2.248;-0.33518;0.56507;1.27920;;
2.249;-0.33528;0.56489;1.27909;;
2.25;-0.33539;0.56471;1.27899;;
2.251;-0.33550;0.56452;1.27888;;
2.252;-0.33560;0.56434;1.27878;;
2.253;-0.33571;0.56415;1.27867;;
2.254;-0.33581;0.56397;1.27857;;
2.255;-0.33592;0.56379;1.27846;;
2.256;-0.33603;0.56360;1.27836;;
2.257;-0.33613;0.56342;1.27825;;
2.258;-0.33624;0.56324;1.27815;;
2.259;-0.33634;0.56305;1.27804;;
2.26;-0.33645;0.56287;1.27794;;
2.261;-0.33656;0.56268;1.27783;;
2.262;-0.33666;0.56250;1.27773;;
2.263;-0.33677;0.56232;1.27762;;
2.264;-0.33687;0.56213;1.27751;;
2.265;-0.33698;0.56195;1.27741;;
2.266;-0.33708;0.56177;1.27730;;
2.267;-0.33719;0.56158;1.27720;;
2.268;-0.33729;0.56140;1.27709;;
2.269;-0.33740;0.56121;1.27698;;
2.27;-0.33751;0.56103;1.27688;;
2.271;-0.33761;0.56084;1.27677;;
2.272;-0.33772;0.56066;1.27667;;
2.273;-0.33782;0.56048;1.27656;;
2.274;-0.33793;0.56029;1.27645;;
2.275;-0.33803;0.56011;1.27635;;
2.276;-0.33814;0.55992;1.27624;;
2.277;-0.33824;0.55974;1.27613;;
2.278;-0.33834;0.55955;1.27603;;
2.279;-0.33845;0.55937;1.27592;;
2.28;-0.33855;0.55919;1.27581;;
2.281;-0.33866;0.55900;1.27570;;
2.282;-0.33876;0.55882;1.27560;;
2.283;-0.33887;0.55863;1.27549;;
2.284;-0.33897;0.55845;1.27538;;
2.285;-0.33908;0.55826;1.27528;;
2.286;-0.33918;0.55808;1.27517;;
2.287;-0.33928;0.55789;1.27506;;
2.288;-0.33939;0.55771;1.27495;;
2.289;-0.33949;0.55752;1.27484;;
2.29;-0.33960;0.55734;1.27474;;
2.291;-0.33970;0.55715;1.27463;;
2.292;-0.33980;0.55697;1.27452;;
2.293;-0.33991;0.55679;1.27441;;
2.294;-0.34001;0.55660;1.27431;;
2.295;-0.34011;0.55642;1.27420;;
2.296;-0.34022;0.55623;1.27409;;
2.297;-0.34032;0.55605;1.27398;;
2.298;-0.34042;0.55586;1.27387;;
2.299;-0.34053;0.55568;1.27376;;
2.3;-0.34063;0.55549;1.27365;;
2.301;-0.34073;0.55531;1.27355;;
2.302;-0.34084;0.55512;1.27344;;
2.303;-0.34094;0.55493;1.27333;;
2.304;-0.34104;0.55475;1.27322;;
2.305;-0.34115;0.55456;1.27311;;
2.306;-0.34125;0.55438;1.27300;;
2.307;-0.34135;0.55419;1.27289;;
2.308;-0.34145;0.55401;1.27278;;
2.309;-0.34156;0.55382;1.27267;;
2.31;-0.34166;0.55364;1.27256;;
2.311;-0.34176;0.55345;1.27246;;
2.312;-0.34186;0.55327;1.27235;;
2.313;-0.34197;0.55308;1.27224;;
2.314;-0.34207;0.55290;1.27213;;
2.315;-0.34217;0.55271;1.27202;;
2.316;-0.34227;0.55252;1.27191;;
2.317;-0.34238;0.55234;1.27180;;
2.318;-0.34248;0.55215;1.27169;;
2.319;-0.34258;0.55197;1.27158;;
2.32;-0.34268;0.55178;1.27147;;
2.321;-0.34278;0.55160;1.27136;;
2.322;-0.34289;0.55141;1.27125;;
2.323;-0.34299;0.55122;1.27114;;
2.324;-0.34309;0.55104;1.27103;;
2.325;-0.34319;0.55085;1.27091;;
2.326;-0.34329;0.55067;1.27080;;
2.327;-0.34339;0.55048;1.27069;;
2.328;-0.34350;0.55030;1.27058;;
2.329;-0.34360;0.55011;1.27047;;
2.33;-0.34370;0.54992;1.27036;;
2.331;-0.34380;0.54974;1.27025;;
2.332;-0.34390;0.54955;1.27014;;
2.333;-0.34400;0.54937;1.27003;;
2.334;-0.34410;0.54918;1.26992;;
2.335;-0.34420;0.54899;1.26980;;
2.336;-0.34430;0.54881;1.26969;;
2.337;-0.34440;0.54862;1.26958;;
2.338;-0.34451;0.54843;1.26947;;
2.339;-0.34461;0.54825;1.26936;;
2.34;-0.34471;0.54806;1.26925;;
2.341;-0.34481;0.54788;1.26914;;
2.342;-0.34491;0.54769;1.26902;;
2.343;-0.34501;0.54750;1.26891;;
2.344;-0.34511;0.54732;1.26880;;
2.345;-0.34521;0.54713;1.26869;;
2.346;-0.34531;0.54694;1.26858;;
2.347;-0.34541;0.54676;1.26846;;
2.348;-0.34551;0.54657;1.26835;;
2.349;-0.34561;0.54638;1.26824;;
2.35;-0.34571;0.54620;1.26813;;
2.351;-0.34581;0.54601;1.26801;;
2.352;-0.34591;0.54582;1.26790;;
2.353;-0.34601;0.54564;1.26779;;
2.354;-0.34611;0.54545;1.26767;;
2.355;-0.34621;0.54526;1.26756;;
2.356;-0.34631;0.54508;1.26745;;
2.357;-0.34641;0.54489;1.26734;;
2.358;-0.34651;0.54470;1.26722;;
2.359;-0.34661;0.54452;1.26711;;
2.36;-0.34670;0.54433;1.26700;;
2.361;-0.34680;0.54414;1.26688;;
2.362;-0.34690;0.54396;1.26677;;
2.363;-0.34700;0.54377;1.26666;;
2.364;-0.34710;0.54358;1.26654;;
2.365;-0.34720;0.54339;1.26643;;
2.366;-0.34730;0.54321;1.26632;;
2.367;-0.34740;0.54302;1.26620;;
2.368;-0.34750;0.54283;1.26609;;
2.369;-0.34760;0.54265;1.26597;;
2.37;-0.34769;0.54246;1.26586;;
2.371;-0.34779;0.54227;1.26575;;
2.372;-0.34789;0.54208;1.26563;;
2.373;-0.34799;0.54190;1.26552;;
2.374;-0.34809;0.54171;1.26540;;
2.375;-0.34819;0.54152;1.26529;;
2.376;-0.34828;0.54133;1.26517;;
2.377;-0.34838;0.54115;1.26506;;
2.378;-0.34848;0.54096;1.26494;;
2.379;-0.34858;0.54077;1.26483;;
2.38;-0.34868;0.54059;1.26472;;
2.381;-0.34877;0.54040;1.26460;;
2.382;-0.34887;0.54021;1.26449;;
2.383;-0.34897;0.54002;1.26437;;
2.384;-0.34907;0.53984;1.26426;;
2.385;-0.34916;0.53965;1.26414;;
2.386;-0.34926;0.53946;1.26402;;
2.387;-0.34936;0.53927;1.26391;;
2.388;-0.34946;0.53908;1.26379;;
2.389;-0.34955;0.53890;1.26368;;
2.39;-0.34965;0.53871;1.26356;;
2.391;-0.34975;0.53852;1.26345;;
2.392;-0.34985;0.53833;1.26333;;
2.393;-0.34994;0.53815;1.26322;;
2.394;-0.35004;0.53796;1.26310;;
2.395;-0.35014;0.53777;1.26298;;
2.396;-0.35023;0.53758;1.26287;;
2.397;-0.35033;0.53739;1.26275;;
2.398;-0.35043;0.53721;1.26264;;
2.399;-0.35052;0.53702;1.26252;;
2.4;-0.35062;0.53683;1.26240;;
2.401;-0.35072;0.53664;1.26229;;
2.402;-0.35081;0.53645;1.26217;;
2.403;-0.35091;0.53627;1.26205;;
2.404;-0.35101;0.53608;1.26194;;
2.405;-0.35110;0.53589;1.26182;;
2.406;-0.35120;0.53570;1.26170;;
2.407;-0.35129;0.53551;1.26159;;
2.408;-0.35139;0.53532;1.26147;;
2.409;-0.35149;0.53514;1.26135;;
2.41;-0.35158;0.53495;1.26124;;
2.411;-0.35168;0.53476;1.26112;;
2.412;-0.35177;0.53457;1.26100;;
2.413;-0.35187;0.53438;1.26088;;
2.414;-0.35196;0.53419;1.26077;;
2.415;-0.35206;0.53401;1.26065;;
2.416;-0.35215;0.53382;1.26053;;
2.417;-0.35225;0.53363;1.26041;;
2.418;-0.35235;0.53344;1.26030;;
2.419;-0.35244;0.53325;1.26018;;
2.42;-0.35254;0.53306;1.26006;;
2.421;-0.35263;0.53287;1.25994;;
2.422;-0.35273;0.53269;1.25983;;
2.423;-0.35282;0.53250;1.25971;;
2.424;-0.35292;0.53231;1.25959;;
2.425;-0.35301;0.53212;1.25947;;
2.426;-0.35311;0.53193;1.25935;;
2.427;-0.35320;0.53174;1.25923;;
2.428;-0.35329;0.53155;1.25912;;
2.429;-0.35339;0.53136;1.25900;;
2.43;-0.35348;0.53118;1.25888;;
2.431;-0.35358;0.53099;1.25876;;
2.432;-0.35367;0.53080;1.25864;;
2.433;-0.35377;0.53061;1.25852;;
2.434;-0.35386;0.53042;1.25840;;
2.435;-0.35396;0.53023;1.25828;;
2.436;-0.35405;0.53004;1.25817;;
2.437;-0.35414;0.52985;1.25805;;
2.438;-0.35424;0.52966;1.25793;;
2.439;-0.35433;0.52947;1.25781;;
2.44;-0.35442;0.52929;1.25769;;
2.441;-0.35452;0.52910;1.25757;;
2.442;-0.35461;0.52891;1.25745;;
2.443;-0.35471;0.52872;1.25733;;
2.444;-0.35480;0.52853;1.25721;;
2.445;-0.35489;0.52834;1.25709;;
2.446;-0.35499;0.52815;1.25697;;
2.447;-0.35508;0.52796;1.25685;;
2.448;-0.35517;0.52777;1.25673;;
2.449;-0.35527;0.52758;1.25661;;
2.45;-0.35536;0.52739;1.25649;;
2.451;-0.35545;0.52720;1.25637;;
2.452;-0.35555;0.52701;1.25625;;
2.453;-0.35564;0.52682;1.25613;;
2.454;-0.35573;0.52664;1.25601;;
2.455;-0.35582;0.52645;1.25589;;
2.456;-0.35592;0.52626;1.25577;;
2.457;-0.35601;0.52607;1.25565;;
2.458;-0.35610;0.52588;1.25553;;
2.459;-0.35619;0.52569;1.25541;;
2.46;-0.35629;0.52550;1.25529;;
2.461;-0.35638;0.52531;1.25517;;
2.462;-0.35647;0.52512;1.25505;;
2.463;-0.35656;0.52493;1.25492;;
2.464;-0.35666;0.52474;1.25480;;
2.465;-0.35675;0.52455;1.25468;;
2.466;-0.35684;0.52436;1.25456;;
2.467;-0.35693;0.52417;1.25444;;
2.468;-0.35702;0.52398;1.25432;;
2.469;-0.35711;0.52379;1.25420;;
2.47;-0.35721;0.52360;1.25408;;
2.471;-0.35730;0.52341;1.25395;;
2.472;-0.35739;0.52322;1.25383;;
2.473;-0.35748;0.52303;1.25371;;
2.474;-0.35757;0.52284;1.25359;;
2.475;-0.35766;0.52265;1.25347;;
2.476;-0.35775;0.52246;1.25334;;
2.477;-0.35785;0.52227;1.25322;;
2.478;-0.35794;0.52208;1.25310;;
2.479;-0.35803;0.52189;1.25298;;
2.48;-0.35812;0.52170;1.25286;;
2.481;-0.35821;0.52151;1.25273;;
2.482;-0.35830;0.52132;1.25261;;
2.483;-0.35839;0.52113;1.25249;;
2.484;-0.35848;0.52094;1.25237;;
2.485;-0.35857;0.52075;1.25224;;
2.486;-0.35866;0.52056;1.25212;;
2.487;-0.35875;0.52037;1.25200;;
2.488;-0.35884;0.52018;1.25187;;
2.489;-0.35894;0.51999;1.25175;;
2.49;-0.35903;0.51980;1.25163;;
2.491;-0.35912;0.51961;1.25151;;
2.492;-0.35921;0.51942;1.25138;;
2.493;-0.35930;0.51923;1.25126;;
2.494;-0.35939;0.51904;1.25114;;
2.495;-0.35948;0.51885;1.25101;;
2.496;-0.35957;0.51865;1.25089;;
2.497;-0.35966;0.51846;1.25077;;
2.498;-0.35975;0.51827;1.25064;;
2.499;-0.35983;0.51808;1.25052;;
2.5;-0.35992;0.51789;1.25039;;
2.501;-0.36001;0.51770;1.25027;;
2.502;-0.36010;0.51751;1.25015;;
2.503;-0.36019;0.51732;1.25002;;
2.504;-0.36028;0.51713;1.24990;;
2.505;-0.36037;0.51694;1.24977;;
2.506;-0.36046;0.51675;1.24965;;
2.507;-0.36055;0.51656;1.24953;;
2.508;-0.36064;0.51637;1.24940;;
2.509;-0.36073;0.51618;1.24928;;
2.51;-0.36082;0.51598;1.24915;;
2.511;-0.36091;0.51579;1.24903;;
2.512;-0.36099;0.51560;1.24890;;
2.513;-0.36108;0.51541;1.24878;;
2.514;-0.36117;0.51522;1.24865;;
2.515;-0.36126;0.51503;1.24853;;
2.516;-0.36135;0.51484;1.24840;;
2.517;-0.36144;0.51465;1.24828;;
2.518;-0.36152;0.51446;1.24815;;
2.519;-0.36161;0.51427;1.24803;;
2.52;-0.36170;0.51408;1.24790;;
2.521;-0.36179;0.51388;1.24778;;
2.522;-0.36188;0.51369;1.24765;;
2.523;-0.36197;0.51350;1.24753;;
2.524;-0.36205;0.51331;1.24740;;
2.525;-0.36214;0.51312;1.24728;;
2.526;-0.36223;0.51293;1.24715;;
2.527;-0.36232;0.51274;1.24703;;
2.528;-0.36240;0.51255;1.24690;;
2.529;-0.36249;0.51235;1.24677;;
2.53;-0.36258;0.51216;1.24665;;
2.531;-0.36267;0.51197;1.24652;;
2.532;-0.36275;0.51178;1.24640;;
2.533;-0.36284;0.51159;1.24627;;
2.534;-0.36293;0.51140;1.24614;;
2.535;-0.36302;0.51121;1.24602;;
2.536;-0.36310;0.51101;1.24589;;
2.537;-0.36319;0.51082;1.24577;;
2.538;-0.36328;0.51063;1.24564;;
2.539;-0.36336;0.51044;1.24551;;
2.54;-0.36345;0.51025;1.24539;;
2.541;-0.36354;0.51006;1.24526;;
2.542;-0.36362;0.50987;1.24513;;
2.543;-0.36371;0.50967;1.24501;;
2.544;-0.36380;0.50948;1.24488;;
2.545;-0.36388;0.50929;1.24475;;
2.546;-0.36397;0.50910;1.24462;;
2.547;-0.36405;0.50891;1.24450;;
2.548;-0.36414;0.50872;1.24437;;
2.549;-0.36423;0.50852;1.24424;;
2.55;-0.36431;0.50833;1.24412;;
2.551;-0.36440;0.50814;1.24399;;
2.552;-0.36449;0.50795;1.24386;;
2.553;-0.36457;0.50776;1.24373;;
2.554;-0.36466;0.50756;1.24361;;
2.555;-0.36474;0.50737;1.24348;;
2.556;-0.36483;0.50718;1.24335;;
2.557;-0.36491;0.50699;1.24322;;
2.558;-0.36500;0.50680;1.24309;;
2.559;-0.36508;0.50661;1.24297;;
2.56;-0.36517;0.50641;1.24284;;
2.561;-0.36525;0.50622;1.24271;;
2.562;-0.36534;0.50603;1.24258;;
2.563;-0.36543;0.50584;1.24245;;
2.564;-0.36551;0.50564;1.24233;;
2.565;-0.36559;0.50545;1.24220;;
2.566;-0.36568;0.50526;1.24207;;
2.567;-0.36576;0.50507;1.24194;;
2.568;-0.36585;0.50488;1.24181;;
2.569;-0.36593;0.50468;1.24168;;
2.57;-0.36602;0.50449;1.24155;;
2.571;-0.36610;0.50430;1.24142;;
2.572;-0.36619;0.50411;1.24130;;
2.573;-0.36627;0.50392;1.24117;;
2.574;-0.36636;0.50372;1.24104;;
2.575;-0.36644;0.50353;1.24091;;
2.576;-0.36652;0.50334;1.24078;;
2.577;-0.36661;0.50315;1.24065;;
2.578;-0.36669;0.50295;1.24052;;
2.579;-0.36678;0.50276;1.24039;;
2.58;-0.36686;0.50257;1.24026;;
2.581;-0.36694;0.50238;1.24013;;
2.582;-0.36703;0.50218;1.24000;;
2.583;-0.36711;0.50199;1.23987;;
2.584;-0.36720;0.50180;1.23974;;
2.585;-0.36728;0.50161;1.23961;;
2.586;-0.36736;0.50141;1.23948;;
2.587;-0.36745;0.50122;1.23935;;
2.588;-0.36753;0.50103;1.23922;;
2.589;-0.36761;0.50084;1.23909;;
2.59;-0.36770;0.50064;1.23896;;
2.591;-0.36778;0.50045;1.23883;;
2.592;-0.36786;0.50026;1.23870;;
2.593;-0.36794;0.50007;1.23857;;
2.594;-0.36803;0.49987;1.23844;;
2.595;-0.36811;0.49968;1.23831;;
2.596;-0.36819;0.49949;1.23818;;
2.597;-0.36828;0.49929;1.23805;;
2.598;-0.36836;0.49910;1.23792;;
2.599;-0.36844;0.49891;1.23779;;
2.6;-0.36852;0.49872;1.23766;;
2.601;-0.36860;0.49852;1.23753;;
2.602;-0.36869;0.49833;1.23740;;
2.603;-0.36877;0.49814;1.23727;;
2.604;-0.36885;0.49795;1.23713;;
2.605;-0.36893;0.49775;1.23700;;
2.606;-0.36902;0.49756;1.23687;;
2.607;-0.36910;0.49737;1.23674;;
2.608;-0.36918;0.49717;1.23661;;
2.609;-0.36926;0.49698;1.23648;;
2.61;-0.36934;0.49679;1.23635;;
2.611;-0.36942;0.49659;1.23621;;
2.612;-0.36951;0.49640;1.23608;;
2.613;-0.36959;0.49621;1.23595;;
2.614;-0.36967;0.49602;1.23582;;
2.615;-0.36975;0.49582;1.23569;;
2.616;-0.36983;0.49563;1.23555;;
2.617;-0.36991;0.49544;1.23542;;
2.618;-0.36999;0.49524;1.23529;;
2.619;-0.37007;0.49505;1.23516;;
2.62;-0.37016;0.49486;1.23503;;
2.621;-0.37024;0.49466;1.23489;;
2.622;-0.37032;0.49447;1.23476;;
2.623;-0.37040;0.49428;1.23463;;
2.624;-0.37048;0.49408;1.23450;;
2.625;-0.37056;0.49389;1.23436;;
2.626;-0.37064;0.49370;1.23423;;
2.627;-0.37072;0.49350;1.23410;;
2.628;-0.37080;0.49331;1.23397;;
2.629;-0.37088;0.49312;1.23383;;
2.63;-0.37096;0.49292;1.23370;;
2.631;-0.37104;0.49273;1.23357;;
2.632;-0.37112;0.49254;1.23343;;
2.633;-0.37120;0.49234;1.23330;;
2.634;-0.37128;0.49215;1.23317;;
2.635;-0.37136;0.49196;1.23303;;
2.636;-0.37144;0.49176;1.23290;;
2.637;-0.37152;0.49157;1.23277;;
2.638;-0.37160;0.49138;1.23263;;
2.639;-0.37168;0.49118;1.23250;;
2.64;-0.37176;0.49099;1.23237;;
2.641;-0.37184;0.49079;1.23223;;
2.642;-0.37192;0.49060;1.23210;;
2.643;-0.37200;0.49041;1.23197;;
2.644;-0.37208;0.49021;1.23183;;
2.645;-0.37216;0.49002;1.23170;;
2.646;-0.37224;0.48983;1.23156;;
2.647;-0.37231;0.48963;1.23143;;
2.648;-0.37239;0.48944;1.23130;;
2.649;-0.37247;0.48925;1.23116;;
2.65;-0.37255;0.48905;1.23103;;
2.651;-0.37263;0.48886;1.23089;;
2.652;-0.37271;0.48866;1.23076;;
2.653;-0.37279;0.48847;1.23062;;
2.654;-0.37286;0.48828;1.23049;;
2.655;-0.37294;0.48808;1.23035;;
2.656;-0.37302;0.48789;1.23022;;
2.657;-0.37310;0.48769;1.23008;;
2.658;-0.37318;0.48750;1.22995;;
2.659;-0.37326;0.48731;1.22981;;
2.66;-0.37333;0.48711;1.22968;;
2.661;-0.37341;0.48692;1.22954;;
2.662;-0.37349;0.48672;1.22941;;
2.663;-0.37357;0.48653;1.22927;;
2.664;-0.37365;0.48634;1.22914;;
2.665;-0.37372;0.48614;1.22900;;
2.666;-0.37380;0.48595;1.22887;;
2.667;-0.37388;0.48575;1.22873;;
2.668;-0.37396;0.48556;1.22860;;
2.669;-0.37403;0.48537;1.22846;;
2.67;-0.37411;0.48517;1.22833;;
2.671;-0.37419;0.48498;1.22819;;
2.672;-0.37426;0.48478;1.22805;;
2.673;-0.37434;0.48459;1.22792;;
2.674;-0.37442;0.48440;1.22778;;
2.675;-0.37450;0.48420;1.22765;;
2.676;-0.37457;0.48401;1.22751;;
2.677;-0.37465;0.48381;1.22737;;
2.678;-0.37473;0.48362;1.22724;;
2.679;-0.37480;0.48342;1.22710;;
2.68;-0.37488;0.48323;1.22697;;
2.681;-0.37496;0.48304;1.22683;;
2.682;-0.37503;0.48284;1.22669;;
2.683;-0.37511;0.48265;1.22656;;
2.684;-0.37518;0.48245;1.22642;;
2.685;-0.37526;0.48226;1.22628;;
2.686;-0.37534;0.48206;1.22615;;
2.687;-0.37541;0.48187;1.22601;;
2.688;-0.37549;0.48168;1.22587;;
2.689;-0.37557;0.48148;1.22574;;
2.69;-0.37564;0.48129;1.22560;;
2.691;-0.37572;0.48109;1.22546;;
2.692;-0.37579;0.48090;1.22532;;
2.693;-0.37587;0.48070;1.22519;;
2.694;-0.37594;0.48051;1.22505;;
2.695;-0.37602;0.48031;1.22491;;
2.696;-0.37609;0.48012;1.22478;;
2.697;-0.37617;0.47993;1.22464;;
2.698;-0.37624;0.47973;1.22450;;
2.699;-0.37632;0.47954;1.22436;;
2.7;-0.37640;0.47934;1.22422;;
2.701;-0.37647;0.47915;1.22409;;
2.702;-0.37654;0.47895;1.22395;;
2.703;-0.37662;0.47876;1.22381;;
2.704;-0.37669;0.47856;1.22367;;
2.705;-0.37677;0.47837;1.22354;;
2.706;-0.37684;0.47817;1.22340;;
2.707;-0.37692;0.47798;1.22326;;
2.708;-0.37699;0.47778;1.22312;;
2.709;-0.37707;0.47759;1.22298;;
2.71;-0.37714;0.47739;1.22284;;
2.711;-0.37722;0.47720;1.22271;;
2.712;-0.37729;0.47700;1.22257;;
2.713;-0.37736;0.47681;1.22243;;
2.714;-0.37744;0.47661;1.22229;;
2.715;-0.37751;0.47642;1.22215;;
2.716;-0.37759;0.47623;1.22201;;
2.717;-0.37766;0.47603;1.22187;;
2.718;-0.37773;0.47584;1.22174;;
2.719;-0.37781;0.47564;1.22160;;
2.72;-0.37788;0.47545;1.22146;;
2.721;-0.37795;0.47525;1.22132;;
2.722;-0.37803;0.47506;1.22118;;
2.723;-0.37810;0.47486;1.22104;;
2.724;-0.37817;0.47467;1.22090;;
2.725;-0.37825;0.47447;1.22076;;
2.726;-0.37832;0.47428;1.22062;;
2.727;-0.37839;0.47408;1.22048;;
2.728;-0.37847;0.47389;1.22034;;
2.729;-0.37854;0.47369;1.22020;;
2.73;-0.37861;0.47350;1.22006;;
2.731;-0.37869;0.47330;1.21992;;
2.732;-0.37876;0.47311;1.21978;;
2.733;-0.37883;0.47291;1.21964;;
2.734;-0.37890;0.47272;1.21950;;
2.735;-0.37898;0.47252;1.21936;;
2.736;-0.37905;0.47232;1.21922;;
2.737;-0.37912;0.47213;1.21908;;
2.738;-0.37919;0.47193;1.21894;;
2.739;-0.37927;0.47174;1.21880;;
2.74;-0.37934;0.47154;1.21866;;
2.741;-0.37941;0.47135;1.21852;;
2.742;-0.37948;0.47115;1.21838;;
2.743;-0.37955;0.47096;1.21824;;
2.744;-0.37963;0.47076;1.21810;;
2.745;-0.37970;0.47057;1.21796;;
2.746;-0.37977;0.47037;1.21782;;
2.747;-0.37984;0.47018;1.21768;;
2.748;-0.37991;0.46998;1.21754;;
2.749;-0.37998;0.46979;1.21740;;
2.75;-0.38005;0.46959;1.21726;;
2.751;-0.38013;0.46940;1.21712;;
2.752;-0.38020;0.46920;1.21697;;
2.753;-0.38027;0.46900;1.21683;;
2.754;-0.38034;0.46881;1.21669;;
2.755;-0.38041;0.46861;1.21655;;
2.756;-0.38048;0.46842;1.21641;;
2.757;-0.38055;0.46822;1.21627;;
2.758;-0.38062;0.46803;1.21613;;
2.759;-0.38069;0.46783;1.21599;;
2.76;-0.38076;0.46764;1.21584;;
2.761;-0.38083;0.46744;1.21570;;
2.762;-0.38090;0.46725;1.21556;;
2.763;-0.38098;0.46705;1.21542;;
2.764;-0.38105;0.46685;1.21528;;
2.765;-0.38112;0.46666;1.21513;;
2.766;-0.38119;0.46646;1.21499;;
2.767;-0.38126;0.46627;1.21485;;
2.768;-0.38133;0.46607;1.21471;;
2.769;-0.38140;0.46588;1.21457;;
2.77;-0.38147;0.46568;1.21442;;
2.771;-0.38154;0.46548;1.21428;;
2.772;-0.38161;0.46529;1.21414;;
2.773;-0.38168;0.46509;1.21400;;
2.774;-0.38174;0.46490;1.21385;;
2.775;-0.38181;0.46470;1.21371;;
2.776;-0.38188;0.46451;1.21357;;
2.777;-0.38195;0.46431;1.21343;;
2.778;-0.38202;0.46411;1.21328;;
2.779;-0.38209;0.46392;1.21314;;
2.78;-0.38216;0.46372;1.21300;;
2.781;-0.38223;0.46353;1.21285;;
2.782;-0.38230;0.46333;1.21271;;
2.783;-0.38237;0.46314;1.21257;;
2.784;-0.38244;0.46294;1.21243;;
2.785;-0.38251;0.46274;1.21228;;
2.786;-0.38257;0.46255;1.21214;;
2.787;-0.38264;0.46235;1.21200;;
2.788;-0.38271;0.46216;1.21185;;
2.789;-0.38278;0.46196;1.21171;;
2.79;-0.38285;0.46176;1.21157;;
2.791;-0.38292;0.46157;1.21142;;
2.792;-0.38298;0.46137;1.21128;;
2.793;-0.38305;0.46118;1.21113;;
2.794;-0.38312;0.46098;1.21099;;
2.795;-0.38319;0.46078;1.21085;;
2.796;-0.38326;0.46059;1.21070;;
2.797;-0.38332;0.46039;1.21056;;
2.798;-0.38339;0.46020;1.21041;;
2.799;-0.38346;0.46000;1.21027;;
2.8;-0.38353;0.45980;1.21013;;
2.801;-0.38359;0.45961;1.20998;;
2.802;-0.38366;0.45941;1.20984;;
2.803;-0.38373;0.45922;1.20969;;
2.804;-0.38380;0.45902;1.20955;;
2.805;-0.38386;0.45882;1.20940;;
2.806;-0.38393;0.45863;1.20926;;
2.807;-0.38400;0.45843;1.20912;;
2.808;-0.38407;0.45824;1.20897;;
2.809;-0.38413;0.45804;1.20883;;
2.81;-0.38420;0.45784;1.20868;;
2.811;-0.38427;0.45765;1.20854;;
2.812;-0.38433;0.45745;1.20839;;
2.813;-0.38440;0.45726;1.20825;;
2.814;-0.38447;0.45706;1.20810;;
2.815;-0.38453;0.45686;1.20796;;
2.816;-0.38460;0.45667;1.20781;;
2.817;-0.38467;0.45647;1.20767;;
2.818;-0.38473;0.45627;1.20752;;
2.819;-0.38480;0.45608;1.20737;;
2.82;-0.38486;0.45588;1.20723;;
2.821;-0.38493;0.45569;1.20708;;
2.822;-0.38500;0.45549;1.20694;;
2.823;-0.38506;0.45529;1.20679;;
2.824;-0.38513;0.45510;1.20665;;
2.825;-0.38519;0.45490;1.20650;;
2.826;-0.38526;0.45470;1.20636;;
2.827;-0.38532;0.45451;1.20621;;
2.828;-0.38539;0.45431;1.20606;;
2.829;-0.38546;0.45411;1.20592;;
2.83;-0.38552;0.45392;1.20577;;
2.831;-0.38559;0.45372;1.20563;;
2.832;-0.38565;0.45353;1.20548;;
2.833;-0.38572;0.45333;1.20533;;
2.834;-0.38578;0.45313;1.20519;;
2.835;-0.38585;0.45294;1.20504;;
2.836;-0.38591;0.45274;1.20489;;
2.837;-0.38598;0.45254;1.20475;;
2.838;-0.38604;0.45235;1.20460;;
2.839;-0.38611;0.45215;1.20445;;
2.84;-0.38617;0.45195;1.20431;;
2.841;-0.38624;0.45176;1.20416;;
2.842;-0.38630;0.45156;1.20401;;
2.843;-0.38636;0.45136;1.20387;;
2.844;-0.38643;0.45117;1.20372;;
2.845;-0.38649;0.45097;1.20357;;
2.846;-0.38656;0.45077;1.20343;;
2.847;-0.38662;0.45058;1.20328;;
2.848;-0.38668;0.45038;1.20313;;
2.849;-0.38675;0.45019;1.20298;;
2.85;-0.38681;0.44999;1.20284;;
2.851;-0.38688;0.44979;1.20269;;
2.852;-0.38694;0.44960;1.20254;;
2.853;-0.38700;0.44940;1.20240;;
2.854;-0.38707;0.44920;1.20225;;
2.855;-0.38713;0.44901;1.20210;;
2.856;-0.38719;0.44881;1.20195;;
2.857;-0.38726;0.44861;1.20180;;
2.858;-0.38732;0.44842;1.20166;;
2.859;-0.38738;0.44822;1.20151;;
2.86;-0.38745;0.44802;1.20136;;
2.861;-0.38751;0.44783;1.20121;;
2.862;-0.38757;0.44763;1.20106;;
2.863;-0.38764;0.44743;1.20092;;
2.864;-0.38770;0.44724;1.20077;;
2.865;-0.38776;0.44704;1.20062;;
2.866;-0.38782;0.44684;1.20047;;
2.867;-0.38789;0.44664;1.20032;;
2.868;-0.38795;0.44645;1.20018;;
2.869;-0.38801;0.44625;1.20003;;
2.87;-0.38807;0.44605;1.19988;;
2.871;-0.38814;0.44586;1.19973;;
2.872;-0.38820;0.44566;1.19958;;
2.873;-0.38826;0.44546;1.19943;;
2.874;-0.38832;0.44527;1.19928;;
2.875;-0.38838;0.44507;1.19913;;
2.876;-0.38845;0.44487;1.19899;;
2.877;-0.38851;0.44468;1.19884;;
2.878;-0.38857;0.44448;1.19869;;
2.879;-0.38863;0.44428;1.19854;;
2.88;-0.38869;0.44409;1.19839;;
2.881;-0.38875;0.44389;1.19824;;
2.882;-0.38882;0.44369;1.19809;;
2.883;-0.38888;0.44350;1.19794;;
2.884;-0.38894;0.44330;1.19779;;
2.885;-0.38900;0.44310;1.19764;;
2.886;-0.38906;0.44290;1.19749;;
2.887;-0.38912;0.44271;1.19734;;
2.888;-0.38918;0.44251;1.19719;;
2.889;-0.38924;0.44231;1.19704;;
2.89;-0.38931;0.44212;1.19689;;
2.891;-0.38937;0.44192;1.19675;;
2.892;-0.38943;0.44172;1.19660;;
2.893;-0.38949;0.44153;1.19645;;
2.894;-0.38955;0.44133;1.19630;;
2.895;-0.38961;0.44113;1.19615;;
2.896;-0.38967;0.44093;1.19600;;
2.897;-0.38973;0.44074;1.19584;;
2.898;-0.38979;0.44054;1.19569;;
2.899;-0.38985;0.44034;1.19554;;
2.9;-0.38991;0.44015;1.19539;;
2.901;-0.38997;0.43995;1.19524;;
2.902;-0.39003;0.43975;1.19509;;
2.903;-0.39009;0.43955;1.19494;;
2.904;-0.39015;0.43936;1.19479;;
2.905;-0.39021;0.43916;1.19464;;
2.906;-0.39027;0.43896;1.19449;;
2.907;-0.39033;0.43877;1.19434;;
2.908;-0.39039;0.43857;1.19419;;
2.909;-0.39045;0.43837;1.19404;;
2.91;-0.39051;0.43818;1.19389;;
2.911;-0.39057;0.43798;1.19374;;
2.912;-0.39062;0.43778;1.19359;;
2.913;-0.39068;0.43758;1.19343;;
2.914;-0.39074;0.43739;1.19328;;
2.915;-0.39080;0.43719;1.19313;;
2.916;-0.39086;0.43699;1.19298;;
2.917;-0.39092;0.43679;1.19283;;
2.918;-0.39098;0.43660;1.19268;;
2.919;-0.39104;0.43640;1.19253;;
2.92;-0.39110;0.43620;1.19237;;
2.921;-0.39115;0.43601;1.19222;;
2.922;-0.39121;0.43581;1.19207;;
2.923;-0.39127;0.43561;1.19192;;
2.924;-0.39133;0.43541;1.19177;;
2.925;-0.39139;0.43522;1.19162;;
2.926;-0.39145;0.43502;1.19146;;
2.927;-0.39150;0.43482;1.19131;;
2.928;-0.39156;0.43463;1.19116;;
2.929;-0.39162;0.43443;1.19101;;
2.93;-0.39168;0.43423;1.19086;;
2.931;-0.39174;0.43403;1.19070;;
2.932;-0.39179;0.43384;1.19055;;
2.933;-0.39185;0.43364;1.19040;;
2.934;-0.39191;0.43344;1.19025;;
2.935;-0.39197;0.43324;1.19009;;
2.936;-0.39202;0.43305;1.18994;;
2.937;-0.39208;0.43285;1.18979;;
2.938;-0.39214;0.43265;1.18964;;
2.939;-0.39219;0.43245;1.18948;;
2.94;-0.39225;0.43226;1.18933;;
2.941;-0.39231;0.43206;1.18918;;
2.942;-0.39237;0.43186;1.18903;;
2.943;-0.39242;0.43166;1.18887;;
2.944;-0.39248;0.43147;1.18872;;
2.945;-0.39254;0.43127;1.18857;;
2.946;-0.39259;0.43107;1.18841;;
2.947;-0.39265;0.43088;1.18826;;
2.948;-0.39271;0.43068;1.18811;;
2.949;-0.39276;0.43048;1.18795;;
2.95;-0.39282;0.43028;1.18780;;
2.951;-0.39287;0.43009;1.18765;;
2.952;-0.39293;0.42989;1.18749;;
2.953;-0.39299;0.42969;1.18734;;
2.954;-0.39304;0.42949;1.18719;;
2.955;-0.39310;0.42930;1.18703;;
2.956;-0.39315;0.42910;1.18688;;
2.957;-0.39321;0.42890;1.18673;;
2.958;-0.39327;0.42870;1.18657;;
2.959;-0.39332;0.42851;1.18642;;
2.96;-0.39338;0.42831;1.18626;;
2.961;-0.39343;0.42811;1.18611;;
2.962;-0.39349;0.42791;1.18596;;
2.963;-0.39354;0.42772;1.18580;;
2.964;-0.39360;0.42752;1.18565;;
2.965;-0.39365;0.42732;1.18549;;
2.966;-0.39371;0.42712;1.18534;;
2.967;-0.39376;0.42693;1.18519;;
2.968;-0.39382;0.42673;1.18503;;
2.969;-0.39387;0.42653;1.18488;;
2.97;-0.39393;0.42633;1.18472;;
2.971;-0.39398;0.42614;1.18457;;
2.972;-0.39404;0.42594;1.18441;;
2.973;-0.39409;0.42574;1.18426;;
2.974;-0.39415;0.42554;1.18410;;
2.975;-0.39420;0.42534;1.18395;;
2.976;-0.39426;0.42515;1.18379;;
2.977;-0.39431;0.42495;1.18364;;
2.978;-0.39436;0.42475;1.18348;;
2.979;-0.39442;0.42455;1.18333;;
2.98;-0.39447;0.42436;1.18317;;
2.981;-0.39453;0.42416;1.18302;;
2.982;-0.39458;0.42396;1.18286;;
2.983;-0.39463;0.42376;1.18271;;
2.984;-0.39469;0.42357;1.18255;;
2.985;-0.39474;0.42337;1.18240;;
2.986;-0.39480;0.42317;1.18224;;
2.987;-0.39485;0.42297;1.18209;;
2.988;-0.39490;0.42278;1.18193;;
2.989;-0.39496;0.42258;1.18178;;
2.99;-0.39501;0.42238;1.18162;;
2.991;-0.39506;0.42218;1.18146;;
2.992;-0.39512;0.42198;1.18131;;
2.993;-0.39517;0.42179;1.18115;;
2.994;-0.39522;0.42159;1.18100;;
2.995;-0.39527;0.42139;1.18084;;
2.996;-0.39533;0.42119;1.18069;;
2.997;-0.39538;0.42100;1.18053;;
2.998;-0.39543;0.42080;1.18037;;
2.999;-0.39548;0.42060;1.18022;;
3;-0.39554;0.42040;1.18006;;
